0,1,2
20190127,10,역시 고전은 고전이네. 다시 또 보지만 클래스가 다른 로코의 고전. 맥라이언의 청순한 미소와 다이얼전화가 있던 아련한 그시절이 그립네..  
20190127,8,"2015년에 봤을 땐 1989년 영화인데 헤어, 의상 빼곤 하나도 촌스럽지 않고 신선하고 재밌다 생각했는데, 2019년에 다시보니 주인공들 생각, 대사가 올드하고 뻔한 감이 있더라,,  "
20190127,10,이성이 맘에 드는지 안드는지는 조금만 대화해봐도 알수있다  
20190127,10,로코의 정석! 꼭보시길!! 방금전에 또봤는데 역시나다~  
20190127,10,와 이제 이 영화도 세계의명화에서 해줄만큼 오래된영화가 되었구나 ㅠㅠ 진짜 오랜만에 봤는데 여전히 재밌고 세련된 영화네요! 특히 마지막 파티씬 고백장면은 언제봐도 설레면서 귀여운듯!  
20190127,10,30년전 연애영화인데 하나도 안촌스럽고 재밌네요.  
20190127,9,로코 영화의 명작! 고평점은 좀 명작들에만 주자..제발  
20190127,10,피카디리극장이 생각나네여  
20190127,8,ebs에서 보는중~ 요즘 영화보다가 예전꺼 보니 신선하고 재밌어요 뭔가 생각하게 하는 영화. 두번째 보는데 보고 나서 여운이 남는...  
20190121,10,빛나는 멕라이언과 매력 넘치는 빌리 크리스탈. 명성만 듣다가 이제서야 봤는데 정말 30년전 영화라고 믿기지않을 정도로 너무 신선하고 세련됐고 음악도 너무 좋아서 또 다시 보고픈 넘나 사랑스러운 영화♡  
20190107,7,투닥투닥 다투는 사랑싸움  
20190104,1,더치페이스 무슨일...역대급인데. 몰입이잘 안된다 남자가 원주민 같이 생겨서. 사회적문제다  불균형은. 이러면 또못생긴애들이 와서 싫어요 누르겠지ㅋ  
20181228,10,봐도 봐도 재밌습니다. ^^  
20181225,10,좋아하는 사람이 동성이면 친구가 되고 이성이면 애인이 되는거다  
20181222,8,구성이 아기자기 하다는 느낌을 받았다. 전달하려는 메세지도 있고 웃음포인트도 귀엽다. 지금 봐도 신선하다.  
20181221,10,이영화를 볼때면 미국에서 사업하던시절 맥라이언 닮았던 미국인여친이생각난다~~ 내가 그때 그녀를 선택했다면 지금 내모습과 인생은 어찌됬을까? 정말 불같이 빠졌고 사랑했는데 ㅜㅜ  
20181220,10,진짜 주옥같은 로멘스 영화...  
20181216,10,인생영화중 하나...영화 속 재즈의 선율이 듣기 좋다.  
20181123,10,처음부터 끝까지 낄낄거리면서 봤다. 진짜 웃기고 사랑스러운 캐릭터들... ㅠㅠ 로맨틱 중 최고다  
20181122,10,"지금도 가슴 흐뭇해지는 영화, 내인생 최고의 영화. 벌써 30년전 와 -  우  "
20181119,8,지금은 절대로 나올수 없는 분위기의 영화 80년대 후반 90년 초 의 멜로 영화들 너무 그립다..  
20181119,9,너무 웃었다..살짝 짜증나는 부분도 있긴하지만  
20181027,9,"2018 년 버전으로 세련되게 나온 영화였다면, 소재가 지극히 진부하게 느껴질만 한데, 세련되지 못한, 특유의 고전적인 느낌이 오히려 영화를 더 신선하게 만들었고 갠적으로 너~무 취향 저격. 그 시대 뉴욕 배경 보는 것만으로도 흥미로웠다.  "
20181015,8,스토리와 대사가 하나도 안촌스럽네..맥라이언도 넘나 사랑스럽고..  
20181015,10,이토록 공감가는 로맨스라니  
20181015,10,20대시절 처음 보고 30대에 또 봤는데 훨씬 재밌네요~  
20181010,8,맥라이언이 가장 사랑스러웠던 시절....  
20180926,10,최고. 브리짓존스의 일기 이후로 제대로 된 로코를 찾기가 힘들었는데... 이 영화는... 정말 아 이게 진짜 로코였지 싶을만큼의 여운과 재미를 가져다준다. 소중한영화 ♥  
20180921,9,"왜 로맨스영화의 고전, 바이블이라고 하는지 알겠다.. 거의 30년 전 작품인데 대사가 이질감이 없네.. 시간이 지나도 적용되는 남녀관계.. 멕라이언 리즈시절이 위대했다는것도 새삼 알게됨  "
20180921,10,1989년 내가 3살때.. 이걸 20OOO 33살때보니 다을 리즈 시절이고 내용도 너무 재미있다  
20180919,10,여태 봤던 로코 영화 중에서 제일 재미있었어요  
20180917,10,유명한영화라 궁금했는데 티비에서 하길래봤어요  젤먼저 떠오르는 생각은 맥라이언이 넘 이쁘다는거... 저렇게생기다니 ㅋ 그리고 내용이 촌스럽다는 생각이 안든다는거...아마 남녀사이 친구가 가능한가는 여전히 흥미로운 주제라서 그렇지않나 싶네요  
20180917,10,1989년 감성이 20OOO에도 그대로 전해지네요  
20180917,10,가을만 되면 생각나는 영화  
20180916,10,와 맥라이언 미모 실화? ㄷㄷㄷ  
20180913,10,아 맥라이언.. 너무 예뻐 진짜 미쳤음ㅠ  
20180911,8,서로에 대한 마음을 확신하는 것은 이토록 어렵고 고단한 일  
20180908,10,"""그녀랑 같은걸로 주세요""  "
20180830,7,남녀사이에 친구는 없다.  
20180828,7,그럭저럭 볼만한 로맨스 영화.  
20180820,10,ㅎㅎ재밌게 잘봣습니당  
20180614,4,둘의 행동이 전혀 공감도 안되고 여주인공도 전혀  매력적이지 않다. 둘의 연애방식이 너무 미국스러워서 정서에 안맞는다.  
20180530,10,로코 영화의 정점을 찍은 것 같다...롭 라이너는 어떻게 사람들의 마음을 이렇게 잘 표현할 수 있을까?ㅠㅜ  
20180522,10,"로맨틱 멜로영화로 연출 대화 캐릭터 완벽 그 자체, 클래식!!  재즈의 사랑스러움!!!  "
20180422,10,my favorite movie ~*  
20180418,10,이보다 완벽할 수가 없는 로코  
20180313,10,"""it had to be you"" 는  언제 들어도 유쾌하다  "
20180310,8,맥라이언 그시절 최고였는데 한국인들한테도 인기많았고 한국내한도 자주했는데 그놈의 성격이 OO맞아서 한국에서도 한국인과 한국자체를 무시하더니 헐리우드에서도 구설수오르다가 결국 망테크 ㅋㅋㅋ 진짜 피비게이츠랑 맥라이언 광팬이었는데  그뒤로 관심 1도안가짐  
20180220,10,로멘틱 코메디 최고의 명작  
20180212,10,매력적인 영화  보는 내낸 매료되엇다..  
20180206,10,"내 20대때 인생영화 였슨데,,  "
20180205,10,연애하고 싶다... 너무 멋진 해리와 너무 사랑스러운 샐리가 만났을 때  
20180130,10,제목은 '해리가 셀리를 만났을 때' 지만 해리는 남자를 대표하고 셀리는 여자를 대표한다. 이로써 영화는 해리 그리고 셀리 두명의 사랑을 남 녀의 사랑으로 보편화 시켜준다.  
20180128,10,가장 뛰어나고 현실적이고 세련된 로맨틱 코미디.  
20180113,10,억지스럽지 않아서 너무 좋다  
20171228,7,맥 라이언 참 매력적이었는데...  
20171225,10,재밌고 해피엔딩인데 약간 허전한 마음이 드는 건 왜인지.  
20171211,10,이런게 바로 현실적인 연애스토리죠~ 해리 같은 남자 매력적! 맥라이언 연기 최고! 아.. 사랑하고 싶다.  
20171105,10,답답했지만 저게 진짜 사랑이겠지  
20170917,8,30년전이 아닌듯한 공감과 재미 그리고 맥라이언의 숨막히는 매력  
20170914,10,평점 댓글들 가관이네 ㅋㅋㅋ본인 연애관이랑 안맞아서 영화 평점을 낮춘다라.. 참  
20170906,10,몇일전에 남자로 절대 느낄수 없는 10년지기 친구가 고백하길래 서로 상처입을거 같다고 끝내자고 했다. 그러다 이런 주제인줄 모르고 이 영활 봤는데 마음이 사실 더 울적해졌다. 영화 자체는 생각보다 정말 재밌고 유쾌했다.  
20170831,6,첨밀밀 - 절절함 = 이 영화맥라이언의 매력 때문에 6점..  
20170828,8,영화는 뉴욕 째즈 그자체 이고 맥라이언은 사랑 스럽네요 . 먼가 좀 허전하고 쓸하네요 고전 특유의 전체적으로 유치하게 꽉찬 맛은 없는거 같아요  
20170816,10,위대한 멜로물의 클래식  
20170813,8,"타이어 들고 나오면서 ""아무말 하지마"" ㅋㅋ  "
20170809,10,1989년 영화라도 아주 재미있습니다.  
20170806,9,로맨스 코미디의 성공요소를 모두 갖추고 있군  
20170729,10,또 하나의 시대를 초월하는 명작을 만났습니다  
20170712,8,여자라면 이 영화를 안좋아 할 수 없다.  
20170624,7,엔딩은 완벽한 클리셰이지만 톡톡튀는 두 남녀의 대사만 으로도 즐거움이 가득. 영상없이 대본만 읽어도 재미있을 듯  
20170616,10,재밌었다. 남녀간에 친구가 될 수 있을까에 대한 견해랑 반대로 행동하게 되었던 것도 그렇고 처음에 볼때의 단점도 장점으로 바뀌어 볼 수 있구나 라는것도 그렇고. 그리고 남녀 사이 친구 될 수 있을까? 난 친구가 없어서 모르겠다! 애인도 없지만  
20170605,8,말도 안된다 결국 이 영화를 좋아하게 되어 버렸다 처음 봤을 때는 진짜 싫고 짜증나는 영화였는데!  
20170507,3,"잔잔한 영화들, 미소짓게 하는 로맨틱 영화들을 참 좋아하는데 40분가량 보다가 꺼버렸습니다. 얼뜨기 남자가 있는척 아는척으로 똘똘 뭉쳐서는 결국 '샐리' 꼬시기에 급급한게 너무 꼴보기 싫어서. 연애도 사랑도 많이 해봤지만 저랑은 안 맞아서 평점 낮춤.  "
20170428,9,로맨틱 코미디의 첫소절  
20170427,10,캬..:베댓이 대부분 2012..2013 이네... 세월 참ㅋㅋㅋ  
20170423,10,보고나니 연애하고 싶땅  
20170418,8,거의 30년 지난 지금봐도 공감된다... 남녀관계는 세기가 변한다고 달라지지 않으니까...  
20170417,10,너무너무 사랑스러워라  
20170319,10,정말...마스터피스네요...최고입니다.  
20170312,8,자기전 전화통화주고받으면서 화면 반안 나오던장면이 제일조음  
20170312,1,라라랜드를 재미없게 본 사람으로서 이 영화도 재미가 없습니다  
20170303,10,최고의 영화 89년도 작품이라 믿기 힘든 세련된 말투와 분위기  
20170226,10,1989년 작인데 지금 봐도 하나도 안 촌스럽고 좋네요  
20170203,9,89년작이란게 안믿겨지네요.  
20170202,10,80년대 분위기를 그대로 담고  있는 로코의 정석.  
20170130,9,아기자기 하면서도 남녀의 사랑 우정을 잘 표현한 작품 강추.`  
20170127,1,관람객전혀 재미없음. 헛소리만 지껄임. 아무 의미도 내용도 없음. 정신나간 20대여자들이나 좋아할듯  
20170121,10,완전재밌다아아아아앙  
20170117,8,전설의 로맨틱 맬로 드라마. 봐도봐도 또봐도 사랑스러워!  
20170116,9,"왜 로코의 고전인지 납득된다. 약간 작위적이라는 느낌도 없지 않지만, 톡톡튀는 대사와 캐릭터들의 매력이 모든 단점들을 마치 눈이 내리듯 잠재우고 보는 이들의 마음을 투명하게 만든다. 로코는 남녀 주인공이 잘 어울려야되는데, 영화는 그걸 제대로 해냈다.  "
20170116,10,Ost 부터 스토리전개까지...당장 우리에게 있어질법한 스토리가 참 ...이게 80년대 영화라니.... 년도수에 한번더 놀람  
20170113,10,89년 작이지만 요즘 나오는 로맨스 코미디에 절대 밀리지 않는 걸작이다. 해리의 유머코드가 너무나 매력적인 작품  
20170112,10,맥라이언을 처음 알게 된영화  
20170110,9,"지금봐도 전혀 어색하지않은 각본과 스토리,, 보는 내내 행복했고 그 시절의 미국을 볼 수 있어서 그리고 배우들의 리즈시절을 볼 수 있어서 좋았습니다.  "
20170109,1,원주민같이 생긴 남자가 나와서 첨부터 끝까지 섹스 이야기만 계속하다  걍 끝 개연성 제로에 개뜬금없는 스토리진행 쓰레기네  
20170107,10,정말 꼭 봐야하는 영화.. 남녀간의 친구사이는 있을 수 없다를 정확이 짚었네요  
20170106,10,어렸을때 이 영화를 보고 남자친구랑 봤으면 좋겠다고 생각했는데 재개봉해서 심야영화로 정말 좋았다 이런 감성의 영화가 많이 나왔으면  
20170105,10,관람객해리가 샐리를 만났을 때 보고싶어도 다운을 못해서 못보고있었는데 이렇게 재개봉해서 좋은 기회에 볼 수 있었어요 좋은 영화 보여주셔서 감사합니다  
20170105,9,꼭 한 번 보시길 바람. 보고나면 기분은 좋은데...해리와 샐리가 1977년에 21살이었으니까 지금은 전부 환갑이 넘으셨네... 옴마!  
20170104,10,사랑스러운 맥라이언. 영화가 개봉한지 30년이 지나도  국적은 달라도 느끼는 사랑법은 비슷하구나.  
20170103,10,10년이지나다시본영화인데도스토리는아직도신선하고 매력적이다.영화관에서보니다시몰입이되고 맥라이언의생동감있는연기와빌리크리스탈의명연기..내내즐거웠다 뉴욕의배경도 예쁘고 분위기를느낄수있었다  
20170102,10,이거 정말 80년대 개봉영화 맞아요???! 믿기지 않을정도로 센스가 톡톡 넘치는 상큼한 로코무비!!  
20170102,10,관람객다시 봐도 재미있고 맥라이언의 매력에 흠뻑 빠지다..좋은 음악과 뉴욕의 아름다운 영상...최고!!!  
20170101,10,인연이란게 정말 있을까?라는 메세지를 주는 영화  
20170101,1,먼가 오늘날의 뻔한 한국드라마로 보였다. 그리고 난 그것이 싫다.... 명작들은 세대가 넘어가도 언제나 명작소리를 듣지만 이건 머랄까 다 보고나면 저런 스토리 요즘에 차고넘쳐서 지루할 정도로 많은데....이런 느낌이 듬.  
20161231,10,별 기대 없이 봤는데 너무 사랑스러운~오래된 영화인데도 촌스럽지 않고 재밌음ㅜ무엇보다 맥라이언 너무 매력적~.~  
20161231,1,별로다 너무 옛날거야서....  
20161231,5,"나도 친구가 없다는 것에 동의하지만, 누군가는 친구가 있을 수도  "
20161230,10,관람객다시봐도 명작입니다. 빌리 크리스탈이 저라고 생각하며 혼자봤습니다. 시간이 흐른뒤 다시 본거지만 느낌이 또 색다르네요 꼭 보시기 바랍니다  
20161230,9,재개봉해서 보고왔는데 옛날영화같지않고 진짜 재밌엇다ㅎㅎ남녀는 친구가 됄수없지..  
20161229,10,제일 좋아하는 로코! 겨울에 봐야 제맛 ㅠㅠ  
20161229,10,더빙으로 봤는데 엄청나지  
20161228,10,저여자가 먹는거 주라고 주문할때다들빵터졌다ㅋㅋ중간중간 소소한유머스러운대사가너무재밌었다  
20161228,7,멕 라이언의 사랑스런 매력이 맥시멈으로 샘솟는 영화! 메기 누님의 전성기 시절이 하염없이 그리워집니다~♥^^♥  
20161228,10,이 영화를 보고 난 후 로코영화에 대한 기준이 전과 달라졌고 아직도 해리가 샐리를 만났을 때 만큼날 만족시키는 로코영화는 없다. 시나리오가 탄탄한 다른 영화와 비교해도 절대 지지않을 영화  
20161228,9,맥라이언은 무슨 인형인줄 엄청나다  
20161226,10,정말 너무너무 재밌었다 맥라이언 존예여신 ㅠㅠㅠ  
20161226,10,"좋아서 하는 밴드가 부릅니다, '인생은 알 수가 없어'  "
20161225,10,재개봉 소식에 반가워서 클릭했더니 경기도 파주만 상영한다고 ㅠ ㅠ 전국적으로 해달라고 ㅠ ㅠ  
20161225,9,남녀간에 우정은 존재할 수 없어. S가 그걸 막고 있거든.그래서 나는 깨달았어.당신을 사랑하고 있다는 것..  
20161224,10,왜 로코의 정석이라 하는지 보는 내내 느낄수 있었던 영화입니다  
20161224,10,시대를 관통하는 명작. 마스터피쓰재개봉 관람 상아와함께  
20161224,9,1. 맥라이언이 너무 예쁘다. 2. 남주인 해리가 미워할 수 없게 매력있다. 3. 고백 장면이 너무 멋있다. 여태까지 본 세계 모든 로코영화 중 가장 재미있다.  
20161224,10,영원히 기억될 명작..  
20161223,9,"정말 로맨틱 코메디의 진수.  처음 보았을 때도 그랬지만 몇OO 후에 다시 봐도 상큼하고 심리묘사 잘되어 있고 ,배우도 최고고...  "
20161222,10,말 많은 남주도 매력있고 . 따박따박 말하는 여자도  좋다. 나도 밤마다 시시콜콜 말할수있는 이성친구가 있으면했다. 여자친구들과의 수다와는 다른.  
20161221,10,재개봉 기념 시사회 봤습니다.넘 재밌습니다. 촌스럽지 않고 로코의 고전인 이유가 있네요. 넘 좋아요~  
20161221,3,샐리좋아여.해리??…  
20161217,1,재미있게 잘 봤습니다.  
20161216,10,로맨틱코메디를 좋와하게 만들어준 영화. 말이 필요 없음  
20161216,10,멕라이언 사진 엄청 모았었는데...  
20161215,9,그냥 첫 마디 나눴을 때 이 사람이다 싶을 때가 있다고 착각하는 경우가 많지. 영화는 영화임.  
20161206,10,인생영화가 생겼어요 이영화 너무 사랑함...  
20161201,8,"솔직히 딴 건 다 모르겠고, 맥 라이언이 엄청 이쁘다 이것만은 확실히 각인된다.  "
20161201,8,예스 예스 예스 예스 예스 예스 예스 오우갓  
20161130,10,역대급 로맨틱드라마...나의 인생영화 ㅎㅎㅎ 재개봉 야호!!  
20161129,10,"""You can't take it back!"" ""Why?"" ""Because it is already out there.""  "
20161126,10,최고다 눈물도나고 웃음도나는 영화  
20161120,10,공감가는 내용이 많아서 유쾌하더라  
20161120,10,"제 인생 영화 중 하나죠!~^^* 최고의 로맨스 영화, 최고의 여배우,,,맥 라이언 누나...지금은 비록 많이 변하셨지만...언제나 사랑합니다~ 항상 건강하세요!~ 응원할게요1`~제 어린 시절~우상으로 계셔주셔서 진심으로 감사했습니다~ 사랑합니다~^^  "
20161115,10,내 최초이자 최고의 로맨틱코미디  
20161014,8,잼남.http://cafe.naver.com/grayd0tbe/355  
20161005,8,"남녀 배우의 의상의 차이와 변화는 제작진이 의도하는 캐릭터가 무엇인지를 말해준다. 풍부한 에피소드와 재즈음악이 덧칠되어 있지만, 우연곡절을 겪은 후의 결말은 로맨틱 코미디의 공식을 따르고 있다. 식당에서 오르가즘을 연기하는 장면은 독창적이고, 재치가  "
20160927,10,내가 원하는 이상적인 사랑이야기 ㅠㅠ  
20160919,9,우리가 기억하는 뉴욕의 사랑  
20160916,9,귀엽고 잔잔한 이야기.  
20160915,10,"정말 재밌게 봄~ 80년대 느낌과 옷스타일, 영화 분위기 전부 다 최고.  "
20160911,9,이런 사랑이 오히려 오래 간다는걸 이제야 알았다  
20160831,10,"이즘이 있는 포멘틱 영화의 명작, 맥라이언이 가장 매력있을 때 보고 싶을 때 다시 보고 있는 영화  "
20160830,10,그 때 그 시절 미국의 감성  
20160731,8,남녀간의 우정과 사랑에 대한 고전이된 영화.  
20160725,7,옛 영화의 미덕이 있네.  
20160725,10,"명작!! 남녀의차이는 예나지금이나 거론되고 좁혀지지 않지만, 내짝은 존재하는듯  "
20160704,8,골 때리는 해리 땜에 웃으면서 봤네요~사랑스러운 영화♥  
20160704,10,그냥 잼있다 샐리는 예쁘고 해리는 매력넘치네  
20160603,10,"동서고금 막론하고 멜로 영화 중 수작은 극히 드문 편인데, 이건 그 중 한편으로서의 고전이다  "
20160511,8,로맨틱 코미디의 진수. 애틋하고 흐뭇하고 슬프고 행복하고. 맥라이언의 리즈시절 보는 맛도 쏠쏠. 쉽게 남에게 감정을 드러내기 힘든 세상이기에 더 재밌게 본 영화  
20160418,10,"이 영화를 이제서야 보게 되다니.. 그리고, 이 영화가 89년도에 개봉한 영화라니.. 영화처럼 해피엔딩은 아니지만, 옛날 생각을 떠오르게 하네요.. 어찌보면, 가장 현실감 있는 연애 스토리가 아닐까 싶기도 해요  "
20160407,8,로맨틱 코미디의 클래식. 정말 잘 쓴 대본.  
20160228,10,해리 번즈 같은 친구 있으면 좋겠다 ㅋㅋㅋ  
20160212,8,영화 전개를위해 억지 설정하는 감도 있지만 무난하게보기 좋은 로맨스영화네요 후반부분이 특히 좋았어요  
20160212,10,언제 어디서든 꼭 만나졌을 인연  
20160127,10,"3분만 보고 있어도 빠져 드는 로멘틱 드라마, 많은 영화에서 오마주 되고 있는, 고전이 아닌 교과서가 되고 있다  "
20160126,9,로맨틱 코메디의 고전(?)이라 할 수 있는 너무 좋은 영화~~  
20160118,10,인생이란 접두어가 유행이다. 그래 전세계 로맨틱영화 중 최고이자 나의 인생영화는 바로 이 작품이다. 맥라이언 80중후반~90년초까지 글로벌 문화적 경제적 황금기이자 자본주의의 정점이었던 낭만적이던 시대를 지배했던 귀여움의 대명사 배우였다.지금 봐도 세  
20160117,9,1989년에 나왔다는게 믿기지않음...어떻게 그당시에 이렇게 세련되게만들었을까....정말 좋아하는영화..  
20160107,10,완~~전 재미있다 ㅋㅋㅋ왜 명작 로코인 지 영화 보면 알 수 있음 ㅋ  
20160106,10,이것저것 따지려들려는 마음없이  
20151228,10,모든 로멘틱코미디가 흉내내고 싶어 하지만 안돼는 영화  
20151213,10,"당시에 국내 개봉할 때 청소년 관람불가였구나. 하긴, 샐리의 오르가즘 연기는 최고였음. 너무나 즐겁게 잘 봤다. 이 영화 덕분에 <카사블랑카> 도 봄.  "
20151211,9,영화 마지막 해리가 고백하는 장면은 남자가봐도 감동이다.  
20151206,10,"어린 시절의 나를 로멘틱코미디의 세계로, 그리고 맥라이언의 세계로 이끌어준 작품. 추억에 기대지 않아도, 충분히 여전하게 새련된 작품.  "
20151201,10,정말 재미있게 잘 본것같다. 1989년 영화인데도 지금봐도 전혀 촌스럽지 않다 : )  
20151129,10,당신도 부디 해리나 샐리를 만나길 바라면서  
20151126,10,지금 봐도 세련된 대사와 설정들이 돋보인다. 특히 맥라이언은 너무나 매력적이다.  
20151017,8,"다소 오래된 영상미지만, 들려주는 이야기만큼은 흥겹고 아름답다  "
20151010,8,그럭저럭.. 그럭저럭  
20151008,1,섹시마일드. 왜 이영화가 평점이 높은데. 그냥 그런영화면 재미없다고 하세요. 괜히 잘난척 하는거면 유치한겁니다.  
20150914,10,"로맨스 영화가 그렇다. 꿈꾸게 해주고, 꿈을 깨워주기도 한다. 이순간 난...나처럼 길을 헤매고 있을 한 여자를 꿈꿔 본다.  "
20150901,7,꼭 첫눈에 반해야지만 사랑인 건 아니라는 연애지침서  
20150829,10,이영화 너무 많이 봐서 대사까지 외웠음  
20150829,9,89년도영화라니....  
20150824,10,진짜 명작. 멕라이언 진짜 이뻣을 때 ㅠㅠ  
20150812,10,지금봐도 전혀 촌스럽지 않은 영화  
20150725,7,우디 앨런의 <애니 홀>과 비교하며 감상하면 더 볼만하다  
20150720,8,주인공들이 쉴 새 없이 이야기하는 영화들 중에선 가장 사랑스럽다. 해리 코닉 주니어의 It had to be you 때문에 더 로맨틱한 영화.  
20150720,8,주인공들이 쉴 새 없이 이야기하는 영화들 중에선 가장 사랑스럽다. 해리 코닉 주니어의 It had to be you 때문에 더 로맨틱한 영화.  
20150709,10,미치겠다ㅋㅋ내나이보다도 오래된 영화 보고 설랬다!! 이둘의 얘기가 왜 하나도 안촌스럽지  
20150619,10,25년전에 나온 영화라니;; 말도안돼...  
20150529,8,이 영화 추천합니다 ㅎㅎ  
20150526,10,와우 내가 태어나기도 전 영화였네..명작이다  오래오래 기억할...  
20150407,8,로맨틱 코미디의 원천이자 정석이며 교과서 같은 영화  
20150224,10,맥 라이언 너무 예쁘고 사랑스럽다... 지금봐도 전혀 촌스럽지 않은 영화다.  
20150222,9,"친구와 연인, 질투와 편안함 그 미묘한 경계 사이  "
20150218,1,이렇게 높은평점 받을 영화는 아닌듯..딱7~8점초반영화  
20150126,9,맥라이언의 연기는 언터쳐블.. 영화 자체로도 아직까지 신선  
20141103,8,로코역사상 이렇게 비주얼상 안 어울리는 커플이 있을까 했는데 다 보고 나니 참으로 잘 어울리는 커플  
20141013,10,영화도 재밌고 맥라이언도 너무이쁘고...왜 맥라이언 자신이 로.코 의 여왕이라고 했는지 알게되는 영화  
20141011,10,봐도봐도 좋은 영화! 인연이라는게 존재할까 생각하게 한다  
20140813,10,"오래된 영화지만 시대를 통틀어 로맨스물의 끝판왕 하나를 선택해야한다면 전 이 영화를 추천할 것 같음. 다른 설명이 필요없고 그냥 모든 것이 다, 완벽 그 자체... 그야말로 완전체!  "
20140807,9,재밌음 보고싶던 영화였는데  
20140725,8,"진짜, 맥라이언 리즈시절 대박, ㅎㅎ 이걸 이제야보다니,, 아무튼 나름 잘봤습니다. 시간때우는데는 충분합니다/^^  "
20140722,10,"영화가 정말 멋져요, 맥 라이언은 너무나 아름답고요. 끝나니 웃음이 남는 영화네요.  "
20140716,10,내최고의로맨틱코미디  
20140713,10,올드하지만 촌스럽지않고 풍부한 90년대의 미국의 모습...그리고 한번쯤은 생각해봣을 이성친구와의 관계  
20140713,9,평범하지만 아름다운 뉴요커들의 밀당  
20140624,9,남자와 여자는 생물학적으로 생식이 가능한이상 절대 친구가될수없다는걸 알게해준 영화 ㅋ  
20140613,10,영화의 야한얘기가 한편으로 우리가 생각하는 무엇인가와 통하는것같다.  
20140526,8,사람도 자꾸 만나고 말해보면서 알아가야 인연?짝?이 되는거 같네요두사람이 처음에 만났을때 결혼할줄 알았나..스쳐가는 이성일뿐이였잖아요 제게도 누군가 그렇게 스쳐가게 될 수도있단 생각이씁쓸하게 느껴져요.  
20140522,10,옛날영화인데도 불구하고 전혀 진부하지 않고 재밋네요..특히 마지막에 해리가 샐리한테 고백할때 장면으뉴최고에요 ㅋㅋ  
20140506,3,하도유명하길래봤는데 그냥 멕라이언얼굴밖에기억에안남는다 무슨로맨틱코미디의정석이야 진심재미없는데 남자주인공너무못생겼음 그나마엔딩은좀볼만하고 진심별로인영화  
20140502,10,진짜 아름답고 사랑스럽다 ㅠㅠ  
20140428,8,25년이 지난 지금 다시 봐도 뻔하지 않은 스토리 라인이 여전히 신선하게 느껴진다.  
20140325,10,이토록 사랑스러운 영화가 또 있을까? 코드가 맞는다는 거. 비포시리즈와 또 다르게 좋다.  
20140313,10,사랑스러움의 정점인 그녀 맥라이언만으로도 행복한 영화  
20140306,8,빌리 크리스탈과 맥 라이언. 물 만난 고기들의 펄떡이는 앙상블.  
20140302,10,명 장면들의 연속...  
20140222,10,내인생의 영화중 한편임. .  
20140208,1,배부른 플레이보이와 플레이걸의 한시간 반동안의 염장.  서로 좋아서 밤에 불러서 잠자리한거면서 왜 미안해 해야하는거지? 이해안될 정도로 속보이는 두사람. 처음에 괜히 싫어하는 척하다가 끝에가서 갑자기 나타나 좋아하게 된다는 뻔하고 뻔한 스토리와 결말.  
20140202,9,그래.. 매력적인 여자와 친구'만' 할 남자는 아무도 없지..  
20140116,8,맥라이언 빼면 시체...  
20140109,8,나도 모르게 영화 속에서 해답을 구하고 있었다.  
20131228,10,딱 이런 사랑하고싶다.정말.  
20131225,10,역시 로코의 본고장은 미쿡이여 오글거리다가도 소소하게 터지다가도 정말 외로워서 눈물이난다 크리스마스에 이걸 쳐보고있다니 젠장  
20131222,10,중간중간뻔하고지루한장면도잇엇다하지만 연애의 정석을 보여주는것같다 2편째부터 영화에빠져들더니 다보고나니까 기분이좋다 역시 남자랑여자는 친구가 될수없는건가사랑하는 내사람이 갑자기 막보고싶어진다 역시대작은 대작이구나 지금봐도 명작인걸보면  
20131216,10,이렇게 만족스러운 영화가 있을까. 태어나서 이영화를 본게 행운이다. 정말 최고다!  
20131124,10,와우..이렇게 세련된 감각의 영화가 89년작이라니..기가 막히다  
20131122,9,별생각없이 봤는데 웃기고 공감되는부분이 많았어요  
20131116,5,공감은 되지만 개연성은 떨어지는 로맨스  
20131105,10,10번을 넘게봐도 질리지 않는 영화.  
20131001,10,좋아용 10점 만점에 10점  
20130916,9,사랑스럽다.  
20130914,10,"로맨틱 코미디만 수십편을 봤지만, 이영화를 능가하는 영화는 단연컨대 없었다!!!!!!!!!!!!!!!!!!!!!! 로맨틱 코미디의 제왕. 버릴 대사, 버릴 영상이 없다. 편집상을 준다면 이영화에게  "
20130912,8,옛날에 보고 또봤지만 해리가 처음에 말했듯이남녀 사이에는 친구가 될수 없다는 말이 결국 맞아 떨어졌네.. 맥라이언은 지금봐도 이때 너무 사랑스러웠다ㅋㅋ  
20130909,9,그냥 첫마디 나눴을 때 이 사람이다 싶을 때가 있다지..  
20130820,8,멋진 영화  
20130812,8,해리와 샐리가 나누는 대화가 좋았다. 현실적인 내용이라서 더욱 공감가기도 했음!  
20130807,10,몇 년이 지나도 보고 또 볼 만한 영화.  
20130806,10,맥라이언의 신음연기는 압권  
20130730,9,로맨틱 코미디의 정석  
20130723,7,해리 완전 밥맛  
20130718,6,로맨스 영화를 좋아하지 않는 사람은 안 보는게 나음. 영화 후 기억에 남는 것은 남녀는 친구가 될수 없다는 것 그리고 매력적인 맥 라이언의 모습 정도. 맥 라이언의 리즈 시절을 보기 위해 그냥 감상해본 1인.  
20130710,10,내 인생 최고의 영화  
20130706,9,맥 라이언 리즈 시절 엄청나구나  
20130701,10,로맨틱 코미디의 정점  
20130623,10,이토록 매력적이고 이토록 사랑스러운 여자가 또 어디 있을까.  
20130620,10,명성에맞게 로맨틱하고 재밌었다 보니까 이영화가 로맨틱물의 선구자노릇한듯로맨스물에서 많이본 요소들이 눈에띄었음~  
20130609,10,유머러스한 대사가 좋다.  
20130608,10,맥 라이언이 너무 너무 이쁨~!!  
20130607,7,매력적인 사람이네요  
20130601,10,명장면많다 멋진영화  
20130521,9,머 말을 해야 아나?  
20130511,10,로맨틱 코메디의 수작  
20130508,10,"이제는 고전이라고 불러야 할 로맨틱 코미디 명작. 팍 꽂히는 대사들을 가지고 있으며 맥 라이언의 가장 아름다운 시절을 볼 수 있다. 정말 예쁘고 사랑스럽다. 쉴틈없이 쏟아지는 대사들은 이런 영화류의 특징이지만,  호불호가 갈릴 수 있다.  "
20130505,10,달곰하다  
20130504,10,의외로기대이상.맥라이언에게서눈을못떼겠음.그녀가왜로코퀸인지를보여주는작품.  
20130410,10,해리는 언제부터 친구와 연인사이에서 고민하고 갈등햇던것일까그리고 왜 해리는 매번 분위기가 이상해질때쯤이면 화제를돌려 애써 모면하려햇던것일까자신이 한말들을 주어담을수없기에 그래서 지킬수밖에없엇기에 슬프지만 긴시간이 지난후 자신에게 솔직해진 해리..  
20130406,9,이런게 진짜 로코지! 러브액추얼리 저리가  
20130403,10,깔끔하고 쉽게 녹아드는 맥주같은 영화 마지막은 깊지않지만 적당한 취기가 남는다. 중간중간나오는 다른 노부부들의 연애담은 마치 이 말도안되는 픽션이 진짜 있었을 것같은 착각에 빠지게 한다. 권태기의 연인에게 추천 아니라면;...  
20130330,10,내가본 최고영화  
20130329,10,로맨틱코메디의 원조격 영화. 맥라이언의 매력에 반할수 밖에없다.  
20130323,8,우정과 사랑 사이에서 간당간당하게 이어나가는 두 사람의 관계가 이상하게 와 닿았다. 내 상황이랑 비교하게 되고...ㅠㅠ 사랑스럽고 예쁜 영화.  
20130321,8,잘 짜여진 대본 속에 배우들의 호연  
20130318,10,정말 최고.. 첨밀밀과 비슷  
20130302,9,보는 내내 정말 재미있게 봤다가 결론이 갑자기 딱 나타나서.. 약간 당황.. 하지만 재밌다.....ㅎㅎ  
20130223,10,오랜만에 진짜 완성도 높은 영화를 봤다 보는 내내 진짜 .. 간단하게 말하면심각하게 재밌다  
20130220,7,참 비현실적인 영화. 거짓으로 짜맞춘듯한 느낌. 큰 감동은 없었고 그냥 해피앤딩. 볼만하긴 한듯. 재미는 솔직히 없다. 맥라이언의 외모때문에 특별히 7점줌  
20130212,9,좋다좋다. 사랑하고싶네!내가 잠들기 전 마지막으로 이야기하고 싶은 사람은 당신이야.  
20130207,8,자신을 사랑하는 사람이 있다는 것은 로맨스 있는 삶이다.  
20130207,10,로맨틱코미디의 교과서!! 멕라이언 너무 이쁘다ㅎ  
20130124,10,"두 남녀의 변화하는 감정을 눈빛에 담은 배우들의 연기가 최고!영화에 삽입된 음악과, 화면구성, 그리고 이미지 또한 영화가 말하고자 하는 핵심을 느낄 수 있는데 일조하고 있다. 겨울이면 으레 보곤 하는데, 볼 때 마다 재미있다.  "
20130121,9,"모든연인들에게 추천해주고 싶은 영화, 사랑에 대해 다시한번 나에게 많은 질문을 던져보게 만드는 그런 영화여서 참 좋았다.  "
20130113,9,열번은 봤는데 이영화개그코드가 참 좋아요. 캐릭터들도 매력있고!  
20130104,6,그다지 와닿지 않고 연애 에대한 감독의 시선만 들어가있을뿐 영화 자체에 대한 흥미도는 9점짜리가 절대 아니다 그리고 오랜만에 만나든 단기간에 만나든 사랑 끼워맞추기는 절대 공감될수 없는 스토리다  
20121231,10,새해 되기전에 보니까 더욱 와닿는다..  
20121230,5,그다지...  
20121226,9,대사가 시원시원해서  좋다!!  
20121216,8,더러운 매너에 저 혼자 잘났다 떠들던 남자와 바쁜 식당에서 VIP라도 되는냥 복잡한 주문하며 종업원 귀찮게 구는 진상깐깐녀의 로맨스.  
20121209,8,혼자가 힘들어 곁에 있던  사람과의 사랑  끼워 맞추기.  
20121209,10,도대체 이 영화에 대한 별점이 왜 이렇게 야박한지 모르겠다... 최고의 영화..  
20121204,9,내가 태어난해에 만들어진 영화를 이제서야 보게된 특별함과 더불어흔하고 편하게 볼 수있지만 결코 내용은가볍지않은 멋진 영화맥라이언 왜케 사랑스러운건지...♥  
20121130,8,지금 봐도 촌스럽지 않은 남녀의 연애학개론.  
20121127,10,보고 나서 이렇게 훈훈하다니.. 노라 에프론 감독 작품 중 과연 걸작이다.  
20121115,10,날순수하게 정화시켜주는기분이들어요  
20121110,9,이게 바로 로맨스 코메디가 아닌가  
20121110,9,나중에 나온 컨텐츠들이 많이 따라해서그런가 식상한 장면도 있고 그렇지만 전체적으로 구성도 좋고 대사도 좋고 볼만함  
20121106,8,"영화의 완성도를 논하기 본다, 한 영화가 얼마나 사람을 기분좋게 만드는지 논하자면 '해리가 샐리를 만났을때'는 분명 굉장히 좋은 영화이다.  "
20121028,8,맥라이언 너무 이뻐  
20121010,10,자고 안자고 자고  
20120926,4,"화성에서 온 남자 금성에서 온 여자, 딱 이 수준  "
20120925,8,미국식 인연론인가? 역시 인연은 멀리있지 않군 그리고 가까운 남녀는 단순 친구가 될수 없다는 치밀한 전개와 구성 그리고 빼어난 연기  
20120906,9,"너무 어렸을때라 제대로 이해하지 못했던, 하지만 기회가 되면 꼭 다시 보고프다.  "
20120827,10,20년 만에 다시 보니 새롭군요. 다시 이 작품이 리메이크 된다고 해도 해리와 샐리를 대체하지는 못할 꺼에요...  
20120823,10,공중파에서 더빙판으로보니 색다르네요. 로코의 진리!! 강추강추  
20120806,10,30대의 사랑을 동경하게 되었다  
20120803,7,"만났던 , 만나는 , 만날 모든 여자들과 같이 보고 싶은 영화  "
20120803,10,로맨틱코메디 영화의 전설. 유쾌하고 사랑스러우며 세련된 장면들의 구성! 25년이 흐른 지금도 여전히 너무 예쁜 맥라이언. 내 인생 최고의 영화 3순위 안에 들어가는 명작 중 명작.  
20120722,9,세월의 흐름!!  
20120716,8,몰입은 그닥 잘 안됬지만 그냥 볼만함 그리고 멕라이언 왜케 귀여움!!  
20120711,10,넘넘재밌게봄^^  
20120710,10,노라 에프론 감독의 사망소식을 접하고 다시 보게 됐는데 구관이 명관이구나... 등장인물 모두가 정말 사랑스럽다 :)  
20120710,7,사랑스러워  
20120701,10,너무 좋다. 좋아!  
20120626,10,89년 영화라니... 현대판 로맨틱 코미디의 고전이지만 요즘 것보다 신선  
20120605,8,흔하지만 특별했던 로맨틱 코미디  
20120601,9,정말 과연 로맨틱코미디의 고전! 보는내내 많은 생각을 할수 있었음!  
20120519,9,사랑스러운 영화 ㅋ  
20120328,9,이런게 로코 고전이지..  
20120326,1,영화 시작후 1분만에 욕이 나왔다.발연기 발연출 초저질영화의 대가다.XX!!!  
20120326,6,not my style  
20120324,10,너무 재밌어요  
20120312,10,보고나면 마음이 편해진다.  
20120309,9,20년이 넘었지만 아직 유효한 사랑이야기  
20120301,9,가볍게 그리고 마지막은 따뜻하게 잘 본 영화 중 하나! 추천합니다~!  
20120220,10,니더 나이더 ㅎㅎ 포테이토 토마토 ㅎㅎ 무겁진 않지만 가볍지만은 않은 great movie  
20120219,10,괜히 명작이 아니구나. 보는 내내 떨리는 설레임  
20120217,9,맥라이언 얼굴정말 작다.. 나두 저렇게 편안하고 풋풋한?연애하고싶다  
20120212,8,드라마의 연기가 싹 겉히고 남자와 여자만 딱 남았을때. '나는 연애다'  
20120208,10,최고의 영화  
20120207,9,행복한영화ㅎㅎㅎ  
20120205,10,추억...  
20120203,10,오래 됐지만 지금도 와닿는 영화!  
20120203,10,최고  
20120118,10,왜 진작 이 영화를 미리 보지 못했을까  
20120114,8,우리나라는 이러한 스토리를 이렇게 잔잔하게 이끌어 낼 수 없는걸까?  
20120111,10,로맨틱코미디의 정석.. 아기자기한 장면과 남녀간의 차이를 잘 그렸다.  
20120109,8,ost와 너무 잘어울리는 영화. 사랑스런영화. 언젠가 고전이 될 영화  
20120109,10,아 너무 좋다  
20120107,7,When Harry Met Sally  
20111228,2,지겨운 말다툼의 연속  재미도 전혀 없고  
20111227,10,로맨틱러브스토리.  
20111227,10,보고나면 웃음밖에 안나옴 ㅎㅎ 너무 좋고 훈훈함ㅋㅋㅋ  
20111225,10,간만에 재밋게 본 영화 정말 귀여운 맥라이언  
20111225,10,잔잔하면서도 재밋는 영화  
20111225,10,"흥미로운 감정 변화, 사랑스럽고 너무나도 매력적인 샐리  "
20111224,10,로맨틱코디미의 전설!!엄청재밌습니다ㅋㅋ  
20111224,10,최고의 영화. 몇번을 봐도 질리지 않음  
20111214,10,명작이다진짜  
20111205,10,masterpiece !!!  
20111204,10,명작 순례중. 즐거운 영화였다.  
20111126,10,사람만나는건 세월지나도 다 비슷비슷한듯ㅎ 보는내내 훈훈했음  
20111126,10,명작이다  
20111122,8,보면서 마음이 아프기도 했어  
20111121,7,잘만들었다.  
20111121,8,"지금봐도 세련된 연출과 각본 역시 ""남자와여자는 친구가될수없다""  "
20111114,10,로맨틱 코미디 최고 명작중 하나 언제 봐도 즐거움 ^^  
20111112,10,1989년의 맥라이언 ㅋ  
20111106,9,1989년의 맥라이언  
20111030,8,심리묘사가 매우 공감된다 남녀사이에 친구란 없다  
20111024,10,로그인을하게만드네  
20111015,9,흥미로운 주제를 무비스럽지 않게 전개하여 신선하였다.  
20111012,8,너무 사랑스런 멧라이언~  
20111004,9,명작은 세월이 지나도 때 묻지 않는다.  
20110930,7,세월의 독약을 마셔도 끄떡없는 영화.  
20110926,9,멕 라이언.. 사랑스럽구나.  
20110909,9,톡톡튀는 사랑스러운 영화~  
20110809,8,사랑스럽다. 우연이 계속 되면 운명  
20110801,10,굿  
20110801,8,너무 좋다 맥라이언  
20110729,10,로맨틱코미디의 효화  
20110728,10,최고  
20110728,10,89년에 이러한 이야기를 담아냈다니~ 놀랍네요.  
20110725,10,오래된 영화지만 몰입도 최고...!!  
20110724,8,좋은 얘기  
20110715,9,"전설이 아닌 레전드, 로맨틱 코미디  "
20110705,9,"친구가 될수 없는건가..?
  "
20110630,8,"남녀 심리묘사가 괜찮은 영화, 결론은 남녀사이엔 친구가 없다.  "
20110621,10,코믹한 로맨스  
20110613,10,결국 여자와 남자는 친구가 될수없군요  
20110609,10,정말 영원히 기억하고싶은 영화다.  
20110604,10,배우들의 대사 하나하나가~!!  
20110511,10,"영화속 상황이 너무 비슷해서, 몰입하며 봤다.  "
20110508,9,성별잉 달라 빚어질 수 밖엥 업능 사람사능 이야기 ㅋㅋ 남녀능 근본적으로 달라 ㅋ  
20110418,10,처음에 해리가 참 병맛같은 남자라고 생각했는데 곱씹어 생각해보니 다 맞는말...  
20110415,9,노라애이프런 원작에 풋풋한던 멕라이언의 연기....진짜 로맨틱영화의 정석  
20110410,10,내가본로맨스영화중에가장기억이남는다.현실적이며충분히공감이가는영화  
20110324,9,"로맨틱코미디의 정석, 그 시작  "
20110305,8,두근거림이란 걸 첨으로 알게해 준 영화  
20110125,10,다시 봐도 역시 최고입니다..  
20110112,8,옛날 영화인데도 볼만하다  
20101210,9,클래스는 영원하다. 비록 20년이 흘렀지만....  
20101127,8,아련한향수가 있는 영화  
20101126,9,모두가 기다리던 엔딩을 향하여.  
20101124,8,억지 없는 훈훈함  
20101114,10,너무나 사랑스러운 그 둘! ㅎㅎㅎ너무나 훈훈하고 따뜻한..로맨스영화~ㄴ♥  
20101113,10,너무설렌다. 이 영화를 이제야 보다니  
20101110,10,최괴고괴괵최고고고곡고고고  최고의 멜로 ~  
20101010,10,스케일과 비주얼로 승부하는 대중적인 블록버스터급 영화에 지치신분이라면...필히...  
20101005,10,전설은 아니고 레전드정도.  
20101004,10,최고의 영화라 해도 전혀 무리가 아니다!  
20100920,10,내가태어나기 전 영화지만 흥미롭고 기분좋은 로맨스영화~  
20100913,3,난 어린아이가 아닌데 이 영화 정말 지루했다 평점에 관대한데...  
20100910,10,"난 해리같은 스타일인데, 아직 샐리를 못 만났네~  "
20100906,10,최고의영화  
20100827,10,내인생 최고의 여인의 영화  
20100825,10,보면 볼 수록 재미있는 영화  
20100811,7,크리스마스 분위기가 너무 좋았다.  
20100807,1,별 공감이 안된다. 그리고 남자가 좀 또라이 같더라.  
20100726,10,두 주인공의 대사에 빠져들었었음~ 최고!!  
20100707,10,정말 기억에 가득 남아있는 영화!  
20100614,9,"맥라이언 정말이쁘게 나왔던,,정말재밌게 보았음 ~~~~~~  "
20100531,9,"1989년 영화임에도 불구하고 전혀 촌스럽지도,지루하지도 않은 내용의 영화! 굳굳굳!  "
20100526,10,빌리 크리스탈 한창 코미디배우로 이름날리던 시절 ㅋㅋㅋ 재밌네~~  
20100525,10,최고라고 기억할뿐...지금의 맥라이언은....ㅜㅜ  
20100522,8,빌리크리스탈은 위트가 넘치고 멕라이언은 매력이 넘친다. 로맨틱코미디의 모범답안.  
20100515,10,멕라이언만 기억하시지만 빌리 크리스탈도 진짜 유머러스함 ㅎㅎ  
20100227,10,보자마자 아빠아이디로 접속하게 만드네요... 최고입니다. 강추@@@@@  
20100225,9,로맨틱 코미디의 정석  
20100216,9,Very good  
20100213,9,풋풋한 로맨틱 코미디 영화.. 맥 라이언의 여려가지 헤어 스타일 감상 잘했음  
20100211,10,벌써 20년이나 지났거늘.. 명작은 언제 다시봐도 늘 새롭고 재밌다..  
20100119,10,로맨틱 코미디의 교과서  
20100119,8,로맨틱 코메디중에서 수작 ㅋㅋ 정말 예전영화임에도 불구하고 남녀라는건 똑같구나  
20091229,8,이쁜 로맨틱 코미디 ㅋㅋㅋ  
20091225,1,개연성 없이 우연에 의존. 대사 간지나는 줄 아는 듯.  
20091216,9,Very good!  
20091126,10,내가 본 최고의 로맨틱코미디 영화 ! 지금 봐도 세련되고 보는 내내 공감을 헀다!  
20091124,10,무슨말이더필요할까.최고 봐도봐도정말매력적인영화!!!한창때의맥라이언미모와함께  
20091123,10,최고라는 말 밖에는...!  
20091108,10,최고!!! 맥라이언 진짜 이쁘다 ㅠㅠ  
20091106,5,멕 라이언 다 좋은데 너무 바지만 입고 나온다...히잉ㅠ  
20091102,10,멜로 영화에 탑 5에 드는 영환데...  
20091028,10,요즘 영화보다 더 잼나네.  
20091024,9,근데 이게왜 18세야?  
20091008,10,뭐 영화라면 이정도는 되야...  
20090921,9,인생의 교훈을 재미있고 따뜻하게 알려주는 영화  
20090912,10,시간의의미를무색하게만드는 로맨틱코미디의최고.  
20090911,9,맥라이언의 미모는.....ㅎㄷㄷㄷ  
20090901,10,정말 좋은영화네요^-^  
20090804,4,나랑 안 맞는데;;  
20090802,8,When Harry Met Sally...  
20090723,10,이 장르의 바이블. 후에 그 어느작품이 범접할 수 있을까?  
20090722,8,주저리.. 주저리..  
20090720,6,끌리는 느낌이 없었다...  
20090720,10,정말루 로맨틱코미디의 정석. 맥라이언 너무 예쁨..  
20090718,10,로맨틱코미디의 정석  
20090717,9,보고나면 유쾌해지고 찡해지는 로맨틱 코미디의 진수. +맥 라이언이 정말 예쁘더라  
20090715,10,아 신난다 ...신이난다..  
20090710,10,20년 전의 로맨스는 지금봐도 즐겁다. 영원할 것 같은 로맨스여~  
20090709,10,내생에 최고의 영화!!  
20090706,7,영화를 살리는 두배우의 명연기 만으로도 부족함이없는 영화  
20090702,8,이것이 맥라이언 이다.  
20090622,10,봐도봐도 유쾌함..  
20090618,10,386세대의 대표적인 사랑스런 영화! 하하하~~~  
20090613,8,남녀관계에 대한 철학서..우리 알렌의 영화보다 낙관적이다  
20090611,10,아직 300명이 안되네  
20090529,10,굿  
20090526,10,나의 남여간 우정의 틀을 바꿔놓은 영화...  
20090522,10,곱씹어볼수록 대사들 참 좋네  
20090503,10,20년 만에 봤는데... 그때랑 느낌이 너무 다른 영화... 다시볼수있어서 행복했다  
20090402,6,노부부들의 인터뷰에서 진정성을 느꼈다.  
20090228,10,오래전 영화인데도 현실적으로 그려낸 영화..!!  
20090221,10,로맨스 영화 中 최고봉ㅎ  
20090119,10,10년뒤 20년뒤봐도 질리지 않을 영화  
20090117,10,재미있게 봤어요^^ㅋㅋㅋㅋ  
20090111,10,잘봤어요.ㅎㅋ 굳~  
20081206,5,해리 너무 들이대면서 말만 번지르르해.사랑하지 않는 듯한 연기  
20081127,10,No man can be friends with a woman that he finds attractive.  
20081122,10,재밌게 봤다.  
20081030,7,생각보다 지루했다  
20081020,10,설렘으로 시작해 지긋지긋함으로 끝나지만 할수밖에 없는걸...  
20081012,9,코코넛 케익과 초코렛 소스와 같은 두 사람  
20081006,10,미워 할수 없는 커플  
20080916,10,아주아주 좋은 영화 입니다.  
20080912,7,너무 기대했나..??  
20080818,10,사랑스럽고 톡톡 튀는 상큼한 영화  
20080728,10,definitely a 10. a must-see!  
20080719,8,남녀사이와 사랑에 대해 정의를 내린다면 이영화가 답  
20080715,9,"친구로 시작해서, 연인이 된다는.. 상큼한 러브스토리.  "
20080628,10,너무 너무 사랑스러운 맥 라이언 :)  
20080628,10,사랑스럽다  
20080627,7,"미워할 수 없는 커플, 미워할 수 없는 영화  "
20080625,10,우리 시대의 클래식무비  
20080622,9,상큼한 고전 ㅋㅋ  
20080516,10,재밋내요  
20080513,10,정말 의외로 진짜 재미있었다.. 맥라이언.. 진짜.. 미워할수없는 배우..  
20080509,8,상큼한 대사들과 사랑스런 멕 라이언  
20080505,6,이건 뭐 킬링타임용도 아니다  
20080430,9,나 아직도 잘 모르겠어ㅋㅋ  
20080416,10,내영화관을바꾸어놓은영화  
20080408,10,이 영화때문에 나의 30대가 기대된다..  
20080405,10,이게왜18세지-  
20080322,10,진짜최고..남녀심리를 정말 잘 설명한 영화!  
20080318,5,너무나도 수다스런운 남녀  
20080311,8,인연  
20080228,10,수십번본게 거짓말이아니다 정말 대단한 멜로 멜로중에 최고  
20080226,8,진부한 이야기를 96분간 상큼하게 풀어낸다  
20080216,10,"로맨틱 코메디 무비의 바이블, 텍스트  "
20080128,10,수십번을 봤는데도 재밌는 영화. 로맨틱 코미디의 교과서. 넘 귀여운 영화!!  
20080124,8,"잔잔한 영화. 주인공 들이 좋았고, 주인공들의 말싸움이 재미있음.^^  "
20080123,10,로맨틱 코미디의 교과서  
20071219,7,대사가 재밌죠  
20071201,10,달콤하고 따뜻한 영화  
20071127,8,이영화 개봉날 영화관에서 장미꽃을 나눠준 기억이 있지..  
20071126,9,교묘히 맞지 않아 오랜시간을 따로 지낸 두 남녀간의 러브스토리  
20071121,10,맥 라이언의 연기.. 보는내내 즐거웠고 사랑스러웠다..  
20071114,10,"멕 라이언 정말 상큼하다 , 잔잔하지만 감동적인 사랑이야기  "
20071104,10,유쾌한 영화~ 사랑스러운 가벼움을 담은 멋진 영화  
20071018,10,very good !  
20071013,10,진짜진짜 너무너무너무 좋아.이런영화또없나  
20071009,10,내가 2살때 개봉한 영화인데 정말 최고다.....맥라이언 짱....  
20071002,10,멕라이언을 성공하게한 영화..하지만 멕라이언은 샐리가 되어 벗어나지 못한다.  
20070922,9,연예와 결혼에 관한 교과서 같은 영화  
20070916,10,어렸을때 봤던 최고의 영화  
20070909,10,우정과사랑 그흔한이야기가재밌다 어디선가봤던 장면들도알고보니 이영화에있더군  
20070906,9,시간의 흐름에 따른 감정의 표현기법이 마음에 드는 영화...  
20070830,10,크리스마스만 되면 이영화가 생각난다  ...  
20070821,10,오랜만에 봤다. 아련하다  
20070816,10,난 항상 늦다. 이번에도 재대로 늦었다. 이제서야 보다니!(20대 중반)  
20070814,8,남녀간에 친구가 될 수 없진 않지만 해리와 샐리는 설득력이 있어  
20070811,10,재밌어  
20070809,9,이성간의 우정은 서로 어느정도 호감이 있어야 가능하다..  
20070807,8,처음 다소 지루했으나 중반이후 유쾌하게 잘봤다  
20070805,5,흠 그냥...멕라이언이 이뻐서  
20070723,9,"Anyway, 멕 라이언은 '정말' 예뻤다...밑에 분 동감..  "
20070722,8,Anyway 멕 라이언은 정말!!! 예뻤다  
20070722,8,"남녀가 친구라는건, 둘이 곧 사랑하게 되거나, 둘이 안 친한것이다.  "
20070722,10,남녀간에 우정이 가능할까?  
20070717,7,남자와 여자의 대화.  
20070712,10,편안하고 재밌는영화  
20070710,10,로맨틱코메디 아니 맬론가 아무튼 역대 최고  
20070708,10,감동적이었다.  
20070708,7,배우들이 좋았을 뿐 ㅎㅎ  
20070603,8,멕 라이언이 너무 예쁘다  
20070522,8,볼만한정도  
20070517,6,기대하고봐서그런지......첨밀밀이백배낫다  
20070515,10,보고나서 영화내용을 못잊는 영화  
20070420,10,"보는내내 행복하게 만들고, 공감가게 했으니까  "
20070320,10,사랑과 우정 사이.. 우정과 사랑 사이.. 미묘하면서도 오묘한 이 느낌.  
20070316,9,로맨틱 코미디의 진수  
20070311,10,이때 멕라이언 쩔었었는데...  
20070217,9,뜨거운 국물같은 연애보단 역시 잘 숙성된 오랜 연애  
20070208,9,어렵게 구한 영화! 그럴만한 가치가 있었다  
20070206,6,구관이 명관이다.  
20070124,7,일단 제목부터가 먹고 들어가자나  
20070108,7,다시보니 별거 아닌 작품일세  
20061219,10,"우정과사랑,크리스마스,오랜만남,인연이모든것의바이블  "
20061207,10,이런영화보면결혼하고싶어미치겠다  
20061201,1,명성때문에 기대가 너무 컸다.  
20061127,9,베리 굿  
20061112,8,제목다운 사랑이야기  
20061031,8,친구에서 연인으로 발전~!! 마지막 해리와 샐리의 대화 인상적  
20061029,10,정말 분위기있고 재밌는 로맨스 코미디 ^^  
20061003,10,사랑은 가장 친한 친구가 되는 것이다.  
20061003,8,좔좔좔하다가 아솨솨 하는 영화. 결국 좋다.ㅋㅋ  
20061002,7,따뜻하게 쌓여가는 아기자기한 사랑이야기.  
20060920,9,현대판 멜로.코미디의 교과서같은 영화..못보셨다면 당장보세요  
20060901,9,멋진 극상성의 만남..ㅋ  
20060831,10,여전히 사랑스런 해리와 샐리  
20060827,8,맥라이언의 전성기..  
20060826,10,해리와 샐리가 만났을땐 죽인다  
20060825,9,멋져..... 음악도 멋지고 분위기 너무 좋다. 예쁜영화.  
20060825,10,대사가 좋았던 영화...  
20060819,10,친구로 남았다면 더 멋졋겠지만..내인생최고 로맨틱코메디  
20060816,7,결국남과녀는친구가될수없다??...........  
20060815,7,그 시대에 영화를 봤었으면 평점이 더 좋았을텐데..하는 생각.  
20060812,10,멕라이언의 모든 것을 압축한 영화  
20060811,10,"초,중반까지는 유쾌하지만 후반에는 여운이 상당한...  "
20060809,10,죽을때까지 90년대초반의 멕라이언같은 존재를 또 볼 수 있을까  
20060807,7,異性 간에도 우정이 존재하는가? 내 스스로 반문해 본다 ...  
20060803,10,짱이다  
20060731,10,너무 좋다ㅠ_ㅠ  
20060729,10,초등학교 때 ^^;; 열번 이상 본 영화  
20060728,10,재밌다.  
20060726,8,결국엔 서로를 이해해 줄 수 있는 사람을 만나기 마련이다.  
20060716,6,글쎄... 별로;ㅁ;  
20060630,10,로맨스 코미디로서는 최고  
20060625,10,그들의 사랑은 로멘스였을까...  
20060624,9,혼자라는 게 이렇게 외로울 수 있나....ㅠ.ㅠ  
20060624,10,정말 재밌다 ^^  
20060623,7,지금도 재밌는데 ^^  
20060616,10,정말 재밌게 봤어요 :) 진짜 사랑하고 싶다~~  
20060608,10,마지막장면이 인상깊네요 ~ 둘 다 너무 귀여워요 ㅎㅎ  
20060607,10,로맨틱 코미디의 정석.  
20060606,10,사랑하고 싶어지는 영화. 15년이 지나도 재밌다-  
20060530,10,"하하~거의 10년만에 다시 본것 같은데, 그래도 너무 재밌다^^  "
20060517,10,"로맨틱 코미디의 걸작, 그 시절 맥 라이언이 그립다.  "
20060508,10,남자와 여자는 친구가 될 수 없다.  
20060410,6,"맥라이언이 망언을 해서 점수를 깎아 먹었지만, 재밌는영화 ㅎㅎ  "
20060402,9,유쾌한 로맨틱 코미디.. 젊을 적 맥 라이언은 빛난다  
20060330,10,10점짜리 로맨스!  
20060327,10,"로맨틱 코메디의 정석.,...!!  "
20060325,8,두고두고 인구에 회자될 로맨틱 코미디.  
20060319,10,멕라이언이 참 예뻤다는 사실을 처음으로 알게해준 영화  
20060302,10,"감독,배우 다 내가 좋아하는 환상의 조합.이런영화 또 없나?  "
20060221,10,"친구에서 연인으로, 어쩌면 뻔한 내용일수도 있지만 잘 표현  "
20060220,10,멋진 영화다.. 최고다...  
20060218,8,조금 어려운데..;;; 곱씹어봐야 할 내용들..  
20060216,10,재밌음.  
20060215,8,서로의 마음을 알기까지 너무 오랜 시간이 걸렸네요  
20060214,10,이성친구와 애인의 정의를 내려주는 영화.. 정말 감명깊게봤다!  
20060214,10,이런 사랑에 목말랐다.  
20060214,10,여자와 남자는 친구가 될수없지만 연인을 될수 있다 ^^  
20060214,10,여자친구가 여자로 보이기 시작햇다..ㅎ  
20060212,9,관객이 이 영화를 만났을 때 행복감에 사로잡히게 된다.  
20060206,10,무척 재미있게 보았다  
20060201,9,은근히 재밌는데?  
20060128,10,좋은영화 ㅋㅋㅋㅋㅋㅋ  
20060114,10,굿!!!  
20060111,9,이 영화를 보면서 연애관이 성립되었다..  
20060110,9,맥라이언 이쁘다..  
20060110,9,대사한마디한마디 와닿는다.진정한사랑을알게된다.  
20060110,10,좋았다.  
20060110,10,처음으로 평점까지~ 참 기억에 많이 남는다. 수작.  
20060110,10,good  
20060110,10,너무 좋다 ㅜㅜ  
20051228,10,내가 꿈꾸는 가장 이상적인 사랑.:)  
20051226,9,속내음을훤히보이며오래전이런작품을만날수있는행복  
20051218,10,한마디로 good  
20051209,10,멋진 영화...  
20051202,10,이런 사랑 하고 싶다는..^^  
20051113,8,너무 사랑스러운 그녀~  
20051106,9,라이언의 이미지를 깨는 영화였기에 더욱 사랑받은건 아닐까  
20051106,9,굿.  
20051023,9,사랑과우정의아슬한사이. 그리고 사랑에 대한 명쾌한 해답  
20051015,10,공감100%  
20051001,8,"유명한 영화, 유명한 대사, 재밌었지  "
20050922,10,  두배우의 명연기. 군더더기 없는 편집과 대사.완 벽 영 화  
20050818,10,이영화 한편으로 오늘하루가 즐겁습니다  
20050816,10,이래서 내가 멕라이언을 좋아한다니깐?ㅋ  
20050804,10,ㅡㅡ;;이게정말 89년도에 만들어진건가  
20050801,3,푸헐~ 보는도중 한숨만 푹푹나오는 영화!!  
20050731,7,대단한 로맨스  
20050727,10,역시 로맨틱 코미디의 최고봉! 로맨틱 코미디의 교과서!  
20050725,10,이거처음 부터끝날때까지웃었다.(흐뭇and하하)  
20050719,9,지루하지 않고 유쾌하다.무엇보다..즐겁게 볼수있다.  
20050713,10,제가 제일좋아하는 여자배우  
20050711,10,사랑을 가볍게 다룬줄.알았는데 마지막반전..사랑은심오하다  
20050630,9,아리따운 맥라이언을 볼수 있는 기회...  
20050624,10,로맨틱코미디 중 가장 즐겁게 본 영화~  
20050615,10,이런 게 진짜 사랑이지..  
20050527,8,화..이리 나온지 오래됐었나. 배우들의 매력이 돋보인다.  
20050516,10,15년전 영화란게 믿기지 않을정도로 멕 라이언은 이쁘다.  
20050430,6,촌스러 촌스러 ㅎㅎ  
20050418,10,로맨스 훈련용 영화... 괜찮음  
20050325,10,멕라이언에게 푹 빠진 영화  
20050312,10,최고의 로맨틱코미디. 멕라이언의 매력이 최고.^^  
20050312,7,잔잔하면서도 자연스러운 영화  
20050213,8,아무리 부정해도 사랑은 감출 수 없징..  
20050211,10,너무 귀여운 두 사람. 결국 사랑하다.  
20050203,8,과연 로맨스코메디의 고전답다.  
20050130,7,그리 재밌지는 않았지만 심심할 때 볼만한 영화  
20050124,10,영화보는시간내내 즐거웠던 영화  
20050121,10,식당에서 샐리의 오버연기를 최고로 치는 사람이 많지만 사실 ending짱  
20041226,10,식당에서의 오르가즘이 압권~  
20041224,10,재밌어요..맥라이언 예쁨 ㅋㅋ  
20041213,10,"로맨틱 코미디의 고전, 내 생애 최고의 영화.  "
20041126,9,로맨스는 별로 안 좋아하는데 재밌게 봤음  
20041014,10,개인적으로 80년대 최고의 로맨스영화라는.....  
20041006,9,괜찮아요. 마지막이 특히..^^  
20040816,10,사랑은 정말 힘든거구나....  
20040714,10,맥라이언 이때모습 정말 천사같았다.. 위트넘치는 대사와 뛰어난 연출력!  
20040708,8,나쁘지 않다. 멕 라이언은 정말 BEA유티풀  
20040622,10,저는 한 150번정도 본것 같네요...정말루...^^  
20040621,10,감동 그자체..  
20040616,10,이영화 갠적으루 100번정두 본듯;; 긍대 보구또봐두 역시 넘재밋어여^^  
20040504,10,로맨틱 코미디 사상 최고! 10점 만점!  
20040326,8,이제는 로멘틱코미디의 고전으로 불러도 손색이 없겠죠  
20040315,9,정말 재밌고 볼만하네요. 깊은 교훈이 있습니다. 사랑은 마음으로 하는것  
20040223,10,내가 이 영화를 안 보고 죽었다면 이 세상을 산 의미가 없었을 것입니다.  
20040211,10,"맥라이언 팬이지만 빌리크리스탈도 정말 매력적, 남녀의 사랑은 알수없는 것  "
20040211,8,감독의 어머니가 카메오로나와서 한 한마디 `나도 저걸루 줘요`가 히트^^  
