0,1,2
20180927,8,"인물, 줄거리 어디서 본듯하나 액션장면은 화끈하고 볼만하다. 카메라, 화면구성 좋고 쫓고 쫓기는 추격은 언제나 손에 땀이 난다. 니콜라스 홀트가 매드맥스빨로 찍었나보다.  "
20180707,6,스토리의 개연성이 너무 부족하다.  
20180628,6,무제한 속도의 대명사인 아우토반에서의 카체이싱 액션이 기대만큼의 속도감이나 박진감을 주지 못하자 자동차 충돌 씬에 사활을 걸고 'Collide'로 제목을 바꾼 것이 아닐까?  
20180324,4,"각본이 참... 여자는 불법인거 싫어하더니 로맨틱 어쩌고하니 500만유로라니까 눈 돌아가고, 또 위기 상황에서 주인공 보정 너무 심한거아니냐. 퀼른시 관광과랑 벤츠가 협찬하는 어거지영화ㅉ  "
20180222,6,독일 자동차 모터쇼인줄. 악마를 보았다도 아니고 주인공을 몇번이나 놓치는건지 일부러 그러는건가싶다 안소니 홉킨스는 시덥잖은 소리만하지 대단한 악당도 아니네 주인공도 답답한데 악당들은 더 답답한 영화이다 독일 자동차 달리는거 말곤 볼게없네  
20180211,6,B급영화~ 내용전개는허술하지만 볼만함~  눈을 못떼게하네  
20180127,4,니콜라스 홀트 볼려고 결재했는데 다보고나서 니콜라스홀트가 싫어질정도로 최악이었음  
20180113,1,예고보고 영화관에서 보려 했던 영화인데 안봐서 정말 다행인듯 자동차 보는거 좋아하지만 이렇게 허접할줄은..  
20180112,7,본격 뛰거나 자동차로 도망치는 하드코어 액션 영화.  마무리가 아쉽긴 하지만 자동차 추격신은 굿. 액션영화에서 말 안듣는 여자는 짐이다.  
20180108,7,그저 그렇지만 멋진차는 많이 나온다. 벤츠에서 협찬 제대로 받은듯.  
20171210,3,"벤킹승리,안소니흡킨스 부분만 만족스럽고 그외엔거의 생각없는 연출...  "
20171029,6,자동차 액션 영화... 기억에 남을 것 같지는 않다.  
20171019,2,처음부터 억지스럽고 별것도 아닌걸로 엄청 큰 반전인척 영화종료ㅡㅡ 멍청하고 여주는 앞니 엄청 거슬렸음. 스타워즈가 더 현실적이다.  
20171015,5,영화평점을 등록해야지 얼굴평점을 여기다 왜올리냐  
20171008,1,스토리간 개연성도 낮고보스로 나오는 흰머리아저씨도 쓰잘떼기없는 명언대사별로 였음. 독일 자동차 회사에서 로비받고 급하게만든 영화인가 싶었음. 핵노잼.  
20171007,3,이딴영화가 흥행된다는건웃긴일이다.  이거볼시간에 만화영화보는게 이득  쯔쯔  
20171005,6,배우들은 A급인데 내용은 B- 급  
20171005,1,"제목만 아우토반,내용은 여친구하기위해 민폐쩌는 주인공  "
20170930,8,킬링타임용 영화. 사랑하는 여친을 위해 돈다발은 꼭 챙긴다.  
20170905,5,그냥저냥   킬링타임으로 추천  
20170825,7,니콜라스 홀트 팬이라면 황홀한 영화~ 그가 누군지 모른다면 킬링타임용.  
20170822,4,관람객그냥 그래요 재미 없어요  
20170811,5,그냥 저냥 킬링 타임용 영화...  
20170726,5,"관람객제목만 보고 기대했던 배기량 무한대의 거침없는 질주, 통쾌한 도로 위의 야성액션은 온데간데 없고, 냉혹한 갱단속에서도 뜨거운 가슴을 지닌 사랑꾼의 처절한 분투기만 남았다. 하지만 사랑에 모든걸 내던지는 니콜라스 홀트의 광적인 열연만큼은 참 매력적이다  "
20170723,5,신예와 거물 배우들이 대거 등장해서 극을 끌어감에도 극이 지루하고 엉망이라면 이야기 자체에 문제가 있는 것이다. 막장도 이런 막장이..  
20170713,1,"총알이 주인공을 피해다닌다..이 개똥같은 영화에 벤킹슬리,안소니 홉킨스.니콜라스 홀트까지 필해하냐  "
20170704,8,와우 여주  스타워즈 로그아웃 진어소  맞냐?  몰라봤음 화장하고 금발했다고 이리도 매력적이라니. . .  
20170703,6,속도감이 중간에 있었지만 억지 연결 설정이 좀 있는  
20170701,6,"벤츠 sls amg,재규어 f타입,애스턴마틴 라피드 .. 차 라인업은 좋았지만 내용은 허술했다 그냥 킬링타임용  "
20170625,4,초반부터 너무지루하다  
20170618,8,"스토리성은 조금 부족했을지 몰라도 영화 분위기나 중간중간에 나오는 노래들이 참 좋았다. 또, 니콜라스 홀트의 연기와 외모 보는 재미도 있고, 시원한 도로에서의 액션씬도 최고!  "
20170610,1,평점 높게 준 개baby들은 그냥 알바다.  
20170517,6,20대 여자들이 좋아하는 영화는 실제 평점 -2정도는 해줘야..  
20170516,4,그냥 졷밥양아치가 어떻게 훈련받은 사설군대를 이기나?  
20170516,8,이정도면 꽤나 잘뽑은 액션영화다  
20170516,1,식상하고 재미없네요.. 배우들 때문에 보긴했는데 시간 아까워요ㅋ  
20170515,1,"와 ,, 진짜 재미 없다   평점 너무 높아....  "
20170502,7,재미는 있는데 왜 제목이 아우토반인지는 의문인 영화  
20170502,5,a급 배우들을 b급 퍼포먼스에 쓰인 듯한...  
20170430,1,쓰레기 영화. 평점 조작할려고 네이버가 내 평점 삭제했네.. 지들 맘데로 하는거여? 네이버??  
20170429,7,주인공이 똑똑하고 격투기도 잘해  
20170424,6,관람객여자주인공을 위해서 자신을 내던지는 니콜라스 홀트가 너무 멋있는 영화  
20170424,4,액션만 있고 내용은 없다. 노배우 2명이나 끌어 쓴 이유가 뭔가  
20170421,8,관람객초반부 집중도 안되고 정신이 없더니 시간이 가면서 몰입도를 높여주었어요~  
20170420,7,신나게 달리다 엔딩에서 급브레이크  
20170418,10,사랑하는 사람을 위한 무한질주.  
20170413,5,경찰이 술집 뒷문을 안지키고 있다는 건 말이 안되잖아. 상식을 버리니 개연성도 떨어지지.  
20170412,10,관람객내용이 스릴있어서 꿀잼이였습니다. 강추!  
20170411,6,관람객액션과 긴장감 있는 전개와 여자를 구하려고 노력하는 모습에서감동적이면서 뭉클했어요.  
20170411,10,관람객자동차액션의 새로운 면을 보여준 영화니콜라스 홀트의 새로운 면을 찾아볼수있는 영화 뤽베송영화의 특징이 살짝살짝느껴졌던 유럽배경 영화  
20170410,5,"홀트의, 홀트에 의한, 홀트를 위한 영화제목보고 분노의질주 시리즈 같은거 생각하면 후회함  "
20170410,5,질주액션..킬링타임은 됩니다  
20170409,6,폭파 본능만 남아버린 개연성은 개나 줘버린 액션 영화  
20170409,7,"관람객좋은 차들을 많이 볼 수 있으나, 미약한 스토리라인이라 조금 아쉬웠어요  "
20170409,9,관람객앞부분은 재밋었는데 ...결말 허무해요  
20170408,4,이영화 평점이 8점이 넘는다니.. -_-;;  4점도 후하게 주는건데...  
20170408,7,영화가 정확히 시작한지 40여분쯤 지나면서 폭주하기 시작한다...러닝타임상 스티븐 스필버그의 죠스가 처음 모습을 드러내는 시간  
20170407,7,크 내가 저 눈빛을 보려고 이걸봤나.. 내용자체는 술술 잘굴러가는데.. 너무 싼마이하게 굴러감 ㅋㅋ  
20170406,10,관람객감사합니다  감사합니다  
20170405,10,관람객너무 좋았습니다. 딸과 함께 니콜라스케이지 한테 반했어요.  
20170405,7,관람객킬링타임용으로 나쁘지 않음쏘쏘  
20170405,4,"사실 남주 여주 비주얼 빼면 액션도 별로, 스토리도 진부, 반전도 그닥... 여기저기서 본거 또 보는 느낌. 왜 아우토반이 제목인지도 모르겠고.  "
20170404,6,관람객속도감있는 영화입니다 좋아요  
20170404,6,그냥 그런 킬링타임에는 모자른 영화  
20170404,8,관람객나름 킬링타임용이네요!!근데 내용이 쫌  
20170404,7,관람객멋있고 예뻤었어요 !_!그리고 짧아서 좋았어용ㅋㅋ액션이 시원하고~  
20170404,10,관람객아우토반에서 신나게 달리는 영화였던거 같아요 본격 여주 버려지는 영화  
20170404,1,막고 싶지만 막을 수 없는 전력 질주  
20170403,3,관람객그냥 그럈어요..니콜라스 조아해서 봤내요..  
20170403,5,관람객배우가 아까운 영화...  
20170403,9,관람객아무 생각없이 즐기기에 더없이 재밌는 영화였습니다.  
20170403,4,관람객초반부에 약간의 지루함과 결말의 허무함과 아쉬움 허나 니콜라스홀트배우의 사랑연기 멋있었습니다!  
20170402,5,주인공을 어설프게 자꾸 놓치는 설정도 그렇고 제목과 달리 질주장면도 어설프고...  
20170402,8,"관람객초반에는 약~간 지루한데, 중반 부터 시간 흐르는 줄 모르고 진행이 됩니다! 끝날 듯 말듯 끝날 듯 말 듯 하면서 액션이 파바박 진행! 니콜라스 홀트의 눈빛 연기도 정말 멋집니다  "
20170402,2,"관람객8기통.. 락카를 입에 뿌릴때 보다, 더 운전 못한다  "
20170401,8,관람객맘에들어요 맘에 들어 요  
20170401,6,관람객개연성은 갖다버렸지만 액션이 화려해서 심심하지는 않음  
20170401,8,관람객한없이 질주하다 마무리가 아쉬웠던..  
20170401,5,관람객독일판 기술자들. 니콜라스홀트말고 볼거 없음  
20170401,10,관람객긴장을 늦출 수 없었어요. 심쿵남 니콜라스 홀트의 러브 스토리와 뜨거운 액션~ 너무 재밌었어요 ^^!~  
20170331,9,관람객나름  볼만햇음ㅎ근데 뭔가....  
20170331,6,남자주인공이 아깝군요  남주인공 빼고는 뭔가 다들 80년대 옛날 영화에서 댈꼬 온거 같아요 스토리도 진부하고 왜 극장서 많이 상영안하는지 알꺼 같아요 ;;  
20170331,4,1점주고싶은데 영화만든 노고 생각해서 4점드려요. 시간때울겸 본영화였는데 그 시간조차 너무 아까웠어요. 돈보다 시간이 더아까웠습니다. 액션/레이스/로맨스 뭐하나 제대로된게 없는 영화.  
20170331,8,관람객todrkrqhek woaltspdu  
20170330,8,관람객신나게 잼나게 잘 보앗씀니다  
20170330,8,관람객분노의 질주를 생각하고 보면 안됨. 그러나 니콜라스 홀트 하나만으로도 볼 이유는 충분! 연기도 잘하고 여주랑 캐미도 좋고 사운드도 좋고 재밌게 봤음. 근데 178명 정원인 영화관에 나 혼자 밖에 보는 사람이 없어서 슬펐다..  
20170330,9,니콜라스 홀트의 성장 그가 얼마나 다양한 장르를 자기화 시킬수 있는지를 보여주는 러블리한 홀트식 액션  거기에 요즘 굵직한 영화에 자주 등장하는 펠리시티 존스이둘의 성장중인 모습을 확인할 수 있는 좋은 영화이다.  
20170330,10,관람객스릴잇고재밋엇어요 ~  
20170329,10,관람객재밋어요 다들한번씩보러가세요 ㅎㅎ  
20170329,1,아니 너무재미없음 스토리 발로쓴듯  
20170329,1,관람객보다 나옴. 시간아깝다.  
20170329,7,관람객개인적으로는 자동차 추격신이 괜찮았는데 분노의질주를 많이 접한 괸객들에게는 좀 밋밋했나봐요  
20170329,9,최근 몇년 동안 본 영화중에 이렇게 속시원히 화끈한 영화 없는듯 재밌고 아찔하게 봤습니다  
20170329,8,관람객킬링타임으로 괜찮네요  
20170328,4,제목은 아우토반인데 실상은 올림픽대로  
20170328,8,관람객니콜라수 홀트가 멋져요 ㅋㅋㅋ  
20170328,8,"그럭저럭 볼만했어요,  둘이 러블리하게 어울린다는 느낌은 별로없었음  "
20170328,4,관람객솔직한 평은.. 예고편이 거의 모든 것을 보여준다고 보여집니다.... ㅠㅠ 편집도 15세 이하로 맞추려고 노력한 모습이 보여 안타깝습니다.. ㅠㅠ  
20170328,5,여친을 위해서 목숨 걸고 ~ 영화라 가능할듯  
20170328,7,관람객스토리가 조금 허술 했어요  
20170328,9,관람객사랑에 미치면 뭐든지 가능한가봐요. 정말 멋졌어요. 포디로 봤으면 더 좋았을 거 같은 기분이 듭니다.  관 큰 곳에서 보든가! 96명이 정원이 관에서 보니 ㅠㅠ 슬푸더라고요 상영관이 없어서ㅠㅠ  
20170327,6,관람객영화제목이 아우토반..진짜 아우토반만 나오네ㅎㅎ이영화엔 내용상 원제목이 더 맞는듯..  
20170327,3,영화를 보는데 어?? 머했는데 끝나 이런느낌이듭니다 1점줄꺼 안소니 홉킨스 연기때문에 3점줍니다  
20170327,1,아. 영화 보고 왔는데 낚였네...파일공유사이트에 불법으로 돌아다니는거 같은데  
20170327,1,어떻게 이런 배우들이 이런 영화에ㅋ아우토반 구경은 잘했슴 로맨틱이란 대사가 이렇게 어이없게 들린건 첨ㅋㅋㅋ  
20170327,7,니콜라스 홀트 눈빛이 다한 영화. 그거 말고는 여주도 별로고 스토리도 그닥. 하겐역 연기력이 죽여주긴 했음  
20170327,8,관람객기대해서 봐서 그런지 조금은 그랬어요 그래도 나름 재밌엇답니당 ㅎㅎ  
20170327,9,관람객스릴맀는 액션으로 재밌게 보고왔어요!!  
20170327,8,관람객평범한영화에요 시간나심보실정도 ㅎㅎ  
20170327,5,제목좀 바꾸지마라 점 아우토반 마니나와봐야 십분이냐 스토리 개엉성...  
20170327,8,차 액션만큼은 좋았다~  
20170327,9,관람객카메라 잡는 각도가 다른 액션영화랑 다릅니다 잼있어요^^그리고 이쁜 차들이 엄청나와요 ㅎㅎ  
20170327,7,관람객볼만했습니다. 레이싱 씬은 영화가 끝난 후에도 계속 기억이 날 정도로 강렬했습니다.  
20170327,4,멋진차들이 나와서 볼거리는 있습니다만... 거기까지만 말씀드릴게요  
20170327,10,관람객내남자친구는 나를위해 저런 미친짓을 할수있을지 의문이 드는 영화에여 아마 할수없겠죠 헤어져야하나여  
20170326,8,재밌게 봤어요 very good  
20170326,6,"사랑을 기반으로한 액션영화, 뭔가 어설프지 않았나 싶었다. 멋진 차들이 달리는 씬은 좋았다. 배경음악도  "
20170326,8,관람객그냥 볼만한 영화인것같습니다  
20170326,8,관람객액샨 굿! 스토리는 살짝 아쉬운 ㅋ  
20170326,10,스토리를 논할 영화는 아니고 시원시원 차 추격씬과 자동차들 볼거리 그리고 멋진 니콜라스홀트 그걸로 볼만합니다.  
20170326,7,배경은 독일 차는 영국차만 죤나나오네벤츠 Gts타자마자 기름 없음 시박ㅋㅋㅋ  
20170326,1,돈아깝네 ㄹㅇ10자도귀찬  
20170326,8,"관람객스트레스를 모두 날려줄꺼라고 기대를 엄청 많이 하고 가서 그런가 현실성이 좀 떨어지는 스토리에, 주인공이 운도 정말 좋은 것 같다는 생각이 참 많이 들더군요...그래도 덕분에 오랜만에 친구와 개봉영화 봤네요^^;  "
20170326,6,관람객시간때우기 좋네요 평점이 8이라서 기대했더니..  
20170326,8,생각할틈없이 휘몰아 치는 액션의 향연.. 우리나라 영화에서 나오기 힘든 앤딩이 마음에 든다.  
20170325,7,관람객앞부분은 지루함. 중간부터 속도감과 액션이 볼만함. 하지만 중간중간 흐름을 끊는 마약아저씨 뚱딴지같은 대사나 주인공 꿈속 화면이 집중을 방해함. 속도감만 쭈욱 끌고 갔더라면 더 재밌었을텐데 좀 아쉬움이 남는다.  
20170325,2,이런것도 영화라고 만들었나;;;중간중간 너무 답답하고 지루.ㅡㅡ 주인공은 총알을 수천발을 다 피해 ㅋㅋㅋㅋ개그영화냐  
20170325,4,"Run  (No Matter What)  Run, 생각따윈 접고 보기만 하면 된다  "
20170325,10,"관람객니콜라스홀트의 매력이 돋보이는 영화~~ 정말 사랑이 생의 목적인 남자! 정말 좋아요!!! 좋은차들이 즐비하고 액션이면 액션, 로맨스면 로맨스~~~ 케이시의 눈빛과 미소! 계속 생각나요^^  "
20170325,5,관람객살짝 조잡한 느낌이에요 돈주고 보기 아까운 영화입니다  
20170325,8,"관람객편집이 매끄럽지는 않았지만, 멋있는 차들과 시원한 액션들을 볼 수 있어서 좋았습니다.  "
20170325,10,"아우토반을 질주하며 벌어지는 끊임없는 쾌속 카 체이싱과 추격신! 사랑을 위해 못할게 없다! 남여 주연배우의 신선한 캐미가 돋보이고, 명배우 안소니 홉킨스와 벤 킹슬리의 악역 연기대결도 관전포인트! 멋진영상과 가슴을 두들기는 음향은 보너스!  "
20170325,4,관람객그냥 킬링타임용 이요 ㅎㅎ  
20170325,10,관람객내용은 좀 단순하지만 액션이 시원 화끈하네요~애인을 위해  고군분투하는 남주 캐릭도 애틋하고 멋집니다^^  
20170325,7,관람객초중반까지 스릴넘치고 재미있었지만 결말이 허무하네요 좀 아쉬운 영화  
20170325,10,똑똑한사람~ㅋㅋ이대로~어떻게 끝나나  했는데  계획이  있었네요~마무리가멋져젬나게봤어요~강추  
20170325,10,남자친구랑 방금 보고 왔는데 둘다 재밌다고ㅋㅋㅋ홀트 잘생겻다니까 삐져버렸어ㅜㅜㅎ  
20170325,9,케이지 같은 남자 어디 없낭..?  
20170325,10,차를 좋아해서 그런지 차 보는거 만으로도 너무 좋았어요^^  
20170325,10,처음부터 끝까지 박진감 넘치는ㅋㅋ입 벌리고 봤어ㄷㄷ..  
20170325,10,하나하나 따지면 별론데 전체적으로 볼만한 오락영화임ㅋ  
20170325,7,킬링타임용 영화. 여주에게 목숨을 걸만큼의 이유가 있었나? 마치 더 울버린만큼 개연성이 부족하다. 그나저나 니콜라스 홀트가 이렇게 잘생겼었나? 특히 눈빛. 남자가봐도 홀리겠네 ㅋ  
20170325,7,관람객가볍게 볼 만한 영화자동차 볼거리순애보 사랑ㅋ  
20170324,5,관람객액션은 볼만한데 아우토반에서의 차량 액션신이 기대만큼은 아니네요~ 그래도 니콜라스홀트 상반신 살짝 나와서 이 점수예요...  
20170324,6,관람객사랑하는 여인을 위해 모든 것을 걸고 뛰어든 모험!!!  
20170324,8,스피드하고 쫄깃한 액션 정말 좋았습니다  
20170324,10,심장 쫄깃쫄깃 짜릿짜릿~~ 오랜만에 만는 액션 스릴러!  
20170324,10,별로 기대 안했는데 꿀잼  
20170324,9,지고지순한 그의 사랑.. 너무 멋있었습니다  
20170324,10,관람객오랜만에 시원한 액션영화네여 기대를 안했더니 생각보다 잼나게 잘봤습니다~~  
20170324,8,개봉일만 기다리다가 봤는데 기다린 보람이 확실히 있었음ㅋㅋㅋ  
20170324,10,크게 기대는 안했는데 스릴도 있고 깜짝깜짝 놀라면서 봤네여 4D로 보면 장난 아니라던데 4D로 궁금합니다  
20170324,10,화려한 슈퍼카들의 향연! 니콜라스 홀트라서 더 멋짐  
20170324,10,화려한 카체이싱과 주인공의 잘생김으로 보는내내 눈호강 제대로 하고 옴  
20170324,10,독일의 아우토반에서 펼쳐지는 화려한 카액션.. 진짜 넋 놓고 봤네요  
20170324,8,달달하면서 심장 쫄깃하구 완전 내 스타일ㅎㅎㅎ  
20170324,8,ㅋㅋ역시 니콜라스 홀트는 섹시하구 멋있음!  
20170324,10,차 좋아해서 봤는데 스토리도 나름 재밌던뎅ㅋㅋ?  
20170324,10,아우토반 도로 위에서 펼쳐지는 자동차 액션!! 이건 진짜 명장면!!  
20170324,10,재밌긴 했는데 4D로 봤으면 더 재밌었을거 같음ㅜㅜ 아쉽  
20170324,8,관람객액션 별로 안좋아하는데 이건 적당히 액션있어서 괜찮았어요. 자동차 질주씬 장면은 속이 뻥 뚫렸어요.완전 잼있었어요ㅋㅋ  
20170324,8,사랑때문에 모든걸 할 수 있다는ㅎㅎㅎ 멋져요  
20170324,10,화끈하고 시원시원한 액션신에 시간 가는줄 모르고 몰입+_+  
20170324,10,주인공들도 좋았지만 조연으로 나온 벤 킹슬리 완전 인상 깊었음ㅋㅋㅋ  
20170324,9,오랜만에 가볍게 볼 수 있었던 영화~!  
20170324,10,오락영화답게 볼거리와 즐길거리가 풍성!  
20170324,10,명품연기오 ㅏ시원한 자동차 액션은 정말 볼만하다  
20170324,9,자동차. 사랑. 무모함...젊음~~~좋다!  
20170324,8,로맨스와 액션의 조합도 나쁘지 않은듯 설레면서 쫄깃함ㅎㅎ  
20170324,10,처음엔 멜로로 시작하더니 액션에 스릴까지ㄷㄷ 지루할 틈이 없었음  
20170324,9,홀트 액션 영화 굿이다 진짜..  
20170324,10,스피드하고 쫄깃한 액션~~ 정말 재밌었습니당  
20170324,8,진정한 사랑이란 자신의 목숨도 걸 수 있는 것.. 멋지다아..  
20170324,8,차 좋아하면 재밌게 볼 수 있을거 같아요 처음 보는 멋진 차들도 보고 너무 재밌게 즐길 수 있었습니다  
20170324,10,이런건 스토리보단 즐길거리와 볼거리지ㅋ  
20170324,3,"처음으로 시간를 확인하면서 본 영화.그냥 차 훔치고, 도망가고, 잡고, 싸우고.진짜 엥간해서는 영화 재미있게 보는데, 이건 아닙니다.마지막에 살짝 반전이라 3점 줍니다.  "
20170324,7,관람객결말이 너무 허무하다. 여주는 이쁨. 감독이 영국차빠 인듯  
20170324,10,간만에 즐기는 스피드한 영화라서 그런지 푹 빠져서 봤음ㅋㅋㅋ  
20170324,8,배우들의 명품연기와 시원시원한 액션! 끝내줍니다!  
20170324,10,반전도 좋았고 배우들 연기도 좋았고 생각보다 재밌게 봐서 그런지 만족스러워요  
20170324,5,인내심의 한계를 시험하고 싶다면 보시라ㅋㅋㅋㅋ  
20170324,10,시원시원하게 달리니 스트레스가 확 풀림!!  
20170324,9,액션 스릴러지만 사랑의 소중함도 다시금 일깨워 주는 영화였어요 지루함없이 잘보고왔습니다  
20170324,10,기대없이 봤는데 존잼!! 홀트 넘 멋져부러~~  
20170324,10,여름에나왔어도 될법한 영화인듯. 시원시원함!  
20170324,9,눈호강 하고 가요 >.<몰라몰라 배경화면에 살포시…  
20170324,10,"킬링용, 눈호강용, 소장용 ㅋㅋㅋ갖구싶다 이 영화  "
20170324,10,좀비때와는 또다른 이미지여서.. 홀트.. 넘 좋아  
20170324,8,예상외의 반전이 너무많이 숨어있어서 의외라고생각 많이들거임!  
20170324,8,홀트 오늘 제 꿈에 나타나 주세용..  
20170324,10,99분 동안 니콜라스 얼굴만 보고나온 1인.  
20170324,10,주인공 커플에게 큰 도움주는 안소니홉킨스와 벤킹슬링의 연기도 굿뜨 ㅎ  
20170324,9,카체이싱 대박;; 자동차액션 좋아한다면 볼만할듯  
20170324,10,홀트의 눈빛에 내가 빠져버림ㅜㅜㅜ  
20170324,10,"정작 팝콘은 먹지도 못하고 나왔옹,,, 너무 몰입했엉,,,  "
20170324,10,쫓고 쫓기는 숨막히는 액션!  
20170324,7,관람객스토리는 괜찮고 액션은 그냥 그럼  
20170324,1,아니이거뜬지가 언젠데..지금개봉?  
20170324,8,남주 차타고 달리는데 뒤에서 총쏠떄 아저씨 떄려주고싶었움 ㅡㅡ  
20170324,8,중간중간 남주 등근육 완전 섹쉬~_~  
20170324,10,남자친구랑 같이 보러 갔다가 싸우고나왔네여 ㅋㅋㅋ남주존잘  
20170324,9,반전이 계속있어서 더욱 재밌게 본 영화.  
20170324,10,익숙한 얼굴들이 많이나와서 반갑기도하고 재밌엇습니다  
20170324,10,남여주인공만 봤을때는 완전 로미오와 줄리앤 아닙니까ㅠㅠ?  
20170324,10,미친 짓에 뛰어드는 데는 그만한 이유가 있다! 캬~  
20170324,10,짜릿한 질주였어요!! 정말 잘봤습니다!  
20170324,8,나는 응원하면서 영화를 봤소이다... 제발제발거리면서..ㅡㅡ  
20170324,8,"내용이 뻔하긴했지만, 다음이야기가 궁금해지고 같이 걱정하고 마음졸이고ㅋㅋ상상이상이였음  "
20170324,10,초반부터 너무 스피디하게 몰아부쳐서 몰입도 굿!!  
20170324,10,"윽, 심쿵 여러번 당했당 저격 영화인가…  "
20170324,9,안소니홉킨스.. 나이가 드셔도 카리스마는 변함이 없다…  
20170324,10,흥 할거 같아요! 요즘 심심한데 볼거 없으실때 믿고 예매하십숑~  
20170324,10,액션 스릴러 좋아하시는분들은 엄청 보실거 같습니다~  
20170324,10,펠리시티 존스 라는 배우를 처음 알게되었는데 매력있네요 남자주인공도 섹시하고 정말 재밌게 잘 봤습니다!  
20170324,2,관람객오토반오토반반오토반그  
20170324,2,관람객오토반오토반반오토반그  
20170324,9,"액션이 즐거운 영화, 눈이 정말 즐거운 영화  "
20170324,10,결말이 좋게끝나서 나는 행복했다네ㅠㅠ!! 추천합니다  
20170324,10,사랑하는 여자를 위해.. 목숨건 이 남자 넘 멋잇당ㅋㅋㅋ솔직히 니콜라스여서 더 멋있엇쪙  
20170324,10,주인공도 멋있고 반전있는 재밋는 액션 로맨틱 영화에요!  
20170324,8,이 배우의 앞으로 무안한 영화작품들도 기대가 됨.  
20170324,10,완전 쾌감을 불러일으키게 만드는 영화네여ㅠ 너무멋있어  
20170324,10,몰랐는데 매드맥스에 나왔던 니콜라스 홀트였다니 ㅋㅋㅋ아 완전 빠져듭니다  
20170324,10,영화배우들 이거 찍는데 엄청 굴렀을꺼라 생각함…어딜가나 액션씬이나 차구르는씬들은 진짜 배우들 희생 많이할거같음.  
20170324,10,시원시원한 카액션!  정말 재밌게봤습니다~~한국에서도 흥할듯~  
20170324,9,주인공너무 멋있음.액션이랑주인공이랑너무 잘 어울림.  
20170324,10,슈퍼카와 액션 조합 굿굿 재미집니다  
20170324,8,홀트 심쿵심쿵ㅠㅠ 너무멋있어여!!무조건봐야하는영화!!  
20170324,8,역시 너무너무잘생겼네요*^^*샤방샤방  
20170324,10,니콜라스 홀트 눈동자가 너무 빛났어요 한국분들도 많이 좋아하고 즐겨 보실 영화인거 같아효  
20170324,10,"솔직히 액션 그렇게 안좋아하는데 니콜라스보고 믿고 보게되었는데,역시.. 믿고 볼수있어서 감동이였습니다 재밌엇어요!!  "
20170324,9,헉 영화 다보고나서 인터넷에 쳐보니 CG없이 소화했다는.. 이영화 대박이네여  
20170324,10,차의 빠른 스피드와 충돌과 총격등 볼거리도 엄청많았고 액션신이 눈에서 잊혀지지가 않음  
20170324,10,완전 좋아하는 장르입니다!! 강추!!꼭 보세요!  
20170324,3,보지마세요 재미없어요  
20170324,10,여자들끼가서 봐야함ㅋ.ㅋ홀트 너무 잘생겨서ㅋㅋ  
20170324,9,내가 줄리엣이고 싶당ㅠㅠ 남주 장난아니야~  너어~~~~!!  
20170324,10,"저녁에 봤는데, 엄청 만족합니다^^  "
20170324,8,그냥 아무생각 없이 스트레스 풀기 좋다.연인과 보기에도 좋음  
20170324,10,여자들은그냥 어머어머하고 봤을 영화다ㅋ  
20170324,10,킬링타임 짜앙짜앙 짱이다요!!남친이랑같이봤는데 질투엄청하데요ㅋㅋㅋ  
20170324,8,솔직히 기대안하고 남주얼굴땜시 봤는디 의외의 재미ㅋㅋ  
20170324,8,헐..시간가는지 모르고봤네요 재밌어요 일단 남주 잘생겼어요ㅎ0ㅎ  
20170324,8,관람객화끈하고 잼있네요~특히 안소니 홉킨스 매력쩜  
20170324,10,왜 이제야 나온것이야!!얼마나 기다렷다구ㅡㅡ  
20170324,10,남주 너무 섹시해… 완전 팬될거 같음!!  
20170324,9,"아놔,ㅠㅠ 남여 주인공은 완전 로미오와 줄리엣인데ㅠ흑흑그래도 행복한 결말이나와서 다행..  "
20170324,10,홀트홀릭 열풍 올거같아요! 엄청 기대되는 배우 입니다!  
20170324,10,벤 킹슬리 연기 너무 재밌게 잘봤어요ㅋㅋㅋ 중간에 피식 웃기도햇네요!!  
20170324,10,스릴있어요!!! 니콜라스 보면서 눈호강 제대로 했어요 굿굿  
20170324,7,"관람객기대 별로 안 하고 봤는데 재밌었어요!-!우선, 자동차액션이 좋았구요. 사랑과 마약에 대한 내용이다 보니 스토리는 평범한 것 같아요.보면서 주인공이 참 끈질기다는 생각이 들었어요(대단한 놈이에요)ㅋㅋㅋ  "
20170324,1,솔직히 별하나도 아까움..공짜표 생겨서 보러 갔다 온건데 공짜로 봐도 아까운 영화 시간이 아까움.. 진짜 최근에 본영화 중 최악임..  
20170324,7,관람객내용이 넘 평범하고 촬영이 미지근해요  
20170324,10,액션 좋아하시는 분들에게 추천. 차가 많이 나오고 속도감이 많아서 역시나 이런거 좋아하시는 분들에게 추천.  
20170324,10,영화라고 쳐도 어떻게 총알한발 안맞냐  
20170324,2,부제: 돈가방을 갖고 튀어라  
20170324,8,"관람객뻔하지만 그만큼 뚜렷한 스토리, 우직하게 밀고 나가는 힘있는 전개가 좋았다.  "
20170323,8,질주본능을 불러 일으키는 시원한 드라이빙은 정말 멋졌습니다.  
20170323,10,시원시원한 액션 좋아하는분들운 꼭보세요 ㅎ 생각보다 훨꿀잼 진행도 빨라서 좋음 강추 ㅎ  
20170323,10,관람객처음부터 끝까지 박진감 넘치는 카체이싱 씬♡ 입 벌리고 푹 빠져서 봤네요! 음향효과도 넘 좋아서 긴장감을 늦추지 못했어요. 심장 쫄깃쫄깃 짜릿짜릿! 넘 재밌게 봤습니다. 강추!  
20170323,9,관람객홀트 얼굴만 생각남~킬링타임용으로 좋았음  
20170323,10,관람객카 액션 재밌었어요! 니콜라스 홀트도 짱짱!  
20170323,10,영국가면 홀트오빠 볼수있는건가효?  
20170323,10,영화 스케일이 정말 대단한거같아요. 실제로 엄청 많이 다쳤을듯  
20170323,8,너무 집중했나 시간이 너무 빨리 지나갔음…ㅠㅠ  
20170323,10,한국에서도 엄청 흥할거 같아요~  
20170323,9,해피엔딩이여서 모든걸 용서했음 !!!  
20170323,9,남자 여자 모두 재밌게 볼 수 있는 액션 스리러  
20170323,10,눈이 너무 예뻐요. 영화도 재밌고 남주는 멋지고  
20170323,10,봐도봐도 또 보고파요ㅠㅠ  
20170323,10,어바웃어보이에 나왔던… 꼬마가 …. 맙소사..ㅠ 0ㅠ  
20170323,8,나콜라스 한국 여성팬들 엄청 생겨날거 같네ㅋㅋ  
20170323,5,관람객니콜라스 홀트가 살린영화...  
20170323,10,자동차 액션 즐기다 갑니다!!! 다음편 기대해봅니다!  
20170323,10,명배우들 많이 등장해서 좋았음~~ 보는 재미도 쏠쏠하궁  
20170323,10,벤 킹슬리 도 너무너무 오랜만에 나왔네요~  
20170323,9,의자의 움직임이 끝도 없엇다 ㅋ 놀이기구타는줄ㅋㅋㅋ 아잉잼떠  
20170323,10,사랑타령각본 저는 너무너무 좋았어요*^-^*  
20170323,1,아.. 진짜 이렇게까지.. 리뷰 안 쓰는 사람인데.. 개망 폭망!!  네티즌 평점에 낚임;;  
20170323,10,가볍게 카체이싱 액션 즐기실분은 즐감하셔요^^  
20170323,9,홉킨스랑 니콜라스조합이 너무 긴장감있게 시작해서 오랜만에 재밌었어요!  
20170323,10,"로맨스는 조금 아쉬웠으나, 전체적으로 너무 만족하고 봤습니다  "
20170323,10,영화 너무 매력있어요. 끝날거같으면 반전있네요  
20170323,10,홉킨스형 올만에 나와서 잘 보고 갑니다!!  
20170323,8,이 영화 2탄도 기대해도 될런지요??  
20170323,3,니콜라스 홀트 때문에 봤는데 개연성 정말 없네.  
20170323,10,"훈훈한 외모로, 섹시한 몸매 까지 다음 영화도 기대돼네요.  "
20170323,10,4DX로도 한번 보고싶음 ㅠ_ㅠ  
20170323,9,킬링타임 오락영화로 즐기기엔 정말 좋아요~  
20170323,10,"요즘 볼만한 영화 없었는데 , 너무 만족합니다  "
20170323,10,카 체이싱 액션 너무 색다롭고 좋았습니다~~  
20170323,10,"남자 졸 섹쉬해여ㅡ,.ㅡ코퓌 팡팡  "
20170323,9,솔직히 이 영화 여자들을 위한 영화 아니냐.. 홀트 진짜 존멋이더라  
20170323,10,영화 끝나고 나오는데 전부 남주얘기뿐ㅋㅋ  
20170323,10,아무래도 남주때문에 이 영화 대박날거같음  
20170323,10,관람객전체적으로 볼 만해요!  
20170323,9,아우토반 다 보고 나와서 밥먹으면서 아직도 남주 얘기중ㅋㅋㅋ ㅋ  
20170323,10,반전의 반전!! 안다치길 기도햇다는…  
20170323,10,기회는 단 한번이라니까 몰입 더 잘됨ㅋ  
20170323,9,나는 개인적으로 남주보다 여주인공 캐릭터에게 시선을 뺏겼음  
20170323,10,"화려한 카체이싱 액션 이네요, 질주 좋아하시는분들 추천합니다~  "
20170323,8,남자들 이거보고 엄청 달리고 싶었을거다 ㅋㅋ  
20170323,9,뻔한스토리일수는 있으나 볼만합니다! 몰입도 은근 잘돼요!  
20170323,10,홉킨스 역할은 큰역활은 아니였지만 여전히 그의 연기는 최고였음ㅋ  
20170323,9,킬링타임 용으로 안성맞춤!  
20170323,10,안소니 홉킨스의 명연기 너무나 좋았습니다^^  
20170323,10,졸라잼있다 시간가는줄 모르고봤네  
20170323,6,그냥 볼만함 어설픈면 있음 .. 화려한거 같으면서도 뭔가 부족함 느낌  99분 영화라 길지않음 그냥 시간때우기 좋음 영화 남들에게 추천은 못하겠음  
20170323,10,"관람객니콜라스 평소에 넘 좋아해서 개봉하자마자 기다렸다가 봤는데, 기대했던대로 재밌었어요. 스릴도 넘치고 여주도 이뻐요  "
20170323,8,"관람객크게 기대했는데, 기대에는 못 미친듯...스릴은 있었고...보다가  깜짝깜짝 놀라는 장면도 있었고..보면서..역쉬. 주인공은 어떤 상황에서도 살아남는구나...라고 느꼈음.  "
20170323,10,관람객1분 1초 놓칠수가 없네요 굿~♡♡  
20170323,2,기대하면 더 열받아요 예고편이 더 재밌어요 마케팅 잘하네요 관객속이기 왜 아우토반? 자동차 광고영화? 시사회 줄이고 예매권 뿌렸으나 뭐가 다른지... 비추 비추...  
20170323,5,관람객화끈한 액션과 카체이싱을 기대했는데 정작 액션은 별로 없고 사랑싸움에 말싸움만 길게 이어지네!그러는거 아니다!!!  
20170323,8,관람객재밌습니다재밌습니다  
20170323,6,여자들은 그나마 남주 보는맛에 남자들은 그나마 차 보는 맛에 보는데 차에 관심없는 남자들은 진짜 여주얼굴빼고 볼거없음..롯데시네마 교환권있어서 봤는데 돈주고 볼건못됨  
20170323,7,볼만한 영화이긴 한데 광고가 너무 사기라서 큰 기대를 하면 실망을 할 것이다. 아우토반이라는 가제를 짓고 무한질주라고 해서 분노의 질주 같은 레이싱을 기대하게 만들었지만 솔직히 그정도 절대 아니다.그냥 킬링타임정도지 와! 소리나올 정도 단언컨데 없다.  
20170323,7,관람객스릴넘치지만 스토리전개는 미흡  
20170323,2,관람객식상한스토리. 부실한내용. 가짜같은 화면. 덜 매력적인 배우.  왜 만든 걸까요?  불면증 가지신 분들  보시면  단박에  효과 있을 듯.   스피드도...ㅡㅡ;;;;  
20170323,1,무슨 내용이 점점 산으로 가냐...목숨이 왔다갔다 하는 상황이 차에서 잠을 처자지않나...뭔 이런ㅅㅂ  
20170323,10,니콜라스 홀트 존잘...  
20170322,1,평점조절 평점조절 평점조절  
20170322,10,개봉 하자마자 본 보람이 있네요 스토리도 액션도 좋았습니다  
20170322,10,니콜라스 홀트 엄청 잘생김 영화는 그냥저냥 스트레스풀고싶을때 액션보고싶을때 정도에 가볍게 보기 좋은듯  
20170322,9,관람객신나는 클래식 액션..  
20170322,3,홀트혼자 열일하고 예상가능한 반전 알바들 많네요  
20170322,10,평론가들에 대해서 반박을 하기 위해서 나왔습니다!  
20170322,8,여자가 이정도 아름답다면 미친짓 할만하지.  
20170322,7,"관람객초반에 지루했는데, 중간 지나서 부턴 액션 장면이 많아서 잼있게 잘 봤어요.  "
20170322,1,진짜 이걸 보라고 만든건가 싶다..  
20170322,7,관람객킬링 타임용으로 적절한 러닝 타임과 영상을 주는 그런 영화  
20170322,9,로맨틱 스릴러 액션 질주 아드레날린 짱이네요  
20170322,1,다좋은데 여주를 왜 저런애로 했을까..  더 섹시하고 이쁜애들 널렸는덕...  
20170322,8,"초반부가 좀 지루 했지만, 중반을 넘어선 액션과 해피엔딩이  딱~~내 스타일이어서 좋았어요~  "
20170322,8,관람객피고인을 보는거 같았음....  
20170322,1,정신없는 쓰레기 스토리를 볶아놓은 영화.  
20170322,10,4D로 보면 장난 아니라던데 주말에 홀트 보러 가야지ㅋㅋㅋ  
20170322,10,이렇게 달달한 액션영화는 정말 처음이다.. 설레고 쫄깃하고  
20170322,10,시원한 액션들 너무 볼만하더라구요~  
20170322,4,관람객아우토반 질주 외에는 딱히... 그나마 기대했던 수퍼카도 그닥 안 나오네요ㅋ  
20170322,10,친구랑 같이 봤는데 둘다 재밌다구 난리ㅋㅋ 홀트 때문에 더 난리ㅋㅋ  
20170322,10,기대 안하고 봤는데 너무 재밌게 잘 보고 왔습니다  
20170322,3,"본격 개도망 무비 ""니콜라스 홀트의 돈보따리를 들고 튀어라""  "
20170322,10,"지고지순한 사랑, 액티브했던 드라이빙. 즐기기엔 좋아요  "
20170322,10,시원시원하고 화끈하구 보는내내 홀트 때문에 행복했다  
20170322,1,개연성없고 비현실적인 삼류  
20170322,10,올 상반기 최고의 오락영화가 아닐까 싶습니다ㅎㅎ  
20170322,10,화려했던 카체이싱! 볼거리도 배우들의 비쥬얼도 덕분에 눈호강 제대루!  
20170322,10,가볍게 즐기기엔 딱 좋은 액션무비  
20170322,10,긴장감도 있고 달달한 로맨스까지 있으니~ 내가 보기엔 너무 좋았고 재밌었다ㅎㅎ  
20170322,10,카액션은 물론 맨몸 액션까지 소화하는 홀트>.<ㅎ  
20170322,10,남자들이 좋아할 듯 싶네여 ㅋ 슈퍼카들 엄청 나와요 ㅋ  
20170322,10,사랑하는 여자를 위한 한 남자의 미친 사랑  
20170322,1,"매드맥스, 분노의질주는 얼마나 수작인가 깨닫게 해줌  "
20170322,10,니콜라스홀트 미모에 또 한번 빠져버림ㅠㅠㅠ  
20170322,8,관람객무난무난햇던영화였어요  
20170322,10,니콜라스 홀트의 거침없는 질주! 멋졌습니다!  
20170322,10,남자들은 액션과 차에 반하고 여자들은 홀트에 반하는 영화  
20170322,10,홀트팬인데 이번 영화 정말 사랑합니다 bb  
20170322,10,미친듯한 자동차 액션!! 눈이즐겁다  
20170322,10,4D로 보면 진짜 대박일거같아요 자동차 액션 장난 아님  
20170322,10,스토리도 액션신들도 굿굿 오랜만에 마음에 드는 영화 한편!  
20170322,10,진짜 쉴 틈 없이 빠져듬ㅋㅋㅋ 스토리에 홀트에~  
20170322,10,개봉일만 기다렸는데 역시 니콜라스 홀트><  
20170322,7,관람객화려한 카체이싱이 볼 만 하네요  
20170322,10,진짜 무한질주!!! 시간 가는줄 모르고 봄!!  
20170322,10,난 기대하고 봐도 잼나던뎅ㅎㅎ  
20170322,10,개꿀잼ㅜㅜㅜㅜ 홀트야아아 ♥  
20170322,2,기대를 해서 그런지 좀 그랬어용...  
20170322,10,액션영화 안좋아하는데 홀트 때문에 관람ㅋㅋㅋ 근데 로맨스도 첨가되고 잔인한 액션이 아니라서 좋았음  
20170322,1,우리도 하나 만들자. 경부고속도로.  
20170322,10,볼만한 가치가 있음ㅋㅋ 시간 훌쩍 가더라  
20170322,2,해외에서평점1이다ㅋㅋㅋ이게재밌냐?ㅋ와알바들의발악ㅋㅋ 진심대단ㅋㅋㅋ  
20170322,9,홀트.. 후즐근한 옷입고 있는데도 존멋  
20170322,5,"말도 안되는 부분들이 있어서 아쉬웠고, 다른사람들처럼 홀트가 멋있게 나오는건 사실이다. 하지만 스토리가 너무~너~~무 아쉽다.  "
20170322,1,알바들 패버린다 진짜....  
20170322,10,니콜라스 홀트 최고시다  
20170322,10,관람객재미있게 잘 보았습니다  
20170322,10,나도 저런 남자친구 만나고 싶다 ㅋ  
20170322,10,카액션 대박이다 진심 졸잼임;  
20170322,10,생각보다 너무 재밌게 봐서 만족스러워요~ 재밌게 잘보고왔습니다~!  
20170322,10,스릴감 쩔고 달달함 쩔고...ㅜㅜ  
20170322,10,저 파란가방 오지게 잘챙겨댕기네ㅋㅋ  
20170322,9,보는 재미가 쏠쏠ㅋㅋ 시간내내 지루할 틈은 없었음  
20170322,9,간만에 영화보고 눈호강ㅋㅋㅋ  
20170322,10,관람객지고지순한 사랑과 액티브한 드라이빙!!재밌어요~~~  
20170322,10,뭐 나처럼 아무생각없이 보면 잼나다  
20170322,10,안그래도 멋진데 그녀를 위한 무한질주는... 죽여준다ㅠㅠ  
20170322,10,로맨스와 액션의 조합이 이렇게나 좋다니  
20170322,10,오랜만에 보는 액션 스릴러 장르라 그런지 어찌나 재밌던지ㅋㅋ 4D가 장난 아니더라면 주말에 한번 더 볼까 생각중입니다  
20170322,9,관람객오늘 보고 왔는데 즐거웠어요. 달리면서 벌어지는 액션과 훈남 사랑꾼 남자주인공!!! 터질때마다 쾌감도 있고 자칫 다른 액션 사랑 영화와 비교할 수 있는데 나름 오! 오!!! 대단해 라는 소리가 나올정도로 괜찮았어요. ㅎㅎ  
20170322,1,핵...노잼 으아아아  
20170322,10,오 별 기대 안했는데 비쥬얼도 그렇고 볼거리도 많은 영화였음!! 니콜라스홀트? 완전 멋있더라+_+  
20170322,10,이런 액션 스릴러물 너무 좋아요ㅋㅋㅋ 재밌게 잘보고왔습니다  
20170322,1,"너무 속상한 영화네요. 개연성, 스킬, 연출 모든게 다 부족한.... 최고의 재료들로 비빔밥 혹은 섞어찌개 끓인 느낌... 분노의질주의 느낌을 재연하려고 노력했으나 나는 다르다라는걸 억지로 외치는 영화  "
20170322,8,시시한 한국영화보다  재미있어요. 2시간 후딱감...  
20170322,10,관람객홀트 꿀떨어지는 눈빛에 내가 다 설렘...안소니 홉킨스랑 벤킹슬리 조연진도 짱짱하고 연기력은 말할것도 없죠~  
20170322,10,관람객너무너무 재미있게 봤어요 ~^^good  
20170322,10,관람객독일의 쭉 뻗은 아우토반에서 펼쳐지는 화려한 자동차 액션씬은 기대를 저버리지 않았습니다. 덤으로 니콜라스 홀트의 잘생김은 영화를 보는 내내 눈을 즐겁게 하였습니다. 액션 영화라고 말하지만 사실은 로맨틱 영화임은 비밀입니다.  
20170322,8,니톨라스 홀트는 사랑입니다..♥  
20170322,10,기대안했는데 잼나요ㅎㅎ 남자친구도 재밌다구 그러네용ㅎㅎ  
20170322,10,관람객별로 기대안했는데!!!!이 영화 꿀잼이구만!!!  
20170322,10,관람객니콜라스홀트는사랑입니다  
20170322,10,관람객차 보는거 만으로도 좋네여 크  
20170322,9,와 남자 주인공도 액션들도 너무 멋있다....  
20170322,10,관람객#조조 #혼영 #꿀잼 #니콜라스 홀트 #카액션  
20170322,10,관람객니콜라스 홀트 눈빛 진짜 꿀떨어짐. 봄에 걸맞는 로맨스에 시원시원한 액션까지 일석이조 꿀잼! 요새 보기 딱 좋음 ㅋㅋ  
20170322,10,관람객시원한 액션을 보고 그간 스트레스가 다 풀리네욬ㅋㅋ홀트 잘생긴 외모도 한몫합니당  
20170322,10,잼씀 킬링타임지림요ㅋㅋ  
20170322,10,관람객화려한 슈퍼카들의 향연~액션도 멋지고 니콜라스 홀트는 더 멋짐!!  
20170322,10,관람객달달한 액션영화는 처음! 액션이 시원시원하고 니콜라스 홀트 너무 멋짐ㅜㅜ  
20170322,10,관람객전래 화끈하고 홀트 얼굴이 꿀잼 훈훈 *^^* 시간가는줄 모르고 봤네 ㅎㅎ  
20170322,10,와 진짜 액셜쩔 ㅋㅋ 생각없이 즐기기엔 딱인 영화  
20170322,10,액션 영화 좋아하면 무조건 강추!!!  
20170322,10,현실적인 액션신들 덕분에 더 빠져들게 된다는ㅎㅎㅎ  
20170322,9,이렇게 또 홀트에게 빠지게 됩니다  
20170322,10,사랑하는 여자를 위해서 위험한 거래… 니홀라스 홀트 넘 멋있잖아ㅜㅜ  
20170322,10,손에 땀을 쥐게하는 추격전이네요!! 니콜라스 홀트는 더 멋있어진듯ㅋㅋ  
20170322,10,좀비랑 야수여도 멋있었는데 그냥은 더 멋있잖아 진짜 최고다  
20170322,10,남자 주인공 비쥬얼의 끝판왕ㄷㄷ  
20170322,10,아우토반 제목부터 예사롭지 않더니 영화는 더 예사롭지 않네  
20170322,10,액션물 엄청 좋아하는데 멜로까지 첨가 된ㅋㅋㅋ재밌네  
20170322,10,액션과 로맨스~~ 여자들이 봐도 좋을 액션스릴러!  
20170322,5,돈주고 볼만한 영화는 아니다 아우토반이라는 제목에 낚였다  
20170322,8,관람객시원한 카액션 보고 스트레스 풀고왔네요~ㅋ 홀트  나오는 영화 처음 보는데 멋있네요~ 첫눈에 내가 반함-ㅋ 스토리가 조금 아쉽지만 볼만합니다!!  
20170322,10,개봉일만 기다렸다가 봤는데 기다린 보람이 있군  
20170322,9,예고편만 보고 기대했던 영환데 예고편은 아무것도 아니였네요 잘보고왔습니다  
20170322,10,사랑에 목숨 건 남자… 나도 저런 남자 만나고 싶다 정말..  
20170322,10,카액션 정말 죽여주네요 끝까지 푹 빠져서 봤습니다  
20170322,10,걍 딱 내스타일! 비쥬얼도 좋았구 액션신들 보는 재미도 쏠쏠함!  
20170322,9,"남주 존멋 존섹,, 영화도 존잼임  "
20170322,10,기대 안했는데 너무 재밌게 봤어요~ 니콜라스 홀트 오랜만에 보니까 더 멋지네요ㅎㅎ  
20170322,10,액션 스릴러라는 장르답게 시원시원한 액션과 심장 쫄깃한긴장감까지!  
20170322,10,출연진들만 봐도 별 다섯개 10점ㅋㅋㅋ  
20170322,10,킬링타임용 영화로 즐기면서 보기엔 딱이다  
20170322,10,관람객평들이 너무 안좋아서~ 스토리가 약하긴 하지만 가볍게 보기 괜찮은 영화!! 홀트가 너무 멋있음~~ㅠㅠ 너무 안좋은 평 때문에 십점!!! 그렇게 욕할 영화는 아닌거 같은데....  
20170322,10,중반부터 숨 쉴 틈 없이 진행되는 전개.. 멋졌던 영화  
20170322,6,잘나가다가 씬을 뛰어넘네 갑자기 중간이 뻥 뚫린느낌  
20170322,9,배우들과 연출은 진짜 너무 좋았어요  
20170322,10,레이싱 액션 최강이다ㄷㄷ 4D 대박이라던데 한번 더 고고?  
20170322,10,카액션은 최근 본 영화들 중 최고  
20170322,10,로맨스가 들어가서 약간의 유치함도 있지만 추격신이 더해져서 완전 꿀잼이였다  
20170322,10,제목부터 내 스탈이더니 영화 자체는 더 내 스탈ㅋ  
20170322,10,관람객조조로봤는데 아침잠이 확 달아난다  
20170322,10,관람객훠후! 스릴ㅋㅋㅋ 역시 니콜라스홀트 존멋 ㅠㅠ  
20170322,10,간만에 시원시원한 카액션! 좋다!  
20170322,10,오랜만에 홀트 영화봐서 너무 좋았어요 더 멋있어졌네요  
20170322,10,배우들도 그렇고 줄거리도 흥미진진ㅋㅋ 기대한 보람이 있네  
20170322,10,킬링 타임으로 굿 ~~! 니콜라스 홀트 오랜만이네요!  
20170322,1,노오오오오잼  으으..  
20170322,1,시사회에서 봤는데 진짜 같이가자고 한 사람한테 미안해질만큼의 영화 네이버 평점 처음 남겨보는데 이거는 진짜 억지짜임새에 급하게 마무리하는결말 모든 총알은 콩알탄에 진짜 처음에 들뜬 마음으로 보다가 끝까지 만족감이 채워지지않음 왜제목 아우토반임?차몰고끝  
20170322,10,분노의 질주와 비교하면 실망하겠지만그래도  이정도면 볼만한거 아닌가?  
20170322,2,첨으로 댓글 남기네요..재미도 없고 감동도 없고..킬링타임용으로도 아까움 ㅜㅜ  
20170322,3,4D 에서 봤는데도 재미없다.... 아...  
20170322,3,허술하게 질주하는 맥빠진 액션  
