0,1,2
20190129,9,마치 태풍과 태풍의 눈.  
20190115,10,콜린퍼스가 마지막에 입막고 눈물흘리는장면은 명장면이예요 정말..  
20181215,8,맥스 컬린스라는 위대한 편집자와 그와 함께 작업한 당대위대한 작가들을 알수있다는 사실과 뛰어난 배우들의 사실적인 연기가 영화의 가치를 부여한다  
20181201,10,와꾸만으로도 대ㅡ존잼  
20181111,8,인연의 중요함...연기 참 좋네요...우린 나이를 상관하지 않는 친구를언제쯤 갖게 될까....  
20180927,10,간결하고 임팩트있다  
20180925,9,인생을 사색하게 해준 따뜻한 영화. 엔딩부분에서 눈물찔끔 감동적임. 콜린퍼스 주드로 연기합 참좋다.  
20180924,9,"군더더기 없는 진행과 배경연출이 포인트, 몰입도 높음. 남자 특유의 경주마 관점.. 인물에 대한 진행이다 보니 일부분빼곤 잔잔하게 흐르다 잔잔하게 끝난다.  이번 생은 다시 없다... 그러니까 더욱 선량하게 살아야한다.!  "
20180823,10,시적인 영화. 그리고 소설과도 같은 풍부한 연기  
20180809,8,한 작가와 한 편집자를 보면서 인생을 생각하게 된다.  
20180809,8,잔잔쓰~ 20년대 느낌을 온전히는 아니지만 어느정도 느낄수 있었어요. 재즈같았던 톰의 인생 잘 보구가요  
20180726,8,천재를 다듬기위한  천재의 이야기  
20180716,1,재미로 영화보는거면 1점준다  재미없다는말이다 ㅠㅠ  
20180716,10,어느하나 지루한 곳이없고 재미있엇다 천재는 천재를 알아보는 법.  
20180524,1,감동도 없고 재미도 없고.  
20180505,10,"천사여, 고향을 보라...  "
20180408,5,두 배우의 열연. 그것 뿐. 그러나 과연 영화로 굳이 만들어야 할 이유는 없었다. 시를 보고 감동한 표정을 화면에 담을 이유는 없기 때문. 감동은 보는 것이 아니라 내가 느끼는 것이다. 그저 좋은 캐스팅과 시대의 분위기를 만끽하기만 하면 되는 영화.  
20180319,10,캐스팅만 봐도 망할 수가 없는 영화  
20180220,10,우리모두는 찬란한 인생을 살고 있는 거다.  
20180129,9,"마지막 울프의 편지가 압권, 울프와 퍼킨스를 연기한 두 배우들의 연기력도 지니어스였다!  "
20180128,10,지니어스.. 창작자들에게는 어떤 한번 왔다갈수도 있는 천재적인 영감 같은 거라고 했던.. 먹고사랑하고기도하라의 작가말이 떠올랐다 좋아하는 콜린퍼스의 절제미와 주드로의 광기어림이 어울려진 여운이 남는 영화  
20180108,6,울프는 글도 길게쓰고 말도 정말많다 이 영화에 빠져들지 못한 이유가 여러가지가있는데 가장 큰 이유는 울프라는 캐릭터에 전혀 매력을 못느꼈다 주드로에게 맞지않은 옷인지 연기력의 한계인지는 모르겠지만 울프의 대사를 듣다보면 지치고 지루해진다  
20171209,10,두사람의 완벽한 연기가 나를 몰입하게 만든다  
20171207,10,dear 묘.12월 6일의 마음을 늘 간직할거야. 사랑해  
20171206,9,이런 내용을 이렇게 지루할 틈없이 짜임새 있게 각본 쓰고 연출했다는 게 놀랍다. 우리 문학인을 영화로 이렇게 만들 수 있을까하는 의문이 들었다. 무엇보다 각본의 힘이 느껴지는 영화다.  
20171206,10,엔딩 음악이 이 영화를 전체를 한다  
20171204,10,별 기대를 안 한 내가 부끄러워지는 영화  
20171204,4,ㅋㅋㅋ토나오니까 고상한척들 하지마세요. 재미 없습니다. 하여간 있어보이려고 우동만 든 머리속에서 미사여구 쥐어짜서 댓글 달아놓은거 보면 나는 일주일전 먹은 우동사리가 올라온다  
20171204,10,한번도 모자벗은 장면 없다가 마지막에 모자벗고 우는 콜린퍼스  
20171202,7,나를 의미있게 바라봐준 사람들을 지키자.. 가족 애인 친구  
20171202,8,조용하지만 뜨거운 스토리 조용하지만 뜨거웠던 그 사람들  
20171201,8,영화 '위플래쉬' 소설버전. 차이점은 이 둘은 일방적이지 않은 서로 대화를 한다는 것이다.  
20171201,7,왜 천재들은 이토록... 훅!ㅡㅡ;;;  
20171201,10,좋은 영화입니다. 그러해요  
20171130,10,"저스티스리그, 부라더 보다가 이거보니까 숨통이 좀 트인다...  "
20171127,10,음악 연기 너무 좋다마지막 편지 눈물난다  
20171125,9,실존인물들의 이야기라는 것만으로  
20171110,7,결말이 허무하네요. 개인적인 생각이지만 톰이 잘못을 반성한 후에 맥스와 함께 시간을 보내는 장면이라도 넣어주셨으면 좋았을텐데... 결말이 갑작스러워서 당황스럽습니다...ㅠㅠ쨌든 두 사람의 연기력은 좋았어요...  
20171109,9,오랜만에 담백한 영화 한편. 과하지도 부족하지도 않지만 심금을 울린다  
20171016,8,"콜린 퍼스와 주드로, 두 배우가 끌려 본 영화입니다.1920년대 미국의 모습이 생생하게 전달되었고배우들의 연기도 훌륭~  "
20171011,10,"관람객가족, 일, 우정, 건강 등 우리가 지켜야 할 가치들이 조화롭고 균형잡힌 삶에 대해 생각케하는 영화입니다.  "
20171006,10,관람객위대한 개츠비 등 유명한 베스트셀러 책도 중간중간 나오고 해서 신기하고 재미있었어요! 이런 종류 영화를 안좋아하시면 지루하실듯..  
20171003,5,천재의 너무 솔직한 일생  
20171003,9,관람객재밌엇어요~! 남자친구랑 봤는데 둘다 눈물 흘렸던 영화입니다 영화 완성도도 높고 줄거리도 흥미로웠어요  
20170921,9,맥스의 정박 리듬에 토마스의 변주가 빚어낸 앙상블.  
20170831,10,소설책을 읽은 듯한 뒷맛있는 영화네요. 서로 다른 날선 감정들이 고스란히 느껴지는 섬세한 소설책 같았습니다.  
20170827,5,관람객재밌엇어요. 추천해요 ^^~~  
20170825,9,문학적 지식이 있다면 더욱 재미있게 볼 수 있을 영화!  
20170816,9,연기도 잘 하고 충실한 내용에 흥미롭고 볼만한 잘만든 시대극.  
20170806,8,묵묵하게 분위기와 이야기를 이끌어 간다. 뛰어난 연기와 갈색톤의 미장센이 뛰어나다. 잔잔하지만 묵직하다.  
20170708,9,이런영화..이런배우..이런스토리..이런 이런..은..사람들이많이봐야되는 좋은작품으로 남았으면♡  
20170703,8,울프는 성공을 갈구하는 사람이며 가족의 보살핌이 필요했다. 이에 반해 맥스는 스타 작가를 발굴해야 한다는 사명이 있었으면서 동시에 아들이 필요했다. 서로간의 결핍을 채워주려고 했지만 부득이한 갈등이 있었고 이는 미봉책으로 끝났다. 비참한 실화다.  
20170625,9,변종 고릴라와 변종 사육사의 변하지 않는 우정과 삶  
20170616,8,살짝 지루하지만 재미있었고 토마스 안타까움..  
20170609,9,잔잔하고살짝공백이있고지루한·그러나멋있고오래된클래식작품에대한접근·잘드러나지않는평론가의삶을속속들이비춰다뤘다는점에그게작가와도연관을우정이라할만치지으며높은점수·예술작품은개인의기량과그걸잘다음어줄누군가가필요한거같다·  
20170608,6,인생의 길을 열어주는 벗을 만났지만..  
20170607,5,관람객볼거리가 너무 부족하다  
20170606,8,"천재들의 브로맨스, 곁에 있는자들에게는 마약같은 존재 토마스 울프의 강물같은 인생, 피츠제랄드,헤밍웨이 등 당대의 천재문인들과 같이한 맥스, 그곳에 울프가 있다면 우리에겐 이상이 있다  "
20170604,10,영화는 다른 사람들의 인생의가치로움을 경험하게 해주고 지니어스로 멋진 분들의 멋진 인생을 경험하였네요  
20170527,9,"한 편의 시와 노래를 눈에서, 온 몸으로 느끼게 해주었다.  "
20170526,6,재미있게 잘 봤습니다.  
20170525,10,잔잔하면서 재미있었어요  
20170519,1,훌륭한 배우들로 현혹해서 낚였네 드럽게 지루하고 개성없는 졸작  
20170519,9,작가와 편집자의 고뇌가 작품속에서 관객에게 그대로 전달되어서 지루할틈없이 봤습니다. 정말 좋은영화네요. 추천드립니다  
20170512,7,처음엔 어색했지만 그들은 서로를 믿기 시작했다.  
20170512,9,관람객적당히 신나고 예술적인 영화  
20170505,1,관람객계속 이상한 소설만 쓰고 별 내용 없음...  
20170504,9,관람객몰랐던걸 알게됐고 재밌었습니다.  
20170504,8,관람객고수 혹은 장인에게 필요한 자세를 알게해주는 영화  
20170504,6,열정 가득한 두 천재들이 운명적으로 만난 스토리였지만 배우들의 연기도 조금 그렇고(?) 뭔가... 밋밋하면서도 즉흥적인 연극 한 편을 본 것 같은 느낌...  
20170504,1,"관람객단 1분도 재밌지않은, 만든 인간은 그렇다쳐도 무슨 생각으로 수입한거니  "
20170503,7,관람객약간지루했지만 잔잔하게잘봣다  
20170503,9,관람객주드로 연기가 인상깊었고 내용도 좋았어요  
20170503,9,관람객잔잔한 감동이 있는 영화에요.  
20170503,10,관람객니콜키드먼  관록연기 인상깊었어요  
20170503,10,영화를 보고 포스터를 다시 보니 여운이 다시 몰려온다.  
20170502,9,관람객음악과 분위기가 좋았습니다. 천재 작가와 천재 편집자의 연기도 훌륭!! 엄마랑 봤는데 엄마도 좋아하셨어요.ㅎㅎ 상영관이 적은 게 아쉽..  
20170502,8,관람객거슬리는 신 하나 없이 연기는 최고였습니다. 내용도 좋았어요  
20170501,10,"관람객주드로의 광기 어린 글쟁이 연기 쩖. 연출 아름답고 니콜 키드먼의 똘기 연기가 더 무섭고, 더 냉철한 (하지만 따따한) 편집자의 앙상블. 토마스 울프의 소설을 읽고 싶지는 않더라는.  "
20170501,9,"관람객세상이 모르면 천재도 없다,  "
20170501,8,관람객도입부 기차 안에서 천재적 작가를 '발견'한 콜린 퍼스의 미소가 영화의 모든 것을 말해준다. 천재 작가보다 천재 편집자가 더 매력적.  
20170429,10,관람객지니어스 재밌게 잘 봤습니다.  
20170428,10,관람객천재의 양면성을 가장 사실적으로 표현했네요  감동적입니다  
20170427,4,관람객매력 없는 천재 전시하기  
20170427,8,네이버영화에서 시사회 당첨되어서 봤었는데 재밌게 봤어요 재밌는 장면들도 많고 배우들 연기력이라는 것이 폭발하구요 또 보고싶었는데 상영관이 얼마 없어서 아쉬웠어요ㅠ  
20170427,8,보는데 크게 불편함없이 물흐르듯 자연스럽게 이야기하는  영화를 봤다.  
20170426,7,관람객천재소설가와 편집자의 이야기답게 문학적 감수성이 녹아있는 작품이네요. 영화의 마무리는 좀 아쉽네요..어쨌든 좋아하는 배우들이 주연한 작품이고 '문화가 있는 날'에 반값으로 잘 봤습니다 :)  
20170426,8,남자들의 우정. 아비의 서양버전은 울프가 아닐까.  
20170426,10,"마지막 장면에서 퍼킨스가 모자를 벗는데, 묵묵히 자신의 일에 최선을 다하면서 결코 공을 드러내지 않아야 하는 그의 모습을 상징적으로 보여준 것 같았다  "
20170426,10,여운이 남아요. 열심히 더 살아가고 싶어졌어요.  
20170426,9,관람객재밌게 잘봤어요. 막 재밌지는 않지만 좋아요.  
20170426,7,적절한 분위기와 마무리  
20170425,10,올 상반기 최고의 영화ㅜㅜ 천재성보다 지음 관계에서 공감과 감동..  
20170425,8,관람객독립영화인건 몰랐어요. 워낙 유명한 배우들이 출연을해서 잔잔한 감동이 있는 영화였던것 같아 보기 좋았습니다.  
20170424,9,관람객좋았음 몰입해서봤음~  
20170424,3,"주드로는 눈에 띄지 않았고, 두 사람의 우정은 알아보기 힘들었다. 맥스의 캐릭터도 와닿지 않았는데, 이건 콜린 퍼스보단 영화가 문제였던 것 같다.콜린 퍼스가 멋져서 3점. 그거 말고는 볼 거 없음.  "
20170424,9,관람객주드로의 연기 좋았습니다. 나를 알아봐주는 사람에 대하여..  
20170424,9,관람객소설에 대한 열정에 부럽다고 생각했다.  
20170424,9,관람객인생을 편집당했다!!  
20170423,9,관람객작가와  편집자의 중요성에 대해 잘 다뤘다.뛰어난 자에게는 조언도 중요하다.  
20170423,5,"영화가 말하는 바도 불분명하고, 리듬감 역시 형편없다.  "
20170423,8,관람객모름지기 겸손해야 한다  
20170423,9,관람객천재의삶을잔잔히 들여다보기  
20170423,8,관람객관계에 대한 진지한 성찰  
20170423,8,관람객니콜 키드만의 서늘한 눈빛이 참 인상적이었음  
20170423,8,관람객천재와의 조우는 언제나 가슴을 뜨겁게 만든다!!!  
20170423,9,관람객사실적인 것 같다는 느낌  
20170423,7,관람객캐감동 ! 콜린퍼스의 연기가 압권이다  
20170423,8,못난 자격지심으로 그에게 상처주고 있음을다그치는 장면은 현실조언으로 와닿았다. 애인 번스타인부인의 이별선언은 그마저도 사랑이었다.  
20170422,7,"관람객꿈이 있는 사람들에게 울림을 선사한다. 진심으로 재능을 알아봐주는 누군가가 재능 못지않게 절실한 지금, 토마스 울프가 마냥 부럽다. 주드로의 연기도 좋았다.  "
20170422,9,관람객강렬하고 아름다운 두 천재의 만남  
20170422,10,관람객더 이상 무슨말이 필요해  
20170422,10,드디어 봤다....조금 짧은 느낌이었지만 보고나서 기분이 뭉클하고 눈물이 핑~~  
20170422,8,관람객잘봤습니다. 작가와 편집자의 따스한 우정♡  
20170422,9,영화에 빠져들수 밖에 없는 매력적인 연기와 대사들  
20170421,8,관람객호불호가 갈리지만 연기로 커버한다  
20170421,9,관람객과장되지 않으면서 담담하게 두 천재의 이야기를 그려낸 영화.모처럼 아날로그적  감수성에 흠뻑 젖어들었다.콜린 퍼스의 안정된 연기와 주드 로의 열정적인 연기도 역시 실망시키지 않았다  
20170421,10,아 상영관 좀 늘려라 개봉한지 열흘도 안되서 무슨 서울에 상영관이 없어!!!!  
20170421,7,맥스의 모자가 벗겨지는 순간 몰아치는 글의 힘  
20170421,7,관람객담백하고 깊은 말투로 전하는 이야기  
20170420,9,가슴깊이 진한 감정이 스며드는 영화.  글을 좋아하는 사람이 좋아할 영화  
20170419,9,"화려하거나 자극적이지 않지만 흡입력이 강합니다. 책 한 권을 앉은 자리에서 다 읽고 나온 기분입니다. 마음에 와 닿는 대사가 많았는데, 책처럼 다시 읽지 못하고 지나가 아쉬웠네요.  "
20170419,4,"배우들 연기 훌륭합니다. 영상미, 음악, 음향 근사합니다. 하지만 깊이 빠져들게 되는 면이 부족했다는 소감입니다. 이렇게 상영시간이 짧을 수가 없는 영화에요. 영화의 주요 소재 중에 '편집'이 있는데 정말 죄다 편집된 느낌입니다. 마스터가 떠오릅니다.  "
20170419,8,"관람객어렸을 적, 책장 귀퉁이에 꽂혀 있던 '그대 다시는 고향에 가지 못하리'. 세로쓰기에 누렇게 바래 있던 그 책 냄새가 강하게 되살아난다.  "
20170418,10,영화 상영하는곳이 많이 없어 시간내서 보러갔는데좋았습니다~ 되게 잔잔한 느낌일거같아서 러닝타임이긴게 아닐까 걱정했는데 어떻게 지나갔는지 모르겠습니다영화끝나고 나니 뭔가 가슴한켠이 뭉클하네요  
20170418,8,관람객기대 이상의 영화였다. 토머스 울프의 실제 사진과 영화를 대조해 보고 정말 대단한 작가라는 생각이 들었다.  
20170418,9,"관람객서양문학에 대해 어느 정도 아시는 분이 보면 정말 재밌게 볼 영화라고 생각합니다. 하지만 저 같이 문학에 대해 모르는 사람이 보더라도 아주 좋은 영화입니다. 영화 대사 중에 ""온전히 혼자 되어봐야 한다""는 대사가 가장 강렬히 남습니다. 강추합니다!!  "
20170418,9,"문장을 말하는 콜린퍼스와 주드로의 목소리가 좋았다. 조연의 역할도 적재적소였고 실제 인물들 같았다.퍼킨스 부인이 아이들에게 손 흔들라고 한 장면이 인상적이고 편집하는 장면에서 미소가 일었다.맥스, 톰, 서로를 부르는 이름이 단어 중에 가장 좋았다.  "
20170418,5,관람객좀 지루하고 뻔한 영화. 주드로만 보이네  
20170418,7,"개인적으로 좀 신나고 스펙터클한걸 좋아하긴 하는데 ,, 그래도 잔잔하게 흐르는 재즈 음악이 맘에 들었다  "
20170418,9,"주드로의 연기가 좀 아쉬웠습니다. 헤밍웨이, 스콧피츠재럴드를 만나서 참 좋았습니다.  "
20170418,7,Genius....  
20170418,9,관람객토마스 울프라는 작가의 연대기이자 무언가를 너무나 열망하는 한 마리의 새... 영화끝나고 나서도 가슴 한켠이 뜨거웠습니다.  
20170418,10,관람객근래 최고의 영화라 해도 과언이 아닙니다.. 애틋한둘의 우정을 어찌할까요.. 스스로 인생의 열정이 부족함을 반성하게 해준 수작이었습니다..  
20170417,9,"음악,아름다운 글귀,배우의  농후한 연기, 배우의 목소리 이 모든걸로 날 빨아들였다.  "
20170417,9,관람객완성도 높은 책을 만들기까지의 과정을 다룬 수준높은 영화.  책 읽는 재미를 더 해주는 작품이다  
20170417,10,"영화에서 문학을 만나는 것이 꽤 신선하면서도 어색했지만, 지루할 틈도 없이 빽빽하게 다가오는 대사를 읽었다. 처음으로 책처럼 읽히는 영화였다.  "
20170417,9,관람객출판사 편집자와 토마스 울프 작가의 작품에 대한 열정과 조언 환상적 콤비 감동적입니다~  
20170417,8,남은 자에게 깊은 응어리와 슬픔을 남긴채 영원히 떠난 자.  
20170416,10,니콜키드먼 졸라 이쁘다  
20170416,10,"오랜만에 몰입해서 영화 한 편 봤네요^^ 실화를 바탕으로 한 탄탄한 스토리 전개와 그시절 뉴욕을 보는 듯한 영상, 무엇보다도 배우들의 연기에 가슴이 울렸습니다. 주드 로, 콜린퍼스, 니콜 키드먼 등. 좋은 영화 감사합니다!  "
20170416,9,"연기파 배우들을 한데 모아 볼 수 있어 좋았고, 그로인해 그들의 연기들은 자연스러워 몰입하기 좋았습니다.절제된 감정과 폭발하는 감정의 두 남자가 그리는 애틋한 우정도 좋았고. . 유명작가들의 삶을 다시돌아보며 잔잔한 여운이 남는 영화였네요ㅎ  "
20170416,8,"글로  밥 먹을 사람들은 보시고요, 토마스 울프라는 작가 처음으로 알게 되네요. 나는 위대한 개쓰비를 대단한 개쓰비로 번역하면 어울린다도 생각.  "
20170416,10,관람객재밌네요. 실화라 더 와닿았어요  
20170416,3,지루하고 남는것도 없고.  
20170416,6,관람객인생 최고의 영화가 될 것 같다는 기대를 심어준 인트로의 감성이 루즈한 스토리 전개에 묻혀버려 그저 안타까울 뿐.  
20170416,9,실화를 바탕으로 만든 영화라 더 빠져들고 본것같다화려하진 않지만 잔잔한 브로맨스를 느낄수 있는 영화~갑자기 책이 넘 읽고 싶어져서 서점에 들러 책한권 구입함  
20170416,7,"관람객미쳐야 미친다는 사례, 대공황기 뉴욕과 문학계의 풍경. 그런데 그래서? 질문이 나온다. 멋진 이야기인데 마음을 울리지 못하네  "
20170416,10,잔잔하지만 고급스러운 엔틱 가구 같은 영화. 진한 에스프레소를 마시고 봐야 한다. 안개 낀 날이면 더욱 좋고.  
20170416,9,"관람객대사들, 장면들, 얼굴들, 외로운 영혼들을 위한 장황하고 사랑스러운, 친구들.  "
20170416,10,관람객나도 살면서 이런 동반자를 만날 수 있을까상영관이 적은게 아쉬울 뿐  
20170416,10,그냥 볼만했던것같다...  
20170416,8,관람객좋아요 글 쓰고싶은마음이 드네요  
20170415,9,"니콜 키드만 역할의 대사가 특히 와닿았다. 보고나서 기억에 남는 것은,, 재즈, 아버지와 아들이 연상되는 맥스와 울프의 만남부터 헤어짐까지의 과정. 연출이 이 과정을 너무나 부드럽게 잘 살려줬다. 갠적으로, 올해 본 영화 중에 맘에 드는 작품.  "
20170415,9,사랑을 하기에 충분한 나이는 마흔  
20170415,8,관람객토마스 울프의 짧은 인생을 담담하게 그려낸 영화.  
20170415,8,콜린퍼스와 주드로의 브로맨스 그리고 Jazz!  
20170415,1,시사회라  봤는데  너무 재미도 없고 지루했네요 공짜라 망정이지 돈내고 봤으면 짜증났을 것 같아요 시간과 돈을 버리고 싶다면 강추ㅎ  
20170415,8,적막감을 살린영화. 폭풍같은 톰. 그걸 바라보는 맥스. 그 둘의 차이가 크게 와닿았다. 감정을 곧이곧대로 표출하지않는게 낭만이 없는것도 아니고 겁쟁이도 아니다.  
20170415,1,지루하고 밋밋하고 느낌도 없네요..  
20170414,7,관람객잔잔한 영화입니다~~  
20170414,10,편집 잘 한 소설처럼 군더더기 없는 영화  
20170414,7,관람객1920년대 미국배경과 의상 재즈음악등도너무 좋았습니다~~  
20170414,10,후회 없을 만한 진품이었다.  
20170414,10,상영관이ㅜ없다 너무 보고싶은데  
20170414,9,잔잔하지만 여운이 남는..  
20170414,1,진짜 핵노잼....영화볼때 웬만하면 안자는데계속 졸았어요  
20170414,9,토마스 울프의 마지막 편지는 아름다웠다..  
20170414,9,그들의 연기력 마저 지니어스하다.  
20170414,7,자신의 하마샤에 갖힌 천부적 재능  
20170414,10,관람객누군가에게 해의 달로 기억된다는 건 참 아름다운 일이다.  
20170414,7,좋은 배우들의 열연이 특히 매력적이였던 영화!!하지만 후반부에 무언가 더 이야기를 재미있게 해주었으면 어땠을까 하는 점이 아쉬웠다.  
20170414,10,그시대분위기와 배우들의 연기에 빠져들었네요~~음악도 좋고 행복했던 시간이었습니다  
20170414,10,내내 지루할 틈이 없었다  
20170414,8,"1. 매우 몰입감 높음. 딴생각 전혀안남. 2. 잔가지라고 생각되는 씬이 전혀없음. 3. 오버연기도, 부족한연기도 없음. 그 인물 그 자체가 영화전체를 지배함. 4. 영화가 끝나면 당신은 검색을 하게될것.  "
20170414,10,지루할틈이없다. Gorgeous!  
20170414,10,편집자와 작가의 같이 볼 수 있다니! 또 전혀 루즈할 틈을 주지 않는 톰의 대사들까지!  
20170413,9,재밌어요! 영미 고전에 배경지식이 없다면 처음에 점 읭?하지만 점점 흡입력있는 스토리에 빨려들어갑니다  
20170413,10,1930년대 대공황을 겪던 미국의 천재 작가와 천재 편집자의 우정 이야기  
20170413,9,이쯤해서 영화가 끝나면 어떨까 했을때 영화가 끝났고 엔딩크레딧이 올라왔다.  
20170413,9,좋은 영화에요! 많이 보세요~  
20170413,5,오히려 너무 노력해서 망한 영화...뭔가 광장히 감동적이고  의미있는 영화를 만드려한나머지 핵심 메세지를 발달하는 것을 실패함....이것저것 많고 화려하지만 정작 알맹이는 없는 느낌.콜린 퍼스 양복간지 보러 가실 분들만 가세요.  
20170413,9,천재 편집자와 작가와의 만남 기대됩니다.  
20170413,10,보게되어서  좋았어요ㅋ  
20170413,10,재미있어요 놓칠 수 없는 캐스팅이에요  
20170413,9,누구를 만나는 것이 인생을 어떻게 바꿀것인가.  
20170413,9,잔잔한음악 재즈선율이 영화의 여운이 가시지 않네요콜린퍼스의 진중한 매력을 또한번 느낍니다첫날 개봉 첫타임이라 그 큰 영화관 혼자서봤네요  
20170413,9,극적이고 자유로운 천재작가와 최고의 역량과 현명함을 장착한 편집장의 만남은 한 편의 아름다운 시와 같은 문학적인 영화를 만들어내었다.  
20170413,10,올해 본 영화 중에서 최고의 영화연기 연출 작품성 몰입도 최고영화란 이런게 아닐까?삶을 녹여내고 익숙함 속에 새로운카타르시스를 창조해 내는것!!!  
20170413,10,너무 따뜻하고 좋은 영화네요. ㅜㅠ 천재 기인과 친형제 같은 조력자의 우정이 너무 감동적이었습니다. 음악도 참 감미로웠어요. 그 어린 주 예수 눌 자리 없어~~~♡  
20170413,9,모든 예술작품은 장르에 상관없이 예술가 본인과 주변 사람들을 갈아 넣어야 하는 특징이 있는 듯. 그래도 작가와 편집자가 원고를 놓고 주거니 받거니 하는 장면은 몇 안되는 유쾌한 순간.  
20170413,8,"초반에 약간 지루했지만 시대의 분위기가 잘 살아있어서 좋았고, 등장인물들의 감정이 잘 표현되어서 그것을 보는 재미가 쏠쏠했다. 배우들의 연기력은 그냥 먹고 들어가고 그 때문에 몰입이 잘돼서 볼만했다.  "
20170413,1,"캐스팅 믿고 봤다가는 피같은 돈 아깝다고 피눈물 흘릴꺼임, 절대 비추함. 콜린 퍼스, 주드 로, 니콜 키드만 왕팬이지만 이번건 걍  망했음. 망~!!! 끝~!!!  "
20170413,9,개인적으로 지루할 틈이 없었다....  
20170413,10,캬 역시 대박..ㄷㄷㄷ  
20170413,8,"황금 캐스팅~ 역시 베테랑 배우들답게 연기는 굿! 액션, 코믹, 스펙타클함은 없지만 간간히 나오는 음악과 흥이 좋았다  "
