0,1,2
20190129,1,평점안보고 배우들만 믿고봤는데...좋아하는 배우들인데 차마 끝까지 못봤다.. 차마....  
20180824,2,뭔 내용인지 스토리 두서없음  
20180729,10,"조폭 영화, 불륜 드라마에 세뇌된 우매한 두뇌를 가진 민족들이 즐기기에는 다소 어려운 영화.  "
20180722,1,기분안좋아....습하다  
20180709,7,Song to Song  
20180706,1,제대로 싸지른 테렌스맬릭의 똥  
20180616,10,"나이가 들어보니 느꼈던 감정들이 고스란히 들어가 있는 영화에요, 편안하게 볼수 있었어요~ 루니마라 연기는 귀엽네영 ㅎㅎㅎㅎ  "
20180604,1,"와씨 정말 욕하고싶네~ 이게영화냐jQuery224009205804086781288_1528091443892 다큐냐?? 그 무엇도, 아무것도 없는 걍 잔잔히흐르는 강물이나 바라보고오는게 더 나았을듯~!!별1도 아깝다~!  "
20180324,9,태런스 멜릭을 모르고 보면 불평할 수 밖에 없는 영화  
20180322,1,이 영화..뭐여요? 이건 뭐지? 도통 이해가.  
20180311,6,"과거 내가 이 감독의 영화들에 준 평은 하나 같았다. 쓸데 없이 길고, 별게 없다고.  "
20180219,2,집중해서 보다가 욕이 나왔다.  
20180118,1,빵점 주고싶다. 열자 이상적으란다.사랑 마음 끄적이는대로 휘젖는게 사랑이라고웃기시네 1점도아깝다  
20180116,1,이걸 아트라고 만들었겠지.휴지 던지는건 해보고 싶다.  
20180113,5,"자유로운 즉흥연기, 다양한 빛의온도를 느낄수있는 야외촬영, 후시녹음된 무수한독백들, 멀미를유발하는 핸드헬드 등 차별적인부분은 많이보이지만 계속 보고있으면 흥미보단 피로감이 밀려온다. 난해하게 만들기는 쉽다. 자칫잘못하다 난감해져서 문제지...  "
20180111,1,배우들 캐스팅은 갈락티코인데...  
20171225,2,관람객하... 라이언 고슬링 눈빛때문에 별점 한 개라도 준다 진짜.  
20171130,10,좋았습니다. (루니마라 최고)  
20171130,10,"관람객별점10개,아니 백개를 주고싶다  "
20171127,9,이 영화를 집중해서 맨정신으로 본 사람들은 욕할수밖에 없으리라.  테렌스 멜릭 영화의 독특함은 여기에있다. 꿈과 각성의 경계 어디쯤집중과 몽상의 경계 어디쯤... 취기와 저산소증의 경계 어디쯤의 관람객이 되었을때 그때 당신의 영혼을 후벼파리라.  
20171126,8,관람객조금 난해했음 ㅠㅠ 그래도 루니마라 넘 예뻐요 ㅋㅋ  
20171126,1,영화 진짜...별로다. 피해자가 더는 없길  
20171119,2,관람객너무 어이없고 생각했던것과 달라서 짜증가득...예고편 만든 사람은 희대의 사기꾼이라고 생각함...4명의 명배우로 이렇게 난해한 작품을 만드는 게 신기할 따름....ㅋ  
20171112,5,와 내가 중간에 영화를 그만본적이 얼마만인지 모르겠다. 하마터면 쇼파에서 잘뻔했네  
20171031,10,"테렌스 맬릭 영화는 호불호 확실하지 오직 비쥬얼, 비쥬얼, 비쥬얼 ... 영상 미학 하나로 그냥 즐기면 된다.. 치보(촬영감독)와의 조합은 걍 믿고 보면 되는 거임  "
20171021,1,"솔직히 1점도 아따는데 루나마리, 라이언고슬링, 마이클패스밴더를 언제또 한 영화에서 보겠는가?  대사는 다 시같은데 이렇게 스토리, 개연성 없고 자의식만 가득한 자뻑영화는 처음 봄. 진심 돈, 시간 아까움  "
20171018,7,관람객캐스팅 하나는 진짜 화려하다  
20171016,1,평론가 평점이 5점이 최저인것을 이제야 알았네  
20171008,5,관람객겉멋만 부리다 끝난다 주인공 그 누구의 삶도 깊이 고찰되지 않는다  
20171001,9,이해를 위해 만든 영화가 아닌 경험을 위해 만든 영화. 대사 중- “Any experience is better than no experience.” 어떤 경험도 경험하지 않는 것 보다 낫다.  
20170930,10,라이언 고슬링만 봤다  존자르  
20170928,1,아니 영화를..정말 좋아하고 영화보다가 나간다는 생각은 왠만하면 하질않는데 정말 처음으로 나가고싶어 죽는줄알았어요 진짜 뭐있겠지뭐있겠지 하고 봤는데.. 여기평점 다 공감...영화보다 이렇게 짜증난적이 진짜 있나싶어요 후 화나 아직도생각하면 ㅠ  
20170925,6,복잡한 감정의 실타래가 이리저리 엮여 엉망진창이 되어간다. 와이드한 화면에 꽉차는 영상미 만큼은 최고.  
20170918,10,아직 보는중이지만 당시 평점너무낮아서 영화관에서 안본게 후회된다.  이감독 다른작품들이 너무좋아서 기다렸었는데 대사하나하나 생각하게 되고 좋다..  
20170916,2,두시간이 이렇게 긴시간이라니..  
20170912,7,관람객영상미 배우들의 연기 영상을 따라잡기는 힘듬  
20170912,8,말보다 느끼길 원하신다면  
20170910,9,"사랑과 욕망에 관한 영화,  "
20170904,1,처음으로 평점을 쓰게됩니다.제 인생에서 최악의 영화가 될것같습니다.명배우속에 가려진 독같은 영화..ㅇㅏ 두시간이너무 아깝다.. 두통발현영화  
20170904,5,자의식의 미학. (10자 내외)  
20170903,1,배우낭비 시간낭비 돈낭비  
20170901,6,"좋아하는 배우들 잔뜩 나와서 무조건 봐야지 했는데... ㅠㅠ 웬만해선 영화 다 재밌게 보는 편인데, 이건 중간에 포기했네요. ㅎㅎㅎ  "
20170901,5,2시간짜리 패션광고를 보는느낌. 영상이 감각적이고 패셔너블하지만 내용을 따진다면 글쎄. 그냥 배우보며 감탄하는 영화.  
20170831,8,관람객약간은난해한영화라고생각되고연결상에서많은생각을하는령화이다.고군분투의역경을지나고평범한삶으로돌라온주인공들의삶리곧우리들의삶리요결론이아닐까생각한다  
20170831,6,"관람객솔직히 팬심 아니면 못볼꺼같아요, 내용전달 많이 부족하고  좋은 배우들을 쓰고  노래만 좋고  스토리구성은 감독이 아마 조울증이 걸린게 아닐까 싶네요  "
20170830,3,관람객어지럽고 너무 심오한 내용에 지루했다.  
20170830,10,평점조절. 테렌스 멜릭 전작을 보면 심오함이 이해됨.  
20170828,4,관람객음악하는 사람들의 이야기지만 음악이 메인은 아님.보는내내 어렵고 불편했던 영화.  
20170828,4,글쎄...라이언고슬링때문에 일부러 찾아본 영화? ㅋㅋ 첫장면 대사부터 일단 내가생각한 그런 내용의 영화가 아니구나를 깨닫고 깨달은순간부터 끝날때까지 내용을 못깨달음 .. 영상미는 아름답고 트렌디 하나 내용자체는  너무 어려웠습니다 !  
20170827,1,관람객난해하다 이런게 예술인가 싶긴한데 적어도 나한텐 아닌듯하다  
20170826,4,관람객배우와 영상은 이쁘지만 이해하기 너므 어려운 영화...  
20170823,10,"관람객쉽지않지만, 가슴깊은울림을주었습니다.  "
20170822,10,관람객졸라 잼있음 한번 보세요  
20170822,1,배우들 라인업에다가 촬영 엠마누엘 루베즈키라서 더 기대했는데.. 이거뭐임? 의식의 흐름대로만 대사치면 어쩌란건지.. 뭔 얘긴지 하나도 모르겠고 동감 하나도 안가고.. 알아보니 감독이 현장에서 대본없이 다 즉흥연기 시켰다네.. 그래서 이렇게 맥락없는건가  
20170821,7,관람객전체적으로 자유롭고 외로운 감성위에서 아는만큼 보이고 생각데로 보이는 영화  
20170819,1,관람객보는 내내 뭔지 모르겠던.. 새벽에 봐서 그런가  
20170819,1,"진짜 이해해보려 노력했는데 힘들었음. 끝까지 본게 억울해서  도대체 내가 모자라서 이해를 못하는 건지 확인하러 네이버 검색.  1점짜리 의견들이 이렇게 많은 것도 처음인데, 너무나 공감. 10점 주신분들 존경. 전 1점짜리 밖에 안되는 것 같네요  "
20170818,1,영화 보기 전에 평부터 볼걸..  
20170818,7,관람객3번쯤 다시보고싶은 영화  
20170818,1,관람객에휴....인내심 기르고 왔다  
20170817,10,"관람객영화가 끝나지 않기를 바랐어요,  "
20170817,1,두시간짜리 뮤직비디오를 보는 느낌이었다. 음악이 좋다는 말이 아니라 뮤직비디오처럼 의미없는 장면들만 아무생각 없이 쭉 나열하면 이 영화가 된다. 거기에 허세 가득한 독백까지;;; 두시간이 이렇게 긴 영화는 진짜 오랜만이었다. 그리고 음악영화 아닙니다.  
20170816,10,관람객영화의 명장면은 내 옆의 당신이었다.  
20170816,4,배우와 영상미는 인정~ 근데 뭔 소린지 알아먹을 명분이 없다 아닙니까 명분이~  
20170816,10,관람객최고입니다 꼬옥 보세요  
20170816,3,모호하고 알 수 없는 것이 예술이던가  
20170815,1,보는동안 나갈까 말까를 백번 고민한듯....  
20170815,6,"관람객영화는 난해하지만, 영상미는 되게 좋았다.사랑이라는 큰 테마 안에서 얽히고 설키고,송투송이지만 음악영화는 아니다.  "
20170815,1,"투자자 돈 뜯어내고, 관객의 돈을 갈취하는 영화.  영화를 보는 내내 감독이 인생을 어떠한 태도로 살았는지, 돈을 어떻게 생각하는지 나오는데 항상 인생 사는데 돈 대주는 사람이 많았나 보다. 진심... 출연하는 배우까지 미워지게 하는 영화다.  "
20170815,2,호화 캐스팅으로 감독의 자기만족 채우기  
20170814,4,내가 평식이 형에 공감할 줄이야  
20170814,3,배우만믿고보믄어떤결과가나오는지알려준 영화  
20170814,1,최악 그냥 말이 필요없는 최악  
20170814,6,관람객고통스러운 시퀀스들의 연속  
20170814,1,"정말 최악. 완전 최악. 한시간 보다가 더이상 못볼것 같아서 나왓음,,,,  "
20170814,10,관람객완전 새로운 시각의 영화ㅚ고  
20170814,2,트리 오브 라이프 이후 몇년째 아류작만 쏟아낼 거면 감독 계급장 떼라  
20170812,8,영화를 보고 있는 자체가 즐겁던데....감각적인 영화를 좋아한다면 추천함...  
20170812,6,관람객2-30대 감성녀의 취향  
20170811,9,관람객이건 정말 예술영화이다.  
20170811,7,관람객난해한 부분도 있지만 꿈속 같은 영화였다  
20170810,10,인생과 사랑에 대해 진지하게 고민해 볼 수 있었던 시간...틈틈이 나오는 정적인 장면들로부터 내 생각을 꺼내어 볼 수 있어 좋았다.  
20170810,1,관람객너무지루해요 ㅠㅠ 최악입니다  
20170810,9,관람객송투송송투송송투송송  
20170810,1,여자친구 아니였으면 진작에 나왔다. 2시간동안 참고 보느라 힘들었음.  
20170809,1,내 인생 최악의 영화. 주연배우 보고 신나서 개봉하자마자 몇 안되는 상영관 찾아 갔더니만영화보다 중간에 나온 건 처음이에요 초반부터 느낌이 쎄한게 설마 이 느낌이 영화 끝까지 가진않겠지 한다면 정답입니다  
20170809,2,관람객첨부터 이해하려고 애쓰며 봤더니 나오면서 너무 피곤했어요 ...-_-대사 하나하나 너무 심오해서 오히려 기억에 남는게 없었어요  
20170809,10,관람객정말 아름다운 영화 보는내내 즐거웠습니다  
20170809,10,관람객사랑의 자유를 갈망하다  
20170809,1,어떻게든 다 보고 나왔는데 진짜로 머리아팠다ㅠㅠ 내용도 내용이지만 화면이...너무 어지럽다ㅠㅠ 난 라이언고슬링의 해피엔딩을 보고싶었을 뿐...  
20170808,1,관람객심각하게 졸았어요....라이언 고슬링이 보이는데도 졸았어요....왜 송투송이라고 영화 이름을 지었을까....  
20170808,9,관람객대박 영화 꼭 한번 보길 추천합니다  
20170808,1,다들 나와 같은 생각을 했다니 지루해서 뛰쳐 나가고 싶었음...  
20170807,2,관람객영상미는 예쁘지만 너무나 감독을 위한 영화인것같아 보기 힘들었습니다....  
20170807,2,관람객일반 음악 영화라고 생각하고 보면 안된다..  
20170807,1,그냥 고문이었음간첩잡아다가 이거 틀어주고감상문 써오라고 몇번 시키면 다 불듯  
20170807,2,돈 과 시간이 다 아까운 영화..이런 쓰레기 같은 영화는 평생 처음임..철학적이지도 않고..재밋지도 않고..아무런 메세지 전달도 없고..그냥 감독 자기 생각을  지저분하게 나열하고만..  
20170807,2,영화를 안보고 평점을 메기는 사람이 있는거 같다. 예술적 주접이라는 말이 딱인 영화.  
20170807,3,관람객1. 시점이 어지럽다.2. 카메라 워킹이 어지럽다.3. 이미지가 어지럽다.4. 편집이 어지럽다.5. 관계가 어지럽다.6. 음악이 어지럽다.결론: 멀미를 즐긴다면 추천  
20170806,1,관람객정말 왜 상영관이 별로 없는지 알았어요. 너무 심해요 답답해서 뛰쳐나가고싶었음  
20170806,1,일점도 아깝다 한국에 리얼이 ㅇㅆ다면 할리우드엔 송투송이 있음 자다 일어났는데 사람들 반 이상 증발했어요  
20170806,4,알수없는 이미지과잉으로 어지러웠고 멀쩡한 배우들 모아서 뭐하는 짓인가 싶음. 영화보다 중간에 나가는 관객들이 종종 보임. 내 돈이랑 시간 물어줘 ㅜㅜ  
20170806,5,관람객영화의 형식에 대해 재고하게 되네요.  후기를 많이 듣고 관람을  해서인지  아주 나쁘지 않았습니다.  
20170806,1,보다가 남자분 한숨 소리 들리고ㅋㅋㅋ 친구랑 영화관에서 제일 먼저 탈출..  
20170806,2,우리는 이 감독이 더이상 영화를 찍지못하게 수단과 방법을 가리지말아야한다  
20170805,4,관람객프랑스영화같음난해  
20170805,5,"""배우들만 보고 영화관 가면 이렇게 됩니다""의 나쁜 예. 영화는 감독의 예술입니다  "
20170805,10,나만 당할수 없지.  내 생애 이렇게 재밌는  
20170805,9,관람객생각하게 만드는 영화임  
20170805,4,"관람객,,ㅜㅜ잘모르겟어요 이해가안가서  "
20170804,2,관람객음악영화?청소년관람불가?중간에 나가시는분들이 많더군요. 집중하려고 무지 노력했습니다만 여러가지로 모호한영화입니다.  
20170804,10,최근에 본 영화중에 여운이 가장 길고 좋았던 영화네요  
20170804,10,관람객난모르갰다..모르겠엉ㅅ  
20170804,1,최악이다 진심..돈낭비 시간낭비  
20170804,6,관람객라라랜드 그 이상의 무언가를 기대했다면 대번에 실망할..스토리가 멀리 산으로 가버린 듯한 영화..아쉽다!  
20170803,1,감독의 놀이에 놀아난. 희대의 망작  
20170803,1,관람객라이언 고슬링의 팬이지만 이번 영화는 왜 선택했는지 의문이 가는 영화.  
20170803,3,관람객라라랜드를 생각하고 보셨다면 NG  
20170803,8,관람객배우들의 연기가 좋았어요  
20170803,1,자다가 깨서 30분 남기고 다른 사람들 나가길래 보길 포기하고 같이 나간 영화  
20170803,8,"시간의 흐름, 장면들이 뒤섞여 생각의 흐름대로 주절주절 말하는것 같아 혼란스러웠지만 이영화만의 특성이라 생각되어 지루하지 않았어요. 2시간 동안 편안하게 감상했습니다. 영상도 만족스러워요! 좀더 생략된 과정을 풀이해줘도 좋을꺼같아요(이대로도 만족)  "
20170802,10,관람객최고의 영화였더 딘시느르ㅡ르ㅡ란  
20170802,1,아무것도 주기싫다. 한시간도채 보지않고 나왔다. 차라리 잠들려 하였으나 에어컨바람때문에 쉬마려워서 차라리 화장실에 갔다.  
20170802,1,핵노잼 영화평 잘안남기는데 너무 심해서 영화보는 내내 멀미날것 같았다 ㅡㅡ  
20170802,1,나는 라이언을 믿었는데 배신당했다. 노래부르는 사랑영화인 줄 알았는데 제목이 함정이었네. 영화관에서 영화보면서 처음으로 시계를 몇번이나 보고 한숨이 절로 나왔다. 유명한 배우 다 모아놓고 도대체 무슨 말을 하고 싶은건지. 아 시간아깝다.  
20170802,1,관람객혼란스러워 혼자보는 감성영화 택해서 보는 내내 더 혼란스럽게 만들어준 영화. 한가지 고마운건 나올때 웃게되더라는...  
20170802,1,최악 무슨이야기인지모르겠다  
20170802,4,관람객새벽늦게 해서 보다가 자다가 했네요 그래도 나름 잼있게 봤습니다  
20170802,2,관람객내가 이해 할 수 있는 범위를 넘어섰다.  
20170802,1,관람객두시간이 이렇게 긴 줄 첨 알음  
20170802,4,관람객별로다. 기대했던 류 음악영화가 아니라서 완전 실망. 뭣도 없다. 진심 아주 오랜만에 뛰쳐나올뻔..  
20170802,6,관람객내용은 어려운데 영상미는 대박  
20170802,2,둘 다 내가 좋아하는 배우라 엄청난 기대감을 품고 있는데 평이 왜이렇게 안 좋은 것이냐....  
20170802,5,맬릭의 감성은 과잉인듯 싶다  
20170802,7,관람객만약 캐스팅이 이와 같지 않았다면?  
20170801,1,본지 5시간이 지났는데 아직도 멀미가 난다...감독을 이해하자 이해하자하는 심정으로 보다가결국엔 가슴이 미어져 뛰쳐나왔어요...ㅋㅋ  
20170801,5,관람객티저영상 120개 분량  
20170801,5,관람객의식의흐름에 맡긴 영상의 조각조각  
20170801,8,관람객배우들 조합만으로도 대만족합니다!  
20170801,10,마약처럼 중독적인 퇴폐적인 사랑...~~!!  
20170801,1,관람객캐스팅은 좋았지만 내용을 이해할 수 없었음 ㅠㅠ  
20170801,1,믿고 거르는 배우....  
20170801,7,관람객내용이 팩트가 좀 약함 그치만 느낌 하나는 아주 좋았어요~~  
20170801,6,관람객캐스팅으로도 커버가 안되는..  
20170801,1,왜 이러지..나에게 뭘 말하려는거지.... 기분이 꿀꿀해서 좋은 음악나오는 영화같아 기대하고 간 내가 잘못한건가... ㅎㅎㅎ  
20170731,7,관람객대중성과는 거리가 있는 스토리와 연출임에 분명하지만 철학자인 감독답게 사유를 하게 하는 영화입니다  
20170731,2,하고 싶은 이야기가 뭔지....도통...  
20170731,2,배우들 믿고 본 영화를 감독이 통수 친 영화  
20170731,9,개인적으로 좋았네요.하루가 지나 영화를 곱씹게되고 좀 어렵고 그런영화.그래도 결론적으론 다섯커플이 영화 상영중 나가더군요.취향차이 장난없음.  
20170731,9,영화 문법도 깨고 서사도 깨고 관념도 깨고사진을 좋아하고 자유를 좋아한다면단편적이고 거칠고 개연성 없는 이 영화를 좋아할 것  
20170731,1,핵노잼.  사람들 전부 보다 나감  
20170731,8,관람객색감이랑 배우들 비주얼오짐. 마이클 패스밴더 끝에 애잔보스라 좀 찡했음.  
20170731,1,금년도 최악의 영화. 평점 높아준걸 보니 알바가 있다는걸 실감하네요  
20170731,1,"포스터를 보고 영화를 고르는 편이라 개봉전부터 기다림. 영화보면서 이렇게 하품을 여러번 한 것도, 중간에 나온 것도 처음. 다른 사람들이 어떤 영화가 재미없다고하거나 음식점이 별로라고 해도 그건 내가 보고, 내가 먹고 판단하자 주의인데 이건 정말...  "
20170731,7,관람객추한 욕망과 나약함까지도 끌어안는 사랑  
20170731,1,내생에 영화관에서 영화보다가 뛰쳐나가고싶은건 이영화가 처음이였음 정말 역대급영화  
20170731,7,포스터는 해리케인이랑 데헤아인뎅  
20170731,3,명장병 걸린 감독의 의식 과잉 영화.  
20170731,6,난해하다. 부분 부분의 아름다움은 황홀했지만 전체적으로 보면 뭔가 연결하기힘든 그런?  
20170731,1,1점이 최저라 준다...사실 1점도 주기 싫지만 후기를 남겨 더이상의 희생자는 막고 싶다. 요즘 시간이 빨리간다고 느꼈는데 이 영화는 내생에 가장 긴 1시간을 선물해줬다. 1시간 후에 뛰쳐나오고 싶을 만큼.  
20170731,10,배우만 봐도 믿음이가는...  
20170730,1,뭔내용인지 1도 모르겠음ㅋ 완전 이해안감  
20170730,8,관람객방황하던 청춘이 사랑에 정착하는 이야기.짠하다  
20170730,1,나 참 살다살다 이런 영화는 또 처음이네..하하하  
20170730,1,평점에 0점은없나찾게된영화 시작부터끝까지 다이상한영화 뭘말하려는지이해할수없고영상미만 아름다우면된다는감독의 마음이느껴졌다. 참고참고보다가 저여자주인공너무싫어 영화보다가시간이멈춘기분이이거구나남친도 느꼈나보다 나갈까?라고하자마자 신이구조해준기분으로 나갔다.  
20170730,7,진짜 인생과 사랑엔 정답이 없는거 같다..ㅜ ㅜ  
20170730,8,인생을 살아가는데 삶의 가치와 사랑의 소중함을 깨달아 가는 영화로 한번쯤은 봐도 좋을 영화  
20170730,9,마지막 30분부터 그 진가가 드러나여!! 꼭 끝까지 다 보시길 바랍니다!  
20170730,7,그들만의 독백을 듣다 보면 어느새 나도 나만의 세계로 빠져들게 되더라는…  
20170730,10,좋아요!! 기회되면 한번 더 보고 싶습니다ㅎㅎ!  
20170730,8,아름다운 배우들과 아름다운 음악에 푹 빠졌던 시간  
20170730,8,그저 그런 사랑 음악 영화가 아니다… 이건 꼭 보고 느껴야 된다  
20170730,10,호불호가 많이 갈리는거 같아 걱정했는데 괜한 걱정이였네요 인상 깊게 잘보고 왔어요!  
20170730,10,인상적이었던 사랑과 음악에 대한 삶의 이야기!!  
20170730,8,일반적이진 않아도 연기와 영상은 정말 너무 좋았습니다  
20170730,10,실존 인물과 대본없이 그 인물이 된 연기자들에게 큰 박수를  
20170730,9,마치 다큐멘터리를 보는 느낌이였어요 신선하고 좋았어요ㅎㅎ  
20170730,7,라이언 고슬링 때문에 봤는데 역시 멋지심..!  
20170730,8,원스나 비긴어게인을 생각한다면 실망할 수도 있을거 같네요 그래도 영화 곳곳에 나오는 음악만으로도 충분히 훌륭했던 음악 영화라고 생각합니다  
20170730,10,난해하긴 했지만 예술적인 영상미며 각자 다른 삶과 사랑을 바라 보는 시선들까지 현실적으로 다가오는게 좋았다  
20170730,10,모호한 독백들과 아름답던 영상들까지 저는 좋았습니다^^  
20170730,10,"감독님의 예술적 표현에 감탄을,,  "
20170730,10,오랜만에 좋은 영화로 좋은 시간 보내고 왔습니다  
20170730,10,아름다운 미쟝센과 다소 난해했던 나레이션은 존재의 자유를 간절히 갈구하는 듯 했다 한번쯤은 보고 생각해 볼만한 영화인듯  
20170730,8,그런게 바로 예술영화지요..~!  
20170730,10,나는 매우좋았고 정말 좋은 영화였다. 덕분에 에티켓에 대해서도 정말 많은 생각이 들게 되었다.돈을 내고 보기에 재미가 없음을 다른사람에게 피해를 줘도 괜찮을 것으로 착각하는것같다.  
20170730,6,편집이 복잡하여 이야기가 어떻게 전개되는건지 이해가 안됬습니다. 송 투 송 이라는 제목과 달리 노래나 음악의 비중이 적었습니다. 사랑에 대한 감정들도 잘 이해가 안되네요. 배우들은 좋지만 일반적으로 보기엔 어려운 영화란 생각이듭니다.  
20170730,8,음악을 하는 아티스트들의 내적갈등과 사랑을 다룬 영화 구성방식에 있어서 혼란이 왔지만 예술을 하기 때문에 내용이 이해가가고 공감이가요 특히 예술과 광기의 절묘한 표현은 너무 좋았습니다.  
20170730,7,영상과 노래는 정말 좋았어용ㅋㅋㅋ  
20170730,8,음악에 대한 영화답게 오에스티가 넘나 좋았음ㅠㅠㅠ  
20170730,9,내겐 너무 어려운 영화였지만 다시 한번 보고 싶기는 하다ㅎㅎ  
20170730,1,"보다가 속 울렁거리고 어지러워서 나왔는데, 평에 비슷한 이야기가 많네요. 카메라 촬영을 90년대 뮤직뱅크 찍듯 찍어서 그런듯 싶어요. 감독이든 시나리오 작가든 공감능력 떨어지는 사람이 사랑얘기 만든듯. 클로져 같은 영화인갑다 싶었는데 nope!!  "
20170730,10,인물들의 감정선을 잘 따라가다 보니 느낌이 다르더라구요 저는 너무 좋게 보고 왔어요^^  
20170730,8,루니 마라는 역시 이쁘더랑ㅠㅠ 이번에도 루니 마라에 푹 빠져서 봄!  
20170730,10,사랑 다음 사랑 그리고 다시 사랑…  
20170730,1,영화관에서 보다가 다섯명이 나가고우리는 끝나기 삼십분 전에 나왔다....음악은 어디서 나와 개뿔  
20170730,9,다큐멘터리 같달까?? 연출법이 색달라서 그런지 독특하게 느껴졌고 삶과 사랑에 대해 현실적이게 잘 보여준 점이 너무 좋았다  
20170730,9,조금 어렵지만 의미있는 영화였습니다!  
20170730,10,아니 이거 개봉한 거 맞아요? 도대체 상영관을 찾을 수가 없네 아 짜증나 옥자 안 틀고 보기싫은 군함도는 큰 관 다 잡고 돌려가며 틀어주고 송투송은 심지어 개봉한 지 얼마 되지도 않았는데 상영관을 1도 찾을 수 없음  
20170730,9,솔직히 출연진들과 영상만 봐도 좋음  
20170730,10,사랑에 대해 다시 한번 고민해 보게 되는 계기가 되었습니다  
20170730,9,배우들만으로도 한번쯤은 볼만하네여ㅋㅋ 어디가서 저런 조합을 보겠어영  
20170730,7,마이클 패스벤더 너무 멋지다아..  
20170730,7,What a life and love (영화 좋습니다)  
20170730,8,어렵긴 하지만 좋아하는 배우들이 나와서 그런지 지루함 없이 볼 수 있었음  
20170730,8,와 케이트 블란쳇까지 나오다니; 진짜 캐스팅 미쳤어  
20170730,10,예술적이고 감각적인 영화란 이런것!  
20170730,9,이런 스타일의 영화를 좋아한다면 재밌게 볼 수 있을실거랍니당  
20170730,7,난해하긴 하지만 영화를 좋아하는 분들은 충분히 좋아할만 하네요  
20170730,8,음악과 영상의 묘한 조화..^^  
20170730,9,내가 생각하던거랑은 달랐지만 그래도 독특하니 볼만한듯ㅎㅎ  
20170730,10,한번쯤은 보는걸 추천하고 싶어요 보고 나면 많은걸 생각하고 많은걸 느끼게 되실거에요  
20170730,10,사랑과 음악을 소재로한 인생 영화  
20170730,1,보는내내 나가고싶어서 죽는줄알았어요 화면도 어지럽고 뭔얘기하는지 이해가안감;  
20170730,9,진짜 호불호가 확실히 갈릴거 같긴 함ㅋ 그래도 난 재밌게 봄  
20170730,10,기존의 멜로 영화랑은 차원이 다르네요 쉽게 잊혀지지 않을거 같아요  
20170730,8,역대급 캐스팅 아닌가?ㅋㅋㅋ 배우들만 봐도 충분히 영화값 하는듯  
20170730,8,남녀의 사랑 이야기를 아름답게 표현한 작품  
20170730,9,루니 마라에 심하게 감정이입하고 봄.. 눈물 펑펑..  
20170730,10,배우들의 자연스런 연기에 나도 모르게 푹 빠져 버렸음ㅎㅎ  
20170730,10,사랑에 대한 재해석..! 너무 좋았어요!  
20170730,10,완벽했던 조합이다 진짜ㅋㅋㅋ 라이언 고슬링 존멋  
20170730,1,"개연성도 없고, 배우들이 아깝다.--;;올해 최악의영화였음  "
20170730,10,관람객스토리라기보다는 순간순간 의식의 흐름을 보여주는 영화  
20170730,1,"노아 이후 최악의 영화 , 영화관에서 뛰쳐나가고 싶었다  "
20170730,1,관람객영화를 보는 내내 내가 멍청한걸까 영화가 이상한걸까 왜 이영화는 스토리가 전혀 이해가 안될까 하는 고뇌에 빠졌다. 캐스팅에 속지 마세요. 음악영화 아님..  
20170730,10,정말 최고의 영화입니다  놓치면 후회합니다 당장 예매하세요  
20170730,1,영화보다가 토나올뻔했다  
20170730,2,화려한 영상과 암시가 가득한 영화는 보는 내내 머리를 복잡하게 만들고 연결성이 없는 내용으로 인해 몰입도가 떨어짐. 불편했던 영화  
20170730,1,99퍼센트가 저질이라고 느끼면 그 영화는 그냥 저질인 것이다. 담당 배급사에서만 10점을 매겨 대는듯.  
20170729,1,베스트평점은 분명 안본사람일듯...  
20170729,10,작품성. 연기. 카메라각도 어느 하나 빠짐없이 좋았다. 상영시간이 왜이렇게 조금밖에 없는지 모르겠다. 1시간 정도 지나면 깨우친다.  
20170729,3,기대를 너무 많이 했나보다...  
20170729,4,관람객음악 영화를 생각했다면 집으로 돌아가라!  
20170729,3,확고한 자아가 없으면 저렇게 루니마라처럼 휘둘리다 갈 수도 있겠다싶었다. 돈에 찌든 피폐한 삶을 간접경험한 듯  
20170729,10,관람객나한테는 좋은 영화였으니 별점10점잔잔하고 예술적이고 좋았다  
20170729,10,where is the song?  
20170729,8,어려운 영화이긴 하지만 신선한 영화임은 분명함  
20170729,10,사랑과 음악은 언제나 좋구나  
20170729,7,인생을 살아 가는데 중요한 삶과 사랑에 대해 깨닫게 해준다  
20170729,8,남녀의 사랑 이야기를 현실적이게 아름답게 잘 표현한 작품  
20170729,10,마음의 위안을 받고 왔네요 너무 인상 깊게 보고 왔어요  
20170729,9,보는 내내 몰입할 수밖에 없다  
20170729,8,이해한다면 좋은 영화될 것 같네여!  
20170729,10,"쾌락보다는 자유, 물질보다는 단순함과 사랑이라는 철학을 제시하는 감독님의 멋진 발상  "
20170729,10,어렵긴 했지만 생각해볼만한 스토리였다 영상도 예뻤고^^  
20170729,10,송 투 송 정말 잘보고왔습니다 근데 이런 스타일 싫어 하시면.. 지루하실거 같습니다  
20170729,7,출연진들만 봐도 배부르더랑ㅎ  
20170729,8,주옥같은 대사들이 어찌나 많던지 영상미까지 죽여줌!  
20170729,10,인생과 사랑에는 정답은 없는거 같다..  
20170729,7,사랑에 대한 여러 감정을 알 수 있었던  
20170729,9,감각적인 화명 구성에 푹 빠져 버릴 수 밖에 없었던.. 영상도 너무 좋았음ㅎㅎ  
20170729,9,삶의 가치와 사랑의 소중함을 깨달아가는 영화!  
20170729,1,두시간 내내 인내심에 한계를 느낌  
20170729,10,아름다운 여주들과 멋진 남주들ㅋ  
20170729,10,환희와 고통의 사랑 노래  
20170729,10,나이트 오브 컵스랑 비슷하다고 생각했는데 찾아 보니까 같은 감독님이였어ㄷㄷ  
20170729,9,회상과 감정의 독백을 섞어 논… 나름 볼만했음  
20170729,8,노래에서 사랑으로 사랑에서 삶으로  
20170729,10,처음에는 뭐지? 했었는데 보다 보니 나도 모르게 푹 빠져 있더라는ㅎ  
20170729,8,배우들만 봐도 티켓값은 벌은 듯ㅋㅋㅋ 이 조합을 또 어디가서 보겠어  
20170729,8,어렵지만 영화를 이해했다면 굉장히 좋은 영화가 될 수 있을 것  
20170729,10,아름다운 영상들과 모로한 독배들 저는 정말 좋았어요  
20170729,8,그럼에도 불구하고.. 사랑…  
20170729,9,팔색조 매력의 루니마라!! 보는내내 루니마라에서 푹 빠져서 봤다  
20170729,10,호불호가 확실히 갈리길래 걱정했는데 괜한 걱정을 했네여ㅋㅋ 저는 되게 좋게 봤어여  
20170729,10,이런게 바로 예술 영화가 아닐까 싶어요~  
20170729,1,올해 본 영화중 최악이다  
20170729,10,약간의 아쉬움도 있지만 그래도 좋았습니다ㅎㅎ  
20170729,9,배우들 감정에 따라가며 보게되는..  
20170729,10,단순한 음악 영화를 뛰어 넘음. 음악이 삶에 녹아있다고 해야할까?! 반복된 삶을 살아가지만 꾸준히 변화하는 우리 모습을 보여준다  
20170729,10,영상미 정말 좋아요 ㅎㅎ 루니 마라 정말 예쁘네요 ㅎㅎ  
20170729,10,"사랑을 이해하는 여러가 관점, 사랑과 신뢰에 대한 이야기가 가장 마음에 든다.  "
20170729,9,감독님의 표현방법이 굉장히 독특하네요. 단순한 음악 멜로 영화가 아니라 삶과 사랑에 대한 이야기였던 것 같아요  
20170729,8,다양한 시선에서 보여주는 사랑의 의미. 배우들의 연기 덕분에 더 잊을 수 없는 시간이 된 것 같다  
20170729,10,아름다운 영상미와 주옥같은 대사들.  
20170729,8,삶의 가치과 사랑으로 인한 인간의 감정을 깨달아 가는 영화  
20170729,8,워낙에 감독님 전작들도 좋아했기 때문에 이번 영화도 마음에 들었습니다.  
20170729,10,인간의 다양한 내면을 보여주는 것 같아 마음에 들었던 영화입니다  
20170729,10,테렌스 멜릭 감독의 스타일 그대로. 날것의 느낌. 테렌스 멜릭 감독은 각본과 멘트를 최소한으로 둡니다. 촬영시 상황 설명과 어떤 느낌으로 촬영할지만 배우들에게 전달하고 촬영을 합니다. 지금 보신 이 영화는 그렇게 만들어졌고 상영 되었습니다.  
20170729,8,눈호강 지대로 햇네염. 특히 라이언고슬링이랑 루니마라 둘의 캐미 진짜..ㅎㅎ 내가 다 설레더라구요 ㅎㅎ  
20170729,9,개성넘치는 영화 기존멜로 영화의 상식을 깨버린다  
20170729,10,예상했던 시나리오와 달라서 쫌 당황했지만 금방 적응 ㅋㅋ 라이언 고슬링은 여전히 머시쩌>.<  
20170729,10,보면서 내가 두근두근ㅋㅋㅋ라이언고슬링은 이런 역할 참 잘어울령 ㅋ  
20170729,10,한번쯤은 더 보고 싶은 영화입니다  
20170729,8,패시와 라이언을 한곳에서 볼 수 있었다는 것만으로도 햄보캄ㅠㅠ♥  
20170729,8,호불호가 극격히 나뉘는 영화일 것 같네요 ㅋㅋ 나름 볼만 했는데 ㅋㅋ  
20170729,10,"쉽지만은 않은 영화였어요, 그래도 음악과 배경이 넘 좋아서 눈을 떼지 못하고 봤습니다^^  "
20170729,8,영상미만으로도 만점 줄란다~~  
20170729,8,"감각적인 영상미와 최고의 배우들의 연기, 흥미로운 스토리까지, 엄지척!  "
20170729,10,혹평치고는 꽤나 만족스러웠던 영화!! 몽환적인 느낌의 영화랄까?  
20170729,8,내 인생은 나 혼자 개척해나가는것.  
20170729,9,사랑은 성공과 권력만으로 모두 쟁취할 수 없음을..  
20170729,10,이상하다고 욕하는 사람들은 그냥 딱 그정도인걸로.. 감독마다 영화스타일이 다르고 표현하고자 하는 방식이 다르기 때문에 그 사람을 얼마나 이해하느냐에 따라 영화를 보는 관점도 달라진다  
20170729,10,일반인들은 접근하기 어려울수도? 하지만 이 감독의 스타일을 아는 사람들이라면 충분히 이해하며 볼 수 있다  
20170729,10,"영상과 함께 어우러지는 음악, 그리고 배우들의 연기가 돋보였습니다.  "
20170729,9,다소 난해하고 불친절한 스토리라고 볼 수 있겠지만 오히려 더 자연스럽고 현실적이었다는 생각.  
20170729,10,어마어마한 배우들을 보는 것만으로도 만족스럽다  
20170729,9,나레이션 부분이 굉장히 마음에 들어요 :)  
20170729,10,감독의 독특한 발상과 배우들의 독백이 잘 어우러졌던 영화.  
20170729,10,느낌있다 이 영화....  
20170729,8,대사없이 오로지 배우들이 즉흥으로 연기한거라고 들었는데 정말 색달랐던거 같아요!  
20170729,10,갠적으로  취저 영화ㅎㅎㅎ 재밌게 잘 보고  왔어욧!  
20170729,10,이런영화 너무 좋아요~~ 영상미도 너무 예쁘고 스토리도 흥미로워요!  
20170729,1,인스타감성 .... 포스터에.홀딱 속음  
20170729,7,관람객처음부터끝까지의식의흐름대로  
20170729,9,난해하다는 사람들은 한번 더 보고오길..  
20170729,9,bv와 페이가 사랑에 빠지는 순간부터 몰입되기 시작했다..  
20170729,10,사실 사랑은 욕망과 육체적 갈등으로 빚어지는 일 아닌가? 사람들은 영화속에선 순수한 사랑만을 찾는듯 하다..  
20170729,10,색다른 로맨스 영화ㅎㅎㅎ 한번쯤은 봐도 나쁘지 않을듯  
20170729,1,관람객정신병자가 만든 정신병자 영화. 상영도중 사람들 나감. 이런 영화 처음봄. 완전 속음. 카메라 앵글도 짜증나게 함.이영화 절대 보지 말석. 수입엊=ㅂ자도 정신병자 같음 이런걸 수입하다니..  
20170729,9,방황하는 생활 속에서 진정성있는 삶과 사랑을 찾기까지의 여정  
20170729,1,이게무슨음악영화냐 이정도 배우갖고 이케밖에 못만드냐. 최악. 중간에 나옴.  
20170729,10,심오한 영화긴 했지만 내가 좋아하는 배우들이 많이 나와서 좋았고 연기력까지 돋보여서 더더 좋았당  
20170729,10,"감동과 유머, 사랑과 형제애, 가족애와 조국애, 감정의 짬뽕탕이 점령한 영화계에서 이 정도가 감정과잉? 로맨스 영화에서 감정은 괜찮은데 감정의 인식은 안 되고, making love와 fucking 모호함은 불편한가. 이 영화는 최소한 명확하다.  "
20170729,1,보다가 나옴.  머리아픔  
20170729,4,왠만하면 영화를 재미있게 보는데 이 영화는 무슨내용인건지 도통 알수가 없었던..도중에 나가야하나 싶었지만 도대체 어떤내용인지 궁금해서 끝까지 앉아있었지만 알수없었음 ㅠㅠ다른분들도 끝나니까 뒤에서 뭐라고 하던데 배우분들 얼굴만 보고온 영화이네요  
20170729,10,여친이랑 처음으로 본 영화. 시작부터 내내 인생의 선택에 대해 많은 생각을 하는 시간이었고 여친과 영화관을 나오는 순간이 그렇게 행복할수 없었다. 클레멘타인 이후 최고의 영화.  
20170729,6,관람객영상미는 이뻤던거 같아요!배우들 보는 맛에 보았어요  
20170729,9,"플립,내사랑보다 송투송이 더 와닿고 좋았네요^^상영관이 좀 안타깝지만,시간여유되면 한번 더 관람하고픈...  "
20170729,8,"관람객어려운 영화. 현실적인 사랑, 삶의 이야기인듯한데 나에겐 어려운 예술영화. 배우들은 매우 매력적임. 특히 라이언 고슬링!  "
20170729,1,"이런영환지 몰랐다... 송투송이길래 라라랜드,비긴어게인 같은 음악영환줄 알았는데 중2병에 진짜 정신병자 영화다. 10점 준 사람들은 마이드컨트롤 한건지 진짜 재밌던건지 너도 당해봐라인지 어떻게 보면 이게 재밌는건지 진짜 미스테리다...  "
20170729,6,관람객음.. 많이 기대한탓인지 난해했음  
20170729,1,왜 만든걸까 이영화? 평점 10점을 이해할수가 없네~~마이너스 점수 주고싶다 진심  
20170729,9,이런게 바로 예술 영화지  
20170729,10,개봉전부터 보고싶어서 옆 동네까지 가서 보고 왔는데 보람있네여ㅋㅋㅋ  
20170729,9,라이언 고슬링 나온다길래 믿고 봤는데 역시 믿고 보는 배우..! 송투송 영화 너무 재밌게 봤어요!  
20170729,8,패스밴더 넘 멋있고 루니 마라 넘 예쁘고ㅠㅠ  
20170729,10,음악과 사랑의 만남은 언제나 옳다  
20170729,8,끊임 없는 방황하는 청춘들  
20170729,8,네 배우가 주인공인거만으로도 넘나 보기 좋았어용ㅎ  
20170729,10,사랑을 하고 헤어지고 또 사랑을 하고…  
20170729,8,다 좋았지만 영상미가 아주 그냥ㅎㅎㅎ  
20170729,9,사랑에 대해 진지하게 받아 들여 지네요… 쉽게 잊혀지지 않을거 같습니다  
20170729,10,대본 없이 찍은 영화라고 들었는데 라이언 고슬링 대사들 넘 달달…  
20170729,10,내 기준에서는 꼭 봐야 할 영화라고 생각함  
20170729,10,"시덥잖은영화같은 사랑이야기가아닌, 우리의 삶에 현실에 존재하는 사랑 인생 모든걸 담았다..  "
20170729,9,진짜 역대급 캐스팅ㅋㅋㅋ 루니 마라는 매력덩어리  
20170729,1,관람객개연성도없고 아무것도 업고..  
20170729,7,좀 어렵긴 하지만 이 영화를 이해했다면 쉽게 잊을 수 없다  
20170729,9,로맨스 영화를 이렇게 인상 깊게 본건 또 첨이네ㅋㅋ  
20170729,9,솔직히 테렌스 맬릭 감독님을 생각해 보면 송 투 송은 엄청난 대중 영화다 ㅋㅋ  
20170729,8,역대급 배우들이 모여서 그런지 눈호강 하나는 제대로 하게 되더라구용ㅋ  
20170728,5,관람객이 감독의 영화는 항상 난해하다  
20170728,10,역시 믿고 보는 배우들ㅋㅋ 배우들의 연기만 봐도 충분한 영화임  
20170728,10,루니마라랑 라이언고슬링 케미 개 쩜ㅠㅠ 보는 내가 다 설레고 슬픔ㅠ  
20170728,9,"송 투 송이라는 영화가 느끼게 해주는 감성은 너무 좋다 정말,,  "
20170728,10,이 조합을 또 어디가서 보겠냐ㅋㅋㅋ  
20170728,9,난 재밌던뎅ㅋㅋㅋ신선해뜸ㅋㅋ  
20170728,8,장면 하나 하나가 다 아릅답더라  
20170728,5,영상미 뛰어나고 유명 배우는 보는 재미뿐. 너무 많은 얘기를 많은 인물을 통해서 하려다보니 집중도도 떨어질뿐더러 깊지도 않아서 치명적인 스토리가 아니였음. 게다가 너무 길어  
20170728,5,"관람객배우들 보려고 본 영환데, 정말 배우들만 봤다  "
20170728,10,관람객루니마라를 본것 만으로도 의미가 깊은 영화. 화면 연출이나 음악이 좋아요 러닝타임이 다소 길지만 패티스미스까지 등장하니 지루할 틈이 없어요 상영관이 늘어났으면 좋겠어요 지방에 사는 사람은 시간맞춰서 보기가 힘드네요  
20170728,8,현실적인 사랑 이야기.. 어찌보면 위태로워 보이기도;;  
20170728,1,감독이 중2병인 줄 알았다. 그의 의식을 도저히 따라잡지 못해 이해한 만큼만 점수 줌  
20170728,9,테렌스 맬릭 감독의 영화는 언제나 상상 그 이상인듯  
20170728,10,솔직히 내용은 조금 불친절해도 풍경이든 인물이든 볼거리가 넘 많네요 간만에 눈호강 제대루 하고 왔어요  
20170728,10,"영화를 보다 20명 정도가 나갔다. 영화 촬영 중에도 배우 한명이 못찍겠다고 나갔다고 한다. 호불호가 갈릴 수 있지만 이 영화는 아름다운 자연, 건축, 사랑을 담고 있다.  "
20170728,10,스타일리쉬한 영상미에 푹~~^^  
20170728,9,지루할 수도 ....제목만 보고는  후회할 수도 있는..  
20170728,10,개봉전부터 출연진들 보고 대박이라고 생각했던 영환데 후기가 별로라 망설였는데 전 괜찮았어요~^^  
20170728,8,라이언 고슬링의 눈빛만으로 120분이 가슴 떨리고 설렜다..  
20170728,10,오랜만게 눈호강도 하고 마음까지 호강하고 왔네요~~  
20170728,10,"사랑과 음악,,, 넘 좋았어요  "
20170728,10,단순한 남녀의 사랑 영화는 아니네요 인상 깊게 보고 왔습니다  
20170728,6,관람객볼수록 몰입되는 영화! 다만 2시간의 러닝타임은 투머치!  
20170728,10,자연스런 연기랑 러브라인이 정말 좋았어요^^  
20170728,8,"두 시간 짜리 뮤직비디오 느낌? 내용은 이해하기 힘들었고 그냥 감상하기 좋았음. 촬영기법이 영화에서 보기 힘든 기법인데, 처음엔 예술적 주접이라는 말이 이해될정도로 난해하다가 갈수록 괜찮아짐.  "
20170728,1,뭐 이딴 영화가 다있는지 빡쳐서 보는 도중에 평점 남긴다.처음부터 중후반까지 봤는데도 내용도 모르겠고 대체 이게 뭔지 지멋대로 이해도 안되는 씬만 줄줄히 이어지는데 비싸게 주고 본 영화비가 너무 아깝다ㅡㅡ 평점 처음 남겨본다.  
20170728,2,배우때문에2점주네요.오기때문에 끝까지 봣어요.  
20170728,1,관람객재미없어요진짜요~~~~  
20170728,1,이 영화에서 유일하게 이해할 수 있었던 건 보호막이 되어주리라 기대하고 결혼한 남편에게 상처받는 나탈리 포트만의 마지막 선택 뿐이었다. 보는 내내 나갈까 말까 고민 열번은 한 영화.  
20170728,10,멋있고 로맨틱하게 나온 라이언 고슬링! 거기다가 스타일리쉬한 영상미까지 더해지니 보는내내 눈 호강 제대루ㅋㅋㅋ  
20170728,9,캐스팅부터 장난 아니던데 이런 영화 좋으다  
20170728,8,배우들 진짜 사귀는거 아니냐?ㅋㅋㅋ 왜케 잘어울리고 자연스러운거야  
20170728,8,남주 보러 갔는데 여주한테 푹 빠져서 나오게 된다는ㅋ  
20170728,10,진짜 장면 하나 하나가 다 명장면임!!  
20170728,10,연기들도 엄청섬세하고 이런류의 영화가 많아졌으면 한다.영상도좋고 뭔가 새로워서 좋았음  
20170728,10,헐리웃 톱 배우들의 색다른 모습이 마음에 들었어요ㅎㅎ  
20170728,10,지금을 뜨겁게 자유롭게 살아가는 이야기  
20170728,10,루니 마라에게 심하게 감정이입이 되서 눈물 펑펑 쏟으면서 봤음..  
20170728,10,배우들의 자연스러운 연기력에 더 빠져서 볼 수 있었던거 같습니다  
20170728,10,라이언 고슬링 넘 좋다 정말… 넘 멋져ㅠㅠ  
20170728,1,"있어보이게만든 개허세영화ㅋ 필터씌운 인스타감성 낭낭한 장면 남발, 난.. 고통을 즐긴다 / 난 괴물이다.../ 행복하고 싶다..개유치 대사 90%, 시도때도없이 흐느적거리며 벽같은데 기댐, 남주가 침발라서 여자 다리 문댈때 결국 못참고 나옴ㅋ  "
20170728,9,패스벤더의 목소리는 정말 매력적이다..  
20170728,10,음악 너무 좋아요!! 배우들 연기도 좋습니다  
20170728,9,나도모르게 설레는 기분ㅠㅠ  
20170728,10,솔직히 출연진만봐도 평타겠다 싶었는데 완전 재밌어여ㅠㅠ 내스타일  
20170728,3,하고싶은 말이 뭐냐...  
20170728,1,영화 러닝타임 50%만 채우고 뛰쳐나왔는데...  
20170728,10,왜 청불인지 이해가 감 굉장히 독특했던 영화  
20170728,4,이 영화만큼은 평론가들의 평점에 공감과 좋아요 꾸욱  
20170728,4,"배우낭비. 연기 좋으면 뭐하나 시나리오가 완전 배가 산으로감. 역시 평론가 평이 확실하다. 정말 감정과잉, 예술적 주접이다. 순수하지 않은 사랑도 치명적이고 아름다울 수 있지만, 그걸 너무 길게 오랫동안 '포장'하니까 몰입을 방해하고 부자연스럽다.  "
20170728,10,이런영화 너무 좋아요~~ 영상미도 너무 예쁘고 스토리도 흥미로워요!  
20170728,9,난해하다는 사람들은 한번 더 보고오길..  
20170728,8,관람객굉장히 실험적인 영화 기술과 시나리오가 보석 같은 두 배우와 만나 그 어디에서도 볼 수 없었던 영화를 창조했네요!  
20170728,8,bv와 페이가 사랑에 빠지는 순간부터 몰입되기 시작했다..  
20170728,9,사실 사랑은 욕망과 육체적 갈등으로 빚어지는 일 아닌가? 사람들은 영화속에선 순수한 사랑만을 찾는듯 하다..  
20170728,10,보는 내내 몰입할 수밖에 없다  
20170728,7,라이언 고슬링 특유의 달달한 로맨스가 보는 내내 설레게 하지만.... 내용이 좀 어렵습니다. 물론 노래가 있긴 하지만 결코 비긴어게인 라라랜드 노트북 같은 영화가 아니에요! 오해는 금물. 혼자서 심오한 영화 보고싶으시다면 추천! 혼자보기 좋아요.  
20170728,10,"같이 본 일행들이 있는데 정말 호불호가 많이 갈리네요 저는 영화를 보면서 인생에 대해 많은 생각을 해보게 되었고, 조용하고 분위기 있는 스크린 속을 보며 감명 깊게 본 영화였습니다.  "
20170728,10,"음 역시 평이 많이 갈리네요 전 좋았어요, 음악도 연기도 모두  "
20170728,9,주옥같은 OST들이 아직도 귀에 멤돕니다 ㅎ  
20170728,5,나르시시즘의 끝... 인내 요함  테렌스 맬릭  실망  
20170728,1,중간에 이렇게 많은 관객이 퇴장하는 영화는 첨이다 ㅡ 참으로 망작이로다 ㅡ  이런 영화가 다시는 나오지 않기를...  
20170728,4,역대급 지루함이다. 배우들 보는것도 한계가 있지...편집한 감독을 처형대로 보내야함  
20170728,10,로맨틱영화 ㅜㅜㅜㅜ진짜내스타일 게다가 주인공이 선남선녀네 이건꼭...!!!!  
20170728,10,마이클패스벤더 여기서 멋짐 폭발ㅠㅠ넘나좋은겨!!  
20170728,1, 썸녀랑 더 좋은 사이가 되려고 봤는데요 !!더 멀어진 사이가 됐네요 ㅎㅎㅎㅎ어색함을 안고 귀가했습니다 ㅎㅎ!!  
20170728,9,테렌스 말릭의 난해한 스타일이란. 마치 제멋대로 읖조린 운율에 가사 쓰는 듯한 것.  
20170728,1,영화 끝나기전에 그냥 나간적은 처음입니다...지극히 개인적으로 출연진 네임벨류에 낚인 인생최악의 영화였네요  
20170728,8,루니마라 걸크러쉬 오지구용ㅋㅋㅋ  
20170728,10,사랑을 잘 모르지만 COOK과 PAI가 둘이 사랑에 빠졌다는건 알 수 있었다  
20170728,1,이 영화를 보는 내내 뇌에 구멍이 송송 뚫리는 듯 했습니다.  
20170728,5,관람객슬링이형 나오고 제목도 송투송! 무조건 음악영화라 생각!! 바뜨.. 이건무슨 시작부터 공포영화 뺨치는 음악과 함께 으시시하게 시작.. 내용 하나도 기억안남. 이 영화는 관객에게 답을 주지 않음.. 첨엔 이해가 가다 놓치면 뒤죽박죽 됨 그닥 추천 안함요  
20170728,9,쿡과 페이 투샷은 나까지도 설레더라>.<  
20170728,9,그들의 얽히고 설킨 관계들. 치명적이다  
20170727,9,기존 멜로 영화들과는 달리 조금은 자극적이긴해도 흥미진진함ㅋㅋ 나도 가끔은 강렬한 사랑 해보고싶다..ㅋㅋ  
20170727,10,나도모르게 영화에 빠져들었어요..  
20170727,6,관람객제목을 카메라 투 카메라로 지었어야지.  
20170727,10,"간만에 눈호강, 마음호강, 귀호강!!  "
20170727,10,영상미 좋다. 라이언 고슬링 눈빛만으로도 가슴이 두근둑.ㄴ..  
20170727,9,하나하나 다 예쁘고 인상적인 영화 ^^  
20170727,10,라이언고슬링과 루미마라의 캐미는 진짜 최고!! 라라랜드 여주보다 더 잘어울리는기분?!  
20170727,10,사랑에 대한 또 다른 시선  
20170727,10,패시 넘 멋있어요..ㅠ_ㅠ 나도 패시랑 사랑하고싶다 ㅋㅋ  
20170727,1,한줄평 : 이게 뭔 개소리야  
20170727,9,배우들만 봐도 성공적. 짜임새도 나쁘지 않음  
20170727,1,별점 0개는 없을까요? 너무 어이없어서 손이 떨리네요  
20170727,10,재밌게 봤는뎅ㅋㅋ기존에 보던 달달한 멜로들과는 달라서 말이 많은듯ㅋㅋ  
20170727,1,제목에 속지마시라 이미지 영화인데 너무 많은걸 담으려다 길을 잃은 꼴. 빈수레를 커버하려고 한 호화 캐스팅에 낚이지도 마시고.  
20170727,1,영화보다가 중간에 나온적은 처음이네요.무슨내용인지도 모르겠고 그냥 비추 제발 댓글알바에 속지마시고 거르세요  
20170727,9,영화 자체는 나쁘지 않아요  
20170727,1,영화보면서 씁니다. 음악이나 로맨스 기대하고 보면 안되는영화  
20170727,9,우려했던 것 보다 괜찮던데요 ㅎㅎ 곁에 있는 소중한 사람을 생각하게 해주는 영화였습니다^^  
20170727,10,진정한 사랑에 대해서 이야기해주는 영화  
20170727,9,"관람객네명의 배우들을 보는 것만으로도 눈호강인데, 배우들의 진짜 같은 연기, 진짜 같은 사랑에 맘도 짜릿~~  "
20170727,10,라이언고슬링! 라라랜드에서 반하고 송투송에서 또 한번 반했음!!  
20170727,9,기존에 보지못한 독특한 연애스토리ㅋㅋ신선했네여  
20170727,10,"관람객마이클 패스벤더 연기 후덜덜, 배우들 연기 보는 맛은 있네요~  "
20170727,1,영화나 드라마나  스토리가 있어야 하지 않나...도통 뭔 내용인지 모르겠고...한시간 반 동안 뭔가 있겠지 기대하고 기다리다 그냥 나왔다. 아~~ 아까운 내 시간 어쩔거야  
20170727,10,관람객마이클 패스벤더의 눈빛 오짐!!! 짠내나는 사람 내가 그 외로움 다 안아주겠음  
20170727,10,"워낙에 테렌스멜릭 감독 스타일을 좋아하는 편이라 이번에도 만족했네요, 근데 싫어하는 사람들도 많더라구요  "
20170727,1,"상상이 아닌 실제 본 사람은 절대 높은 점수를 줄수가 없는 영화, 좋은 배우들 데려다놓고 도대체 뭘 말하고 싶은건지 모르겠음..  "
20170727,9,관람객스타일리시한 영상미가 돋보이는 영화! 배우들 보는 맛이 있네요~  
20170727,8,음.. 보면서 호불호가 심하곘구나 생각은 했어요. 전 나름 괜찮아네요  
20170727,10,아름다운 영상미에 푹 빠져서 보고왔습니다^^  
20170727,1,이거 보고나서 머리아팠는데 나만 그런게 아니었구나...진짜 인스타같은데 중2병 걸린 사람이 끄적여놓았을법한 대사. 이 영화 좋아하는 사람 최소 중2병. 진짜발길질 하고 욕하고싶은 충동을 한두번 느낀게 아님.무슨 2시간짜리 버리는 광고필름 인줄. 씨발  
20170727,3,평점을 보니_ 평점에도 허세라는게 들어가게 만드는 영화갔네요. 감독의 자기만족도 강한 영화인것같습니다. 우리나라 정서와는 잘 안맞는거같음..배우들 연기는 인정.  
20170727,1,"무슨내용인지 도통 알수 없는 영화, 음악영화도 아니고. 라라랜드와 비슷한 장르라고 생각하시면 절대 안됨.  "
20170727,3,있는게 없는데 있는척 만들려고 노력 꽤나많이 한 작품. 감히 내가본 올해영화중 최악인 영화. 라이언고슬링 땜에 참고봤다. 도통 끝이 나지않는 영화  
20170727,9,테렌스 멜릭 감독을 알면 이 영화는 굉장히 대중적으로 느껴질것..난해하고 이해가 쉽지는 않은데 이게 워낙 감독 스타일이라..확실히 처음 접하는 분들은 생소하고 이상할수도..그래도 매번 이 감독의 배우 모으는 능력은 진짜 감탄.  
20170727,10,라이언고슬링 합주할떄 소름돋을 정도로 멋있었어요!!>.< 비쥬얼은 물론이고 전체적으로 묘한 영화에요 ㅋㅋ  
20170727,8,오감을 자극하는 영화! 음악부터 시작해서 모든게 맘에 든다  
20170727,9,매혹적인 루니 마라.. 같은 여자도 빠져든다..  
20170727,10,이렇다 저렇다 하는것보다 직접 봐야 알 수 있는 영화입니다  
20170727,10,우리는 노래해야한다. 사람들의 가슴을 뛰게 만들어야 한다.  
20170727,3,"비긴어게인, 원스 같은 음악영화일거라는 생각, 빵빵한 출연진에 무작정 봐야지 들었던 생각..  이 모든 생각을 후회하게 만든 영화였음. 저에겐 너무나 난해한 영화였어요. 영화보는 중간 나가는 사람들 진짜 많더라;;;  "
20170727,10,호불호가 확실히 갈리는거 같긴한데 나는 되게 재밌게 인상 깊게 보고 왔음ㅋㅋ 연기 연출 영상 그리고 음악까지 굿굿!!  
20170727,2,보고 있는게 고문이었음  
20170727,6,참 난해하다 음악도 사랑도 이 영화도  
20170727,1,내가 무식한걸 뼈져리게 느껴야하는지....아님 영화가 원래 그런건지 도대체 뭘 말하는지 모르겠다.  
20170727,1,"미친! 욕을 안할 수가 없네! 캐스팅만 지리면 뭐하나? 연출, 편집 다 엉망에다가 대체 개연성도 없어서 뭔 소리를 하고 싶은지 한개도 모르겠음, 게다가  송투송이라서  눈과 귀가 즐거운 영화겠거니 기대했는데...이상한 문신 아저씨들이나 나오고!! 아오  "
20170727,1,도대체 이게 뭔일이고...생에 처음으로 영화보다 잠들었다..  
20170727,1,별점이란 말이아깝다. 이런 리뷰 잘안남기는데 더이상의피해자를 막기위해! 리뷰남겨요.  원스 기대하고갔다가 한시간보고 나왔습니다...난해난해난해. 대본없는 즉흥연기라는데 대본좀 써라...배우낭비 ㅠㅠ  
20170727,1,흠. 10점들 영화를 보고 쓴건가 진짜 의아함. 라이언고슬링때문에 끝까지 자리지켰지 아님 진작 나왔을 영화임. 내 살면서 이렇게 영화도중 사람들 많이나가는거 처음봄ㅠㅠㅠ  
20170727,8,"예술영화라 난해하지만, 배경과 배우가 매우 아름다운 영화, 저는 추천합니다  "
20170727,10,상영관 너무 쩍어요ㅡㅡㅋ 솔직히 군함도 상영관 100개만이라도 양보했으면 ㅠ  
20170727,1,잠이 옵니다. 왜 이런 영화를 수입했을까.... 궁금합니다.  
20170727,8,굉장히 난해한 영화라 호불호가 갈릴것 같긴 하더라구요ㅋㅋ 테렌스맬릭 감독 전작인 투더원더와 나이트오브컵스를 보신분들은 알겠지만 원래 이 감독님이 쫌 많이 불친절합니다ㅎㅎ전 나름 감독님만의 사랑표현방식이라 봐요 ㅋ 기존멜로들과는 다른 접근이 맘에듭니당  
20170727,1,댓글알바 한 눈에 걸러지는데 소름보스ㅋㅋ캐스팅믿고 개봉당일 보러갔는데 후회중임비긴어게인 같은 영화이길 기대했는데 발톱때만큼도 못미치니 기대하지 마시길..ㅎ개연성도 재미도 영상미도 없음 최악..  
20170727,6,"이 영화 10점 주면서 음악이 좋다느니, ost 어쩌고 해놓은 평들은 다 댓글 알바다. 보면 안다. 어떤 영화인지 알바한테 설명 좀 해주고 풀지.  "
20170727,1,별점에 0이 없음이 안타까움. 배우가 아깝고 필름이 아까움. 감독의 허세에 헛웃음이남.  
20170727,1,깊이도 없고 연개성도 없고. 공감가지 않는 남의 연애를 두시간 내내 보는 고역. 영화관에서 사람들이 이렇게 많이 나가는 건 처음 봤다. 끝에는 뭐가 있겠지 하고 나를 비롯한 많은 사람들이 참았다. 우리의 인내심에 박수! (물론 아무것도 없다!)  
20170727,9,역쉬 러브스토리는 이렇게 파격적이어야 제맛 ㅋㅋ  
20170727,8,"인간의 욕망이 얼마나 무서운 것인지,  "
20170727,8,"보는 사람의 시각에 따라 호불호가 갈릴 것으로 예상됨, 전체적으로 음악과 영상도 좋았고 사랑에 빠진 남녀의 모습을 현실적이게 그려내어 더 와닿음  "
20170727,9,상영관이 별루 없어서 못볼뻔ㅠ_ㅠ 영화 넘넘좋아요! 완전 제 취향저격>.<  
20170727,10,사랑에 빠진 그들의 거침 없는 행보에 놀라기도 헀지만 그럴수도 있곘다는 생각을함. 나름볼만 했음  
20170727,9,"다 좋아하는 배우들이라 볼만했어요,  "
20170727,10,믿고 볼만하네요^^ 역시 라이언고슬링X마이클패스벤더  
20170727,8,사랑으로 인해 사람이 어떻게 변하는지를 잘 표현한 영화  
20170727,9,잘생긴 배우들 때문에 눈호강 제대로~~ 눈요깃거리로 딱 좋은 것 같습니다  
20170727,9,테렌스 맬릭 감독님의 영화는 항상 새롭네요  
20170727,8,마이클패스벤더의 연기는 항상 만족  
20170727,10,한국 사람들 정서에는 잘 안맞을수도.. 난 괜찮았음  
20170727,9,배우들의 열연과 음악이 기억에 남습니다  
20170727,10,독특한 영화네요~~ 제가생각한 스토리랑 달랐지만 나름 매력있었어요 ㅋㅋ  
20170727,10,라이언고슬링 여전히 머시쩌여ㅠㅠ♥  
20170727,10,나탈리포트만 여전히 섹시하구 이쁘네영ㅎㅎ  
20170727,9,"영상미,ost다 만족. 배우들의 연기는 뭐 흠잡을게 없구요  "
20170727,10,청불답게 강렬하네요~ 간만에 화끈한 애정씬들ㅋㅋ맘에들어요 *-_-*  
20170727,10,배우들의 연기력이 어마어마했던 영화  
20170727,10,라이언고슬링은 누구와 붙어도 잘어울리는 배우같아요 :)  
20170727,9,기대안할 수가 없는 영화였는데 꽤 괜찮았어요 스토리보단 영상과 음악에 높은 점수를..  
20170727,10,"생각없이 봤다가 심장 깊숙한 곳 몇대 맞고 나온 기분이에요. 열정적이고 자유로움을 갈망하며 사랑을 하는 사람에게 따라온 고통스러운 시간들을 너무나도 섬세하게 표현한 영화. 스토리가 이해가 안가더라도 카메라움직임, 연기 등 배우의 감정만 느껴도 재밌어요  "
20170727,10,살짝은 어려울 수도 있을 영화라는 생각이 드네요^^; 집중해서 보면 충분히 이해할 수 있습니다 ~  
20170727,10,볼만한 영화. 인간적으로 상영관좀 늘려주길..  
20170727,10,보면서 배우들에게 감정이입되서 누군가와 함께 하고 싶다는 생각이 들더라.. 두 사람이 사랑에 빠지는 모습이 너무나도 인상깊었기네..  
20170727,8,라이언고슬링만으로도 만족함ㅋㅋ  
20170727,10,꽤나 감명깊게 봤습니다.  
20170727,10,사랑은 돈이 다가 아니라는걸 깨달음  
20170727,8,라라랜드보다 더 푹 빠져서 본 영화  
20170727,4,배우보고 봤다가 영화보다가 나올뻔  
20170727,10,라이언고슬링나온대서 본건데 꽤나 재밋드라구요~~ 독특해요~  
20170727,10,와 쎄다..ㄷ 내가 본 멜로 영화들 중에 가장 강렬하고 인상깊음  
20170727,1,아름답지도 자유롭지도 않은 뒤죽박죽 영화  배우 믿고 보면 큰코 다칩니다    제목이 송투송이라 음악영화라 생각하시면 안되요  
20170726,9,무슨말이 더 필요할까여ㅎㅎ 직접 보지 않으면 모를것을ㅎㅎ  
20170726,10,상영관 너무 쩍은거 아닌가ㅠㅠ..  
20170726,8,영상미 좋네요^^ 촬영 현장이 어딘지 궁금해요 ㅋㅋ  
20170726,1,관람객영화보는 내내 시계만 쳐다봤다 ㅠㅠ 도통 알수없는 영화  
20170726,10,테렌스 맬릭 감독님 스타일을 아는 사람이라면 이번 영화도 만족 할 듯 합니다  
20170726,9,음악영화 좋아하는 분들이라면 만족할듯. 음악들이 다 좋아 ㅋㅋ  
20170726,10,님들 칼리헤르난데스 많이 나오나요 넘 보고싶어요 칼리헤르난데스 ㅠㅠ  
20170726,10,나도 가끔은 사랑에 미쳐보고 싶다  
20170726,10,보는 내가 다 설레씀ㅠ_ㅠ 마이클패스벤더와 라이언 고슬링!캐스팅 진짜 최고였음 ㅋㅋ  
20170726,9,사랑에 대한 이야기를 색다른 방식으로 접근한 영화  
20170726,10,마냥 가볍게만 볼 수 없는 영화였어요 :) 오랜만에 괜찮은 영화 한편 본 것 같네요 ㅎ  
20170726,1,35분쯤에 큰 한숨을 쉬었다. 때마침 조용한 장면이었는데 내 한숨이 모든 관객들을 웃음짓게 만들었다. 우린 모두 공감하고 있었던 걸까.  
20170726,8,사랑으로 인한 인간의 감정을 다양한 시선에서 잘 그려낸것 같아요  
20170726,10,캐스팅만 봐도 블록버스터급 ㅋㅋ  
20170726,10,사랑에 중독되기 시작한 남자와 여자는 아무도 말릴 수 없다는걸 잘알기에  
20170726,8,마냥 가볍게만 볼 수 없는 영화였어요 :) 오랜만에 괜찮은 영화 한편 본 것 같네요 ㅎ  
20170726,9,대박ㅠ_ㅠ 보는 내내 심쿵 설렘 유발ㅋㅋ 오랜만에 이런 달달한 영화보니까 연애하고 싶다..  
20170726,9,라이언고슬링ㅠㅠㅠ넘나좋은겈ㅋㅋㅋ영화에서 캐멋짐ㅋㅋㅋ  
20170726,10,"인간의 순수함, 욕망을 사랑과 음악으로 다양하게 그려낸 것 같다. 나오는 음악이나 대사들도 좋았고 꽤나 오래 기억에 남을듯  "
20170726,10,오랜만에 제 취향저격 영화 발견이요ㅠㅠ!! 배우들때문에 본건데 영화자체에 푹 빠져서 봤네요!!  
20170726,1,이거 보다 나간 사람이 몇명인지 세다가 졸았다  
20170726,10,사랑에 대한 다양한 시선! 그럼에도 저렇게 사랑할 수 있는 저들이 부럽다~  
20170726,10,"네 인물의 순수한 열망과 감정, 그리고 사랑에 대한 욕망이 한편으론 부럽기도 하고 불안해보이기도 했다.. 주인공들의 열정이 부럽다  "
20170726,10,평범하고 다양한 직업의 사람들이 사랑에 빠지는 순간을 다양하게 담아낸 것 같음  
20170726,10,마이클 패스벤더의 광기어린 연기ㄷㄷㄷ 이건 본 사람들만이 알 수 있음  
20170726,5,아놔. . . 라이언 고슬링 아니었슴 뛰쳐나가고 싶은맘이  굴뚝같앗슴.  
20170726,4,이걸 찍어놓고 왜 5년동안 묵혀뒀었는지 이해가 간다. 차마 세상에 내놓을 수 없었으리라..  
20170726,2,영상미는인정 이게 로멘스도멜로도아니고 공상과학sf도아니고 집에너무가고싶었다  
20170726,4,"배우력의 낭비, 다시금 영접하여 자위하는 자위랜드.  "
20170726,5,그냥 팬심으로 보는 영화  
20170726,10,아.. 걍 이 배우들은 한곳에서 본 것만으로도 대만족인데 내용까지 흥미로워요 ㅋ  
20170726,1,"인생중 한 영화만 꼽아서 다시는 이세상에 나오지 못하게 만들 기회를 준다면, 난 단 1초의 망설임도 없이 이영화를 택하겠습니다. 정말... 왠만하면 영화 재미없다고 생각안하고 최대한 이해하는 편인데... 하아...  라라랜드 다시보고 힐링하러갑니다.  "
20170726,2,이런 배우들을 데려다놓고 도대체... 다들 중2병 걸린  것 같았음.  그중 최고 중2병은 감독ㅇㅇ  
20170726,10,불같은 사랑을 볼 수 있었습니다  
20170726,10,색다른 방식의 멜로 영화  
20170726,10,"음악 듣는 재미가 쏠쏠^^BV,cook 둘다 매력 넘쳐서 누구하나 고르질 못하겠지만 넘넘 멋있었어요  "
20170726,10,난 이런 멋짐 폭발하는 패스벤더의 모습도 참 좋더라 ㅎㅎ  
20170726,10,라이언고슬링이랑 마이클패스밴더 투샷 나올대 나도 모르게 쿵쾅킁쾅쿠왘ㅇ  
20170726,10,BV와 페이가 사랑에 빠져가는데 내가 다 가슴이 두근두근 손끝만 스쳐도 짜릿한 기분이듬  
20170726,1,하품하다 턱이 빠질 뻔 난생처음 영화보다 나옴ㅋ  
20170726,2,아무말대잔치 영화. 영상미와 라이언 고슬링의 그윽한 눈빛말고는 건질게 없었다.  
20170726,1,드럽게 재미없음평점 높게 준 사람 댓글알바인가... 문화의 날에 봐서 다행  
20170726,1,카메라 샷을 왜이리 흔들흔들했는지 멀미가 나서 힘들었다... 대부분사람들이 보다 나가더라이건 예술영화도 아니고 뭐인지....?  
20170726,10,멜로 영화인데 왠만한 추리영화보다 흡입력이 좋은건 뭐지?ㅋㅋ  
20170726,10,라이언고슬링은 어느 여자배우든지 다 잘어울리네  
20170726,9,강렬한 사랑영화. 라이언고슬링은 여전히 섹시하네..  
20170726,10,충분히 극장에서 볼만한 영화라는 생각~ 라이언 고슬링과 마이클 패스밴더의 색다른 연기변신!  
20170726,3,"감독이 에피병걸린듯. 중간에 관객 몇명 나감. 끝까지 남아있던 나도, 다른 관객도 허탈한 웃음 또는 한숨으로 튀어나감 ㅋㅋㅋ 퇴근하고 바로 보러간 내 자신이 불쌍함. 심지어 공짜표였는데 ㅋㅋ 영상미 배우들은 더할나위없음.  "
20170726,1,"동물의 왕국이냐? 친구여자 뺏고 쓰리섬에 동성애, 마약, SM 까지 이 모든걸 여주남주 2명씩만 있으면 한영화에 다 담을수 있다는걸 보여준 신기한 영화 연애는 없고 관계만 있는 영화  "
20170726,2,공감안되는 페북 감성 나레이션과 산만한 스토리 전개로 끝까지 보는게 힘들었다  
20170726,10,어른들이라면 충분히 이해할 수 있는 그들의 러브스토리  
20170726,10,평식아 너나 제발 주접 떨지말고 별점계에서 꺼지거라 깜냥도 안되는 것아  
20170726,10,소박해보이지만 그것이 더 큰 매력으로 다가오는 영화  
20170726,10,"재밌네요, 몇번 말로 하는 것보다 실제로 봐야지 알 수있을듯^^  "
20170726,9,보는 내내 내가 다 불안불안..ㅋ 가슴 졸이면서 보게됨 ㅋ  
20170726,10,넌 사람들의 가슴을 뛰게 하려고 음악을 만들었겠지만 난 널 보고 가슴이 뛴다..♥  
20170726,5,관람객보다 졸았다 나도 졸고 언니도 졸았다  
20170726,2,트리오브라이프에 된통 당해놓고 맬릭영화를 또 본 내가 미친거지  
20170726,1,일단 스크린 보는데 너무 어지럽구요... 뭔 내용인지 정말 모르겠어요 . 내가 이해를 잘 못하나 보다.. 하면서 잠을 자려는데 너무 시간낭비같아서 영화관에서 나오는데 다른분들도 우르르 따라 나오시더라구요 ..;; 아무튼 정말 전 별로에요  
20170726,8,이토록 강렬하고 파격적인 사랑이야기는 오랜만이다  
20170726,10,미친 캐스팅ㅋㅋ배우들보는 재미는 물론 사랑에 빠져가는 주인공들에게 나도모르게 빠져버렸다  
20170726,9,쉽게 그려낸 오락영화들이라고 보시면 쫌 이해하기 어려울 수도 있는데 이런 불같은 사랑은 해본 사람들 *-_-*이라면 충분히 이해하고 재밌게 보실 수 잇을듯요  
20170726,10,케이트 블란쳇은 짧게 나오는데도 존재감 후덜덜하네 ㅋㅋ  
20170726,1,방금 보다 나왔다 ;;..  
20170726,10,"주옥같은 영화 음악들 , 그리고 시각적으로도 훌륭한 볼거리들까지!  "
20170726,2,혹시 나탈리포트만 어디로 간건가요?? 눈잠깐 감았는데 사라지고 케이트 블란쳇이 보였어요 ㅠㅠ  
20170726,10,뭐 하나 흠잡을 게 없는 영화! 장면 하나하나 다 인상깊음 특히 리케리와 라이언고슬링의 합주 장면은 진짜 최고;;  
20170726,9,와 그냥ㅋㅋ지림ㅋㅋ나도 모르게 흡입되는 영화  
20170726,1,예술적인척 자유로운척 하는 영화  
20170726,10,영화보면서 멀미한거 이번이 처음이다편집하는 사람 고생 많았을듯  
20170726,10,"기존 음악 영화들인 비긴어겐, 라라랜드 등과는 좀 다른 느낌. 매력적이고 매혹적이다  "
20170726,9,라이언고슬링에게 딱 맞는 역할을 찾았군요!  
20170726,4,밥안먹고 앞좌석에서 봤다가 토할뻔..너무 어지럽고 장면이 컷컷이 심해서 내용전개도 흐름이 깨진다.왜 카메라를 그렇게 돌려대고 흔들어대는지 죽을거 같았음.나레이션으로 영화가 이어지는데 중얼거리는 목소리마저 듣기도 싫음.배우덕에 그나마 별 두개 준다.  
20170726,10,이 영화.. 진짜 치명적이다..  
20170726,10,마이클 패스벤더를 이런 영화에서 보니까 색다르더라구요ㅎㅎ 다들 연기도 잘하고 노래도 좋고  
20170726,6,구성이 이해가 안되지만 한 번 더 볼 마음은 안듦.. 영상미와 ost는 좋았어요..  
20170726,1,내가 멍청해서 이해를 못하는건가? 아니면 감독이 약먹고 만들었을까  
20170726,1,의도하는바도 모르겠고 재미도 없고 난잡하고 하....  
20170726,7,제가 좋아하는 라이언 고슬링이 멋있고 로맨틱한 남자로 나와서 좋았어요.그럼에도 불구하고 재밌다고는 말 못하겠네요;;  배우팬이 아니라면 지루할듯 해요.  
20170726,10,뭔가 달달한 로맨스도 아닌것이.. 날 두근거리게 했다가 갑자기 불안하게 만드는 그들의 행동에 푹 빠져버렸다..  
20170726,10,열정적인 그들의 사랑이 부럽다  
20170726,10,올해최고의영화 라라랜드2  
20170726,10,라이언 고슬링이 고른 영화는 항상 만족~~  
20170726,10,이 영화 보니까 여행 가고 싶어요..ㅋ 완전 취저  
20170726,1,10분 뒤 입장입니다벌써 두렵네요  
20170726,10,나도 사랑에 중독되고 싶다  
20170726,1,진짜 보고싶어서 상영관도 얼마 없어서 개봉하자마자 봤는데.. 언제쯤 본격적으로 얘기가 시작되나.. 한참 보다 걍나옴. 남자친구가 도중에 나가자고한게  처음이었음. 돈버렸다 남들 다겪는 남녀 사이의 만남과 이별을 어마무시한 고통으로 표현하는 해괴한영화  
20170726,10,음악 영화는 항상 옳다 :)  
20170726,1,보는 내내 멀미나고 재미 하나 찾기힘든 영화.. 끔찍해요  
20170726,10,이거 OST언제나올까요?ㅠ 음악들 다 진짜 짱좋음!!  
20170726,10,사랑과 음악에 관한 이야기. 스타일리쉬하고 화려한 영상미로 영화의 가치를 높임  
20170726,2,감정과잉 공감.. 보고 나서 멀미날 지경...  
20170726,10,배우들 보는 재미가 쏠쏠ㅋㅋㅋ물론 영화 내용도 좋음  
20170726,10,진정한 사랑이 무엇인가..에 대한 생각을 하게 만드는 영화였어요  
20170726,1,최악 ..보는 시간이 아깝다  
20170726,2,명배우들의 낭비...  
20170726,10,음악 영화 답게 음악들이 다 너무 좋아요~~^^  
20170726,1,얼탱이가 없어서 진짜 ㅋㅋㅋ  
20170726,6,배우 믿고 봤는데 무척 난해한 영화네요...영화보고싶으신분은 먼저 공부 빡세게 하고보셔야할듯.  
20170726,1,음 재미없네요 가지 마세요돈 아까워요풀리면 보세요  
20170726,10,나도 이들에게 중독될 것 같다..  
20170726,10,캐스팅만으로도 기대했던 영화인데 실제로 봐도 기대이상이에요>.<ㅎㅎ  
20170726,2,"동성애, 쓰리섬, 양다리.. 정신이상자들의 지루하고 해괴한 사랑과 방황.  "
20170726,1,"2시간8분동안 지금 나갈까?아니야 뭔가 있겠지 계속 고민하다 그냥 그게 끝인 영화 (영상미,ost 얻을거없음)  "
20170726,2,중간에 나온 영화 ...뭘말하려는건지도 모르겠고 예술영화임 진짜;;;; 카메라 이동도 계속 머리아팠음 ;;  
20170726,3,고슬링을 너무좋아하는데 예술적주잡이라는 말은 너무공감된더.  
20170726,1,라라랜드2와 셰임2의 끔찍한 혼종  
20170726,7,뭔소리 하는건지 모르겠어요  
20170726,1,예술적주접 공감....  
20170726,10,상영관 좀 많아졌으면..  
20170726,10,연인이 꼭 봐야할 영화네요  
20170726,10,배우들만 봐도 본전은 뽑을 듯.. 루니마라와 케이트블란쳇을 다른영화에서 같이 보게될줄이야  
20170726,10,말보다 느끼길 원하신다면  
20170726,10,정말 아름다운 영화네요  
