0,1,2
20181219,10,관람객아이들이 아주 좋아하네요 잼있어요  
20180923,10,넛잡1보다 훨씬 재밌음 개발이란 이유로 야생동물의 서식지인 산을 다 밀어버리는데... 인간으로써 미안하네...  
20180827,6,다국적연합 소형 제작사 작품이래서 그런지 집중이 잘 안되네  
20180612,9,더빙판 안 본것이 진정한 한 수  
20180602,10,아이들이 보기 좋은 영화이네요  
20180507,9,감독 교체 -> '캡틴...' 급 대박!!!ㅋㅋㅋ  
20180312,7,중반 지나서 지루하지 않게 스토리가 전개되어 볼만했다 흥행이 저주한게 참 아쉽네  
20180302,10,관람객아이가 재밌게  봤어요.  
20180301,6,관람객애기들이 좋아한다 ㅋㅋㅋㅋ  
20180227,8,관람객첨엔 좀 지루한 면이 있었는데 후반부로 갈 수록 살아나는 영화  
20180226,8,관람객아이들이 재밌게 봤습니다  
20180225,9,관람객.만화지만 재미있게 봤어요  
20180222,10,관람객아이랑 즐거운 영화보고왔네요^^  
20180222,8,관람객이야기가 무척 재미있었다  
20180218,9,관람객환경파괴를 줄인다는 이야기 같았어요.  
20180217,4,관람객그냥그럼...살짝졸리기도  
20180213,10,관람객재밌었어요^^ 굿! 굿!  
20180213,6,관람객저의아이는재밌다고하네요 저는조금지루했지만  
20180211,6,관람객재미와 감동 모두 좋습니다!  
20180210,8,애니메이션 영화 중에서는 괜찮았던 영화.  
20180210,8,관람객아이들이 너무 재미있어하고 즐겁게 잘봤습니다~~  
20180206,6,관람객재밌었어요 재밌었어요!!  
20180203,8,넛잡1 헷지 마이펫이중생활  
20180130,8,관람객아이들이 재미있게 봤습니다  
20180127,8,관람객아이들하고 보기 너무 재밌어요!! 추천합니다  
20180126,10,관람객아주아주재미있습니다  
20180122,8,관람객아이들이 너무 재미있어 해요.  
20180122,8,관람객ㄴㅓ무나도 재미짐....  
20180121,10,관람객볼만히네요 좋습니다~  
20180121,6,관람객아이들과 즐겁게 봤어요  
20180119,10,관람객재밌어요 아이가좋아해요  
20180119,10,관람객어른이 봐도 잼나네요 애들이 좋아해요  
20180119,8,관람객아이가 너무 재미있게봤어요  
20180118,9,관람객가족끼리 관람했어요유쾌하고 재밌게 봤어요7살 아들이 좋아하니 같이 기분이 좋더라구요.  
20180118,10,관람객전 만화별르 안좋아하고 아이들때문에 봤는데 영화 너무 좋았어요 강추.  
20180118,7,관람객그림도 이쁘고 재밌게봤어요  
20180117,8,관람객유치원생 둘째랑 보기에 괜찮았어요~  
20180117,8,관람객아이들이 감동받았어요초등학교 2학년이에요집에서 동물 키우자고 난리입니다  
20180116,8,관람객아들과 함께 보고왔습니다^^ 아들이 너무 좋아했어요~~  
20180116,10,관람객재밋어요재밋어요재밋어요재밋어요  
20180116,8,관람객아이들이보기좋아요~  
20180116,10,관람객재미있게 봤어요재미있게 봤어요  
20180115,9,관람객넛잡1도 봤는데 2가 더재미있는것 같아요 가족끼리 재미있게 봤어요  
20180114,9,관람객그냥 웃으면서 잠시아이와힐링이됐던영화  
20180114,7,관람객좋았어요ㅋ애기가 끝까지 집중은못함ㅋ  
20180114,5,관람객재밋었어요 넛잡1도 잘봤는데2도 재밋었어욥저희 아이가  재밋게잘봤어요  
20180114,10,관람객저도 저 다람쥐 처럼 포기하지 않고 시도하면 된다는  교훈을 얻었습니다  
20180114,1,관람객재미없고요 돈이 아카워  
20180113,10,관람객아이들이 정말재미있었다고 하네요  
20180113,2,"관람객아이들 영화인데 섬뜩한 장면 너무많아요. 감동과 깨달음을 덮어버리네요.애니메이션의 탈을 쓴 폭력, 잔혹영화느낌 강해요  "
20180113,10,관람객아이들과 재미있게봤어요^^  
20180113,8,관람객합력해 숲을 개발하는 인간무리에 맞서 싸우는 동물들의 단합된힘과 의리에 재미있게 본 영화였습니다  
20180113,10,관람객너무 재미있게 잘 봤어요.  
20180113,8,관람객파워포 사용자 디렉토리 오늘 저녁에 다시  
20180112,10,관람객아이들이 너무 재미있어하고 매우 유쾌한 영화였어요  
20180112,7,관람객7살 아들과 재밌게 봤어요  
20180112,7,관람객조금 지루하지만 아이들은 잘보네요.  
20180112,6,관람객아이에게 교훈이될만한영화였습니다  
20180111,8,관람객딸과 함께 킥킥대며 봤어요.강추는 아니지만..볼만해요  
20180108,10,관람객재밋어욧 자주볼께요 ㅎㅎ  
20180108,8,관람객재미있는 영화였습니다  
20180107,9,관람객넘재미있었어요 가족들보기조아요  
20180106,9,관람객기대안하고 갔는데 재미있네요  
20180106,10,관람객아이가 재미있게 봤어요  
20180106,10,관람객아이들이 너무 재미있다네요^^  
20180106,9,관람객아이들과. 너무 재밌게. 신나게 잘봤어요..가족영화로. 최고인듯 ㅋㅋ  
20180106,9,관람객아이들이 넘나 좋아했어여  
20180106,10,관람객아이랑 봤는데 재미있네요  
20180106,6,관람객우리 딸램 신나게 ~~~  
20180106,10,무엇보다 OO은 우려먹기 마케팅이 없어서 좋다. 그땐 진짜 쓸데없이 싸이를 왜 넣은 건지...기획한 새끼 뇌 해부 한 번 해보고 싶군. 싸이 본인은 보고 무슨 생각을 했을까.  
20180105,8,관람객재미있는 영화 잘봐써요  
20180105,6,관람객재밌었어요~~지루하지도 않고  
20180104,9,관람객어른이 봐도 뭐 재미있었어요~^^아이들도 재미 있었다네요  
20180104,8,관람객재밌게 잘 봤어요~~즐거웠습니다  
20180104,10,관람객1편에 이어 2편도 재미 있습니다  
20180104,9,관람객아이들이 즐겁고 재미있게 본 영화  
20180103,10,관람객재밌네요~열자채우기  
20180103,10,관람객열라 웃겼어요 3도 나왓음 바로 보러갈꺼에요  
20180103,10,관람객너무너무 재밌어ㅛ어요  
20180102,10,관람객아이들이 매우좋아하더라구요  
20180102,7,관람객애들하고 시간 가는줄 모르고 봤내요..재미 있내요  
20180102,8,관람객아이들은 좋아하네요.  
20180102,8,관람객유쾌하고 가볍게 아이랑 잘 봤어요^^  
20180101,9,관람객재밋네요~~굿~~~  
20180101,10,관람객재미있어요. 아이들과 즐겁게 봤습니다.  
20171231,8,관람객초등생 울딸~~재밌데요~협동하며 살아야 한다고 하네요  
20171231,10,관람객재밌고 아이랑보기 참 즐거웠어요  
20171231,10,관람객아이들이 너무좋아했어요~~  
20171229,9,관람객잘봤어요 아이들이 재미있다하내요  
20171229,5,관람객그냥 그래요 ㅎㅎ 지루해요  
20171229,9,"재미 있어요, 그런데 '넛잡: 땅콩 도둑들'에서는 '그레이슨'이란 회색 다람쥐가 나오던데  '넛잡 2'에는 왜 안 나오는 거죠?  "
20171229,10,관람객너무재미있어요 아이도 너무나재밋게봣어요 ^^  
20171228,10,관람객재미있게 보구 나왔어요~  
20171227,8,관람객아이가 매우 좋아함 지루하지 않았음  
20171225,10,관람객아이들이 재밌어해요잘보고왔습니다  
20171224,8,관람객아이들이 보면 즐겁게 볼 영화예요.동화같은 느낌입니다.  
20171224,8,관람객시간가는줄 모르고 봤네요 ㅋ  
20171224,10,관람객영화 너무 재미있게 봤어요~8세 4세 아들 딸도 지루할 틈 없이 봤어요~감동도 있고 스토리도 훌륭한 영화였어요.아이들이 넛잡 다 보고도 티비에서도 다시 보여달라고 하네요~ 다시 봐도 재미있는 넛잡!! 모두에게 추천합니다^^  
20171224,9,관람객너무재미있어요아이들이랑같이봤는데넘신나하네요  
20171223,10,관람객아이와재미있게보기좋은영화였음  
20171223,8,"관람객8세,6세인 아들 둘과 봤어요.아이들은 재밌어 하네요.  "
20171223,8,관람객넛잡2 재밌었어용 또보고싶어요  
20171223,9,관람객아이들이랑 보기에 참좋아요!  
20171222,10,관람객아이들과 함께 생각없이 봤다가...ㅎㅎ 굿!!!  
20171221,6,관람객그럭저럭 흥미는 별로입니다  
20171220,9,관람객재밌었어요아이가좋아했어요  
20171217,8,관람객귀여운 친구들 총집합소^^  
20171216,7,관람객어린 아이들이 보기 괜찮음  
20171215,8,관람객재미있게잘봤습니다 아이들이좋아하네요  
20171213,10,관람객너무 재미있게 봤습니다.  
20171211,9,"관람객유쾌, 아무생각없이 즐겁게 즐길수있는 영화네요^^  "
20171210,8,관람객5살아이가즐거워해서좋았습니다  
20171209,8,관람객요란하고 야단스럽고 즐거웠어요  
20171209,7,관람객그럭저럭 나쁘지 않은거 같아요  
20171209,9,관람객캐릭터들도 귀엽고 아이랑 재미있게 봤어요^^  
20171208,10,관람객딸이랑 즐거운 추억 만들었네요재미있어요~  
20171208,10,관람객아들 딸이랑  보는내내 즐거웠어요^^  
20171206,10,관람객좋은 영화 잼나게 봤어요. 추천합니다. ^^  
20171205,8,관람객역시 아이의 기대를 저버리지 않았어요 ~너무 재미있게 봤습니다..  
20171205,1,재미 더럽게  없을줄 알았다 ㅋㅋㅋ  
20171203,8,관람객아이들이 굉장히 좋아해요~  
20171203,10,관람객아들이 잼있게 봤음~~  
20171202,8,관람객재미는 있는데 지루한면도..  
20171202,7,관람객유쾌하고 아주 재밌는 영화^^  
20171202,8,아이들과 너무 재밌게 봤어요~  
20171130,8,관람객아이들과 보기좋은 영화ㅎ  
20171130,8,관람객아이들이 너무 좋아했어요  
20171126,8,관람객그냥 딱 볼만한 영화 1편안봐도 무리는없네요  
20171126,8,관람객아들과 보기 좋습니다 추천합니다  
20171125,10,관람객완전재미있어요 최고에요  
20171125,10,관람객잼있었어요애들이좋아하네요  
20171125,10,관람객5살 남자아이 아주 푹빠져서 보내요. 마지막 15분정도 남기고는 너무몰입한 나머지 무섭다고 울긴했지만 끝까지 보고나와서 또 보자네요  
20171125,9,관람객너무재미있었어요~~아이들이 그림 볼때마다 다시보러가자고 하네요^^5살아이도 집중해서 잘봤어요~~  
20171124,10,관람객요즘애들 볼만한게 너무없었는데.잘봤습니다ㅋ  
20171123,9,관람객울아이들이 봤는데재밌었다고 함  
20171122,10,관람객아이들이잘봤다네요ㅋㄱㄲ  
20171122,8,관람객아이들이 재미있었다고 또 보러가자고 하네요~^^  
20171119,8,관람객애들이 좋아하네요~^^  
20171119,10,생각보다 너무 재미있네 ㅋ  
20171119,6,깜찍한 녀석들의 끔찍한 전투  
20171118,6,관람객아들과 함깨 재밌게 봤습니다^^  
20171118,9,관람객좋아요 아이들이 아주 재미있어해요  
20171118,3,You guys nuts  
20171118,9,관람객생각보다 너무 재미있어여  
20171117,9,관람객시간가는줄모르고 봤어요^^ 스토리전개도 빠르고 즐겁게 봤음 ㅎ  
20171117,10,관람객아들이랑 딸이랑 너무 재밌게 잘 봤네요~~  
20171116,10,관람객애들이 너무 잼있어데요 ^^  
20171115,7,관람객어린이가 보기엔 교훈적이지만 어른들이 보기엔 아무래도 좀 부족하네요  
20171114,8,1편 정말 재미있게 보았고 2편은 어딘가 약간 덜했다..  
20171114,8,관람객아이가 너무너무좋아하고 영화보는내내 집중해서 잘보더라구요~^^간만에 데이트 즐거웠어요^^  
20171114,8,관람객아이들이 신나게 봤어요  
20171114,1,굉장히 불순한 영화임 그리고 중국이 애니메이션까지 잠식하다니  
20171113,10,관람객재밌게봤습니다 아이도좋아하고요  
20171112,10,관람객아이가 보고싶어했던 영화라서 재미있게 잘봤어요  
20171112,10,관람객초등학생 아들이 너무 재미있었다네요~  
20171112,8,관람객글쎄요.원이 재밌었는데. 아이가 나가자고 해서 결말을 못봤네요.  
20171111,8,관람객너무 어린 애들은 무서워하고어른은 재미가큰애만 신나게 보고 왔어요  
20171111,8,관람객권선징악 주인공은 달라도 결말은 같은 영화그래도 재밌는  
20171110,8,관람객교훈과 재미모두 있네요^^  
20171110,8,관람객아이랑 재미있게 봤어요  
20171110,10,관람객재이있게 잘 봤습니다.  
20171109,10,관람객딸아이도 어른인 저도 넘 재밌게 봤어요~3탄 나오면 또 봐야겠어요~  
20171109,9,"관람객아이들이 정말 좋아하네요! 1편을 안봐도 내용이 잘 이해가 되고, 아이들이 환경에 관한 교훈에 대해서도 생각해보게 되는 영화였어요  "
20171108,5,아이가 보고싶어해서 보러갔습니다.아이가 좋아하니  좋네요  
20171107,5,"딱 5점짜리 입니다. 스토리도 너무 유치하고, 영화시작부터 스토리를 다 짐작 가능하게 하는 주인공들의 대사. 그냥 딴거 보세요. 시간낭비입니다  "
20171107,9,관람객정말 재미있음 어린이 영화중 최고  
20171106,7,관람객아이가 재밌어합니다.다음에 또 다른영화로 볼예정입니다  
20171106,9,관람객휴가내서 아이들과 재미있게 봤습니다.^^ 팝콘과 넛잡캐릭터 음료수통 또한 아이들에게 인기라 사줬네요~  
20171105,6,관람객애하고 같이 봤는데 그럭저럭 볼만했어여  
20171105,10,관람객계속 웃었어요.재미 감동 짱  
20171105,10,관람객플롯이 정말 재미있군요!모험도 정말 흥미진진 했어요!  
20171105,9,관람객딸아이와 잼나게 봤어여~~귀여운 다람쥐 멍웅이 웃겨죽는줄~~  
20171105,10,관람객가족영화로 최고~~ 노동의 소중함을 깨우쳐주는 완소 영화  
20171104,10,집에서 티비로 보는데 재밌어요 애니메이션 안좋아하지만 볼만한 영화네요  
20171104,10,마지막까지도 웃음폭탄~~~  
20171104,10,관람객아이들과 넝 잼있었어여^^  
20171104,10,관람객넛잡 1을못보고관람했는데 아이들이재밌다고합니다~ㅋ  
20171104,10,관람객넛잡 어른이 봐도 재미있어요^ ^  
20171104,10,관람객재미있게잘보고왔어요  
20171104,10,관람객너무재미있고  진짜 운동하는사람들이라서 진심놀람  
20171104,10,관람객너무재밌게 봤어요~애들이너무좋아해요~  
20171104,9,관람객6세아이가 재미있게보았어요^^  
20171104,10,관람객재미있었습니다^^어른이봐도 볼만했어요~^^  
20171103,10,관람객딸아이랑 잼만게  봤네요  
20171103,10,관람객아이 때문에 봤는데 어른도 잼있었네오  
20171103,10,관람객아들과 볼예정입니다 ...기대합니다  
20171103,8,관람객애들이 좋아함.무난하게 보기 좋은 애니메이션  
20171103,7,관람객아기랑 잼있게 봤어요 ㅎㅎ  
20171103,8,관람객아이와함께즐거운시간이었습니다  
20171102,7,관람객아이들이 재미있게 봤네요  
20171102,8,관람객아이가 재미있어했어요  
20171102,10,관람객아이들과 재미있게 봤씁니다.  
20171102,10,관람객아이들끼리 보여줬는데 너무 재미 있다고 하네요 재미있게 잘 보았다고 합니다 재미있어요 재미있어요 재미있어요 잘봤습니다 잘봤습니다 애들이 재미 있다고 하네요 재미있어요 잘 봤습니다  
20171101,9,관람객아이들이 정말 재미나다고 하네요  
20171101,8,관람객시즌1보다 더 재미있고 좋았어요  
20171101,10,관람객재밌었어요재밌었어요  
20171101,9,관람객아이들이 무척 좋아하네요  
20171101,10,관람객애들이 넘 좋아하네요  잼났습니다~  
20171031,8,관람객아이가 매우 즐거워하며 봤습니다  
20171031,10,관람객아들이랑같이봤는데  너무 잼있었어요  
20171030,10,관람객아들이 재밌다고 하네요. 시간가는줄 몰랐대요. 초딩저학년에겐 그거면 충분하죠~~^^  
20171030,10,매우 재미있습니다 꼭 보세요  
20171030,8,관람객재미있게잘봤어요 아이들좋아라신나게 잘보네요  
20171030,9,관람객애들이 너무 재미있게보았습니다~  
20171030,7,관람객아이들과 보기 좋은 영화입니다.아이들도 좋아해요.  
20171030,9,관람객아이들이 너무 좋아해요  
20171030,10,재밌네요 아이들이 정말 좋아해요  
20171029,10,관람객아들이랑 봤는데 완전 좋아했어요~~~  
20171029,10,관람객애들이 정말 재밌었데요  
20171029,10,이게 주토피아보다 재밌는데?  
20171029,8,관람객아이들보기에  딱 좋은 영화입니다.애들 손잡고 가서 즐거운시간보내세요  
20171029,10,관람객재미짱ㄱ아이들과  함께보기좋은  영화  
20171029,9,관람객아이들이 조아해요 넛잡원도 재밋게 봣습니다  
20171029,8,관람객아이들이 기대안했는데 재밌었대요  
20171028,6,관람객아이가 잘 보더라고요 ㅎ  
20171028,8,관람객개인의 취향이겠지만 재미있게 보았어요~^^  
20171028,7,관람객애들하고 모처럼 영화봤는데 잼있네요  
20171028,10,관람객애들이좋아하네요 ^^  
20171028,9,관람객어린이한테는 진짜 괜찮은 것 같아요  
20171028,10,관람객시간가는쥴모르고 넛잡1보다 더 잼나게봤어요~~^^  
20171028,6,관람객애들과 같이 보러 갔는데 재밌게 보고 왔어요~~애들도 좋아하고 넛잡 1은 보지 못해서 비교를 할수 없었지만 애들은 좀 지루한 부분도 있었다고 했는데 악당들을 물리치는 부분에서 격하게 좋아하고 즐거워 하는 부분이 있었어요ㅎㅎ 넛잡도 개봉 될나요?ㅎㅎㅎ  
20171028,10,관람객방금 보고 나왔어요 10살7살 아이들과 봤는더 웃으면서 봤네요 ㅋㅋ  
20171028,9,관람객아이가 너무 재밌어했어요~~어른이 봐도 재미있고요  
20171028,10,"아이들이 정말 좋아해요. 재미와 우정, 그리고 공존의 가치까지 이야기를 담고 있네요.  "
20171028,7,관람객아이들과재미있게 봤습니다.  
20171028,9,관람객재밌었네요~~시간치곤 괜찮음  
20171028,5,관람객잼있게봤어요 아이가 좋아하네요  
20171028,8,관람객아이랑 재밌게 봤어요~~  
20171027,8,관람객구웃구웃구웃 참 재밋어요.  
20171027,8,관람객아이들과 재밌게 봤어요 ㅎㅎ그렇게 어려워하는내용도 아니었구요 ㅎㅎ  
20171027,10,우리나라애니 수준이 이렇게 높아졌다니 대박  
20171027,10,관람객너무 재밌구요. 아이들이 다람쥐 영화만 보자고 이야기 합니다.  
20171027,7,관람객아이들이 좋아했어요^^  
20171026,10,"관람객7살 8살 두아이가 너무 좋아하네요,한번 더 보구싶다구용  "
20171026,9,관람객아들이 아주아주 잼있데요 참고로 초등학생이예요~  
20171026,8,관람객매우 재미있습니다.  아이들 너무나 좋아해요  
20171026,10,관람객아이들과 너무 재밌게 봤어요  
20171026,10,관람객꺄루우어ㅗ묘녀아라라  
20171026,9,관람객6살아이도 집중해서 너무재밌게봤습니다~  
20171026,6,관람객재밌어요 재밌어요 재밌어요  
20171025,8,관람객네살 아들이 좋아했어요  
20171025,8,관람객아이가 재밌게 잘 봤어요~  
20171025,7,관람객다섯살 애기는 굉장히 좋아했어요. 어른이 보기에는 ㅎㅎ 주토피아가 훨씬 재미있었습니다.  
20171025,10,관람객아이가 너무 재미있게 잘보네요.  
20171025,9,관람객아이들이 재미있다 합니다 9점 드립니다~  
20171025,10,관람객좋아요 좋아요 좋아요 좋아요  
20171025,9,"관람객7,5세 아이들 재미있게 봤어요^^  "
20171025,9,관람객먹이를 찾아 헤매는 내용이 재미있었어요~  
20171025,9,관람객아이가좋으해요~아이랑 같이봤는대 어른들도 지루하지는 않아요  
20171025,10,관람객애들하고 조조 할인으호봤어요  애들도  재밌게보고  만족합니다  재밌넌요  
20171025,10,관람객아이와 함께 보기 지루하지않고 재미잇엇어여!!!  
20171025,8,관람객애들이 재미있게 봤어요  
20171025,10,"관람객일단 재밌고, 아이들과 보기에도 좋아요.유쾌한 영화입니다.  "
20171025,8,관람객별기대 안하고 아이랑 심심해서 보러갔는데 재미있게 웃으면서 보았습니다  
20171024,9,관람객어른도재밌고애기도재밌어해요  
20171024,7,관람객6세 아이와 함께 보기 재미있는 영화였어요. 자신이 일을하고 노력하여야 한다는것과 약한힘을 가졌지만 모두 힘을 합쳤을땐 그 힘이 배가 된다는것도 아이가 알 수 있었어요. 유익한 영화에요!!  
20171024,1,어떤사이트에서 테러해서 점수 높은듯  
20171024,8,"관람객7세 아이와 보기에 적당한 내용입니다. 환경,자연,동물과의 공존등을 생각하기에 좋았습니다  "
20171024,8,관람객우리아이들이보고나서동물환경사람이어울려조화를이루어야한다는생각을갖게되었네요  
20171023,8,관람객아이들과 보기 좋은 영화네요  
20171023,5,관람객재미잇어요재미있이요  
20171023,9,관람객권선징악 스토리도 나름 있고 캐릭터들도 귀엽고 6세 8세 아들과 봤는데 재밌었어요 ㅎㅎ  
20171023,10,관람객아이랑 보기 좋은 영화였어요. 교훈도 있고 재미도 있었습니다.  
20171023,6,관람객보통입니다. 그냥 보통  
20171023,9,관람객아이들과 함께봤는데 재미있었어요~^^  
20171023,2,관람객재미없어요으악~쾅!퍽!쿵! 이러다 끝나요.딱히 웃음 포인트가 있는 것도 아니고과장의 연속  
20171022,10,관람객아이들과 재밌게봤어요  
20171022,10,관람객즐겁게 봤어요 아이가 너무 신나헸아요.  
20171022,10,관람객사람들의 욕심때문에 자연을 훼손하는것이 너무 속상했어요~~~  
20171022,9,관람객아이들과 함께 할 꺼리른 찾는 부모님들에게 후화하지 않을 선택!  
20171022,8,관람객아이들이 넘 재밌게 보더라구요~~즐건주말됐어요  
20171022,9,관람객모처럼 아이들이랑 좋은영화 보게 되서행복했구요~아이들이 넘 좋아해요  
20171022,9,관람객4살 아들이랑보러갔는데 재미있게 보고왔습니다  
20171022,9,관람객아이들과 함께 가족이 모두 같이 보기에 너무 좋은 영화입니다~아무생각없이 웃으면서..즐겁게 관람했습니다~^^  
20171022,10,관람객기대 안하고 봤는데 너무 재밌어요!  
20171022,9,관람객애들이. 좋아해요^^  
20171022,10,관람객편하게결제하고 재밌는영화보고 좋아용  
20171022,8,관람객초반에  좀 지루한면이 있네요 조금씩 갈수록 나아져요제점수는요...7.8  
20171022,10,관람객시작하자마자 아이들이 너무 재밌어 하며 봤어요~~  
20171022,8,관람객아이들데리고 작년부터 어린이영화보러 계속다니는데  그중 넛잡이 제일 재미있었던건 아니지만 아이들이 집중해서 잘보더군요. 근데 다보고 나서 아이들이 넛잡에 대한 이야기를 안하는거 봐서는  기억에 남을만한 영화는 아니였나봐요.  
20171022,10,"관람객9, 7세 아이들 보여줬는데 너무 재밌었다네요. 넛잡 전편보다 훨씬 재밌었다고 좋아했습니다  "
20171022,9,관람객가족영화로 정말 딱이네요  
20171022,7,관람객약간평이학ㅗ 그저그러네요  
20171021,10,관람객애들이 진짜 진짜 좋야해요 겅추  
20171021,8,관람객간편하게 예매도 하고 재밌었어요  
20171021,7,관람객아이들이좋아하네요~  
20171021,10,관람객완전재미있게보았습니다  
20171021,7,관람객애들이보고 느끼기엔 좋았다 근데 뻔한느ㅡ낌  
20171021,8,관람객아이가 너무 좋아합니다  
20171021,9,관람객아이가 너무 좋아하네요..잼났어요..  
20171021,10,관람객만족합니다 만족합니다  
20171021,8,관람객영화 지루하지 않고 재밌어요 4살 우리 딸도 집중해서 질보내요 아이들하고 같이보기에 좋습니다  
20171021,7,관람객아이들과 지루하지 않게 즐겁게관람하였습니다^^  
20171021,8,관람객꼬마와 보기에 딱 좋았어요^^  
20171021,9,관람객처음으로 졸지않고 아이와 함께 본 영화예요. 교훈도 있고 허무맹랑하게 연결되지도 않고 나름 짜임새있는 스토리네요  
20171021,9,관람객아이들이 재밌게 봤어요.  
20171021,9,관람객시즌1을 봐서 그냥 귀엽게 보기 좋아요~  
20171021,8,스토리도 유익하고 그림도 좋아서 재밌어요  
20171021,8,관람객우리애가  재미나게  봤어용  
20171021,9,관람객아이들과 재미있게 봤어요^^  
20171021,10,관람객7살 아들이 자연과 함께 어우러져야 함을 배워 좋았답니다.  
20171021,10,관람객재미있어요~~^^1편을 못봤는데 연결되는것도없고 부담없이봤어요~~  
20171021,10,관람객3살베기아들과 시간가는지 모르고 봤네요 재밋어요ㅋ  
20171021,9,재밌게잘봤어요 아이가좋아해요  
20171021,10,관람객아이들과 재미있었어요  
20171021,9,관람객아이랑  보기에 좋은 영화 같습니다. 나름 좋은듯  
20171021,10,관람객아이랑보기 너무 재밋게 봤어요  
20171021,8,관람객딸이랑 재미있게 봤네요 그런데 전작에 비해 줄거리가 좀 허술한듯  
20171021,9,관람객자기가 살고있는곳이 없어진다는것에 별로슬퍼하지않았는데 나중에는 없어서는안된다는것을 깨달고 지켜낼려고 안간힘을쓰는 것에 감동적이었다  
20171021,8,관람객재미있어요아이들과 유익한 시간 보냈어요  
20171020,7,관람객소소 아이들이 즐거워했어요  
20171020,6,관람객말  그대로  애니네요 무엇을  말하고  싶은건지...  
20171020,9,관람객5학년과2학년이 모두 잼나게 볼수있었네요~^  
20171020,10,관람객재미있었습니다^^ 아이들이랑 즐겁게 영화관람했습니다^^  
20171020,10,관람객재밌었어요 지루할틈이  없더라구요  
20171020,10,관람객재미있고 좋았어요   재미있어요  
20171020,8,관람객아이가재미있어하네요..  
20171020,9,관람객6살 아이와 함께 너무 재밌게봤어요.아이가 다보고나서도 영화얘기를 계속하더라구요ㅎ  
20171020,8,관람객아이들이랑 재밌게 봤어요.  
20171020,10,관람객열심히 보세요 잼있네요^^  
20171019,7,관람객그냥 볼만해요ㅋㅋㅎㅎ  
20171018,10,관람객잼 있었습니다 애들이 좋아하네요  
20171018,10,관람객강추입니다~~^^  재밌고 줄거리도 유익하고 강추합니다^^  
20171018,1,관람객잠이와요  드디어끝낫다라고 말하네요  
20171018,10,관람객3대가 함께 봐도 너무 재밌고 동심으로 돌아가서 즐거워할 만한 애니였어요 ~~ ^^  
20171018,10,관람객아이들이랑재밌게보았고 5살 아이도 재밌다고하니 기분좋네여  
20171018,1,아이도 어른도 모두 지루해 하는 영화..  
20171018,5,관람객원시리지에 비해 너무 억지스러운 상황에 아이들과 함께 멘붕.ㅠ그냥 동화야.라고 계속 말해줘야하는상황ㅠ  
20171018,8,관람객남녀노소 모두가 즐겁게 볼 수 있는 영화.아이들과 함께 봤는데 스토리도 탄탄하고 재미있어서 오랜만에 멋진 애니메이션을 볼 수 있었습니다. ^^  
20171018,7,관람객아이들은 재밌게 보았다고하는데 어른이 보기엔 조금 지루한듯 하네요 전편보다 스토리가 약한듯 하네요  
20171017,8,관람객1편보고2편봤는데 재미는1편이ㅜㅜ그래도 7살아들 다람쥐는귀여웠다하네요  
20171017,9,관람객초등아들과 즐거운 시간 잘 보냈습니다. 재미있어요  
20171017,9,넛잡2가 한국어 더빙 있나요?  
20171017,10,관람객평점이 좋아서 예매했는데 6세부터 12세까지 재밌었다네요..ㅎ  
20171017,10,관람객재미 있습니다. 시사회때도 봤고요.  
20171017,9,관람객아이와 함께 보기 좋은 애니메이션입니다. 재미있었어요~  
20171017,9,"관람객아이만 재미있게 본 게 아니라,저도 재미있게 봤습니다.오랜만에  동심으로 돌아가 신나고 즐겁게 볼 수 있는 유익한 영화같습니다.  "
20171017,8,관람객넛잡2  아이가 좋아함 ...  
20171017,10,관람객유쾌합니다~아이들과 보기 좋아요~  
20171017,8,관람객재미있네요. 1탄이 더 재미있었어요.  
20171017,9,관람객재밋있다재미있다 아이들이정말재미있다고함  
20171017,10,관람객1편을 보긴 했는데 잘 기억 안났었는데 안본 사람 이라도 재밌게 볼수 있는 2편^^ 아이랑 재밌게 봤어요~~~  
20171017,10,관람객생각보다 재밋었고 애들이랑 보는게 더 좋았어요^^  
20171016,1,관람객평점이 좋아서 조카랑 가서 보았는데 지루해 하였어요더빙판만 있고 . 비추입니다  
20171016,8,관람객7살 남자아이는 잘 보는데 어른이 보기에는 쬐금  
20171016,10,관람객잼있네요^^ 애들도 좋아해요  
20171016,10,정말  재미 있는데 때를 잘못 만난 것 같네요  
20171016,10,관람객아이들과 보기에 적합한 영화에요... 아이들이 좋아해요  
20171016,10,관람객재밌는내용이예요 ^^  
20171016,9,관람객5세 아이와 함께 봤는데 아이도 어른도 재미나게 봤네요.  
20171016,7,관람객7세여자아이가좀 지루해 했어요  
20171016,10,넛잡굿잡~~~~!!  
20171016,8,관람객재미있었어요 애니매이션을 좋아하는건 아니지만 동생들때문에 봤는데 좋앗어요 추천합니다~  
20171015,10,기대안했는데 너무재밌어서 깜놀..  
20171015,8,관람객아이들과 즐거운 시간  보낼수있었어요.  
20171015,10,관람객애들 데리고가서 관람하고 왔어요^^아이들이 즐거워하니!뿌듯  
20171015,8,관람객아이가 재밌다고 하네요  
20171015,8,관람객잼나요 잼나요 재밋어요  
20171015,10,7살아들과함께웃으면서보았네요.어른이보아도괜찮은것같아요잘보았습니다.  
20171015,9,관람객아이들눈높이에선꽤..괜찮은만화  
20171015,6,관람객5살 8살 아이는 재밌었다고 하네요.저는 중간쯤 보다가 졸았고요.솔직히 임팩트가 없고 지루하더군요.아이들도 깔깔대며 웃거나 그러진 않았어요.  
20171015,9,관람객아이들이 재미있어해요  
20171015,7,관람객재미있게 봤어요10살7살 모두 잼나게 봤다 하네요~~  
20171015,10,관람객기대이상 가족영화네요~~재미도 있고 많은 교훈도 주는 훈훈한 영화네요~~  
20171015,10,관람객동생 생겨 큰딸과 데이트 할시간이 없었지만... 아빠찬스로동생은 아빠에게 큰딸과 엄마와의 데이트 뭐할까 하다 영화로결정! 넛잡2보러 영화관으로 ㅎ영화시작 큰따님 초집중ㅎㅎ 재밌는 부분도 많고 너무 재밌었다고 얘기해주네요^^영화 완전 추천이요!  
20171015,9,관람객아이들이 지루해하지않고 처음부터 끝까지 재밌게봤네요!^^  
20171015,9,관람객아이와함께봤는데~캐릭터도너무 귀엽구 재미있어요~~  
20171015,10,관람객애들이 좋아할만해요~^^  
20171015,10,관람객너무 재밌습니다 좋아요~ ㅋㅋ  
20171015,10,너무재밌고 애들이 좋아해요  
20171015,10,관람객스토리가 탄탄해서 어른이봐도 재밌네요전하려는 메세지도 있고 정말 재밌게봤네요  
20171015,7,관람객아이들이 많이좋아해요  
20171015,10,관람객아이들이 잼있었다고하네요~^^  
20171015,10,관람객6세 아들. 재미있었다고하네요.  
20171015,9,관람객아이들과 같이보긴 더없이 좋은영화^^  
20171015,9,관람객아이와 이른아침 조조를..어른도 함께하기좋은 애니메이션이예요지루할틈없이 웃고 빠져들어봤네요  
20171015,10,관람객아이와 함께보려고 예매했어요 내용도 알차고 재미있게 즐거운 시간보냈습니다 ^^  
20171015,9,관람객아이가 재미있게 봤습니다  
20171015,9,관람객아이가 한눈 한번 팔지않고 끝까지 완주한 영화!.  
20171015,10,관람객재미 있습니다애들이 재미 있어하더군요단 넛잡1을 보고 가시면 좋으실듯  
20171015,10,관람객아이들괴 신나게 웃고 울고  재미있었습니다.  
20171015,8,관람객아이들도 재미있어했어요~~  
20171015,10,아이도 어른도 모두 같이 공감할 수 있는 그런 애니!! 다시 보고 싶을 정도로 너무 재미지는 영화였슴당~ㅎㅎ  
20171015,8,관람객우리는 도시쥐다 !!귀엽다고 하지말랬다!!!  
20171015,9,관람객아이들끼리 봤는데 교훈도있고 재미있다고 합니다~♡  
20171015,10,관람객아이들이 화장실가고 싶은걸 참고 볼만큼 재미있었습니다.  
20171015,8,관람객아이들이 재밌게봤음~^^  
20171014,6,관람객애들보기엔 딱인거 같아요  
20171014,8,관람객아이들때문에 같이 보았는데생각보다 재미있었어요  
20171014,10,관람객아이들하고즐거운시간을보냈어요^^너무재밌게봤어요~~~~  
20171014,10,관람객아이들이 좋아했어요^^  
20171014,6,관람객좀 지루했어요~~~~  
20171014,8,관람객잘봤어요~~ 아이들이 좋아했답니다. 재미있었대요^^  
20171014,10,관람객아이가 정말 좋아합니다.  
20171014,7,관람객아이와 함께 보기 좋은영화  
20171014,9,관람객생각보다 재미있네요. 애들이 좋아해요  
20171014,9,관람객리뷰없이 바로 보러 갔는데 생각보다 재미있었어요.  
20171014,10,관람객아이랑 재미있게 봤어요~오랫만에 꺄르르 웃으며 즐겁게 보는 딸보고 흐뭇했답니다^^  
20171014,10,아이랑 보는데 재밌네요~^^  
20171014,10,관람객애들이 너무 좋아라하네요 잼나게 잘봣어요  
20171014,6,관람객아이랑 그럭저럭 볼만합니다  
20171014,10,관람객7세5세 아들과 방금봤어요교훈적인 내용도 많고 두아들 집중잘해서 끝까지 잘봤어요^^  
20171014,10,관람객재밌게봤어요 아이들이 좋아라하네요  
20171014,9,관람객재미있어요 4살아들이 좋아하네요^^  
20171014,10,관람객아기랑 잼나게 봤어요.아기두 잼나하고 엄마도 재밌었네요  
20171014,4,관람객그냥그냥볼만해요~~^^  
20171014,8,관람객아이가 재밋엇다고 하네요 ㅋㅋㅋ  
20171014,10,관람객정말 신나게 봤어요! 아이보다 더 좋아햇다능^^  
20171014,10,굉장히 재미잇습니다 아이들과 보기에 안성맞춤이네요..  
20171014,10,관람객좋은 영화 잘 봤습니다.앞으로도 잼있게부탁드려요  
20171014,10,베리 굿. 감동적이네요.  
20171014,10,관람객전편보다 더 잼있었어요~~~!!  
20171014,9,관람객화려하고 정신없이 볼거많긴한데  내용은영 별로예요  
20171014,10,관람객기대안하고 봤는데 꿀잼이었어요~~  
20171014,7,관람객초반이 지루한 거 빼고는 아이들이 보기에 재밌고 좋아요  
20171013,9,관람객가족과 함께 재미있게 보고 왔어요^^아이도 참 좋아하네요^^  
20171013,9,관람객유아나 초등저학년이 보면 재미있을 것 같다.  
20171013,10,관람객7살 딸랑이는 약간의 지루함..6살 딸랑이는 배꼽빠지면서 보고..저도 웃었네용^^  
20171013,10,관람객어른이 봐도 재미있어요~  
20171013,7,관람객캐릭터 그림체가 익숙하진 않지만 내용은 익숙하다. 기술력은 괜찮다  
20171013,10,관람객11살남자아이 7살여자아이 둘다너무재밌었다고 또보고싶다고해요~~  
20171013,8,관람객아이들은 재미있게 보더ㅡㄱ?ㄴ요  
20171013,10,관람객너무 잼있게봤어요. 9살아들.4살 딸과 봤어요.  
20171013,9,관람객아이들이 재미있었다고 하네요  
20171013,10,캐릭터가 이쁘고 재밌어요  
20171013,10,관람객애들이잼있어하네요^^  
20171013,10,관람객아이가매우즐거워하네요  
20171013,9,관람객아이들이 즐거워하며 봤네요  
20171013,9,관람객재미있어요   추천해주세요  
20171013,10,관람객1편에 이어 2편도 재밋  
20171013,8,"관람객애들이좋아하고, 볼만하네요  "
20171013,9,관람객애들이 잼있었다해요~~  
20171013,8,관람객아이들이나 어른인 제가 봐도 유쾌하고  밝아지는 영화입니다.  
20171013,10,관람객감사감사 드립니다행복하네요  
20171013,9,관람객아이들이 재밌다고 하네요~저도 재밌게봤어요..아이가 지겨워하거나 떠들면 제발극장예절 자녀에게 갈켜주세요  
20171013,8,관람객재미있어요 잘 만들었네요  
20171013,1,넛잡 하니까 생각이 났는데 여자한테 풋잡 받고 싶다  
20171012,7,관람객시장 딸이 너무 밉게나오고 꽤 과격하네요 그래도 볼만합니다  
20171012,10,관람객재밌었어요~ 1편 안보고 봤는데 1편도 궁금하네요~ btv로 보여줘야겠어요~  
20171012,10,관람객감동과 웃음이 있어요.어른들애게도 강추합니다.  
20171012,4,난 진짜 이런걸 왜 만들었는지 모르겠어..ㅋㅋㅋ돈아깝다여러분 진짜 재미없어요 대사 오글거려서 소름돋고 내용 짜증남;  
20171012,5,관람객진짜 재밌네요 보다가잠듬  
20171012,10,관람객내용이더짱짱해졌네용~^  
20171012,3,관람객아이들이좋아하네요잘1ㅘㅆ습니다  
20171012,8,관람객굿조아조아조아거거늬ㄱ  
20171012,7,관람객조카데리고 보는데 나름 재미지다.중간에 잠깐졸은듯.  
20171012,10,헐 넘나재밌는것???  
20171012,8,관람객7살 아이와 보기에 재미있었어요  
20171012,10,관람객재미있게 잘 봤습니다~~  
20171012,8,관람객전편만큼 재밌어요!!  
20171012,10,재미 ?시사점?유쾌한 웃음 모두 겸비한 애니메이션.왜 명성 자자한지 알것 같습니다.손자들과 즐긴 즐거운 시간이었습니다.  
20171012,9,관람객아이랑 아주 재미있게봤어요ㅎㅎ  
20171012,7,관람객그냥저냥 괜찮았어욤!울애들은 아주좋아하네여^^  
20171012,7,관람객아기만 좋아했어요 어른 보기에는 ㅠㅠ  
20171012,7,관람객7살 아들이랑 재밌게 봤어요~  
20171011,9,관람객아이들이 재밌어해요!  
20171011,9,관람객재밌었어요 아주아주요 동물들살곳을 생각해보는 시간이 되었어요  
20171011,6,관람객지루하다 막판 생쥐들이 웃겨줌  
20171011,9,관람객초등학생 딸아이가 봤는데요~~ 무척 재밌었다고 하네요^동심의 눈으로 보고 나와서는 장면들이 생생하게 떠오른다고 해요~~  
20171011,7,관람객ㅎ초등3학년아들 잼나게 보더군요~~  
20171011,8,관람객아이들도 집중해서 잘보고 재밌게 봣네요^^  
20171011,8,관람객전편을보지않고조카들과관람하였습니다집에가는내내대사를따라하더군요애들과데이트무비로는최곱니다  
20171011,10,관람객6살 아이가 너무 좋아하네요~ 영화관에서 빵 터졌어요~ㅎㅎ  
20171011,8,"가족이 함께 봤습니다. 초반부 아이가 살짝 지루해 할 수 도 있겠다는 생각이 들었지만, 상남자 펭의 등장으로 다시 흥미가 업~ 재밌는 가족 영화였습니다.  "
20171011,10,관람객아이들이 아주 좋아 합니다잼있어여  
20171011,7,관람객긴장감 넘치고 재밌었어요  
20171010,10,관람객너무잼있었어요 ㅋㅋ굿굿  
20171010,9,관람객아이들과어른이봐도전혀지루하지않고너무나재미가있게요  
20171010,8,관람객그냥 4살짜리가 보기 딱이었어요. 저는 후반에 갈 수록 조금 읭? 스럽긴 했는데 아이가 좋아했으니 ㅎㅎ  
20171010,10,관람객아이외함께보니 재미있었어요~~!!  
20171010,10,관람객아이가 정말 좋아 합니다.  
20171010,8,솔직히 진짜로 재밌었다!!초등학생 동생놀아주려고 갔는데 나가더 재밌게보고왔다!갠적으로 슈퍼배드3보다 재밌었다~!  
20171010,10,관람객아이들이  너무재미있게보았다고난리였어요  
20171010,8,관람객5살6살 아이와 봤어요  한시간반영화길래 혹시 지루해 하면 어쩌나 걱정했는데 다행히 재밌어 하며 끝까지 집중하면서 보더라구요~~  
20171010,7,관람객재미있는 장면이 중간중간 있어요.교훈도 조금있어요.일편만은 못한듯  
20171010,8,관람객초등전후 아이들이 좋아할만 합니다. 보고나서 환경과 자연의 소중함을 이야기하면 좋을 듯 해요~  
20171010,9,관람객오글거리는 대사 빼면 재밌 ㅎㅎ  
20171010,10,너무 재미있네요~아이들이 또 보고 싶다고 해서 한번 더 봐야 될듯요~^^  
20171010,9,좀 산만한감이 있지만 볼만함  
20171010,10,관람객영화관 제일 먼저 들어가서 제일 마지막으로 나왔네요.. 재밌습니다.  
20171010,8,관람객7세 아들이 좋아하네요  
20171010,10,관람객너무너무재밌게봤네여  
20171010,10,너무재밌어요 아이도 좋아하네요  
20171010,10,관람객아이들과 함께 넘 잼나게 봤어요..요즘 영화 너무 잘만드네요..정말 잘만든 영화예요  
20171010,10,매우 잼있음 가족들이랑 보세요  
20171010,9,관람객1편보다 더 재미있게 돌아왔네  
20171010,8,관람객긴연휴 뭘 할까하다 선택한 영화~아들과 즐겁게 봤어요^^  
20171010,10,오랜만에  재미있고 긍정적인 순수 우리나라 애니를 봤네요. 넛잡 1 보다  좋은거 같기도 하고  
20171010,6,관람객중간에 좀 지루했네요..  
20171010,10,역시 넛잡1에 이어서 최고였어요아이들도 너무 좋아하고 저도 너무 잼있게봤어요  
20171010,10,아이들이너무좋아해요^^환경파괴에대한일침.최근본애니중꽤퀄리티좋은영화!넛잡 ~굿잡~  
20171010,9,"관람객영어, 한글자막인 상영관이 부족해서 아쉬웠습니다.  "
20171010,10,관람객딸아이가 처음엔 재미없다더니 나중엔 재밌어하더라구요.조금 어린아이들은 엄마~ 무서워ㅜ 소리가 들리더라는...등장인물 시장과 그딸이 못되도 너~~무 못돼먹어서..ㅎㅎ그래...원래 세상은 사람이 젤 무서운거야~~  
20171010,10,관람객후속편이 기대됩니다 재미있어요  
20171010,9,관람객아이들과 재나게 보았습니다  
20171010,10,관람객재밌어요 아이들이 넘넘 좋아해요  
20171010,3,관람객극장에서 아이들 웃음소리가 한번도 나오지 않았던 영화  
20171010,9,딸아이가 재미있다면 그걸로 만족.  
20171010,8,관람객아이들이 좋아합니다. 톰과제리 느낌으로 폭력적인 행태를 재밌게 만든것은 그닥 마음에 들진 않습니다.  
20171009,10,아이들이 보기엔 좋네요  
20171009,8,"관람객뻔한내용이지만 , 아이들은 재미잇게 잘보앗습니다  "
20171009,9,관람객아이와 함께보기에 재밌습니다.  
20171009,9,관람객아이들이 보기에 내용도 알차고 좋았어요 8살 6살 보았는데 지루해하지않고 잘봤네요  
20171009,10,관람객아이와 보고왔어요~ 생각보다 재미있게 보았습니다!  아이도 좋아했어요 ~~^^  
20171009,10,관람객아이들과 재밌게보았어요. 팝콘파는곳에 넛잡 빨대컵도 있길래 하나씩 사주었더니엄청 좋아하더라구요!1탄보다 2탄이 더 재밌었네용^^  
20171009,7,관람객아이들은 좋아하더라고요.  볼만해요.  
20171009,8,관람객딸램과 즐겁게 봤네요~~  
20171009,7,관람객점수보고 너무 기대했나여    다른 만화영화 대신 선택했는데..스토리...조금 아쉽아쉽  
20171009,8,관람객울산성남점은 엘베타기가넘불편해요복잡해서ㅠㅠ영화는재미없어서6살은잔다고하고3살은무섭다나가자하네요ㅎㅎ  
20171009,8,관람객아이들이보기에재미있는것같아요~조금아쉬운건이야기전개가쫌그렇네요  
20171009,9,관람객아이들과 함께 보기 좋음  
20171009,10,관람객재밋게관람하고왓어요  
20171009,10,기대안하고봤는데 대박잼있어요!!! 넛잡1편도 보려고 결제했다는.  ㆍ  
20171009,10,아이들이랑  갔더니 정말 많이  재미있어하네요 .  
20171009,2,너무 폭력적이에요. 치고 때리고 부수고... 피만 안 튀겼지 성인 액션 영화인줄...  
20171009,10,관람객너무너무재밋어요  쫭쫭  
20171009,10,관람객재미있어요 아들도 좋아하네요  
20171009,10,애들과함께보기좋아요  
20171009,10,관람객내용도 탄탄하고 중간 중간 재미져서 즐겁게 잘봤고 아이가 너무 좋아했어요^^애니메이션 보면서 교훈까지얻고 이래저래 영화보는 재미가 있었어요~^^  
20171009,9,관람객아이들과 신나게 웃으면서 봤습니다~~  
20171009,10,관람객아이데리고보기좋은영화  
20171009,10, 우리애들은 평상시 중간에 나오는데 넛잡2보고는 자막올라올때까지 보네요 ㅎㅎ애들 집중되는 시간을 고려한것 같아요 애들이랑 같이보기 좋은 영화네요~  
20171009,10,관람객아이들과 봤는데 재미있게 잘봤습니다~ 아이들도 즐거워 하구요 캐릭터들도 귀엽게 잘봤어요~  
20171009,6,관람객시즌1과 별다를것없는 스토리에 다소 실망했어요  
20171009,8,관람객아이들과 함께 보면 좋은 영화에요~^^아기들이 어려서한국말  더빙으로 봤는데 재밌었어요~^^  
20171009,9,관람객여섯살 아이와 함께봤는데 재미있네요  
20171009,10,"관람객스토리, 캐릭터 모두 재밌었어요~^^  "
20171009,3,관람객1편보다 재미가 없다네요  
20171009,10,완성도 높은 대작이네요 ~~  
20171009,7,관람객그냥 괜찮았어요.즐거운노래와 함께.애니매이션 잘 안보는데.잼났어요  
20171009,7,관람객아이와 함께 봤는데 나름 재미가 있었어요.캐릭터도 귀엽고 마지막에 귀여운쥐가 최고였어요^^  
20171009,10,초3초5두딸들 데리고  기대없이예고없이 봤는데잔잔한감동도있고중간중간웃음도있고좋았네요  
20171009,9,관람객너무 재밌게 봤어요~아이들도 꿀쨈 이래요~^^  
20171009,9,딸아이가 좋아한 영화입니다^^  
20171009,9,관람객아이가 좋아했습니다^^  
20171009,10,관람객아이들과 즐겁게 봤습니다♡  
20171009,9,관람객재밌어요. 아이들이 재밌게봤어요  
20171009,10,추천합니다. 아이들과 함께 재밌게 봤어요.  
20171009,10,너무너무 재밌었습니다 ~~  
20171009,10,완전 재미있네요~~^^ 쓰리디로도 보고싶어요~~~~^^  
20171009,10,어제 혼자 보긴 했는데 즐겁게 봤네요~아이들이 많긴 했는데 영화 보는데 전혀 불편함도 없었구요 ㅋ  
20171009,10,관람객너무 재미있어요 초반에 졸다가 딸아이가 잼있다고 보라고 계속 깨워서 봤는데 앞부분 놓친게 후회되더라구요  
20171009,10,관람객재미있습니다 아이가 좋아하네요  
20171009,9,관람객애들이  넘  재밋다고  좋아하네요  
20171009,10,우리애들 무지 좋아하네요  
20171009,9,관람객추석연휴 딸아이와 함께 재밌게 보았습니다~^^  
20171009,10,관람객아이가 너무 재밌어하네요  
20171009,10,관람객아이와 어른이 보기에 좋아요 울 애기들 잼났대요  
20171009,9,관람객귀여운 동물친구들 아이가 너무 좋아하네요  
20171009,10,관람객좋아요   넛잡좋아요 재미있엇어여  
20171009,8,관람객애들이 재미있다네요.^^  
20171009,9,관람객애들때문에 갔지만 안 졸고 잘 보고왔네요~  
20171009,8,관람객아이들과 재미나게 보았어요^^  
20171009,10,관람객넛잡1보다 넛잡2가 더 재밌네요 정말 진짜 완전 리얼 헐 재밌었어요 갑자기 땅콩 가게가 터진건 좀 말이 안됐어요 하지만 나머지는 다 재밌었어요 미스터 팽이 웃겼어요 다음에 또 보고싶습니다 버디가 기절한건 슬펐어요 다시 깨어나서 다행입니다  
20171009,8,"관람객6살 아이와 함께 보는데..대화가 좀..폭력적이긴했지만,재미는 있네요..  "
20171009,8,관람객7살 딸래미랑 재밋게 잘 봣습니다.  
20171009,9,관람객너무재미잇어요~~^^시간이너무빨리가네여~  
20171009,10,관람객아이들이 너무 좋아했어요교훈도 있고 재미있어 또 보고싶다고 하네요좋은영화 감사합니다  
20171009,10,관람객편하고좋네요.잘보고왔어용.  
20171009,1,에휴...이게 무슨..  
20171009,10,관람객아들딸과 다녀온 넛잡2동물과 자연을 파괴하지않고 지켜야겠다는 생각이 들었어요.그리고 스스로를 지키려는 모습에 자극받았어요.아들도 재미있었대요.  
20171009,8,관람객그냥 나쁘지않은 애니메이션..큰 주제는 없는..  
20171009,10,지루하지 않고 재미있는 애니매이션이네요 아이들과 같이 가서 보면 참 좋을 것 같아요  
20171009,10,관람객아이들과 정말 즐겁게 봤습니다  
20171009,8,관람객아빠와 아들~~재밌었다네요^^  
20171009,10,지루하지않고 재미있습니다  
20171009,1,와우! 꼬레아! 지원군 싸이! 갱남스따일!  
20171009,7,관람객어른기준에서는 그냥그런데 애들이 잼있다고 하네요.  
20171009,9,관람객애들이 재밌게봤어요  어른도볼만  
20171009,10,관람객스토리가 탄탄하다는 아이들의 평입니다 영화의 메세지는 한 동물이라고 생태 피라미드에 빠져서는 안된다는 ^^ 아이들의 이야기 입니다 2학년 6학년 관람 했어요 ^^  
20171009,10,관람객아이랑 같이 봤는데 잼있내용  
20171009,10,관람객7살 4살 아이들과 재밌게 잘보았습니다 ~~~~  
20171009,10,관람객유쾌한영화였습니다애들도 어른도 볼만한 영화  
20171009,7,관람객아이들은 좋아했어요전형적인 디즈니 영화  
20171009,1,쥐꼬리 징그러... 쩜하  
20171009,3,관람객아이들이 좋아함....1222  
20171009,7,관람객1편보다 더 재미있어요  
20171009,8,관람객아이들 웃으면서 잘봤어요  
20171008,8,관람객관람평만 믿고 보시다가 실망하실 수 있습니다  
20171008,10,관람객이제껏 아이하고 본 영화중에서  젤 괜찮았어요~~ 요번엔 내가 안자고 봤어요..  
20171008,8,관람객여러 동물 캐릭터 등장과 재밌는 스토리등 즐거웠음.  
20171008,10,"8세,9세 애들 둘이서 봤는데..엄청 재미 있다고 하네요.근데 상영관이 별로 없어요..  "
20171008,10,아이들하고 젬있게 봤어요  
20171008,10,관람객연휴때 아이랑 너무 잘봤어요.  
20171008,10,관람객가족과 함께 보기에는 잼나는 영화입니다.  
20171008,10,전작보다 아이들의 반응이 휠씬 좋네요.  
20171008,9,관람객잼나잼나요 ^^~~~~  
20171008,7,관람객애들이 보긴 재밌....을것 같기도하고 아니기도  
20171008,5,관람객재미없어요 애들도 별로라고 하네요  
20171008,10,관람객명절연휴  아이와 잼있었어요  
20171008,6,관람객아이들은 재미있어 하네요  
20171008,10,재미있을것 같네요 곧 봐야겠어요  
20171008,10,아들이 넘  재미 있다고 하네요. 이제껏 본것중에서 제일 재밌다고  DVD나오면 사 달라고 하네요 헐~~..돈 더 들게 만드네요.  
20171008,10,관람객아이와 함께 재밌게봤네요ㅡ1편에 이어 2편도 실망시키지않네요  
20171008,8,관람객아이들이 좋아했어요~~  
20171008,10,관람객아이들이 너무 신나게보았습니다  
20171008,10,관람객별로 기대하지않고 봤는데 아이와 재밌게 봤어요~^^ 추천합니다!!!  
20171008,8,관람객아이와 잼나게 봤어요.마우스 친구들 넘 귀엽네요.  
20171008,8,관람객아이들 눈에는 최고의 영화  
20171008,9,가족이 함께 보기 좋네요.  
20171008,10,관람객아이와 함께봤는데 내용좋고 재미도 있ㅇㅓ요  
20171008,7,관람객아들 즐겁게 봤다고 하네요  
20171008,9,관람객아이가 잼있어했어요ㅎㅎ  
20171008,10,친구네  애들이랑   넘  잼잇게 잘 보고 왔습니다  
20171008,10,관람객애들이 너무 재미있었다고  또 보고싶다고하네요  
20171008,9,관람객아이와 너무즐겁게잘봤습니다..  
20171008,8,재밌게 잘 봤습니다.아이들이 좋아하는 내용이였습니다  
20171008,10,별 생각없이 봤는데 너무너무 잼있네요  
20171008,10,관람객우리 공주님이랑 잼있게 봤어요^^  
20171008,8,관람객아들과  같이 재미있게 봤어요  
20171008,9,관람객재밌네요아이가 재미있어해요  
20171008,10,관람객아들이랑 잼나게 잘 보고왔어요~~^^  
20171008,10,가족들 같이와서 보기에 좋은영화 아이들 어른들 둘다 재밌게 봤네요  
20171008,10,아이들과보기좋은 영화  
20171008,4,Wow~!~! 중간에 폰 밝기 최대로 낮추고 겉옷 뒤집어쓰고 폰 했네요 저한테는 정말 재미없었습니다... 돌려내 내 7000원...  
20171008,6,관람객아이가 집중하며 잘봐요  
20171008,10,유쾌하네요 애니메이션 좋아하시는 분에게 강추드립니다.  
20171008,9,관람객딸아이랑 잼잇게 잘봣어요  
20171008,10,관람객아이드리 재미있게 관람했어요  
20171008,10,관람객아들과  끝까지 웃으며  잘  봤습니다  
20171008,10,넛잡~재미있네요~ 저희 아이는 ~ 한번더 보고싶다네요~어른들이 보기에도 시간가는줄모르고 재미나게 잘봤구요~ 가족영화~ 강추합니다~  
20171008,7,관람객동생들도 잘 보고 재미있어요~  
20171008,10,관람객생각보다 잼있고 아주 볼만 해요  
20171008,10,"다섯살 우리딸 콜라 한통, 팝콘 한통 아작내면서 재미나게 보더군요...옆에 대놓고 전화하는 60대 아주머니, 담에 또  그러시면 한마디 할거예요!  "
20171008,9,관람객아이들이 지루해 하지않고 재미있게 봤어요  
20171008,4,관람객재미있어요너무너무너무오  
20171008,10,관람객재밌어요..아이가 좋아해요  
20171008,9,관람객넘잼다네용ㅋㅋㅋ최고잼따고ㅎㅎ  
20171008,10,관람객아이들이 너무너무 좋아해요  
20171008,10,관람객아이들이재밋어하네요~~  
20171008,10,관람객얘들과함께보기 아주좋네요~  
20171008,9,관람객재밌음.. 볼만함..  
20171008,8,관람객애들이 잼있어했어요~ 저도 재미나게 봤습니다~~아이들한테 추천해요~~^^  
20171008,10,관람객캐릭터들도귀엽고스토리도좋았어요~초1아이재밌게봤어오ㅓ  
20171008,10,관람객다람쥐들의 통쾌한 복수 ㅋㅋ  
20171008,8,관람객아이들괘 재미있게 잘봤어요~아이들이 너무 좋아하네요~^^  
20171008,10,관람객재미있고 즐거운가족들을 위한 영화입니다  
20171008,9,관람객다섯살아들이랑재밌게봤어요끝날때까지 움직이지않고 집중해서보네요스릴있고귀엽고재밌었습니다~^^  
20171008,9,관람객기대이상! 아이디어 굿!  
20171008,8,관람객아아들보기에 넘 재미있어요  
20171008,9,딸이랑 보고왔어요 재미있어요  
20171008,10,재미있다네요 정말루 ㅋㅋ  
20171008,7,관람객클라이막스 부분의 스토리에 개연성이 부족함.  
20171008,7,관람객네이버에서 편하게 예매해 잘 보고왔습니다  
20171008,10,정말 재미있습니다.애들 데리고 같이 봤는데 스트레스 와전해소!즐겁게 저녁도 먹었서요.  
20171008,9,관람객신나고 발랄하며 귀여운 동물들이 너무 좋아용~~  
20171008,10,아이들과 함께 보면 좋을 듯~*  
20171008,7,관람객애기는 좋아했으나 나는살짝 졸렸음..기대 이상도아니고 이하도아니고 그냥 딱....어린이 에니메이션..  
20171008,9,관람객보는  내내 신나게 웃었네요   나름 교훈도 있구요  
20171008,8,관람객1편보다는 좀 지루했어요..  
20171008,9,관람객아이가 재밌게보았어요  
20171008,10,관람객아이랑 같이 봤는데 너무너무 재미있고 좋았어요  
20171008,10,관람객1편보다  잼있게봤어요 ~♡♡  
20171008,10,5살 아이와 함께 보았는데 너무 좋아합니다.  
20171008,10,애들보기 무난했어요. 디즈니 수준은 아니지만.  
20171008,10,잼있어요. 내용도 교육에 좋구요  
20171008,10,우리 애들  재미 있다고  친구들 보라고 전화 하네요  
20171008,10,잼있게 봤어요 아이들이 재미 있어 하네요  
20171008,8,관람객유아들이 보기엔 무난한 영화  
20171008,9,잼-~잼.. 오랫만에 동심으로 ~~  
20171008,10,"관람객4살,6살 아이들과 함께봤어요ㅡ내용도 어렵지않고 재미있어요^^  "
20171008,9,정말 정말 재미있었어요!!!저는 넛잡1 (땅콩도둑들)을 안봤는데 진짜 진짜 보고 싶어요!근데 제가 9점을 준 이유는 악당이 너무 시시하게 죽고 당하고 그래서 그래요.조금더 악당이 오래 살아남았으면 좋겠어요!넛잡3도 기대할게요!(정새하 올림 11살)  
20171008,3,"관람객아이때문에 겨우 봤다,,,,  "
20171008,8,관람객추석연휴아이가신나게볼수있는영화!!자연과동물에소중함을느끼게해줄수있는영화!!  
20171008,8,"관람객8,4 아들둘과 봤는데 볼만했어요.  "
20171008,10,관람객너무 아이가 재밌게 봤어요  
20171008,10,짱짱 재미있습니다!!!  
20171007,10,관람객아이들과 함께 관람우리 아이들 동물사랑에 더욱 관심 많아짐내용도 좋고 즐감했어요  
20171007,9,볼만하네요...별 기대 않 했는데 ...조카들 4-7살 애들이 좋아할만한 영화  
20171007,10,뭐 볼까 고민하다가 이거봤는데 재밌어요~ 역시 넛잡 ! 넛잡1도 봤는데 재밌어서 본건데 재밌네요  
20171007,10,정말 재밋어요!!! 꼭 보셧음 좋겟습니다 어린애들 잇는 집이라면 꼭 보세요!  
20171007,7,관람객생각보다 보통입니다.  
20171007,10,재밌어요!!꼭 보세요  
20171007,9,관람객아이들과 재미있게 잘 봤어요~  
20171007,10,기대만큼 재밌었구 스토리 또한 탄탄해씀  
20171007,10,매우 재미있네요...특히  저희 아들 녀석이 좋아하내요.^^  
20171007,8,관람객아이들이랑 재밌게 잘 봤어요  
20171007,1,별롭니다. 예전 씽이라는 영화의 10분의 1도 안됨... 아이들이 2번 웃고 멍하니 보고만 있던영화가 이겁니다.  
20171007,10,재밌었구 잘 만들었어요우리 기술인데 꼭들 보세여~  
20171007,10,한국에니메이션의 수준을 올린작품ㄱㄱ  
20171007,9,관람객볼만했네요. . 엄청재밌지는  않았구요  
20171007,10,우리딸 영화볼때마다 소리너무커서 귀막고봤는데이번엔 소리신경쓸틈도없이 너무나 재미나게잘봤다  
20171007,8,관람객전작에 비해서는 좀.. 그래도 역시 넛잡!!  
20171007,10,아빠랑 오늘 수원에 롯데시네마에가서 보았다. 넛잡1은 집에서 유플러스로 무료로 보았는데 넛잡2는 극장에서 보여달라고 해서 아빠가 보여주셨다.  미스터팽은 귀엽지만 싸움을 잘했고 아기다람쥘들이랑 강아지들이 귀여웠다. 시장이랑 시장 딸은 악당인데  
20171007,9,관람객아이들이랑 보고왔는데 너무너무 재미있어요  
20171007,10,공짜 점심은 없다.펭은 귀엽다.은근 동심의 세계로 초대해준당.하여튼 시장 뽑아노면 맘에 드는게 하나도 없다  
20171007,10,우리조카 4살~12살 9명은 너무 재밌어햇구요현장반응짱입니다. 밑에분 저의가 의심스럽네↓↓↓ 딥알바같아  
20171007,7,관람객중간부분에 흥미를 잃고 나가버리는 아이들 속출. ㅋㅋㅋ  
20171007,9,참재미있네요어른들도요  
20171007,10,아이들과 보기에 딱좋습니다 어른도보기에 괜찮네요  
20171007,9,관람객애들하고 보기에 딱~이네요.시장보니까 누구 생각도 나고....아무튼 재밋게 봤습니다.  
20171007,10,6살 따님과 함께  보신분은 집중력이  떨어지고  재미 없게 보셨다는데 혹 따님의 집중력이 떨어지고 본인의 집중력이  떨어지는것은 아닌지 의심해 보시기 바랍니다...  
20171007,2,평점이 너무 높다.. 6살딸아이랑 봤는데.. 재미없고  집중력이 현저히 떨어진다.  그림 디테일이  이상하리 만큼 높은 장면과 떨어지는 장면이  보인다.. 쩝 실망.  
20171007,10,아이들이  좋아합니다. 잘만들었어요  
20171007,10,캐릭터도 귀엽고 내용도 볼만하네요^^~  
20171007,10,아이들이랑 보기 딱이네요~!  
20171007,10,아이들 있는집은 강추 아들이 엄청 좋아하네요  
20171007,10,아이들이 넘 좋아합니다  
20171007,1,별로별로 별로에비비비  
20171007,9,관람객아이들이 재미있다고 하네요 내용도 있고 나오는 동물들도 구엽고  
20171007,9,관람객아이들과 잼나게 봤습니다~^^  
20171007,10,관람객너무너무잘봣습니다!!!  
20171007,10,유쾌하고 재밌는 가족영화  
20171007,10,아들이랑 영화보고왔는데 애기들도 좋아하고 영화가 볼거리도많고 재미납니다  
20171007,8,관람객더빙이 조금 아쉬웠음.. 애기랑 보기엔 괜찮았음  
20171006,6,관람객그냥그래요  가족영화로는 좋아요  
20171006,5,너무나 폭력적이네요.동물을 골프채로 내려쳐라 라던지...폭력적인 장면이 거의 주를 이뤄서 보기 불편했어요.전체적으로 산만하고 깊이가 없어요.그림만 좋아요.1은 돈주고 못볼만큼 형편없더니 그래도 이건 연휴에 아이와 볼 만 해요..다른 볼만한게 없다면요!  
20171006,8,관람객아이가 너무 재밋다고 난리입니다. 어른은 그냥저냥 해요~  
20171006,10,관람객긴연휴 아들과함께 재밌게 봤네요~  
20171006,9,딸래미가 재밌다고 하네요. 아이가 재밌다니 다행이였어요. 넘 귀여운캐릭터 많이나오구요.  
20171006,7,조카와 함께잼나게봐써여  
20171006,10,캐릭터가 너무 귀엽고 영화 보는동안 지루한 틈이 없었네요성인들이 봐도 좋은 애니메이션이라고 생각 합니다추천합니다  
20171006,10,오.... 기대 이상이네요. 후회없는 선택!!  
20171006,8,관람객아이들이 좋아하네요!! 어린이들 보기 추천  
20171006,5,애들도 지루해 합니다..  
20171006,9,관람객ㅈㅐ미있었다고하네요저희아들  
20171006,8,관람객아이들이 너무 재미있어 했어요  
20171006,9,관람객재미있어요 아들이좋아했어요  
20171006,1,애들 보는 영화인데 폭력성이 너무 심하네요안보는것이 좋을듯 싶네요..ㅡㅡㅋ  
20171006,10,1편보다 괜찮아요. 애들이랑 연속으로 또보러 와야겠어요  
20171006,10,요즘 감성에 치우친 애니메이션뿐인데 오랜만에 사회 풍자적인 내용의 애니메이션이 나왔네요.  
20171006,8,관람객유쾌하고 재미있었고 권선징악 내용이라 좋았습니다 그런데 만화라도 지나치게 폭력적인 내용들이 전반적으로 있어서 걱정되기도 하더군요 유쾌하고 재미있었고 권선징악 내용이라 좋았습니다 그런데 만화라도 지나치게 폭력적인 내용들이 전반적으로 있어서 걱정되기도  
20171006,10,10살 딸아이랑 봤어요. Good job  
20171006,10,진짜 너무너무재밌어용 간만에 기억에남는 영화본것같네여 강추합니당!!  
20171006,1,정말 잼없다. 애기들 집에 가자고 난리... 내용자체가 이건 애들이 볼 내용이 아님! 미친내용 짱나  
20171006,10,너무 재미있어요 대박흥행하길 바래요  
20171006,10,관람객재밌어요~평가가 너무길어요  
20171006,10,너무 잼나여~~~^^  
20171006,10,7살 아들:너무 웃기고 대박대박 재밌었어요4살 딸: 재밌어서 헤헤 웃었어요 30대엄마: 어른인 제가 너무 크게 웃어서 민망했어요 ㅋㅋ  
20171006,9,관람객얘들이랑보기좋은영화  
20171006,6,싸우는 장면이 너무 많이 나와요. 아이랑 보는 내내 싸우는 장면만 나와서 좀 아쉽습니다.  
20171006,10,잼있어요~^^* 많이 웃었네요~ㅋ  
20171006,10,관람객초3.중1 아이들을 동시에 만족시킨 영화였어요. 저도 즐겁게 즐기고 왔어요~  
20171006,10,길고 긴 연휴에 딸과 함께 넛잡2를 보고 왔어요.넛잡1은 안 봤는데 상관없네요.재미있고 영상미 좋고 우리 기술로 만들었다니 더 좋았어요.  
20171006,10,캐릭터 잘잡았네요. 스토리가 좀 더 신선했음 휠 좋았을듯  
20171006,10,정말  재밌게 잘 보았습니다 ~  
20171006,10,애들과보기에너무좋습니다  
20171006,10,한국 애니메이션의 자존심  
20171006,10,가족들과 보기에 진짜 재미있습니다  
20171006,9,관람객아이들이 재미있게 봤어요  
20171006,10,다들 재미있다고 난리네요아들이 보구서 또 보고 싶다는데 어쩌나 ㅎㅎ  
20171006,10,가족끼리 보기 좋습니다!!^^  
20171006,10,재밌어요.가족들과 볼만합니다  
20171006,9,재미있네요 ㅎㅎ 아이들만 보는 애니메이션이 아닌 이런 가족영화가 더 많이 개봉 했으면 하는 바램입니다  
20171006,10,아이들과 함께 신나게 봤네요 보람찬 하루  
20171006,1,이 영화는 미국 자본가들 비난 하려고 중국의 영화사 들이 만든 거 같음. 하지만 이 영화를 보고 진심으로 죄책감을 느껴야 되는 존재 들은 부와 권력을 가진 중국 고위층 들임. 그리고 순진한 아이 들에게 중국의 영화사 들은 빨갱이 사상 전파를 그만하삼.  
20171006,10,굿이다굿이야으흐흐흐  
20171006,8,관람객아들이 참 재밌어 하네요  
20171006,10,온가족 볼만 하네요~~  
20171006,10,조카들에게 최고의선물이 되었던...  
20171006,9,엄청 재미있진 않지만...볼만은 하네요~  
20171006,10,추석연휴 뭘할까 고민하다가 아이들과 함께 보고 왔네요.8살 6살  아이들이 너무 재밌다고 또 보자는 통에 한바탕 하고왔어요. 아이들과 무료하시다면 꼭 함께 보세요.  
20171005,10,너무 재밌게 애들이랑 봤네요.애니메이션중 짱  
20171005,10,아이셋 어른둘 같이 봤는데 모두 재밌다고합니다  
20171005,1,엥 이게재미있다고???  
20171005,10,ㅎㅎ 기대없이 봤는데 잼있습니다.  
20171005,8,친구딸이랑보러갑니다 보기싫지만 어쩔수가없네요ㅠ  
20171005,10,이게  한국산영화라는개  믿겨지지않아요   그것도중소기업이     재미있었어요   기대안하고  봤다가충격묵엇어요    여섯살딸이  보채지않고   집중해서보네요  
20171005,10,크게 기대안하고 갔었는데 넘넘 재미있네요~^^  
20171005,10,다이나믹하고 즐거움 볼만함  
20171005,10,별 기대없이 봤는데 아이가 재밋어합니다~^^  
20171005,9,관람객후기보고 아이들과 같이 봤습니다ㅎㅎ 인간의 욕심으로 변화하는  시대배경에  동물들이 피해를 보고 지키기위한 모습이 애니메이션이지만 뭔가 메세지를 남기는거 같아 간간 웃음도있었지만 짠한것도 있어 씁쓸했습니다아이들과 좋은시간이었습니다  
20171005,10,펭 왤케귀여움ㅋㅋㅋ소장하고픔ㅎㅎ  
20171005,6,애니메이션은 집에서 다운받아 보는걸로... 꿀잠잤드  
20171005,10,아이들이 재밌게 보네여 ㅎㅎ 저도 안졸고 잘봤슴다^^  
20171005,1,미국에서 왜 폭망했는지 보여줌.  
20171005,10,재미있어요 어린아이있는 가족들끼리 보기좋아요!!  
20171005,10,관람객조카랑 같이 봤는데 너무 재밌었어요~^^  
20171005,10,너무재미있습니다..  
20171005,10,너무너무 꿀잼. 3편은 안나오나요? 너무너무 기대돼요.  
20171005,8,관람객추석때 애들이랑 보기에 이만한 게 없네요  
20171005,10,재밌어보이네요 봐야겠어요 ㅎㅎ  
20171005,10,관람객애들하고 재밌게 봤습니다. 오후에 봤는데 사람도 많고 반응도 좋네요..  
20171005,10,애들이 진짜 좋아해요케릭터 너무 귀여워요  
20171005,10,긴추석 연휴 얘들이랑 보기 좋았습니다. 저도 애니를 좋아해서 어른이지만 재밌게 보았습니다.  
20171005,10,닌자고보다 훨 씬 재밌네요. 공짜 바라면 안된다. 자연보호 뭉치면 강해진다 나름 교훈도 있네요.  
20171005,10,관람객넛잡 1편보다 더 재미있었다...  
20171005,10,어린이들이 좋아해요:)  
20171005,10,아이들은 아주 좋아하네요.   넛잡1  2  다음꺼 또 언제 나오냐고 물어보네요  
20171005,10,초딩 아들과 함께 재미있게 봤네요~그래픽도 괜찮고 스토리도 좋았어요~~추천합니다~~  
20171005,10,Good~ 한국 애니메이션이 훌륭한데요 애들도 웃고 재밌다고 하네요  
20171005,9,오늘  동생이랑 조카랑 보고왔어여~넘 잼나고 교훈도 주는 유익한 애니였습니다~미스터팽도 넘 귀엽고 웃겨요 여기저기 아이들웃음이 들리고  즐거운관람이었습니다~  
20171005,10,기대안했는데 조카녀석이 너무잼있다네요^^  
20171005,10,애들이 좋아서 정신을못차리네요 ㅎㅎ  
20171005,10,국산애니라고 생각하기 힘들정도로 잘 만들었네요~  
20171005,10,아이가너무재밌다네요.넛잡1보다엄청재밌다고...넛잡3언제나오냐고묻네요  
20171005,8,전편보다더나은것같다  
20171005,10,관람객아이들 눈높이에서 만든 만화영화입니다. 잘 만든 듯 합니다  
20171005,10,관람객애들이 좋아하네요 추천  
20171005,10,귀여운동물들이 나와너무재미났어요  
20171005,10,애들이 너무 재미있다네요  
20171005,10,딸만 둘입니다. 굉장히 즐거워합니다. 아이들에게 선물같은 시간이었던 것 같습니다. 의외로 어른 입장에서도 전혀 지루하지 않고 꽤 볼 만 합니다.  
20171005,10,너무 재밌어요! 딸들이 너무 재밌다고 그러네요^^  
20171005,10,아이들이 좋아하네요~  
20171005,10,생각보다 잼있었어요~!  
20171005,9,유익하고 재미있어요~  
20171005,1,전편에 비해 반토막난 북미흥행. 그것은 얼마나 부실한 애니메이션인가를 나타내는 반증. 스토리도 지루하고 애니메이션 퀄리티도 떨어지고 여기 평점 높게 주는 놈들은 이 애니메이션을 만드는 레드로버 주식을 사서 물린 호구들. 보러간 순수한 관객은 없음.  
20171005,10,애들이보긴 좋네요. 주말도만 입소문 날듯  
20171005,10,애들하고 보고 왔는디생각보다 재밌네요~~^^  
20171005,10,애들 보기 좋아요 ^^  다함께  볼수있는  가족 영화네요.  
20171005,10,"우리 애들 셋, 조카들 넷, 어른들 셋, 합 10명!모두들 즐거운 연휴지만 조금 쌓인 스트레스도 재미있게 웃어가며 모두 날려버리면서 유쾌&상쾌&통쾌하게 잘 보았네요. 좋은 영화네요. 아이들이 있다면 곡 데리고가서 보시길 강추합니다.  꿀잼^^  "
20171005,10,아들 딸 조카들과 재밌게 보고 왔습니다  
20171005,10,Cgv에서 보고 왔네요  초등아이들이 넘 좋아하네요 내용도 굿!!~다만 아쉬운건 상영시간좀 늘려줬음 더 편한시간에 볼수 있겠네요  
20171005,10,아이랑 보고 왔는데 캐릭터들 맘에 들고용 환경보존..  절재된 개발 등 배울점도 있어 좋았심다.   미터 팽 절권 인상적이었고요 ~~  
20171005,10,넛잡2아이들이 정말 좋아하네요~~~ 강추  
20171005,10,애들이 정말  재미있어해요~~ 어른인 내가 봐도 재미있네요^^  이번추석 최고의 가족영화~~  
20171005,9,애들과 볼만한 영화네요^^  
20171005,10,아이들이 종말 좋아하네요 ㅎ 특히 중 후반부부터는 웃긴장면이 여러번 나와 애들이 낄낄대며 웃으며 잼있게봐서 좋더라구요^^  
20171005,10,7살딸 아이가 엄청좋아하네요어른들도 같이 볼수 있는 레벨이네요~~  
20171005,10,생각보다 재밉다 유아 보는걸줄 알았는데  
20171005,9,애가 좋아하니 덩달아 기분이 좋네요  
20171005,10,우리기업이 만들었다니 믿기지가 않네요 꼭 보시길  
20171005,10,그냥 애들과 봤는데기대이상으로재미있네요~  
20171005,9,"9살딸, 4살아들 데리고 가서 봤는데, 재밌게 잘봤어요.  "
20171005,10,대박 중국에서 흥행할거 같네요 애들이 무척 좋아할듯  
20171005,10,평가절하되어 있는 것 같아서 평가절상이요~  
20171005,10,대박날것같네요!!!!  
20171005,10,정말 재밌습니다아앙 추천  
20171005,10,올해 최고의 애니메이션 ㅋㅋ  
20171005,10,아이가 너무 좋아하네요~^^  
20171005,10,오늘 아들딸이랑 와이프랑 같이보구왔습니다 아들에게 자연의 소중함을 더욱 느껴줫던 영화같애요 교육적으로도좋았던 영화같아요!!!감사합니다!'^^  
20171005,10,아이들과 보았는데 기대 이상이었습니다 우리 기업이 만들었다는데 대박나세요  
20171005,10,추석때 아이들 데리고 무조건 봐야함  
20171005,10,아주 재미있게 잘 보았습니다.  
20171005,10,흥미진진하게 봤습니다..  
20171004,10,최근 나온 애니중엔 제일 깔끔하네요그래픽이나 스토리 초딩 울아이들에겐 최고영화입니다  
20171004,10,손자랑 함께 재미있게 봤네요 적극 추천합니다♡  
20171004,10,아이들의 기대작  넛잡2!!  
20171004,8,"관람객아이가. 영화관을 나오면서 그러네요^^""환경보존.  딱 그거네""  우정. 유익ㆍ코믹. 가득인 영화  "
20171004,8,근혜잡인줄 알았는데 잘 만든 애니메이션 영화다. 아이들 보여주기에는 제격  
20171004,9,관람객아이들 명절연휴 보내기위해 보았는데 1안봤지만 그닥 연결몰라도  볼만해요  아이들도 좋고 부모도  편히볼수있는 영화같아요  
20171004,6,관람객제가 피곤했던탓인지 내내 졸았네요지루합니다  
20171004,10,어느나라 애니? 재미있네요 애덜이 마니좋아하네요  
20171004,10,넛잡2 : 아이들과 재미있게 잘 봤습니다~  
20171004,10,"7세, 10세 애들의 눈높이에서 본 넛잡2의 관람평은 재미있었다 하고, 30대 부모입장에서는교육적이고 정서적으로 좋아보여, 어제 관람 후 아침 추석 차례상 머리에서 사촌형님네 애들도 교육적인 차원에서 관람 하라고 권유했습니다.  "
20171004,10,5세 아들이 신나서 소리지르며 봤어요.온가족 추석영화로 강추 입니다.  
20171004,10,보고 왔습니다..아이들 너무 좋아하네요..강추~~  
20171004,10,연휴차 아이들 데리고 가서 봤는데 기대안해서 그런지 생각보다 재밌게 봤어요 어른들이 보기에는 평범한데 뭐 애들이 좋아해서 만족합니다  
20171004,10,"넛잡2 진짜 너무 재밌습니다... 한국영화라구.. 아~ 별로야~라고 생각하신다면 정말 착각입니다.. 한국영화면 더 아껴주고, 봐야하는 것입니다... 애랑 보러갔는데.. 넘 만족스럽고, 좋네요~ 넛잡1보다 훨씬 재밌습니다! 강추합니다~  "
20171004,10,가족과 보기에 넘좋아요~~  
20171004,10,꼭 보고싶은 애니입니다 내용두 좋은듯  
20171004,10,관람객감동과 재미가 있는 영화입니다흥미롭게 진행되고 웃음을 선사하는 영화입니다  
20171004,6,초등학교 저학년 수준 애니메이션 입니다. 어른이 보기엔 너무 유치하네요.  
20171004,10,캐릭터들도 귀엽고 아이들에게 교훈이 될만한 내용이었네요~ 6살 아들도 영화 내내 웃으면서 즐겁게 관람 했습니다  
20171004,9,캐릭터가 귀엽고 내용도재미있어요 ^^아이들있으면 강추!!  
20171004,9,애니매이션 첨 봤는데 잼나네요  
20171004,10,얼마전에 조조로 킹스맨 보고 어제 조조로 넛잡2봤는데 그냥 넛잡2보고 나오면서 마음이 편하고 정화되는 기분이었음 ㅋㅋ  
20171004,10,서로 힘을 합하면 못 이룰 일이 없다는 것을 보여준 좋은 애니메이션이네요  
20171004,10,애들하고 보기너무 좋음 최고ㅎ  
20171004,10,너무즐겁고재미있는영화였어요  
20171004,10,꿀잼 넛잡1보다 훨씬 낫네요 ㅎㅎ  
20171004,10,너무 재밋었어요! 캐릭터들도 귀엽고 통통 튀네요~ 조카들도 깔깔대면서 봣어요 추석에 돈 쓴 보람이 있어서 다행입니다 ㅠ  
20171004,10,진짜 꿀잼 이번 추석 연휴에 꼭 보세요 캐릭터들도 너무 귀엽고 스토리도 짱  
20171004,4,정말ㅋㅋ애니메이션을 좋아해서 봤는데..정말.하 제가 로튼토마토 안믿는데 왜 로튼토마토에서 10점이 나온지 이해가 되엇네요 캐릭터들이 귀엽기는 했지만 너무 엉망이어서  
20171004,10,아이들과 함께 보았는데. 너무 좋아하더라구요성룡이 목소리 참여했다고해서 저도 재밌게 보았습니다  
20171004,10,관람객아이들과 재밌게 보았어요~~~  
20171004,10,우리아들 정말잼난다네요  
20171004,9,너무 잼있었어요.스토리가 탄탄해서 장기 시리즈로 만들어도 될거 같아요.  
20171004,10,어린자녀 있는 가족들에게 꼭 추천드려요. 기대 이상 꿀잼입니다~ 즐거운 명절되시길!  
20171004,10,올해극장에서본 에니중 최고  
20171004,10,뜨아~ 10살 딸이 너무 좋아하네요 ㅎㅎ 스토리 재미 모두 굿입니다. 강추드립니다^^  
20171004,4,관람객영화 2편 더재밌 가장좋은거같네요  
20171004,10,애들과 너무 재밌게봤어요ㅋㅋ 미니언즈3보다 훨씬재미있네요  적극추천합니다  
20171004,10,정말 최고에요~아이들하고 보기 좋은 애니메이션이에요  
20171004,10,아이들이 참 재밌어 하네요~  
20171004,10,"너무 재밌어요,무엇보다 애들이 너무 좋아해요  "
20171004,10,재밌어요~ 추석이라 애기들데리고 같이봤는데 좋아해용  
20171004,10,아이들과 즐거운시간되었습니다  
20171004,10,재밌습니다. 무엇보다 애들이 좋아하네요~~  
20171004,8,너무 아이들용 같지않고 유쾌하게 재밌었다. 퀄리티가 좋았음! 다만 자막으로 못본게 아쉽...  
20171004,10,애들이 재밌어하네요 ㅎㅎ 그냥 애들이랑가서 볼만합니다  
20171004,10,아이대리고가서보기딱좋네요..교훈도있고 최고입니다  
20171004,10,애들 데리고 가서 보기 딱 좋네요.  
20171004,9,이정도면머 볼만한거  
20171004,10,굿잡. 잼나요.  넛잡3 기대됌니다.  
20171004,10,1편 안보고 봤는데 조카와 잘 봤습니다. 성인들도 재믹게 볼 수 있어서 좋네요  
20171004,10,애들이랑 넘 잼있게 봤어요재미와 감동짱입니다  
20171004,7,관람객초등학교6학년아들과같이 조조할인으로잘보았어요~~재미와감동이있어요~^^  
20171004,10,애들 보여주고 푸근하게 잘려했는데 넘 재미있어서 못잤다는..ㅎㅎ 재미있네요. 상영관 수가 적어 아쉬워요. 연휴동안 꼭 챙겨보세요.  
20171003,10,아들이랑 잼나게 보고왔어요. 깔깔거리는 아이들의 웃음소리가 좋네요.  
20171003,10,아이들이랑 보기 딱 적당한 영화입니다.조카가 참 좋아하네요  
20171003,10,이번 연휴는 넛잡2로! 후회 없이 잼있겠음 ㅎㅎ  
20171003,10,스펙타클 하네요  애니메이션이 이정도일줄이야  !  
20171003,10,교육적인 애니메이션 아이들이 넘~ 좋아해요.  
20171003,10,너무 기다렸어요.. 1보다 나은 2를 기대하시라~~  
20171003,10,1편보다 더 재미있었어요! 미스터펭 너무 귀여운건 안비밀??  
20171003,10,조카들과 함께 봤어요역시 조카들이 좋아하네요^^  
20171003,10,조카랑 깔깔대며 재미있게 봤어요! 강추강추  
20171003,10,캐릭터들이 1편보다 훨씬 귀엽네용 ㅋㅋㅋㅋ 액션들도 스펙터클하고 ㅋㅋㅋ 애들 영화라 생각하고 별 기대 안 했었는데 재미있게 봤습니다  
20171003,9,관람객아이들이 너무 좋아해요~ 굿^^  
20171003,8,혼자 봤는데 여친 데리고 한번 더 보려고 합니다~  
20171003,1,"이것도 애니메이션이라고,ㅡㅡ;돈이 아깝다.  "
20171003,10,"아이랑 같이 봤는데 애들 교육상으로도 좋고, 어른이 보기에도 재미나네요. 털 묘사가 대박...  "
20171003,10,와 성룡 캐릭터도 나오네요? 모르고봤어요 ㅋㅋ 넛잡1도  케이블 통해 봤는데 우리나라에서도 이제 이런 블록버스터급 애니도 만드는군요 ㅋㅋ 눈이 심심하지 않았습니다.  
20171003,10,이번 추석에 아이들과 보기에는 딱인듯 하네요~~~!!!  
20171003,10,넛잡1보다 더 재밌어요!아이들보기도 좋고 최고였어요  
20171003,10,관람객연휴에 즐거운시간보냈네요 8살아들이 보는내내 엉덩이들썩거리며 재밌게봤네요^^  
20171003,10,보는내내웃었네요 ~^^  
20171003,10,최고에요 몇년간 본 애니중 최고ㅠㅠ 감동입니다  
20171003,9,아이들  좋아하네요볼만해여  
20171003,10,초등학교 1학년 딸과 둘이 보고왔습니다.넛잡1을 못봐서 이어지는 내용은 모르겠으나 재미있습니다. 저는 실사같은 그래픽이 좋았습니다.딸은 겨울왕국보다 재미있고 모아나랑은 어떤것을 선택할수 없다네요^^마지막에 성룡영화처럼 엔딩이 에피소드로 끝납니다  
20171003,10,관람객너무너무 정말 재있어요 쓰리는 안나오나요  
20171003,10,더빙판으로 아이와 봤습니다.성룡의 목소리를 듣고싶었지만...다른 아이들과 유쾌하게 웃었습니다  
20171003,8,관람객아이들과 즐겁게 봐쎼요  
20171003,10,오늘 롯데시네마에서 봤음 관객이 없어 아쉬웠지만 6살 울아들은 완전 좋아함  
20171003,10,추석때 애들 데리고 별로 볼 거 없었는데 애들이 넘 좋아하네요  재미있습니다  
20171003,9,가족끼리 봤는데 재밌네요  
20171003,10,애들이 보고 재미 있다고 하네요  
20171003,10,애들이 너무 좋아해요~  
20171003,10,유쾌하네요 애들손잡고 보세요  
20171003,10,가족들하고 보러가야겠어요.  
20171003,1,알바 많네~하~이건 뭐  
20171003,10,아들 둘과 봤어요 미스터 펭 팬이 되어 나왔내요 ㅎ ㅎ캐릭터 잘 팔릴듯  
20171003,10,아이들과 보기 최고의 프로입니다.  
20171003,10,가족들과 너무 잼나게 봤어요 이런영화 많아졌으면 합니다  
20171003,10,설미했는데 정말 재미있게 봤어요.   전작보다 확실히 업그레이드 된 것같습니다.우리나라에도 이정도의 수준높은 애니가 나왔다는것에감동입니다  
20171003,10,가족들이 볼 영화중에는 가장좋은거같네요.  
20171003,10,벌써 넛잡3 기대되네요~~~아이가 너무 재밌어하니 덩달아 씐남  
20171003,10,가족과 함께 보기 좋네요 이번 추석은 재밌고 다이나믹하게 맞이해야겠네요 ㅎㅎ  
20171003,10,아이들이 정말 좋아하네여^^  
20171003,10,너무너무 기대가 되네요♡아이들이랑 보러가기 참 좋은 영화 같아요~  
20171003,10,굿잡! 재밌겠네요ㅎ ㅎ  
20171003,9,"넛잡1 보다, 평론가의 말처럼 아이들의 눈에는 더 재미있게 보일 것 같습니다  "
20171003,10,"바로 눈앞에 펼쳐지는 듯 생동감 넘치는 전개,  캐릭터. . 자연과 함께~라는 교훈을 안겨 주는 따뜻하고매력적인 영화  ""넛잡2""  반전이 주는 빅재미 기대이상^^~  "
20171003,10,"바로 눈앞에 펼쳐지는 듯 생동감 넘치는 전개,  캐릭터. . 자연과 함께~라는 교훈을 안겨 주는 따뜻하고매력적인 영화  ""넛잡2""  반전이 주는 빅재미 기대이상^^~  "
20171003,10,애니메이션중에 고르라면 넛잡이지  
20171003,10,올해나온 에니중에 최고로 잼있네요 ♡♡  
20171003,10,귀여운 캐릭터와 좋은 내용 .. 예고편보고.. 본 영화 아이들과갑니다  
20171003,10,연휴가 길어서 뭘할까 고민하다  조카들데리고~~  
20171003,10,굿 애들보기 좋은영홥니다  
20171003,10,오늘 아들이랑 보러갑니다 아들의 첫영화~시사회 본 사람들이 재밌답니다  
20171003,10,3D가  영상이 좋고  내용이 좋음  
20171003,10,가족들과 같이 볼만한 영화네요~ 우리나라에서 만들어 전170 개국에 수출되는 유일무이 애니메이션이라는게 신기해서 보러갔는데 볼만합니다~^^  
20171003,10,확실히 전작보단 훨 재미나네요 ㅎ  
20171003,10,가족과 함께 추석명절 행복한 시간이 될것같아요.  
20171003,10,"넛잡1도 재미있게 봤고, 외국에서 가족들과 넛잡2 봤는데 좋아요. 더빙판으로 한번더 가족들과 보려고 합니다.  "
20171003,10,애들대리고 보기 딱좋네요~~~강추  
20171003,10,매우 재미 있습니다. 시사회때도 봤고요.  
20171003,10,재미있을거 같아요  보러갈려고합니다  
20171003,10,Nice! 대박날것같음  
20171003,1,넛잡이 아니라 풋잡임...  
