0,1,2
20180921,7,먹다니 흑 먹다니 으악 ㅠ  
20180911,10,"당시의 시대적 상황과 튤립버블에 대해서 간접적으로 볼수 있고 로멘틱한 이야기와 그들의 뒷이야기까지.. 진짜 명작영화다. 몇번 더보고 싶은 영화이고, 좋은 영화를 이제서야 본거에 대하여 후회한다.진짜 좋은 영화다.  "
20180907,6,몇몇 실내 장면들은 베르메르.렘브란트 등 명화을 참조해서 그대로 재현한 듯 한 아름다움이 인상적인 만큼 영상미가 뛰어난 영화.  
20180904,10,이래저래 각 캐릭터들이 이해되고 맘아팠던 영화. 문밖에서 의사에게 아기는 포기해도 소피아 살려달라는 대사에 가슴이 찡하니 아팠음.  
20180904,10,모든게 매력적이당..  
20180903,10,소피아의 사랑을 이해한다..   누구에게나  유혹같은  위험한 사랑은 찾아올수있다사랑은  열병같은것 그또한 지나가리  중간중간  엉성한  연출만빼면 숨막히게 전개가흘러가는게  매력적이었다 여성을  종족번식의 목적으로 하는 그런남자들은 이젠없기를  
20180903,7,내가 생각했던 결말과 달라서 좀 당황했지만... 이런 엔딩도 괜찮은 것 같아요. 기대를 별로 많이 하지 않았는데 괜찮게 봤습니다.  
20180812,6,영화가 허점 투성이... 아무 생각 없이 보면 괜찮은 영화.  
20180812,8,영상도 좋고 시대상도 알 수 있고 좋은데 남편이 너무 안타까워서 찝찝함ㅜㅜ  
20180809,6,제발 영화 자체로만 평가해주세요. 빠순님들  
20180806,8,"욕망은 결국 허상이라는게 영화를 보는 내내 뇌리를 떠나지 않았다. 튤립도, 뭔가가 잘못된 한순간의 서로에 대한 욕망도..사람인지라 해피엔딩이라 다행이라는 생각은 들지만 사실 배드로 끝내도 나쁘지 않았을 것 같다. 잘봤습니다.  "
20180803,4,확 당기는게 없는데...?  
20180803,10,코르넬리스의 자비에 은총을...  
20180731,10,OO 못봤어 이런게있었다니 별점먼저 맥여야지..  
20180727,4,남는건 코르넬리스 인품뿐..피의복수를 할줄알았는데!  
20180705,8,마지막 5분? 암튼 결말에서 영화가 급이 확 떨어진 느낌ㅜ내가 바란 결말이긴 한데 내맘이 참 이중적이게도 그로인해 이 영화가 비디오급 으로 바뀐느낌ㅜ아쉬웠어요.그러나 연출을 포함한 모든 것배우들이 모두 아름답고 연기가 멋졌네요.  
20180704,8,배경과 배우만 보면 띵작일거라 예상되지만 그냥 가벼운 맘으로 보기 좋은 영화. 스토리 후지다는 평이 많지만 기대를 안하면 실망도 안한다.  
20180630,1,우선 너무 놀랐다. 이렇게 재미없고 정신만 없어서. 저 멋진 배우들을 데려다놓고 이게 뭐하는 짓이지? 튤립 투기를  중심으로 하던가 사랑을 중심으로 하던가 캐릭터를 살리던가. 마리아의 과거를  회상하는 듯한 시점과 나레이션도 설들력이 적었다.  
20180624,7,차라리 배드엔딩으로 끝났으면 더 여운이 있었을지도...  
20180618,7,스토리는 그래도 탄탄하나 주연커플의 매력을 도통 못느끼겠는게 넘아쉽고 마리아커플이 더 매력있다~ 위기에서 할아버지의 마지막결정 대인배~!  
20180616,8,알리시아가 좋앗어요 ㅎㅎ  
20180615,2,치정 로맨스 물인데 남주와 여주간의 섹슈얼 텐션도 안느껴지고 별로였다. 개연성도 너무 떨어져서 스토리가 어이없었다..  
20180606,10,"배우들의 훌륭한 연기,깊이 빠져들며 봤네요 연극공연처럼 빠져드네요  "
20180526,7,처음엔 재밌다가 후반부로 갈 수록 좀 지루해짐  
20180524,6,투자의 세계에서 유명한 사건인 튤립 버블은 배경일 뿐 실상은 치정극이다. 현재 증권거래소의 효시라고 할 수 있는 당시 암스테르담의 튤립 거래소의 모습을 재현한 건 흥미로웠다.  
20180516,10,결말이 치정극에 막장이였다면 최악이었을 텐데..코르넬리스의 용서과 관대함으로 모두 제자리로 돌아가거나 행복하게 결말을 맺게 되어서 개인적으론 하나도 아쉽지 않은 영화였음  
20180506,8,탑배우로 구성된 막장 드라마극중 배우들의 감정을 더 섬세하게 표현했으면 좋았을텐데 전개가 빨라서 꽉 막힌느낌이다.배우연기랑 영화분위기 색감은 좋았다  
20180427,7,역시 비칸데르는 너무 아름답다.  
20180426,7,관람객약간 아쉬움이 남는 영화 .. 그래도 재밌었다  
20180420,10,"그시대를 잘반영한 역사와 스토리, 배경과 배우들때문에 눈도 호강할수있는 웰메이드 작품이네요.  "
20180418,7,튤립 버블을 배경으로 한 사랑과 도박 이야기  
20180415,2,양파라니... 다 끝나니까 피버였다니... 맥이 다 풀린다.  
20180413,8,소피아의 위험한 거짓에 비해 다행이도 결말은 불행하지 않았다.  
20180411,8,현실적인 엔딩이었다고 생각합니다. 심심하긴 하지만...  
20180411,10,"메타포와 복선이 잘 배치되어 있는 영화..결말을 예측할 수 없고, 지루할 틈 없이 빠져든다. 어떤식으로든 죄인의 인생을 선한 방향으로 인도하는 신의 성실하심이 느껴지는 영화였다.  "
20180404,10,데인드한때문에봤는데 역시 데인드한!!! 작품성도 좋았고 결말은 어찌됬건 모두가 해피엔딩이라고 생각한다. 정말 몰입감이 장난이 아니였다. 게속 긴장해하면서 불안해하면서 봤다.  
20180323,5,예상외로 매혹적이지도 그리 치명적이지도 못했던 시대/치정극...그저 목숨보다 귀중하게(?) 여겼었다던 그넘의 튤립 나올때마다...정신이 하나도 없다...  
20180317,1,이 영화가 좋다는 사람들은 어떤 사람들일까?  
20180311,9,여주 아름답다 좋아좋아  
20180310,1,다른 불륜 드라마를 보라. 엔딩이 모두 해피로 끝나네  
20180307,6,코르넬리스가 안쓰러움... 영화는 기대를 많이 해서인가 그냥..  
20180305,8,긴장감은  팽팽하구나...  
20180303,6,관람객그냥 그저그랬어여 ㅂㄹ 안추천  
20180228,6,찝찝한 결말.. 복선회수.. 소피아 남편은 부처인가요  
20180228,10,영화 재밌어요. 잭오코넬 최고 ㅠ  
20180227,8,"이 영화의 모든 이야기가 튤립의 꽃말을 나타내는듯함 사랑의 고백, 매혹, 영원한 애정, 경솔 다 들어가 있는듯  "
20180227,9,"재미있는 시대배경과 아울러 주인공의 눈 먼 사랑, 다시 돌이킬 수 없는 후회를 잘 표현하였다.  "
20180225,8,당시의 네덜란드 투기버블 분위기 잘 살림...다만 막판에 여주가 죽는걸로 끝났으면 좀더 극적인 버블꺼짐 느낌이 살았을텐데 살짝 아쉬운 마무리...8점  
20180225,6,대체 주인공들은 어떻게 어느 시점에서 사랑에 빠진건지... 그냥 갑자기 불타올라서 쪽쪽거려서 사랑이 아닌 잠깐의 불륜으로 보임. 튤립에 관한 이야기도 좋지만 두 사람의 멜로에 좀 더 비중을 뒀으면 좋았겠다는 생각이 든다.  
20180224,8,하녀의 어부지리가 씁쓸하다.. 17세기 상업도시였던 네덜란드의 암스테르담의 모습과 복식이 인상적이다  
20180223,8,불륜은.. 역시 안되는 것.  ㅋㅋㅋ  
20180221,8,관람객여배우 안타깝고 야하지도 않네요  
20180221,6,진실한 사랑은 거품이 없어서 사라지지 않는다.  
20180220,6,코르넬리스가 불쌍하다고? 어린 소녀의 육체와 번식을 위해 재산을 이용해 소녀를 산 애초에 그에게 사랑이라는 말이 전혀 어울리지 않는다 늙은 할아버지에게 탐해진 소녀의 육체는 결코 사랑으로 보이지 않았다. 그런 소피아에게 얀이라는 존재는 축복으로 보였다  
20180219,4,무엇이든 영원한 것은 없다.  
20180218,8,아슬아슬 타오르는 것은 한순간  
20180217,6,"데인드한때문에 봤다가 코르넬할아버지 너무 불쌍했음내용이 무겁고 .., 그냥 불륜영화같음..결말이 뭔지 솔직히 잘모르겠음  "
20180217,1,"보고나면 찜찜한 영화, 내가 할아버지였다면 마지막에 살육파티를 벌였을듯  "
20180217,2,뮌지모르겠다. 진짜 내용이 억지스럽기 짝이 없음  
20180215,10,"관람객잔잔하지만 역사적인 사실과 로맨스, 영상미까지 아주 잘 만들어진 영화였습니다.  "
20180214,6,스토리 너무별로에요....결말이 왜이러는지  
20180214,5,흥미로운 소재이나 거품만 잔뜩 끼었구나  
20180212,7,그저그럼...영화에서 버블에 눈돌아가면 망한다는 것과 아름다움은 돈으로 살수 없다는 교훈을 줄려고 한 것 같은데 현실에선 돈이 없으면 아름다움을 누릴수 없다는 것임.  
20180211,2,드러운 불륜영화!!! 마리아랑 그 남친 불쌍함 보다가 중간에 껐음!!! 아직도 기분이 드럽네요  
20180211,7,할아버지 ㅠㅠ너무 불쌍해서 눈물날뻔... 영화보면서 주인공들이 싫은건 처음이네  
20180210,3,튤립은 실체라도 있지... 글고 난 암만봐도 알리시아 비칸데르가 이쁜지 모르겠다.  
20180209,8,그냥 소피아 나쁜년임.. 이거보고 더욱 여자를 믿을수가 없다.  
20180209,5,배우들에 비해서 그다지 잘만든 영화는 아님  
20180208,3,아름다운 꽃의 이름을 더럽히지 말라  
20180207,10,좋은 영상미와 그 시대적 상황까지 잘 담아놓은 괜찮은 드라마였어요.  
20180204,10,비트코인 하지마라 비트코인 하지마라 비트코인 하지마라  
20180203,8,관람객한번 더 보고싶은 영화인것 같다  
20180202,10,재밌었음.. 할아부지의 인성에 감탄..  
20180202,2,"데인 드한 혼자만 섹시했는데, 도저히 그걸로 커버가 될 수 없는 구성 때문에 영화 보는 내내 내가 도대체 뭘 보는 건가 하고 있었다. 대체 하녀 커플은 왜 같이 보여주는 거며...주연으로 보여주고 싶은 사람이 대체 누구야?  "
20180202,7,코르넬리스 진짜 너무 불쌍하다ㅠㅠ  
20180129,2,싸구려삼류영화연출개연성부족  
20180128,7,뭐랄까 소재 자체론 격정 파격 반전류 영화인줄 알았는데...불륜하지 말고 한탕 노리지 말고 좋은 삶을 살자가 다인 영화였음..너무 자극적인 입맛에 길들여져서인가 밍밍해서 오히려 신선한편  
20180128,9,각본만을 본다면 아쉬운 느낌이 크지만멜로영화를 좋아하시는 분이라면 좋을 수있을것같아요!개인적으로 여운이많이남는 영화네요!  
20180127,7,first to flower first to fall  
20180127,8,코르넬리스....당신은 대체...  
20180127,4,"남자와 여자가 바꾸어졌으면 ,  남편의 불륜을 사랑으로 포장했다고 여성단체들  들고  일어났을것 같아요  "
20180126,2,스토리최악!!!! 데인드한 얼굴때문에 평점 2점이라도준다 무슨 최강불륜아침드라마;  
20180125,10,최고다... 스토리 너무 좋아요.  
20180124,8,마지막 결말이 너무 ...그냥먹고 그렇게 전혀 갈등하지않던 소피아가 갑자기 속죄하고... 결말이 팍 치고 올라간 느낌이 들지 않았다  
20180124,10,근래 본 영화중에 제일‥‥  
20180123,10,데인드한 눈빛은 정말...  
20180122,6,남자주인공은   타이타닉의 디카프리오가 생각남   여주인공은  ...흠.   하녀역 하신분이 더  매력적이던걸~~  
20180121,2,어수선  주인공들은 제일 미워하게되고 스토리라인도 이것저것 ....진심 돈아까워요 마이너스 별 줄수있다면 그렇게하겠음.  
20180121,6,관람객지나치게 동화같은 결말. 튤립피버가 아닌 튤립동화.  
20180121,10,말로만 듣던 400년전 튤립 광풍을 그시대의 생생한 풍경과 함께 실감나게 볼수 있어서 좋았다. 젊은 남녀의 일탈과 인간의 끝없는 탐욕을 대비시킨 스토리전개도 훌륭하다.  
20180121,6,데인드한늙음..할배이게무슨일이요  
20180120,6,데인드한 활용법이 아쉽다. 그를 더 많이 보여주지 못한 연출과 위험한 치정극이라기엔 밍밍한 스토리와 비현실적으로 행복한 결말...인물들의 연기와 영상미는 좋았음...둘 사랑을 더 애절하게 표현했으면 좋았을텐데  
20180120,8,"이 모든 것은 아름다움에 대한 사랑과, 우리 목숨보다도 짧은 꽃에 대한 열정에서 초래되었다.  "
20180120,6,막장 아침드라마의 서양시대극버전  
20180119,7,배신과 속임수가 난무하지만 모두가 뒤끝 없이 쿨해서 뻔한 동화처럼 허무한 결말이 되었다  
20180119,8,여자의 선택이 안타깝네용~~  
20180119,10,코넬리우스가 안쓰럽지만 그래도 가족 생겼다니 다행ㅜㅜ  
20180117,7,마리아가 진정한 승자네  
20180116,9,영화자체는 아름답지만 스토리는 가슴이 아프네요  
20180116,10,심리학 공부 좀 해야겠다  
20180115,4,데인드한이라는 대배우를 가지고 이런영화를..ㅜㅜ 꼴리는 부분은 좋았지만 스토리가 빈약해서 아쉽..  
20180115,5,마지막에 조금 슬픈거 빼고 다최악.할아버지 불상한데 무조건 불륜에서는 여자가 욕먹네 먼저 가정을 배신했건 꼬셨건 여자가 잘못임 ㅇㅇ. 이런 그지같은 사상들 좀 떨쳐내라  
20180114,7,관람객그림을 보는 것 같았어요. 알리시아와 데인드한 으로 눈은 시원시원~ 이야기 구조는 아쉬움이 남아요  
20180114,8,관람객별로 기대 안했는데 튤립사건과 맞물려 진행되는 내용이 좋았음.. 거품은 걷히기 마련이고.. 또 그 뒤엔 어떤일이 일어날지 아무도 알지 못한다.. 영상미도 굿!  
20180113,10,관람객가볍게  관람한  영화가.  내  마음에  깊은  여운을  남겼다.  동인도로 떠나며.   사랑하는 여인을 위하여 정리하는 모습이  눈에 남는다.  
20180113,8,여럿 인생이 망가졌네요  
20180113,8,진짜 비트코인이랑 똑.... 가격치솟으니 정부가 폐쇄 ㄷㄷㄷ  
20180113,7,만약 선택을 해야한다면 아내를 살려주시오 제발 아내를 지켜주시게나 ㅠㅠ  
20180113,6,델레바인이 거의 안나오네ㅠㅠ  
20180113,1,전개도 엉망이고 스토리 개별로 개발암핵발암 예고편이 다인 영화 여러분 꼭보세여 저만당할수읍슴  
20180111,9,해피앤딩의 적합한 예를 본 아름다운 영화입니다. 아름다운 배우들의 열연이 멋진.잘 만들었다 하는 영화입니다  
20180111,7,관람객데인드한보다 코르넬리스이 더...멋지다  
20180111,8,관람객정말 여주가 답답한 영화.. 할아버지가 주인공인 듯한 영화 ㅠㅠ 사랑해요 할아뷰지  
20180111,6,관람객내용이 뭔가 좋다고 하기 애매해요  
20180110,6,결국엔 생각지도못하게 하녀 마리아의 인생승리 영화네.. 주인공 남녀의 치정로맨스를 너무 매력없게 그렸음.. 튤립에대한 욕망또한 전체스토리와 잘 버무려지지못한점 아쉬움.. 전반적으로 좀 따로노네요 인물들의 감정변화도 쌩뚱맞고  
20180110,10,튤립코인 가즈아~!  ~~  
20180109,10,관람객안좋은 평들도 봐서 기대 안하고 갔는데 모든게 기대이상이었음. 데인드한 팬도 아니었었는데.  
20180108,7,관람객시대를 담아낸 캐릭터들과 그들의 입장에서 할 수 밖에 없었던 선택들이 흥미롭습니다  
20180108,8,관람객비트코인 하지말자... 여럿 망친다...  
20180106,6,관람객내용이 단순하고 지루해요. .여주인공이 예쁘다는것외에는 볼거리가 없네요  
20180105,8,영상이나 색감도 예뻤고 생각보다 야하지도않아서 좋았어요내용도 참 많은걸 느끼게해주는 :)  
20180105,5,비트코인 때문에 튤립버블 내용을 영화로 만든줄 ;;  
20180105,5,관람객생각보다는 내용이 부실항  
20180105,6,관람객스토리텔링이 선명하지 않아서 조금 아쉬운....  
20180105,10,관람객예술적인영화 꿀재앰ㅎㅎ  
20180104,6,관람객영상미는 좋았으나 내용은 진부했다. 그리고 여주인공이 화가에게 끌리는 감정이 와닿지 않고 너무 급작스러웠다. 남주인공의 마지막만 멋있었다.  
20180103,6,결론: 친구새끼 OOO 그걸 쳐먹냐 ....  
20180102,10,데인드한 나왔으니 10점.내용은 비트코인 생각나요~  
20180102,8,관람객10e8dhdjwiwishdj  
20180102,5,그래도 명배우들은 호연  
20180102,10,서양판 사랑과전쟁 지루할 틈 없이 재밌고요 할아버지가 돈으로 손녀뻘 사서 아들낳을려다 가난한 화가가 와이프랑 눈맞아서 흘러가는 얘긴데 잼나요  
20180102,4,"각본에 우리나라 아침드라마 작가님을 추천합니다. 좋았던 건 영상미 뿐,,  "
20180101,9,관람객하나의 작품같은 배경과 복장들 그시대의 느낌이 많이 느껴졌던  불타는 청춘의 사랑과 나이든후의 깊은 사랑이 대조적으로 느껴졌네요 인생은 한번가면 되돌아올수없는 ...내꽃이 아니라면 헤어지거나 먼발취에서 보는게 맞는듯  
20171231,7,관람객치정멜로를 기대했는데 스토리가 아쉽네요ㅠ 그래도 데인드한 미모는 만족스러웠어요ㅋㅋ  
20171231,5,관람객의외로 재미있게 봤던 영화. 기대를 안하고 봐서 그런가  
20171231,8,데인 드한. 역시 인정.어인정..  
20171230,1,관람객노잼입니다  보지마세여  
20171230,6,알리시아 비칸데르밖에 안 보인다.그게 끝!  
20171230,10,관람객그림을 좋아하는 분들에게 꼭 추천 드립니다. 특히 네덜란드 정물화!!  
20171229,10,오 이런 양파맛은 처음이야. 양파 꿀맛탱ㅋㅋㅋ  
20171229,10,관람객너무 좋은것 튤립이 저리 큰 가치가  
20171229,8,관람객주조연 모두 돋보였던 영화  
20171229,6,요리사는 재료를 탓하지 않는다. 이토록 좋은 재료들을 이토록 맛없게 내오면 우린 하품으로 답할수 밖에. 개연성 + 긴장감 + 공감대를 모두 놓쳐버린 그들만의 소동과 사연은 그렇게 애절해보이진 않는다. 시대극으로서의 미술이나 무대적인 측면은 만족  
20171227,8,가장 먼저 핀꽃이 가장 먼저 진다.  
20171227,2, 예고편만 그럴싸하게 만들어놓고 애절한 절절한 감정씬 대사한줄 없습니다. 두남녀의 사랑에도 공감이 안되고 결말도 맥빠지네용~로맨스 명작을 기대하신분이라면 비추입니다.  
20171227,8,관람객생각보다 장소가 너무 한정된공간에서 찍어서 그런지  좀 단조로워보이는 느낌이 있었습니다. 남자배유가 너무ㅠ멋있는데ㅜ생각보다 연기는 모르겠습니다  
20171227,10,관람객내용신선하긴한데졸아서제대로못봄  
20171227,8,관람객재밌게 봤습니다 재밌게 봤습니다.  
20171227,9,관람객스토리텔링이 기기묘묘하고 긴장감을 늦출수 없다  
20171226,9,그냥 치정영화 아닌 것 같아요~ 영상미와 튤립을 모티브로 한 영화 전반의 상징과 메시지는 좋았던 것 같아요  
20171226,10,화가 얀과  소피아의 아름다운 로맨스...~~!!  
20171226,8,관람객특별히 기대할 내용은 없었으나 영상미가 괜찮았음인간의 끝없는 욕망에대한 영화  
20171226,8,"관람객배우들의 매력이 너무 돋보였던 영화, 반전의 엔딩도 볼만한 요소 ㅎㅎ  "
20171225,8,"관람객내용은 그닥 특별하지 않았지만 시대배경과 의상, 역사적 상황 등등이 흥미로왔다.  "
20171225,8,관람객나쁘지 않은 스토리 라인이지만 조금 조금 아쉬운 부분이 ㅆ었네요  
20171225,9,"약간 부족한 면도 있지만 그래도 괜찮게 봤어요 ,,,  "
20171225,9,보는 내내 긴장감을 놓을 수 없었어요 ㅋㅋ 막장 멜로긴한데 재미 있음 ㅋㅋ  
20171225,6,관람객원작의 느낌을 충실히 잘 살린거 같다. (그래도 역시 긴 책의 내용을 따라갈 순 없지만)남을 상처입힌 사람은 결국 자신도 상처받게 되어있다  
20171224,3,관람객개연성은 역시 얼굴인가  
20171224,9,관람객당시의 시대상과 인간군상의 감정을 잘 버무린 훌륭한 영화! 여배우의 매력에 흠뻑 빠지기도 했고요.  
20171224,9,관람객해피엔딩 결말이 오히려 여운을 사라지게 하는 아쉬움이 있지만 사랑에 대해 다시한번 생각할수 있는 영화였네요  
20171224,5,배우들과 소품들에만 눈이 갔던.. 남주 여주가 왜 서로에게 빠져들었는지 이해가 안 되는 연출.. 뜬금 카라델레바인은 뭥미  
20171224,10,재미있었어요요용!!!  
20171223,5,관람객그나마 데인드한덕에 5점이다...잘생  
20171223,9,관람객굳 소설책 한권 읽은 느낌.  
20171223,8,관람객진짜 비트코인이 생각나는 영화였습니다.ㅋㅋ  
20171223,8,영화는 별루였지만 알리시아 비칸데르 때문에  참을 수 있었다  
20171223,8,관람객튤립투기가 일어났던 네덜란드 모습이 생생하다. 하녀가 행복한 일가를 이룬. 결말은 그당시 네덜란드를 잘 보여준다  
20171223,6,관람객영상미 좋아요~ 좋아하는 배우들이 나와서 재밌게 봤어요  
20171222,10,여자친구가 좋아했어요.(특히 색감.영화가주는메세지)남자친구도 좋아했어요.(세계관전달)  
20171222,7,뭔가 사람마다 다 이해가 되는 치정극 다 납득이 가 지루하진 않고 잘봤다  
20171222,7,네덜란드 튤립투기가 첫번째 버블경제였다는 경제지식만 업그레이드됨. 시대분위기가 예뻤다. 진주귀걸이 소녀 봤을때의 느낌.  
20171222,6,감독이 개연성은 개나 줘버린 영화.각자의 이야기가 따로 놀아서 도대체 스토리가 마음에 와닿지도 않고 인물성격이 입체적이다 못해 예측할수 없기가 타의 추종을 불허함. 데인드한을 보러가는 거라면 더더욱 비추.그의 비중과 분량은 '도둑들 김수현'정도^^  
20171222,7,스토리라인도 소피아의 마음처럼 왔다리 갔다리  
20171222,7,Tulip Fever  
20171221,10,ㄹㅇ 이거 꿀잼입니다 ㅜㅜ  
20171221,7,관람객마무리가..허무데이드한은멋찜  
20171221,10,관람객개인적으로 좋아하는 장르라 재미나게 봤습니다  
20171221,9,관람객영상미도 있고 재밌어요  
20171221,8,관람객스토리 중 조금 납득안되는 부분도 있었지만 재밌었어요  
20171221,6,관람객남편이 복수한다고 쫒아왔으면 정말 뻔한 러브스토리가 될뻔...  
20171221,6,관람객주연배우가 너무 멋있어서 잘 봤습니다~근데 스토리가 살짝 아쉬워요..ㅠ  
20171221,8,관람객불륜의 결과... 뭔가 아쉽다  
20171221,10,개인적으로 올 한해 최고의 영화...여운이 길게 남네여  
20171220,9,관람객영상미는좋지만 스토리는 그냥그럼  
20171220,5,"황당한 이야기이자만, 당시의 암스텔담의 사회상을 그려서그나마 점수를 줌. 광고에, 그리고 엄터리 기사에 낚인 영화  "
20171220,10,데인드한 눈빛에 빠져서 본영화...  
20171220,10,코르넬리스의 사랑에 10점  
20171220,3,전체적인 줄거리는 뭐 그래 그렇다 할 수 있는데 데인 드한이랑 여주가 눈 맞는거나 여러 설정들이 너무 개연성 없이 흘러감 정말 응?왜 저래?갑자기 뭐야 이렇게 됨 게다가 야하다고 청불 해놨는데 정작 야한건 한 5분 나오는듯 도대체 뭘 돈 주고 봐야지?  
20171220,9,관람객중심 스토리가 서스펜스를 잘 살린 훌륭한 기승전결이었고 사람들의 마음들과 마지막 반전도 좋았음. 당시 시대상과 상황이 너무 현실적이어서 좋았고 다양한 인간군상들도 굿이었음  
20171220,9,영상미가 뛰어나고 캐릭터들이 다 매력있어요  
20171220,8,관람객배우들의 연기략이 대단하네요!내용은 너무 슬픈 ㅠㅠ  
20171220,6,100m 계주중에 20m 앞에 두고 멈춘것 같다.  
20171220,6,관람객긴장감이 떨어지지만 예쁜 영상미  
20171220,10,"각기 다른 사랑방식과 깨달음, 자신을 찾아나가는 과정을 보여준 영화  "
20171220,8,관람객항상 곁에 있는 사람한테 잘하자  
20171219,8,관람객튤립에 그런 역사가 얽혀 있는 줄 몰랐네요흥미로운 역사였어요청불이라 걱정스러웠는데 볼 만 했네요  
20171219,7,관람객비트코인 한다고 전재산 터는 사람들이 꼭 봐야 하는 영화  
20171219,10,관람객생각보다 정말 괜찮았던 영화  
20171219,9,자극적인 내용인데 등장 인물의 심리가 그걸 뒷받침해서 개연성 있다고 생각. 등장 인물이 선악 구분 없고 입체적이라 인상 깊다. 당시 시대를 살던 인물의 날 것 그대로인 여러 심리가 와닿아서 재밌었고 영화 프레임도 감각적이어서 보는 재미도 있었다  
20171219,9,비트코인 튤립판 ....ㅋㅋㅋ  
20171219,10,관람객인간의 본능과윤리 사이에서많은 고민을 하게하는좋은 영화입니다  
20171219,8,관람객그닥잘짜여진구성은아닌‥  
20171219,9,"시사회 통해서 보게되었는데 배우들 연기가 정말 좋네요 .. 튤립을 통한 시대상과 물욕, 사랑 등은 잘  담아낸 것 같은데 전체적 스토리는 왜때문에 사랑과전쟁ㅠㅠ...쪼끔 아쉽습니다  "
20171219,9,역시 퇴폐미 넘치는 데인드한...♥ 그림그릴때 입... 이러는데 내가 숨멎...하 th발음 왜이렇게 섹시한거죠ㅠㅠ  그리고 게릿인지 헤릿인지 헤럿인지ㅂㄷㅂㄷ 설마..설마.. 아냐 그러지마 얼른 주머니에 넣어 제발 접시에서 치워 이랬는데 결국...ㅎ  
20171219,10,명작이네요  저의 2017 최고의영화 입니다  
20171219,7,잘나가다 막판에 급 휘모리 장단이여 여튼 아저씨 너무 성인군자셨다 행복을 찾으셨다니 다행이지만 너무 불쌍했어ㅠㅜ  
20171219,4,데인드한 수염좀 깎고 촬영하지..섹시하지않았어. 결말도 그게뭐냐.. 좋아하는 두배우의 아찔하고격정적인멜로 기대하고본건데 저 둘로 이런 영화찍기도 참..  
20171219,6,관람객내용이 조금 부실하다는걸 알고 갔지만 두 주인공의 감정선이 제대로 표현이 되지않아 굉장히 이질감이 느껴졌음. 조금더 감정선에 세밀한 연출을 중요하게 생각했으면 좀 더 몰입할 수 있지않았을까라고 생각함.  
20171219,10,"약속된 관계를 가진채 다른이에게 끌리는것은 일어날수 밖에 없는일이나,가정의 안정속에 사랑이 분명히 존재할 때 이를 어떻게 받아들이고 여과해 처리해 낼것인가 라는 내 물음에 답을준영화사랑은 다양한얼굴을 가지고 나타나고,미처 간과하던 곳에 숨어있다  "
20171218,6,관람객육체는 풀. 영혼은 꽃이다라는 말 자체가 그려진 영화의 느낌을 들려주는 이야기가 다소 뻔한 스토리가 되는건 아닌가 싶은 아쉬움이 남았지만 그럼에도 잔잔하게 바라볼 수 있는 생각을 더해주던 영화였다.  
20171218,1,보지마세요 돈 시간 다 아까워요  
20171218,7,내가하면 로맨스 남이하면 불륜~  
20171218,9,관람객영화배경을 살리기 위해 공을 많이 들인 작품  
20171218,8,"개연성은 좀 떨어지지만 나처럼 시대극 좋아하는 사람들과 데인드한, 알리시아 비칸데르 팬들이 보면 좋을 영화. 그 시대 튤립 투기모습들을 잘 연출했고 출연진들 의상과 17세기 암스테르담 보는 재미가있음  참고로 야한장면은 별로 없으니 그걸 기대하진말것.  "
20171218,7,스토리 정말 잘 짰고 영상미도 예쁘고 배우들도 연기 잘해서 진짜 더짜증나는영화였어요 고구마 백만개 먹는듯한 스토리라 연기잘하니까 너무 감정이입해서 진심 여주 때리고 싶었음...주먹을 쥐게 하네요 탄산꼭 사가세요...제발요... 답답해죽어요 안그러면  
20171218,10,끝까지 존엄을 잃지 않은 시대극.  
20171218,9,관람객기대안하고 갔는데 영상미랑 노래 괜찮았어요  
20171218,10,관람객재미있는 영화라고 생각합니다.  
20171218,10,관람객매력적인 영화 시대극 좋아하는데 시대상도 아름답게 표현된것 같고 두 주인공의 케미가 너무 아름답네요. 좋았습니다^^  
20171218,2,하나도 안야하고 결말도 없고~~  
20171218,4,관람객데인드한을 이렇게 못써먹다니..  
20171218,10,인과응보 권선징악의 메세지가 숨어있고 모든것이 제자리로 돌아간다대를 잇기 위해 죽어가는 부인보다 아기를 살려달라하고부인이 죽자 돈으로 사랑을 샀던 크리스토퍼불륜이 정당화 될순없지만 그들만이 잘못을 저지른건 아니었다생각하게 만드는 영화  
20171218,8,"관람객나만큼은 이 광기에 취하지 않았다 생각해보지만, 결국 되돌아보면 모든것은 거품이었다. 코르넬리스가 제일 정상적으로 보였다.  "
20171218,2,데인드한 요즘 영화 왤케 못골라ㅜㅠ 이거 보느니 아침드라마 하나보는게 낫겠다 사랑의 덧없음을 말하고자 한거 같은데 너무 막장라인이라 비유가 음... 1도 집중이 앙댐 안 와닿는다  데인드한은 엄청 잠깐 나오고 1도 안 야하다 공감이 1도 안되는 영화  
20171218,8,관람객전 재밌었는데 남친은 재미없대요  
20171218,10,"관람객슬프고 위험한 사랑 이겨내려 무슨 내용인지 모른채 아무생각 없이 혼자 본 영화. 평소라면 즐겨보지 않았을 영화지만, 시작전의 눈물과 끝날때의 눈물이 다른감성으로 흐르게 해준 감사한 영화.  "
20171217,10,"줄거리,연기력,카메라 앵글, 영상미 최고입니다,,  "
20171217,8,"관람객생각보다 야하지도 않음. 연출, 촬영, 미술, 연기 다 괜찮았음  "
20171217,9,왜 평점이 낮지?..최근 본 영화중에 최고 였음..^^  
20171217,8,관람객소중한 것이 곁에 있을 때 알자  
20171217,3,캐비어로 알탕 끓인 느낌  
20171217,10,관람객남 주인이 너무 간지 났어요  
20171217,4,바람난 년놈들이 위기가 없다 투기광풍을 볼거면 빗썸을가고 성에 미친년놈들을 보고싶다면 섹스타를 가라  
20171217,10,모두에게 해피엔딩으로 끝나게 돼서 참 기쁘게 극장을 나올 수 있었다.  
20171217,7,"관람객음..,두 주인공이 사랑에 빠지는 장면에서의 개연성이 좀 떨어지고 전반적으로 설명이 없이 건너뛰기 한듯한 인상을 남기는 스토리 전개가 다소 아쉬웠으나 작품에서의 영상미와 튤립을 모티브로 한 영화 전반에서의 상징은 메시지도 와닿고 좋았던것 같습니다~  "
20171217,8,튤립피버란 제목처럼 열정적인 사랑을 지키기 위한 위험한 거짓말로 얼룩진 치명적인 사랑에 관한 이야기.클래식한 배경과 의상 영상미가 멋짐. 알리시아 비칸데르의 감정 연기가 좋았음. 로맨스영화인데 묘한 긴장감이 있는 탄탄한 스토리와 구성  
20171217,7,영화. 가슴속에 따뜻하게 남았습니다. 누구의 사랑도 값어치를 가름할수는 없는것 같아요.  
20171217,7,캐리 멀리건의 '성난 군중으로부터 멀리' 이후 아재들 뒷목잡고 나올 영화..ㅋㅋㅋ  
20171217,8,관람객일요일에 영화 잘 봤습니다 ~  
20171217,3,관람객내용의 급전개 때문에 별로였고 수위도 그렇게 높지 않았다.  
20171217,4,어제 종로 피카디리에서 봤는데 뒤에서 중년 여성분들이 해설하셔서 자중남.. 암튼 그거랑 별개더라도 영상미는 좋으나... 그레이보다 야하다는 것도 뻥이고 그닥 재미도 없음 뒤로 갈수록 지루했음  
20171217,7,관람객주인공은 예쁘고 잘생겼지만 개연성이 없다  
20171217,5,아침드라마 이야기에 약간실망..  
20171217,7,관람객재밌게 봤어요 원작 읽어보까 했는데 문학성은 없어 보여서 패스^^  
20171217,10,관람객사랑과 운명에 대해 절절히 잘 표현.  사랑에 대해 고민하게 만드네  
20171217,3,"너무 실망이에요. 스토리는 막장에, 왜 19세인지 모를.... 고구마 답답이..ㅠㅠ  "
20171217,9,사랑의 여러가지 모습을 생각하게 만드는 영화  
20171217,10,관람객퇴폐미의 정석 상상 그 이상이었다  
20171217,4,관람객내용도 지루하고 야한장면도 그닥...  
20171217,10,훌륭한 시대극. 훌륭한 연기자들 굳  
20171217,3,관람객데인드한 얼굴이 제일 재밌음  
20171217,8,관람객볼만했다.. 튤립버블보니 비트코인이떠오름  
20171217,10,등장인물 한명 한명의 존재감이 대단했던 영화네요 최고입니다  
20171217,3,"나름  욕망,시대상,메세지를 넣으려고 노력했으나재미없다  "
20171217,3,관람객재미도 없고 의미도 없다  
20171217,9,진정한 대인배를 볼 수 있네요. ㅎㅎ 흥미로운 전개가 예상 밖으로 재미잇는 영화였습니다.  
20171216,7,"관람객상업 영화의 편집과 속도, 클래식 영화의 내용  "
20171216,10,간만에 재밌는 영화였습니다  
20171216,9,관람객너무 재밌어서 잠들었습니다  
20171216,9,관람객중세영화는 일반적으로 인과응보적 또는 징계적인 데에반해 자신의 삶을 돌아보며 해피엔드로 좋은 여운을 남기는 영화이다.  
20171216,10,관람객야하다해서 좀 걱정했는데 줄거리도 괜찮고 중세 유럽 분위기와 소설을 읽는듯한 영화네요  
20171216,10,관람객주인공 연기가 뛰어나며 적극 추천함  
20171216,6,애정씬 기대하시는 분들은 기대를 버리세요 ..  
20171216,9,관람객데인드한 볼려고 갔다가  스토리 진짜 흥미로웠고 배우들 연기 다 좋았음 추천합니다  
20171216,7,미쟝센과 배우들 보는 재미가있다 은근코믹  
20171216,5,"관람객마지막에 급 해피엔딩인게,,  "
20171216,7,데인드한 보러왔다가 코르넬리스 인품에 감탄하며 나왔다.  
20171216,5,하나도 안 야해요.  데인 드한 때문에 봤는데 실망요  
20171216,10,재밌따~~깍><><  
20171216,8,좋아하는 두배우♡ 살짝 충격적인 내용이다; 가슴이 뜨거워졌다가 차가워졌다가 다시 따뜻해진..기분이 이상하다  
20171216,6,관람객중세시대 배경의 아침드라마와 같은 영화. 배우들의 고군분투는 느껴졌으나 이런 스토리에 어울리지도 않았고 감당하기에도 어려워보였다. 튤립에 대한 내용 빼고는 흥미로울게 없는 영화  
20171216,9,관람객간만에 재밌는 영화에요^^  
20171216,10,볼만한 영화였어요. 여주 소피아가 좀 아쉬웠지만 전체적으로 추천할만함  
20171216,7,관람객광고성 글때문에 섹슈얼한 영화내용을 기대하신분들은실망하셨을수도있겠다.근데.. 정말인지... 사람의 내면적갈등을 잘보여줌  
20171216,5,데인드한볼라고 갔어요 ㅎㅎ 데인드한 진짜..잘생겼네요....왜계속 그레이50가지 그림자 보다 여하다고 뜨죠??? 그레이가 훨씬 더 야하던데..???  
20171216,3,암스테르담 버전의 막장드라마? 비트코인은 하지말야겠다 하는 교훈을 얻었어요  
20171216,7,이 영화의 주인공은 마리아  
20171216,10,역사적 이슈와 로맨스를 잘 섞어놓은 웰메이드 작품  
20171215,10,관람객이정도의 스토리와 배경이면 성공한듯 ㅠ 영상미가 너무이쁘고 결말또한 아쉽지않네요 ~튤립피버 제목이 잘어울리고 좋은듯  
20171215,10,관람객짱 재밌어요오오옹!!!  
20171215,8,데니드한은 역시 멋있었다.  
20171215,9,"멋진 영상미와 화려한 의상들, 폭풍같이 전개되는 이야기를 따라가다 보니 어느새 시간이 끝나 있었습니다  "
20171215,8,관람객튤립을 둘러싼 막장 드라마. 하지만 개인적으로 재밌었고 여러 생각도 하게 됐음  
20171215,10,튤립투기의 광풍과 두남녀의 열병같은 사랑을 아름다운 영상으로 옮긴 작품.데인드한과 알리시아비칸데르 너무 잘 어울리고 예쁘네요.  
20171215,10,너무 재미있게 봤어용~  
20171215,1,그레이 보다 야하대서 봤는데 예술영화에 가까운 것 같네요 프레임은 예뻐요 17세기 배경으로 한 프레임만 예쁘고 딱히 남는게 없어요 화만 남음ㅇㅇㅇ  
20171215,3,진짜 진지하게 말한다. 보지 마라. 보지 말라면 보지 마라.  
20171215,7,"인간의 사랑, 탐욕, 그리고 순수가 튤립의 꽃처럼 붉게 물든 영화.  "
20171215,10,너무너무재밌어요ㅠㅠ 강추입니당  
20171215,10,스토리 전개도빠르고 야하기도하네요재미 있었습니다  
20171215,10,"관람객영상미도 좋고 , 튤립버블이라는 소재도 너무 신선!!  "
20171215,9,내용 자체는 나름 마음에 들었으나 생각보다 야하지도 않아요 광고에서는 그레이보다 야하다고 했는뎅 ㅇㅂㅇ 그리고 막 휙휙 바뀌는것도 많고 뭔가 잘린거 아닌가라는 느낌도 들었어요 그래도 내용 자체랑 배우들이 좋았습니다  
20171215,10,관람객보는 동안 유화 그림을 보는듯한 느낌도 좋았고 전개도 젛았었요  
20171215,9,관람객예나 지금이나 사회규범에 어긋나는 사랑은 한낱허상에 불과할뿐이다.  
20171215,2,시대의 배경과 인물들이 예뻐서 1점 준다 진짜 노잼이다 진짜로 정말로 올해 본 영화중 가장 지루했다  
20171215,9,관람객NTR 전개?? 코르넬리스 이분이 너무 불쌍함;;  
20171215,10,관람객재밌게 봤습니다! 튤립이라는 소재도 재미있고 무엇모다 영상미가 짱 b  
20171215,10,관람객매력적인 영화였습니당 영상미가 좋네요 ~~!  
20171215,8,전 긴장감 있게 봤어요 교훈은 모두가 원하는 걸 얻는다할지라도 거짓으로 일구어 낸 거라면 결국 불행할 수밖에 없다. 인거 같아요  
20171215,10,관람객와~ 인사이드 나와 이 영화를 퇴폐로 만들다니 ㅋㅋㅋ  
20171215,10,관람객영상미와 두 배우가 너무 아름다웠음!! 극장에서 보길 잘한 것 같아요르  
20171215,10,관람객끝까지 응원할 수는 없었지만 불꽃처럼 타올랐다 사그라든 열정이 슬프고 아름다웠음 ㅜ.ㅜ 17세기를 옮겨놓은 영상미도 좋았어요bb  
20171215,7,"그 시대의 툴립경매상황과 복식등의 디테일이 생생했고,또한 사랑에 대해 욕정에 대해 인생에 대해 다시한번 생각하게 만드는영화. 남주 데인드한은 젊은 시절의 디카프리오와 많이 닳은듯 합니다.  "
20171215,2,감독님이 배우로 재능낭비하심.... 돈 아까워여 재미도 감동도 영상미도 없음  
20171215,10,관람객ㅎㅎㅎ재밌었어요 여자친구랑 보면 좋네요~  
20171215,10,부의 상징 튤립~튤립의 아름다운 영상미  
20171215,8,그당시 네델란드를 지배하던 욕망을 튤립과 욕정으로 가득 담아냈다. 여주인공 멋지다.  
20171215,5,플롯은 좋았으나 캐릭터의 개연성이 별로.  
20171215,8,바닷가에 홀로 서있는 여주인공 첫 장면부터 날 끌어당김 내용은 비록 진부했지만 영상도 좋고 배우들의 연기도 좋았음  
20171215,3,별루입니다  데인드한보다  착한 코르넬리스 역 분이 더 끌렸던거 같습니다  
20171215,10,나름 볼만해요 그렇게 뻔하지는 않고  
20171215,4,관람객이해할수없는 나레이션 구성.  
20171215,6,예고편을  따라가질 못하네 ㅠㅠㅠ그토록 기다렸건만  
20171215,10,"배경이 너무 맘에들었고 튤립사건과 스토리가 잘 어울려진거같아 좋았어요 ! 그냥 막장이 아니라 이야기가 있는 내용이고 반전의반전까지 ,슬프기도하고 ㅠ 시간가는줄 모르고봤어요  "
20171215,10,드한오빠 퇴폐미... 데인드한이 젤 야함.  
20171215,7,그걸 먹다니...먹는건 말이 안되잖아.... ㅠㅠ  
20171215,10,튤립가격이 참 비트코인같다  
20171215,6,관람객화려하고 자극적인 것을 기대했는데 좀 뭐든지 다 소박했어요재료는 화려한데 요리가 좀 촌스러운 느낌... 수입산 레이스 앞치마 같은 영화  
20171215,8,투기와 닮아 있는 사랑에 대한 이야기.순간적으로 타오르는 감정에 올인한 대가는 무겁다.하지만 누가 아나 끝난줄 알았던 거품이 다시 올라갈지  
20171215,4,관람객가대했던 것보단 별로입니다..  
20171215,6,관람객... 음 그냥 저냥 그랬어요  
20171215,10,내용이 탄탄해서 좋았다  
20171215,10,데인드한 넘 멋져요~~♡  
20171214,10,관람객재미있게잘 보았습니다  
20171214,9,시대적 배경에 얽힌 치명적 사랑과 불륜의 이야기랄까.이런영화가 아직도 나온다는게 정말 반가웠고 스토리 또한 탄탄해서 좋았다. 흔한 칼부림 없는 깨끗함도.. 데인드한의 눈빛은 정말 어쩌면 좋은지. 겨울밤 최고의 감동  
20171214,10,관람객영상도 아름답고 스토리 탄탄하고 매혹적이며 순수한 영화!!  
20171214,4,데인드한 때문에 봤지만.. 개연성이라곤 1개도없는 OOO기스토리임 그시대 의상 배경 빼곤 다 그지같아요  
20171214,6,19금인 이유 좀ㅋㅋㅋㅋ  
20171214,10, 로맨스 가슴이떨리는 영화받네요   다시보구싶은영화입니다  
20171214,1,관람객결말이 이상함예고편이 전부임  
20171214,10,할아버지너무 불쌍하다..  
20171214,10,평범하고 익숙한 것의 소중함에 대해 생각해 보게 되었다  
20171214,4,1. 야한 것을 기대하고 봤다면 매우 속상한 영화. 2. 데인 드한은 잘생겼다. 3. 튤립을 비트코인으로 바꾸어 생각해본다면..?  
20171214,2,주인공들에게 공감도 애정도 생기지 않는 사건들의 폭풍전개. 행동의 이유가 이해가 되는 조연을 그나마 응원하게 됨.  
20171214,8,끝을 너무 급 마무리하는 느낌이 났지만 영상미 또한 이쁘고 각각의 캐릭터들이 흥미로운 영화  
20171214,10,할아버지불쌍해요...  
20171214,9,"몇 백억씩 몇 천억씩 쳐들인 블록버스터 영화도 아니고 이 정도면  재밌는 거 아닌가?  영상미도 예쁘고, 배우들도 예쁘고..  "
20171214,10,얀과 소피아. 서로가 서로에게 튤립같은 존재가 아니었을까.  
20171214,10,시대적 상황에서 튤립 투기를 향한 욕구가 각 캐릭터가 삶에서 중요히 여기는 가치에 빗대어진 메타포가 돋보이는 영화입니다.현 세상을 살아가며 아무리 삶에 대해 지독한 몸부림을 쳐보아도 항상 그 결말은 아무도 알 수 없음에 대해 절망하게 되죠 추천!  
20171214,8,소피아보다 마리아가 더 기억에 남는 이유는 뭘까요 하지만 모든 배우들의 연기와 영상미는 너무 완벽했어요  
20171214,10,관람객데인 드한 사랑해ㅜㅜ 이번에도 너무 매력적이었어ㅜㅜ  
20171214,8,폭풍우치는 사랑!!휘몰아치는 행복!!  
20171214,3,관람객개연성 제로 전개 급한 마무리 쓰레기영화  
20171214,10,영상미 굳스토리 굳추천합니다  
20171214,10,데인드한 선배님... 극장을 뒤집어 놓으셔따..!  
20171214,10,단순한 치정극이 아니라 가족간의 사랑과 그 시대의 역사적 사건(튤립투기) 까지도 잘 담아냈음. 마리아의 내래이션에서 많은 걸 느낌. 다만 얀과 소피아가 서로 너무 욕정으로 물든 사이 같이 느껴졌던 건 아쉬웠음.  
20171214,1,하 진짜 핵노잼ㅠㅠ전개 개연성이 없고 둘이 사랑에 빠진 것부터 공감성을 못 끌어내니 보는 내내 지루해 죽음..심지어 데인드한 미모도 못 살렸어..알리시아 비칸데르 작품보는 눈이 없나 의구심이 들 정도.앞으로 이 감독 영화는 믿고 거르리다 ㅠ  
20171214,8,"관람객예상되는 스토리이지만, 시대배경을 통한 영상미가 좋았습니다.  "
20171214,2,관람객드한이헠헠 드한이 섹시해이런평점 보지마세요배우들연기와 영상미는 좋았지만 단계변 연결이 많이허술했습니다 정확히 표현해줘야 할 부분들이 많이 빠져있는 느낌.  
20171214,8,"관람객소재와 스토리의 연관성이 마음에 들었던,시선이나 서브캐릭터들이 오히려 인상에 남는다.  "
20171214,10,관람객헠헠 데인드한 최고입니다.. 헠헠 흥미진진하고 재밌어요 무엇보다 데인드한의 눈빛이 젤 야합니다  
20171214,10,뜸했던 시대극 오랜만에 보니 꿀잼 ㅎ 친구들하고 같이 봤는데 유머코드도 있고 흥미진진 ㅎ  
20171214,1,너무 실망 ㅠㅠ 스토리라인은 완전 최강불륜 아침드라마같았고 믿고보려던 데인드한 분량 너무적고 애정씬마저 너무너무너무너무 짧았다 라면 끓여서 이쑤시게로 라면 퍼먹은느낌  
20171214,10,인생의 여러가지의 뜻이 담겨 있습니다.그저 그런 클래식 러브스토리인 줄 알았는데...잘 만들었습니다.원작소설을 읽어 보고 싶습니다.단연 알리시아 비칸데르와 크리스토 왈츠의 연기가 돋보였습니다.데인 드한도 좋았구요.  
20171214,10,솔직히 기대는 안 했습니다...만... 제작비 엄청 들였겠네요... 영상미와 배우가 좋아서 넘나 만족!!  
20171214,5,최고의 재료. 평범한 레시피.  
20171214,10,17세기 유럽 배경에 그림같이 어울리는  배우들을  보는 것만으로도 투썸업!  
20171214,10,영상미가 정말 쵝오!! 한번 더 보러가야겠당  
20171214,10,뭐가야해 ㅋㅋ하나도  안야해  데인드한땜에봄  
20171214,10,치명적이고 아름다운 영화닷!  
20171214,10,배우x영상미 만으로도 충분하다!!!  
20171214,10,너무 재밋습니다! 강추강추!! 대인드한을 즇아하신다면 꼭 보시길 ㅠㅠㅠ  
20171214,8,"데인드한이라는 배우의 네임드 답게 그만의 목소리 톤, 퇴폐미, 연기력 등은 여느때와 같이 인상적이었지만 영화 자체는 좀 말로 표현하기 어려울 정도로 심오하고 어지러운 느낌이다. 데인드한의 팬이라면 볼 만한 영화인듯  "
20171214,10,사회보고옴 롯데건대 영화를좋아하는 사람입장으로써 꼭보셈 네덜란드 튤립사건 알고가면 영화보는데 더 재밌을꺼임 단순한사랑영화를 넘어서 깊은 무언가가 있음 이런장르영화는 별로안좋아하는데 근래본영화중에 가장 재미있음 강철비랑겹쳐안타까움 입소문좀나면좋겠음  
20161206,10,미국 2017년 2월 24일 개봉예정이라는데 기대가 되네요. 결혼한 젊은 여자가자화상을 그리러온 화가와 사랑에 빠지는 이야기라는데 그 미묘하고 설레는 감정을 어떻게 표현할까 궁금합니다.  
