0,1,2
20190124,9,방금 티비로 봤는데 너무 재밌어요  
20190107,10,너무 감동적이에요^^!! 제 최애 영화입니다~^^!!앞으로도 더 많은 영화 올려주시길 바래요!!  
20190105,10,재미있었고 감동했어요  
20181203,10,올해 최고의 애니메이션중 하나임 애니자체완성도가 인크레이더블2 이상임  감동까지  
20181201,2,"주인공에게 이입이 너무 안됩니다. 악역은 악역이고, 주인공은 잘못된 시작을 하는 바람에 계속 응원하기는 어렵고. 이야기를 만들기 위한 이야기일 뿐이예요.  "
20181117,10,진짜재미있습니다.꼭 보세요  
20181109,4,"재밌긴한데 뭔가싶은 부분들이 좀 있어요 오디션 전날은 아직 펠리시가 어리고 나태함에 빠졌다는 장면 연출을 위한 거니 이건 이해가 가지만 남의 꿈을 이룰 기회를 낚아챘으면서 죄책감,미안함을 느끼지 않는 펠리시의 태도나 오함마는 너무 과하다고 생각해요  "
20181028,1,다 괜찮은데 시작할 때 여자 목소리가...  
20181002,6,여주 진짜 짜증나더라...빅터가 아깝고 ㅋㅋㅋ아니 그리고 스토리가 영;;; 그래서 여주 과거나 ㅋㅋㅋ뭐 이모랑 선생 이야기도 없고...끝물에 제작비 부족했나봄 ㅅㄱ  
20180928,1,거짓말을 하는 펠리시가  나빴고 안좋아요  
20180922,1,"평면적인 캐릭터,전형적인 스토리 그리고 어렸을때 부터 노력하는 애를 이기는게 말이 안됨 걔내는 놀음?  "
20180911,10,정말 재밌게 잘 봤습니다  
20180901,10,이야기 짜임이 진짜 좋아요.그리고 꿈에 대해 한번더 생각해보는 시간이였어요!  
20180827,2,난해하다 난해해. 너무 중구난방이야 ㅡㅡ  
20180824,10,파리를 발칵 뒤집어 놓자~  
20180824,1,주인공이  너무  자기  마음대로  해선  안  될  행동까지하고  재능이란  것  하나  떄문에  남의  기회를  뺏은  것  처럼  보였고  굉장히  별로였음;;  
20180823,6,전개가 좀 억측스러운 부분이 있음.. 꿈을 향한 마음은 누구나 공감할듯ㅡ 좀 아쉬운애니  
20180823,2,오디션 전날  쳐놀도 엄마도 아니면서 ㅋㅋㅋㅋ한심...  
20180730,1,암걸리는 여주ㅇㅇ 교훈도 감동도없음  
20180729,9,오랫만에 좋은 영화를 보았습니다  
20180729,8,"내용은 픽사수준으로 훌륭한데 몇가지 떡밥 회수도 안되고 몇장면은 삭제되었나?란 생각으로 스토리가 띄엄띄엄 가는 느낌. ,  . 마무리가 많이 아쉽다 그러나 디즈니만큼 여운이 남고 재미있게 봤다  "
20180714,10,여자주인공의 매력이 쩔었다. 꿈을 위해 노력하는 모습이 좋았다. 남주가 2명인데 둘다 여자에 비해 한참 뒤떨어지지만 여주가 둘다 갖고 놀다 뻥차면 재밌겠다. 발레 춤대결 묘사는 정말 수준급이다 강추 또 강추다  
20180625,10,한편의 동화책을 읽는듯한 느낌을 준다 너무 큰 기대를 가지고 보면 안된다. 정말 말 그대로 동화책을 읽는다는 느낌으로 보면 재밌고 따뜻한 마음이 들게 될거다.  
20180619,5,다 좋은데 한개가 부족해.  개연성이 없자나 OO. 캐릭터 만들어놓고 알아서 다 망가뜨리네. 후반부가면 역겹기만하다.  
20180525,10,너무 감동적이여서 좋아요~~^^  
20180301,1,진짜한마디로 드럽게재미없음평점은왜좋은겨 목소리연기가거지같고 스토리라인도 개판인데 하고봤더니 유명배우들이 더빙했음 와진짜 무슨 뫄냐대체  
20180224,2,뻔하고지루함 도둑질을해서라도 나뿐짓을해서라도성공해라 애들한테잘가르친다  
20180224,10,감동의 명작 애니메이션. 인생 최고의 애니메이션으로 꼽아도 손색 없을 정도로 잘 봤습니다.  
20180221,1,vod 무료서비스 있길래 봤는데 영화관 가서 봤으면 돈아까워서 화낼뻔... 근데 무료인 vod 마저 보다가 껐습니다.  
20180214,5,"그저 그런, 이상도 이하도 아니다.딱 이말 밖에 못하는 영화  "
20180207,10,"솔직히 애니 치고 잘만든것도 괜찮고, 더빙도 괜찮았는데.. 마지막에 해머 같은거로 쫒아오는건 조금 아니었습니다.. 12세 였으면 모를까.. 전체 관람가에서.. 재미는 있는데.. 그장면은 약간..  "
20180127,10,감동~중간중간 주인공이 발레리나 모습을갖춰갈 때마다 소름돋음음악도 좋고  
20180121,10,가슴이 뜨겁고 따뜻해지는 시간이었습니다  
20180121,10,재미와 감동~너무 좋았어요~!! 음악도 넘넘 좋네요^^  
20180121,10,저희아이랑 저랑 넘재밌어서 보고 또 보고 하네요~  
20171228,7,좋은 애니영화네용~ tv로 재밌게 봤습니당~  
20171227,5,별 감흥이 없다~  시간 아까워  
20171224,7,생각없이 보기 좋은 영화.아이와 볼 땐 꼭 얘기해줘라.네 꿈을 이루기 위해 남을 다치게 하거나 상처입힌다면 그런 제대로 된 행동이 아님을...내용을 초딩용이 아니라 중딩용이상으로 바꿔야함. 정크 수준의 애니  
20171216,9,파리에 꼭 가보고 싶어지는 영화  
20171210,10,에펠탑과  자유의 여신상도 나오고 배경보는 재미도 있네요^^븨오디 무료 떠서 생각없이 봤는대 끝나는 게 아쉬울 정도로 재미 있었어요~  
20171209,10,보고보고또보고 재미있어요  
20171129,8,역시 성공하려면 인복이 최고야!!  
20171123,10,그동안 애니메이션 영화를 안봤던 나를 후회하게 해주는 영화 ..  
20171114,10,몇번 봐도 재밌는 영화 감동!!  
20171105,10,12346489273  
20171016,6,조카가 발레에 한창 관심이 있어서 보았는데  좋아하네요더핑판이라 좀 그래요 원작으로 보면 더 좋았을텐데...  
20171013,10,영어판 성우보고 놀랐다  
20171008,4,조금 많이 아쉬웠던 영화.  
20171007,8,재미있었는데 나쁜말이 조금 나옴  
20171007,7,네 꿈이 이루어질거 같아?  
20171004,9,그림이 별로라서 기대없이 봤는데... 내용이 알차고 재밌어서 몰입해서 봤음. 그림이 약간 아쉬워서 9점.  
20171004,5,발레 동작을 애니메이션으로 보는 즐거움 외에는 설정에 구멍이 많네요. 우연성에 기대는 경우도 너무 많고. 캐릭터들의 매력도 조금 아쉬워요.  
20171004,10,진짜 이렇게 넋놓고 본 애니메이션 영화는 지브리 이후로 없었던것 같음... 짱이다..  
20171004,1, 전체관람가인데 어른이 망치 등의 둔기를 들고 애 머리통을 내려치고 또 애한테 던지는 연출은 아주 폭력적이어서 충격이네요? 그로인한 부정적인 영향에 대한 고려보다 무시무시한 악당이 더 중요했나봐요  절대 비추네요 단 몇분의 폭력적인 장면만으로도!  
20171004,10,너무재밌네요~ 이런영화 너무좋아하는대정말재밌어용  
20171004,8,발레하는 모습도 예쁘고 재밌었어요~ 꿈을 위해 노력하고 사랑도 찾는 이야기들은 언제봐도 두근거리고 열정을 갖게 만드는 거 같아요~  
20171004,10,성우분들 더빙 최고였어요!! 자막이 없다고 평점 낮게 주시는 분들 많이 계신데 ㅜ 더빙도 자막 못지 않습니다.  
20171004,1,주인공이 웬만한 김치녀 다 찢어발겨 삼킬 정도로 민폐쟁이임  
20171004,10,정말 재미있네. MBC  재방 한번 더 해주세요.  
20171004,10,더빙이라서 대사를 중간에 이해하지 못 했는데 제가 좋아하는 감동적이고 재미있는 영화라서 좋아요. 지금 봤는데 벌써 또 보고 싶을 정도에요. 제가 꼭 좋아하는 영화니까 여러분도 꼭 시청해 보세요. 꼭이요~!  
20171004,10,추석특선으로 방금봤는데 정말 재밌고 감동적였다 파리 모습을 잘 그린거같아서 좋았고 발레 동작들도 표현을 잘한거같다 애니메이션인데도 감성을 울리는 장면이 있었다  
20171004,1,나는 주인공이 최소한 성실하고 예의있는모습으로 발레단에 발탁된건줄 알았더니 남의 명의도용해서 발레단 들어가고.. 겸손하지 못함 자기가 빅터한테 잘못했는데 더 화내는거 보소 억지여 이건  
20171004,1,여자주인공 개발암 ㅡㅡ 어휴  
20171004,2,기승전결이 없는 뜬금포애니  
20170903,10,자막판만 본 사람으로서 이 영화는 정말 많은 감동과 영감과 감탄을 준 영화라고 할 수 있습니다 저도 저렇게 열정적이였던 적이 있었을까요  
20170826,3,"발레리나를 꿈꾸는,  또는 취미로 발레를 하는 사람들이 분노할 영화.  제목이 발레리나면 최소한 발레에 대한 예의는 있어야 할듯. 주인공 태도도 어이없고,  개연성도떨어짐. 얘들에게 보여주지 않을 것.  "
20170822,9,각박한세상에 잠시나마 즐거운시간이였습니다ㅎㅎ간간히 가슴이 찡하고 뭉클하네요  
20170820,10,와 진짜 명작이에요 진짜 최고  
20170819,10,강추!!우선 그래픽이 장난 아니고 -완전 눈호강. 내용도 너무 훈훈 따땃 꿀잼  
20170819,10,딸이 좋아해요~중간중간나오는 노래 넘좋았구 잼있었움  
20170812,10,영화 별로 않좋아하는데 진짜 보고 감동 받았고 나오는 노래도 전부 다 너무 좋아서 몇일동안 계속 감동 받아 있울거 같다  
20170812,10,재밌었어요.근데 그 오르골에 무슨 비밀이 있을 줄 알았는데ㅎ  
20170811,9,관람객아이들과 함께 재밓ㄱ니ㅣ 관람했어요  
20170808,10,자막판 비디오포털에서봄.  남자 목소리 진짜 좋다고 생각하면서 봤는데 데이비드한이었다니. . ㅜㅜ♥  꿀잼에 귀호강!!  
20170807,8,애들이 보기엔 어렵고 어른들이 보기엔 유치한듯... 그러나 감동적이었음  
20170804,6,"관람객그냥그냥 그럼... 나쁘지도 않고 ,  "
20170804,8,관람객재미나게 잘봤네요~ㆍ~~~ㆍ~~  
20170803,9,관람객꿈을 향해 노력하는 모습이 아이들에게 좋은 영화  
20170802,10,꿈과 희망이 가득한 영화!!!!쨩쨩 조아요  
20170801,10,관람객조카가 넘 재밌다고 좋아하네요  
20170708,10,30대 남자입니다. 더빙이지만 정말 재밌고 감동도 있네요. 유치할까봐 걱정하지말고 3d애니메이션 좋아하시는분들은 꼭 보세요.  
20170706,1,주인공에게 애정이 안 갑니다..보다가 기분 나빠져서 반만 보고 껐습니다  
20170701,10,주인공이 좀 발암이지만 재밌습니다!  
20170628,8,관람객아이들에게 꿈을 심어준 영화다.발레만화로 좋았다.  
20170624,10,가슴을 다시금 뛰게 만드는 영화! 명화임  
20170620,6,B급감성!!!! 언제나 천재가 승리한다  
20170617,10,관람객너무나 아름답고 감동을 주는 영화였다  
20170616,10,짱이다..  강추해요^^  
20170612,8,주변에 활기참의 기운을 뿌리고 다니는 조그마한 영화 이야기.  
20170606,10,딸이너무너무 좋아해요 저도 같이 봤는데 정말재밌네요~영화관에서 못봐서 아쉬워요  
20170601,8,관람객아이들이 좋아해요 재미있게잘봤어요  
20170525,1,관람객내용전개가 정말 대충인 영화  
20170521,1,"스포일수 있겠지만 이 영화 어린이에게 보여주기 좀 위험하다. 망치로 머리를 때리고, 옥상 난간에서 춤을추고, 바람에 날아가 전봇대에 거꾸로 매달리고, 라이벌을 계단에서 밀어버린다. 자유의 여신상 시설 부시는건 정치적인건가. 암튼  따라할까 무섭다.  "
20170518,9,감동은있지만 초등고학년이상에게 추천한다고딩인나는 매우만족인데 다만 자막이..ㅠ 왜자막이없냐고 원조목소리 듣고싶네  
20170518,9,관람객너무나도 재미있고 감동적인 애니~~  
20170513,3,관람객애들이 재미없어함 연령대 높은 영화  
20170512,10,최고의 영화입니다 짱짱짱  
20170510,10,관람객5살 7살 남매가 푹빠져서 본것도 모자라 집에서두 돈내구 봤네요 나름 잼나요  
20170506,9,관람객스토리전개가뻔하긴 하지만 아이와보기 좋네요  
20170505,7,꿈을 향해 비상하는 힘찬 날갯짓  
20170505,10,관람객재미납니다...!^^  
20170504,9,관람객아이가 발레를 좋아해서 봤어요. 예쁜 발레영상이 오래 기억에 남네요  
20170503,10,관람객재미있어요 다시보고 싶어요  
20170502,10,관람객아이들이 엄청 좋아했어요  
20170502,9,내가 본 애니케이션 연화중 최고의 ost와 스토리를 갖고 있지만 덩빙만있다는 것이 담점이엿던것 같다.  
20170430,8,장면간의 연결이 좀 자연스럽지 못하다고 해야하나....그래도 충분히 즐겁게 볼 수 있는 영화. 디즈니표 애니랑은 확실히 다른면이 있음  
20170429,8,관람객여자아이라 발레에 관심많아 선택했어요화질도 좋고 내용도 재밌었어요 보고 나서도 가끔 얘기하더라고요  
20170427,7,애니메이션은 너무 뻔하다...영화도 그렇긴하지만...없는자는 하고싶은것도 못하는 ... 있는 자는 없는자 개무시하는...  
20170421,10,더빙 괜찮았는데 다들 왜 그런지...  
20170420,7,발레를 할때의 행동 표현을 너무 잘해서 볼거리는 많았지만 자신의 꿈을 실현하기 위위해 수단과 방법을 가리지 않고 도전하는 스토리가 조금 거슬렸어요.  
20170419,7,음악하고 그래픽은 좋지만 엉성한 내용 떡밥이 등장했는데 뒷수습을 안함 2탄이나오려나?  
20170417,5,"우리나라 관객 무시하는 것도 아니고, 이런 애니메이션을 전부 아이들만 보는줄 아시나? 더빙 상영관 밖에 없네  "
20170416,10,"다들 자막자막하시는데, 애들이 많이 보는 영화거든요 이거자막 보고프면~~~~ 다운러드 하셔요  "
20170414,10,좋아쓰   OST점 나왔으면  
20170413,8,관람객시간보내기 적당합니다  
20170409,10,관람객아이가 정말 좋아하더군요  
20170408,10,내가 뽑은 베스트 영화 3위 안에 듬....  
20170330,6,내 인생도 이렇게 풀렸으면. 너무 단순해서 놀랐음  
20170327,10,관람객아이들과 보기 좋은 영화였어요~  
20170326,9,관람객딸과 함께 보기 좋은영화^^  
20170325,10,관람객재미있어요아이와함께보시길 강추  
20170324,10,관람객너무너무재ㅣㅣㅆ대요  
20170324,3,영화에서 주는 교훈은 좋은데 스토리도 좀 이상하고 특히 여주가 너무 발암임 ;;; 보면서 토나올것같았다  
20170321,10,너무 재밌네요 최고의 영화에요 ^^  
20170319,10,관람객너무 재밌게 잘봤어요^^  
20170319,3,관람객모아나와 미녀와야수사이에서 진짜 그저그럼  
20170319,7,관람객잔잔하고 재밌어요~6살 딸아이랑 잘봤습니다  
20170319,7,관람객잔잔하고 재밌어요~6살 딸아이랑 잘봤습니다  
20170319,9,관람객볼만했어요 아이가좋아해요  
20170319,9,관람객지루하지않고 재밌고 아이들이 정말좋아하며 봤던영화이비니딘~~~  
20170319,8,관람객아이가 정말 좋아했어요^^  
20170319,10,관람객용기를 갖고 도전하는 자만이 성공을 이룰 수 있다는 교훈을 얻고 가요  
20170318,10,관람객잼나요!!!! 덩말 좋아요  
20170318,9,관람객애들이엄청좋아해요..저도재밌게봤어요  
20170318,10,관람객6살 울딸이 정말 좋아했어요.  꿈을 위해 노력하겠다며 종종 이야기하는 영화에요.  
20170318,10,관람객아이는 즐겁게 보고 흥미로워 했어요  
20170318,10,관람객엄청 재밌었다. 아이가 넘 즐거워했어요~  
20170317,9,"관람객오래전부터 보고싶었는데 이제야?ㅋ 생각보다 더빙이 나쁘지 않았어요. 성장영화라 그런지 좀 긴박하거나 드라마틱한 부분은 있지만, 충분히 매력있는 애니메이션이었습니다.  "
20170316,7,관람객재밌네요 아들이 좋아해요!!  
20170315,9,관람객참 예쁜 영화였네요~~^^  
20170315,10,관람객아이들이 너무좋아해요  
20170315,10,"5살 조카가 보여주라고 졸라서 거금 1만원 결제해서 같이 봤는데... 어른이 봐도 충분히 재미있는 애니였습니다. 더빙판만 봤지만, 원어판도 보고 싶네요.^^  "
20170315,10,관람객아이들과함께 봤는데 좋은영화예요  
20170315,10,"저는 해외에서 살아서 자막, 더빙 없이 봤는데 성우들 목소리 진짜 좋아요 연기도 잘하고 ㅋㅋ 기회 되시면 꼭 자막판으로 보시길 아! 발레리나 처음에 포스터만 보고 약간 유치할거라 생각했는데 보니까...진짜 이번 영화 대박이에요 꼭 보시길! 자막판으로!  "
20170314,7,관람객아이들과 보기에 좋은 영화였습니다.  
20170314,6,관람객6세 아이 의외로 무서워했네요.  
20170312,8,관람객아이들과 보기 좋아요7세 딸아이 수준입이다  
20170312,8,관람객아이가 좋아하는 영화였어요.  
20170312,9,관람객재미있다. 나름 감동도 있고  
20170312,10,너무~~!재미있었어요!!추천해요 상영 끝나기 얼마 안 남아서 빨리 보는것을 추천합니다!  
20170312,8,관람객더빙이라 아쉬웠지만ㅠ스토리나 배경영상이 좋았음  
20170311,8,관람객아이들과 즐겁게 잘 봤어요. 영화에서처럼 최고의 가치가 사람의 진정성에서 나오는것이기를....  
20170311,10,관람객어른이 봐도 너무 신나고 예쁘게 본 영화  
20170310,9,관람객재밌게 봤습니다!  추천!  
20170310,7,관람객그럭 저럭 재미있었어요.  
20170310,10,관람객시간이 어떻게 흘럿는지 모를정도로 재미있었어요  
20170308,10,관람객힐링힐링 저는 더빙 아니고 자막으로 봤는데 너무 좋았어요~~  
20170308,8,관람객딸과함께 봤어요재밌게 봤어요  
20170308,1,전 돈 주고 본 게 아까웠습니다.주인공이 너무 마음에 안들고 결국 학연 지연의 힘인가...과연 꿈과 희망이 있는 게 맞는 것인가...ㅠㅠㅠ개연성을 설명하기에는 힘든 것 같고 그 주인 아주머니는 눈이 돌아갔다해도 행동이 좀...OST는 좋습니다.  
20170307,8,관람객딸아이가 좋아하는 발레리나여서 즐거웠습니다갑작스런 전개가 여기저기서나 오지만 아이는 오히려 더 즐거워한것 같아요  
20170306,10,관람객여자친구와 같이 단둘이 알콩달콩 봤는데 좋았어요 ♥? 특히 주인공이 자신의 꿈을 향해서 노력하는 모습이 보기 조아떠용♥?  
20170305,10,관람객딸아이와 재미있게 잘보았습니다~  
20170305,10,관람객드림웍스는 역시 나는 장면을 좋아하네용 치킨윙! 꼬꼬댁!  
20170305,8,관람객아이들이 재미 있어 하네요.  
20170305,10,"관람객꿈이 만든 큰 변화. 정말 휼룡한것 같습니다. 연습을 이길 상대는 없듯이, 정말 대단한것 같습니다. 좋은 선생님을 만나서 정말 다행이고요~억지로 발레를 하는것은 절대 성공 못하기 때문에 그 꿈을 소중히 하는 자만하지 않는 사람이 될어야 할것 같습니다!  "
20170305,10,관람객아기가 정말정말 재밌어해요  
20170305,8,관람객6살 아들이랑 봤는데 좋았어요~  
20170304,8,관람객아이들에게 꿈과 희망과 사랑을 주네요.아이들 눈높이에 맞는...  
20170304,10,관람객아이와 함께 즐겁게 관람했어요.  
20170304,10,관람객재밌어요.특히 여주는 활발해서 좋았어요!!!  
20170304,10,관람객정말 재미있고 유익한 애니메이션이었어요. 8세 딸아이가 무척 좋아하네요. 진로와 적성에 대해 고민해보고 재미도 느끼고 감동도 느낄 수 있는 영화였습니다  
20170304,10,관람객아이와 함께 푹 빠져서 볼 수 있었던 재미있는 영화였습니다.  
20170304,9,관람객발레리나 애들이 보고 좋았데요.  
20170304,10,관람객혼자보기 좋은 영화예요  
20170304,8,관람객아이랑 보기 재밌었어요  
20170304,2,자라나는 아이들 교육상 안 좋은 내용이다 개연성도 떨어지고 부분적으로 작위적이다 기대했는데 역시 입소문대로 별로네 애니메이션 기술만 뛰어나믄 뭐하냐 아이들이 펠리시를 보고 배울까 봐 걱정된다 빅터는 주연인데 조연급 딱히 역할이 없네 이런 만화 싫다  
20170303,4,관람객중반까지의 전개는 전형적이지만 나쁘지 않았습니다. 하지만 그 이후의 주인공의 행보와 결말이 열정이라는 주제와 잘 맞는지는 모르겠습니다. 결말을 위해 라이벌인 까미유를 희생양으로 삼은 느낌이었네요 저는.  
20170303,9,관람객재미있네요.애기들이 좋아하겠어요  
20170303,10,관람객아이가매우재밌어했어요  
20170303,10,관람객재밌었어요ㅎ상영관이 적어서 찾아서 갔지만교훈도주고 전제가 더 재미있게 봤어요 6세딸도 좋아하네요  
20170303,9,관람객어른이 더 봐야할 애니메이션 ^^  
20170302,10,관람객아이도 어른도 너무나 행복해지는 영화♡  
20170302,8,넘 재밌어요 펠리시 넘 예쁨  
20170302,10,관람객아이들 보기에는 넘 좋은 영화 인것같아요~~  
20170302,10,관람객우와~ 딸아이때문에 그냥 보러간거였는데 정말정말 재밌었어요!!딸보다 제가 더 신나서 봤네요~6세였는데 아직은 조금 어렵기도 한것같아요.  
20170302,7,관람객좀무섭네요mmmmㄱ  
20170301,10,늦게봐서 극장찾기힘들었지만 전 재밌게 봤어요 저랑코드가 맞았는데 웃기더라구여 시간도빨리가고 발레공연하는 장면이 덜나오긴했지만 재밌었어요  
20170301,10,관람객재밌어요 아이들이 좋아했답니다  
20170301,10,관람객10살 딸아이와 관람했습니다꿈을향한 주인공들의 이야기..발레동작들과 발레배틀등딸아이가 너무재미 있다고하고 저도 참 재밌게 보았습니다 상영관이 적어서 아쉽네요 보고싶은데 못보고 이제야 먼길달려가 보았네요  
20170301,9,관람객우리딸 두번째관람입니다~~^^또봐도 재밌다네요~~  
20170301,8,관람객내용도 좋고 아이도 좋아합니다  
20170301,10,관람객아이가 너무 재미있게보았단다..아이가 굿이니 아빠도 굿일수밖에..^^ 난 안봤지만...  
20170301,10,관람객아이들이 많이 좋아해요  
20170301,8,관람객아이가너무보고싶어해서 봤습니다 너무재밋어하네요  
20170301,10,관람객원라긿었는데 너무짫게느껴저용  
20170301,10,관람객잘보고가요 아이랑 봤는데 저도 볼만했구 아이도 좋아했어요  
20170301,8,영화보고 나오는 남자 애들이 죄다 재밌다고 그러고 아들도 재밌었다고 함.  
20170301,8,관람객발레리나를 꿈꾸는 딸아이와 봤습니다.현실보다 조금 더 뛰어난 발레실력을 보면서 즐겁게 영화 한편 보았습니다.  
20170301,9,관람객아이가 감동을 받아서 좋았습니다  
20170301,10,관람객딸 아이와 같이 봤는데 참 좋았어요 발레를 좋아하는데 음악도 좋고 발레 장면들이 아름다웠네요  
20170301,10,"관람객8살 7살 아이들과 봣는데,감동적이고 재밋어요. 어린이들에게 강추요~  "
20170301,9,관람객괜찮아요  꿈에 열망이 생길꺼  같아요  
20170301,10,관람객큰 아이가 너무 좋아 했어요잔잔하며 여운이 있다고...동생은 살짝 지루해 했지만큰 아이는 사실...모아나보다 감동적이 었답니다  
20170228,9,어른들이 보기엔 유치할줄 알았는데 생각보다 재미있고 여운이 있어요! 그리고 감동적임!  
20170228,9,관람객단순한 에니메이션을 넘어 주인공이 어려움에 처할 때 굴하지않고  끊임 없이 도전하는 모습이 아이들은 물론 어른에게도 교훈과 감동을 주는 이야기였습니다~다시 보고싶습니다^^  
20170228,9,관람객더빙만 있는게 아쉽지만 딸과 즐겁게 봤네요  
20170228,9,관람객감동적이고 재밌었어요~~  
20170228,9,관람객재미있게 잘 봤습니다~!  
20170228,9,관람객아이들이 넘좋아하네요잘보았습니다  
20170228,7,관람객스토리는 좀 억지스러운 부분이 없지않아 있지만..그래도 좀 잔잔합니다 해피엔딩을 좋아하는 사람으로.. 좋습니다재미있게 봤습니다  
20170228,10,관람객넘 재밌고 감동적이에요  
20170228,10,관람객수준높은 애니메이션이네요애들보다 제가 더 흥미롭게 본 듯해요간만에 가슴속의 무언가가 뜨거워지는 기분이었습니다  
20170228,10,관람객어린딸하고 봤는데 둘다 울면서 봤네요  
20170228,10,관람객애들이 너무 재밌었다고 또 보고싶어하는지감동해서 눈물도 살짝났다고하네요  
20170228,10,관람객아이와 함께 봤는데 스토리도 재밌고 교훈도 있어서 좋았어요  
20170228,8,관람객18세기 프랑스를 잘 재현한 그림  
20170228,10,관람객내용이 알차다 재밌다 진짜  
20170227,1,애들보는 만화에 오함마들고 쳐죽일려는부분은 진짜 눈쌀을 찌푸리게 했네요....4살짜이 아이도 재미없다고 하고 저도 어이없는 영화였습니다  
20170227,10,너무 잼있어요 핵꿀꿀잼 이에요 저는 제가 깨달은 것이 꿈을 위해 최선을 다하면 이룰 수 있구나라는 것을 깊이 깨달았어요  
20170227,6,관람객아이들과 볼만했습니다^^  
20170227,10,내용이재미있었어요 딸이 좋아하네요^^  
20170227,10,관람객7세아이와보기좋아요  
20170227,1,"오디션 전 날 남자랑 데이트하러 나가느라 자기 열심히 가르친 이모한테 ""엄마도 아니면서"" 이딴 소리나 하고 열정?은 개뿔..오디션 직전 까지도 연습 한번 안하고는 오디션 때 실수...겨울왕국이 왜 겨울왕국인지 픽사가 왜 픽사인지 이딴 삼류보고 느끼네요  "
20170227,9,관람객재미있게 봤어요 아이가 좋아해요  
20170227,10,관람객굿 너무 재미있었어요 추천합니다  
20170227,10,관람객아이들보긴 좋은 .. 재미있었음..추천  
20170227,10,관람객지붕에서 춤을추는 모습이 신기하고 발레하는 모습을보니 예전에 배웠던 발레를 다시 배우고 싶어졌습니다.  
20170227,10,관람객기대별로안했는데 교훈도 있고 내용도알차고초딩3학년 딸이랑봤는데 느므느므 재밌었어요또 보고싶따  
20170226,10,관람객너무너무 재미있어요.  
20170226,9,관람객잘봤습니다 아이들이 재밌다고 하네요  
20170226,8,관람객아이랑 재밌게 봤네요~발레에 관심있는 아이들은 한번보면 좋겠어요~  
20170226,8,관람객기대이상으로 재미있고 영상도 이쁨  
20170226,10,관람객딸이랑 아들이 재밌게 봤답니다  
20170226,10,관람객아이들이 너무 좋아해요  
20170226,10,관람객오랜만에 동심으로 돌아가봤네요^^  
20170226,8,관람객딸이 너무 재미있다고 하네요^^  
20170226,10,짱재밌을 것 같은데 저는 자막보단 더빙이 좋더라고요.사람마다 다르겠지만  
20170226,8,관람객딸아이가 5세인데 재밌었다고하네요 ~~ 저는 살짝 지루했어요  
20170226,8,더빙말고 자막 ㅠㅠ  도전과 꿈! 아름다웠어요~!  
20170225,10,아이때문에 애니메이션영화를 많이보는데 지금까지본 애니중 제일 재밌었어요  
20170225,10,따뜻하고 가족이 보기에 딱입니다. 그림도 너무 이쁘구요^^  
20170225,10,관람객조아요조아요조아요조아요  
20170225,10,"관람객아이들과 함께 관람했는데 감동도 있고 내용도 좋았어여~ 아이들에게나 어른들에게 ""강추""  "
20170225,10,관람객애들이 많이 좋아하네요 또보고싶다네요 초1아들도 좋아해요  
20170225,10,관람객감동적이고 흥미진진해요 ~~  
20170225,10,관람객정말 재밌게 잘보고왔어요~  
20170225,10,관람객여자아이들에게 꿈과 희망을 안겨줄 영화입니다~만화가  무척 예쁘게 그려졌습니다  
20170225,10,관람객딸아이와 조카와 함께 보러갔는데 아이들도 재밌게보고  어른인 저도 너무나 재밌게 보았습니다다시보고싶은 영화이고 역시 디즈니 네요~~  
20170225,10,관람객아이들도재미있고 저도 지겨울틈없이봤어요 ~~  
20170225,8,"관람객아이들이 재밌어해요,,본인이 발레리나가 된 것처럼 날라다니네요,,ㅎ  "
20170225,6,관람객좋네요조아요조어오ㅡ  
20170225,9,관람객아이랑 같이 봤는데요 재미있어요  
20170225,9,관람객초등학생 아이들이 보기에 아주 유익한 영화입니다  
20170225,10,관람객파리의 풍경을 맘껏 즐기는 영화였어요. 아름답습니다  
20170225,9,관람객딸아이가 정말 몰입해서 봤네요  
20170225,9,관람객꿈을 심어주는 재미있는 영화였어요~~  
20170224,7,관람객감동도있고 스토리가 유익했어요  
20170224,9," 오늘 보고 왔는데.. 한 곳 빼고 더빙만 있어서 별 한 개 뺐어요 ㅠ관객이 대부분 아가들이었는데 잘 봤구요. 영상, 음향 놀이공원 열차 같이 재미지게 잘 배우고 왔습니다 . 나중에 다운 나오면 구입해서 한동안 볼 것 같아요 ^^  "
20170224,8,관람객아이가 재미있어했어요  
20170224,10,관람객아이어게 상상의 날개를 펼칠수 있는 좋은 작품이었어요~  
20170224,9,관람객꿈을 이루는 주인공의 모습이 감동적이예요.  
20170224,10,관람객상영시간이 짧게느껴질정도로 재밌었다고합니다.  기대보다는 재미있었다는 조카의평입니다  
20170224,10,관람객발레하는 모습이 너무 멋졌어요~^^  
20170224,9,관람객6살 딸아이랑 너무 재미있게 봤네요^^  
20170224,10,관람객어른도 재밌게 즐길수 있는 영화좋아요^^^^  
20170224,9,관람객영상도 이쁘고 내용도 좋았는데 청소부 이모가 최고의 무용수에서 불이나서 다리를 다친것같은데 왜 청소부까지 된건지가 어른의 입장에서는 궁금했네요ㅋ  
20170224,10,관람객즐거이 잘 봤습니다~~~~^^  
20170224,9,관람객조카들 구경시켜주러 갔는데 제가 더 재밌게 본 것 같아요. 소녀판 빌리 엘리어트 같기도 하고ㅋ  
20170224,10,"관람객발레라는 주제로 에니메이션 영화를 만들었다고해서 약간 걱정했지만 정말 동작 하나하나 부드럽고 자연스러운 에니메이션을 구현한것을 보고 감탄했습니다. 영화에서 표현한 라이팅과 에니메이션, 색감은 너무나도 아름다웠습니다.  "
20170223,10,관람객기대이상으로재미있어요 강추합니다  
20170223,10,관람객너무 재미있게 잘 봤어요~^^ 자막으로 봤는데 아이가 또 보고 싶어해요.  
20170223,7,관람객딸이 눈물을 흘렸다고 감동적이었다고 하네요. 재미있게 보았답니다.  
20170223,9,관람객초딩 두딸과  봤는데 내용이  좋았어요  영화의  주인공처럼 우리아이들도  긍정적인 맘으로 꿈을 키워나갈수있을것같아요  
20170223,9,감동적인 영화네요~아이들이 꿈을 이루기위해 ~  
20170223,8,애들이랑 같이 볼만하네요  
20170223,6,관람객줄거리가 산만하고 다소 이해하기 힘든 사건들이 있지만발레를 좋아하는 여자아이라면 좋아할꺼예요  
20170223,10,관람객3학년 우리딸이 최고로 재미있는 영화래요.  
20170223,8,관람객아이들이 잼있어했어요.  
20170223,7,관람객7살 발레를 무지 좋아해서 보여줬더니 너무 재미있었데요..중간에 좀 긴듯했는지 지루할때도 있었는데 마지막 장면이 기억에 남는데요~  
20170223,8,관람객아이들과 영화보고 왔어요. 감동도 있고 스릴도 있고 즐거운 시간이었습니다.^^추천합니다.  
20170223,9,관람객아이가 엄청좋아하네요  
20170223,8,관람객꿈과 희망을 얘기하는 재미있는 애니메이션 그림체도 마음에든다  
20170223,6,관람객재능만 있다면 잘못된 행동을 해도 된다는 인식을 심어줄수 있는 부분이 있어요.어떠한 상황에서도 사람은 정직해야함을 아이에게 알려줘야 하겠어요.  
20170223,10,관람객기대이상으로 재미있었답니다.아이보다 제가 더  재미있었다는.. ㅎ  
20170223,7,관람객딸 아이와 함께 즐겁게 보고 왔어요~ 더빙 밖에 없어 아쉬운감도 있었지만..주인공 버프 받아 무조건 잘되는것이 아닌 열심히 본인이 노력한 시간들이 나와서 더 좋았어요~^^  
20170222,10,관람객발레리나가 꿈인 딸과 재밌게봤어요~노력하면 불가능은없다.  
20170222,10,관람객너무 너무 좋았어요.~ 강력 추천  
20170222,9,관람객아이들과 봤는데 나름 감동적이고 꿈을 향해 노력하는 모습이 인상깊었나보더라구요.  
20170222,7,관람객조카와 관람. 여자아이들이 좋아해요. / 좀 뻔한 스토리라인이긴 하지만 따뜻한 감성이 있고 유럽의 배경이 예쁘고 볼만했습니다.  
20170222,7,관람객아이와 즐겁게 봤어요7세 아이가 뭐든 꿈을 이루기위해서는 노력을 해야 한다고 말하네요 소득이 있었던(?)영화인듯 ㅎㅎ  
20170222,9,관람객내용이 어린이들의 꿈을 꾸고 꿈을 이루기 위해 노력하는 유익한 내용이어서 좋았던 것 같습니다그래픽도 너무 예뻐서 어른이 함께 보기에도 부족함이 없었던 것 같습니다. 발레리나 친구는 발명가를 꿈꾸는 소년이어서 여자친구들 말고 남자친구들도 재밌어요  
20170222,9,"관람객딸이 영화보곤 발레하고 싶다고 난리네요,어른도 잼있게볼만한거 같아요  "
20170222,2,드한이 목소리 좀 듣게 해주지ㅠㅠ 더빙만 있네요 언제 다운로드 뜨는지?  다운로드는 자막이 분명 있겠죠?  
20170222,9,관람객재미있게 봤다고하네요9살아이들 친구와함께 잘봤어요  
20170222,9,관람객아이들이 배울점이 있고 감동적입니다.  
20170221,10,관람객너무재밌고감동적이에요  
20170221,10,관람객여태본 애니메이션중에 최고예요~~  여자애들이 짱 좋아할만함...  딸이랑 같이 봤는데 엄마인 제가 봐도 재밌었어요..  
20170221,10,관람객아이와 같이 봤는데 어른이 봐도 감동이었 습니다  강추합니다  
20170221,10,관람객너무 잼있고 가슴벅찬 희망을 주는 영화요  
20170221,10,프랑스에서 불어 더빙 버전으로 한번 보고 반해서 이번에는 영어로 자막으로 한번 봤는데 역시 재미있네요! 빨리 DVD가 나왔으면 좋겠어요!! .... 그나저나 자막으로 상영하는 영화관이 왜 이렇게 없나요 ㅠㅠ 이 영화 상영하는 영화관도 적은데 ....  
20170221,8,관람객역경과  고난을  딛고  아이들이  성장하는  모습을  잘  표현하고  순간순간  볼거리도  있고  스토리도  재미 있네요  
20170221,10,관람객너무 재미있고 행복하고 감동적이다  
20170221,10,관람객아이들과 함께 너무 재미있는 영화 관람하였습니다^^  
20170221,9,더빙을 상영을 하는것도 조금은 안좋아요. 원판봐야  재미있는데요. 이제 극장에서도 거의 내리고 해서 VOD로 빨리  나왔쓰면 좋겠네요  
20170221,10,관람객어른이 봐도 재밌고 감동이네요~~ 물론 애들도 잘 보구요 ~~^^  
20170221,10,관람객애들이 너무 재미있었다고하네요.  
20170221,9,관람객디즈니 영화에 익숙해서 인지노래도 주인공도 미숙해 보였어요그래도 아이들은 좋아하고 잘 봤어요  
20170221,10,관람객딸아이와 보기 좋네요 ㅎㅎ  
20170221,9,관람객잘봤습니다.오랜기간 동안 연습해온 애들을 제치고느닷없이 나타난 천재발레리나?돔 황당하긴 하지만 나름 재미있었어요.  
20170221,10,데인드한 목소리 겁나 좋다  
20170221,9,관람객주인공이 열심히 노력하는 모습이 보기좋았어요아이들과 함께 보기에 좋은 영화입니다  
20170221,10,관람객넘 좋았어요 애들도 넘 좋아하네요  
20170221,8,관람객그림도 예쁘고 내용도 좋았고 파리 배경이 멋지긴 했는데 못된 까미유 엄마가 너무 괴물만큼 무섭게 그려져 아이가 무서웠다고 하네요 ㅎㅎㅎ 그렇지만 발레스텝도 볼 수 있고 좋았어요  
20170221,10,아이들과 보려고 했는데 하루 한타임 상영하고 그 마저 아침 아홉시반에 하면 어찌 아이들 데리고 보란 얘기인 지...그리곤 벌써 종영인 건가요? 가까운 영화관 어디도 예매를 할 수가 없네요 스토리 재미있다해서 초등 여아들 보여주려 했는데 무척 아쉽습니다  
20170221,8,관람객5살 보기에는 무리인가 봐요. 무섭게 쫒아오는 장면에서 울었네요.  
20170221,10,관람객아이들이 엄첨 재미있다고 하네요.첫째아이는 남자아이임에도 짱구보다 재미있었다고 좋아라 했습니다.  
20170221,9,관람객아이들이 무척 좋아하더라구요  
20170221,10,"100w점 주고 싶어요 최고의 애니메이션 2번이나 극장에서 봣구요 너무 감동적이고 노래, 영상 모두좋습니다 스토리 역시 좋습니다. 자막이 없어서 걱정이네요. dvd사고싶습니다.  "
20170220,10,관람객딸아이와 재미나게 보았어요 딸아이가 막 울며 감동까지 ㅠㅠ  
20170220,10,good더빙도 괞찮음 다만 시간대랑 하는곳이 없어서 보기힘들었지만 최고였고 나중에 더빙으로 다시보고싶음  
20170220,8,관람객8살 아이와 같이 재밌게 잘 봤어요~^^뭔가 연출이 부족한 느낌은 있었지만 코믹하기도 하고 유쾌하고 재미있게 잘 봤어요.저희 딸 예전에 발레배우면서 싫어했었는데 이거 본 후로는 발레를 잘 하고 싶단 말도 하고발레리나 또 보러 가자고 그러네요.  
20170220,8,관람객아이가 막 따라하네요 예쁘고 잘봤어요  
20170220,10,관람객딸아이  유치원때부터 발레하는데  너무너무 재미있게 봤습니다  
20170220,10,관람객재미있었어요~~!!  
20170220,9,관람객딸아이가 보고싶어했는데 상영관이 한군데라 좀불편했지만 아이들이 좋아하고 저두 재밌게 봤어요.  
20170220,10,관람객너무감동적이었어요~~아이들과 함께 보았고 여운이 많이 남네요  
20170220,9,관람객딸과 함께 봤어요꿈을향해 노력하고 도전하는 것이 인상깊었고코믹도 있어서 재미있었음  
20170220,8,관람객꿈을 찾아 이뤄가는 내용과 춤이 생동감있게 표현되어서 재미있었어요  
20170220,9,관람객가슴이 따뜻해지는 즐거운 영화였어요..  
20170220,8,관람객딸이 좋아하더군요  실제 발레공연에도 관심을 갖구요  
20170220,10,관람객감동적인 애니매이션이네이네요  
20170220,8,관람객다섯살 딸아이와 잘봤습니다  
20170220,10,관람객아이랑 재미있게 관람했습니다.  
20170220,10,꿈을 이뤄가는 과정이 좋았어요~딸아이도 흠뻑 빠져봤답니다  
20170220,8,관람객전 학생인데요 너무 감동이었어요..^^  
20170220,10,잊었던 꿈을다시생각하게 해주는영화였어요  
20170220,10,관람객시간가는 줄 모르고 봤어요...딸과 함께 보기 좋아좋아요...  
20170219,9,"정말 재미있게 잘 봣습니다!!! 강력추천해요! 작품안에 모든 걸 담으려고 하다보니 약간의 비현실성이 있긴 하지만.자신의 꿈이 무엇인지, 나는 그 꿈에 대해서 얼마나 노력하고 있는지 자신에 대해서 돌아보게 하는 애니메이션입니다!  "
20170219,10,처음에 제가 같이 끌고가서 봤던 친구도 영화 끝나자마자 진짜 재밌다고 하고 ost에 스토리에 감동까지 뭐하나 빠지는게 없는 영화인데 대부분 영화관에서 더빙밖에 안하고 상영하는 횟수도 별로 없고 편파적인 이런 대우 진짜 실망입니다  
20170219,10,관람객아이들이 너무 재밌게 봤다네요*^^*  
20170219,9,또 보고 싶을만큼 재밌네요  
20170219,8,관람객기대가  너무커나 조금약해  
20170219,6,관람객더빙때문에 영화가 별루였네요.  
20170219,8,관람객9살 6살 딸들과 봤는데 애들이 재미있다고 합니다  
20170219,10,관람객재밌어요~ 영상이 진짜 예뻐요  
20170219,9,관람객8살딸아이랑 너무 재미있게봤어요~~^^어른인 제가봐도 너무 재미있던 영화~~  
20170219,5,관람객결과가 너무 흐지부지했던거같습니다서둘러 마무리되는 느낌이랄까...스토리상  마직막이 아쉬웠어요  
20170219,10,관람객어린이에게 꿈의 의미를 진지하게 생각할 수 있도록 도와주는 영화!. 재미는 기본! 지나친 권선징악을 강요하지 않는 것도 좋았음.  
20170219,9,관람객올해 10살된 딸 아이와 함께 보았는데아이도 엄마도 무척 재미있게 보았네요  
20170219,9,관람객딸아이가 너무 좋아하네요ㅡ싫어하던 발레가 좋아졌다고 해요. 딸아이누 강추  
20170219,8,관람객아이는 너무좋아하네요  
20170219,7,관람객딸과함께 봤는데 너무 좋아하네요  
20170219,10,관람객참 잼난 영화예요~~~  
20170219,3,발레를 가장한 생쑈..  
20170219,10,관람객딸이 너무 좋아했어요 저도 재밌었어요  
20170219,10,재밌어여~~울딸 꿈이 발레리나로 변경~~ㅋㅋㅋ  
20170219,10,관람객여자아이들이 좋아할 내용단 상영시간이 늘 낮에만 있는게 아쉽네요성인들을 위한 번역판도 필요해보이구요  
20170219,10,관람객아이들이랑넘재밌게봤어요  
20170219,7,관람객발레리나 딸들과 함께 보기 좋았어요  
20170219,9,관람객소장하고싶을정도로 재미있었요.  
20170219,9,관람객발레좋아하는아이가 보고와서내내발레춤을추네요~^^  
20170219,10,관람객딸아이와 즐거운 시간 보냈어요~주인공이 꿈을 위해 노력하고 최선을 다하는 모습이 아이에게 꿈을 생각하게 하는 기회가 되게 하는 좋은 영화였어요~  
20170219,10,관람객아이들이랑 너무재밌게 봤어요^^보고 나서는 발레리나가되고싶다고 하네요~  
20170219,10,완전 꿀잼입니당강츄-!! 감동을 많이 주는 영화네요..ㅎㅎ근데 저는 자막이 있었으면 더 좋았겠지만 더빙만 있어두 괜찮은거 같아요~!!^^ 하여튼 진짜루 강추해요~~!!제 인생 최고의 감동을 주는 영화인것 같아요~!!♡♡  
20170219,8,관람객애들도 좋아하고 재밌네요  
20170219,10,관람객너무 재밌어요아이들이 좋아해요  
20170219,10,관람객우리아이굿굿 해요  대박나세요  
20170219,8,관람객예비초여자아이가보고싶다고해서갔늣데볼만하네요  
20170219,10,관람객아이들에게 꿈과 끔을 이루기 위한 열정과 노력이 필요하다는 교육적인 내용 굿입니다  
20170219,9,관람객아이들이 너무 좋아할수있는 영화특히 발레를 배우는중인 여자아이들에게 너무 좋을듯  
20170219,8,관람객신나고 재밌네요.디테일도 좋구요~몰입해서 볼수있는.좀더 많은관에서 하믄 좋을텐데요  
20170219,8,관람객감동이였어요.재미있었어요  
20170219,10,"관람객내용 좋았어요~ 5,7세 여아가 정말 좋아했습니다^^  "
20170219,10,관람객재미있게봤습니다.희망이생기는 영화네요~~  
20170219,8,관람객7세남자아이랑 봤는데 너무 좋아했어요즐거운 시간이였다며 ㅋㅋㅋㅋ  
20170219,10,관람객나는 재밌었음 너의이름은 보다도 ㅋㅋ  
20170219,10,유치하지 않고 어른도 재밌게 볼수 있어요.꿈을 이뤄가는 과정이 멋졌어요  
20170219,10,관람객기대안하고 봤는데 너무 재미있었어요.또 보고 싶네요..  
20170219,10,관람객진짜재미있어요 노래도신나서너무재미있게봤습니당!!  
20170219,10,관람객너무 재밌있게잘봤어요!  
20170219,8,관람객잘봤어요~기대감이좀  적지만 아이랑 보기에 좋은영화네요  
20170219,9,관람객잼나요  또보자고 난리넹?  
20170219,10,관람객어른들도참감동있는영화였어요  
20170219,10,관람객발레배우고있는8살딸이랑 아주 재밌게봤어요~~동기부여도되고^^  
20170219,1,연예인 더빙에서부터 거른다 ㅋ  
20170219,10,관람객완졍 잼잇어여 강추해요  
20170219,9,관람객딸아이와 함께 넘 재미+감동이었어요  
20170218,10,관람객한컷 한컷 소장해두고 싶을만큼 영상이 정말 예뻐요 재미와 감동도 있구요꿈과 열정에 대한 메세지가 있는 영화예요스토리 전개가 좀 빠르게 느껴지지만 전하고자 하는 메세지는 분명하게 와닿네요  
20170218,10,관람객영화재밋네려하하하하굿굿  
20170218,10,관람객아이들이랑 잼있게보았어요발레배우고싶다네요  
20170218,9,아이들만 극장에 넣어두고  부모님들은 밖으로  나가시던데...함께 보세요....눈물 3번 흘리네요  
20170218,9,관람객정말 재미있게 봤습니다.  
20170218,10,관람객너무 재밌네요 감동적이고 최고  
20170218,8,관람객괜찮은 영화입니다 즐겁게 보셔요  
20170218,10,관람객유머코드는 아주 어린 아이 감성은 아니어서 어른도 재미있게 볼 수 있음. 더빙이라 좀 아쉽지만 영화는 재미있음  
20170218,10,관람객너무재밌게 봤습니다. 재미도있고 감동도 크고 아들도 넘 재밌었데요^^ 푹빠져봤답니다ㅎ  
20170218,8,관람객애들이 재미있다고하네요  
20170218,9,관람객아이들이랑 봤는데 잼나게봤네요ㅋ  
20170218,9,관람객발레란 소재로 감동과 재미를 주다니 놀랍네요~어른들도 즐겁게 감상할수 있었고 음악또한 좋았습니다.  
20170218,8,관람객아이들이 흥미를 가지고 볼수있어  좋아요~~^^  
20170218,7,관람객대사나 용어가 어려워 어린아이들은 지루하지만 초등생이라면 볼만한 영화였습니다  
20170218,10,관람객기분좋게 볼수있는 영화.  
20170218,10,관람객딸이 재미있었다네요~  
20170218,9,관람객아이들이 넘 재미있게 관람했다고 합니다 ㅎㅎ  
20170218,10,관람객재미있고 감동적이고 행복한 ~~**  
20170218,5,관람객다 예상되는 너무 뻔한 전개  
20170218,10,진짜 감동적인 영화 였습니다!!  
20170218,10,어른이봐도은근감동이네요 열자  
20170218,6,관람객발레리나의 꿈을 실현해주는...영화  
20170218,9,관람객착하고 그래픽 좋은 애니메이션조카와 같이 잘 봤습니다  
20170218,9,관람객딸이랑 재밌게 봤습니다^^  
20170218,8,관람객오 초딩동생이랑 봤는데 저도 재밌게 봤어요~  
20170218,10,관람객아이들이 너무재미있게 보았다고하네요  
20170218,8,관람객아이와 어른 함께 볼만한 영화  
20170218,10,어린애들도 보기 좋지만 학생들이 봐도 재미잇는 영화네요!  한번더 봐도 재미잇을것같아요!  
20170218,10,관람객발레리나 정말 재미있게봤네요~~~~^^  
20170218,10,관람객아이들이 상당히 재미있어 합니다.  
20170218,10,관람객너무 재미있게 잘봤습니다  
20170218,9,관람객딸아이랑  감동있게 봤어요꿈을 이루어가는 과정이 어린딸에게 꿈을심어주는거 같아서 정말좋았어요  
20170218,10,관람객전 발래를 다니고 있는데요. 발레리나를 보니 정말 열심히해야겠다는 것을 느꼈어요 정말 재밌어요. 재밌게 보세요.  
20170218,1,더빙밖에 없어 영화못봄  
20170218,9,관람객너무 귀여워요.정말 감동적 이었어요.~^^  
20170218,8,더빙이라 그런지 영화관에 어린애들 너무 많다 떠들고 왔다갔다 거리고 그와중에 같이온 어른들은 핸드폰하고 정신없다 영화자체는 ㄱㅊ음  
20170218,8,관람객아이들 데리고 보기는 좋은편이지만 적극추천은??  
20170217,10,관람객감동적인 영화였습니다. 꿈과 자아실현을 고민하는 사람이라면 남녀노소 상관없이 볼수 있는 영화!  
20170217,5,관람객애들이 잼나게 잘 보고왔어요 영화가 갑자기 시작해서 좀 황당하긴했지만 광고없이 보니 더 집중해서 보는덧 같았어요  
20170217,8,관람객해피엔딩. . 너무도 즐거웠다며. . 행복해 하더라구요.  
20170217,8,관람객재미있게 잘 보았어요 강추합니다  
20170217,9,발레리나?! 큰기대를안했는데다른에니메이션과차별화된점이있네요현실적인이상과꿈?감동?슬픔?분노등사람이느낄수있는여러가지의감정들이잘묻어나와아이들과보기에도넘재미난영화인듯싶네요  
20170217,10,관람객발레 배우는 딸아이와 너무 재밌게 봤어요  
20170217,8,관람객아이들 보여줫는데  너무 만족하네요  
20170217,10,관람객4학년 여자아이들 너무 재미있다네요~^^  
20170217,9,관람객평소 발레를 좋아하는 한여자아이가 자신을 꿈을 향해 고아원을 탈출해 좋은 발레 선생임을 만나 성공하는 ㄱㅖ기가 되지만 자만심으로 다시 바닥으로 떨어지지만 열정을 가지고 다시 자신을 꿈을 향해 나아가는 모습이 너무 감동적임 발레선생님 고아원 아저씨 완존  
20170217,8,애니메이션이지만 유치하지 않고 잔잔하니 저도 재밌게 봤어요 8점을 준 이유는 남아들은 지루해할수 있을것 같아서 딸아이관람용으로 추천 올해 초등학교 입학하는 딸아이와  개봉날 봤는데  아주 좋아해요 고아소녀의 꿈을 위해 노력하는 모습이 참 이쁨  
20170217,9,"12살,7살 두 딸이 모두 좋아한 영화.처움부터 끝까지 집중해서 잘 보고 아주 재미있어 했습니다.  "
20170217,6,관람객글자열글자채우기 ㅅㅅ  
20170217,8,"관람객7살, 4살 아이들이랑 같이 재밌게 봤어요. 어른이 보기에도 재밌네요.  "
20170217,10,관람객딸아이가두번세번볼정도로재미있어해요  
20170217,9,관람객조아요  재밌었어요   음....  
20170216,8,관람객5살 9살 남매데리고 더빙으로 봤어요.발레영화지만 고전적이지 않고 신나는 음악과 어울어져서 아이들이 지루하지 않게 봤어요. 러닝타임도 저학년아이들보기 적당하네요.  
20170216,4,자막이 없어서 넘 아쉽네요. 아이도 자막으로보는 걸 더 재밌어하는데.. 더빙보다 자막으로 보는게 훨씬 재밌더라구요. 더빙이라 아이와 볼까말까 고민중..  
20170216,10,생각했던것 보다 훨신 재미있고 정말 감동적인영화였어요 여운이 오래갈듯하네요  
20170216,6,관람객아이들 보기에  무난합니다주인공이 꿈을 쫒아가는 과정을 아이들에게 보여주고싶었는데 잘 보여진것같습니다  
20170216,9,관람객노력하면 언젠가는 꿈이 이루어 진다는걸 깨우쳐주는 영화예요 맨날에 공연장면이 짧아서 아쉬웠어요  
20170216,7,흠 평점이 좋아서 봤는데 6살인 우리 아기가 복에는 폭력성이 있어서..좀 무섭다네요  
20170216,10,관람객지루하지 않고 재미있게 봤어요~  
20170216,10,엘르 패닝과 데인 드한의 더빙인데 한국판이라니;; 이건 좀;;  
20170216,10,더빙말고자막!!!!상영관늘리라고쫌!!!  
20170216,8,관람객살짝 진부한듯 하지만 그래도 아이들과 보기엔 괜찮은 영화  
20170216,10,아이들이 보고 헤어나오질못하고있네요-^감동적이고 재미있었어요  
20170216,10,관람객너무 재밌게 봤어요 감동적이고 너무 아름 다웠어요~~^^  
20170216,10,관람객딸과 함께 봐주러 갔다 제가 더 재미있게 보고 온 영화  
20170216,10,옆에 애기들도 안우는데 두번이나 눈물이났다 ㅠㅠㅠㅠ 뻔할수있지만 감동 힝 ㅠㅠㅠ  
20170216,9,관람객감동스러운거..  딸과 함께 행복했음!!  
20170216,10,관람객너무너무 감동적이고 아이들이 좋아함  
20170216,1,청각장애가 있는 저로써 관람하기가 힘들었어요ㅠㅠ 자막 상영관 좀 늘려주셨으면 좋겠어요ㅠㅠ  
20170216,9,관람객어른은 나름 재미있는데 다섯살 아이들에게는 스토리가 좀 어려워서 지루해하기도했네요. 그래도 재미있었어요 ㅎㅎ  
20170216,10,재미있게 봤어요 눈물이 살짝 고일만큼 감동도 있었고..  더빙이였지만 주인공들과 목소리가 잘 어울려서 보는데 지장 없었습니다.  
20170216,5,관람객딸램 잼있어 하더군요...내용은 뭔지 모르게 쫌ㅠ  
20170216,10,정말 아이랑 함께 재미있게 봤어요 추천합니다!!  
20170216,9,관람객아이와 재밌게 봤습니다!  
20170216,10,관람객평소에 발레에 많은 관심을 가지고 있었던 터라 더욱 재미있게 봤어요. 캐릭터들의 발레 동작들이 너무나도 정교하고 아름답게 표현되었고 빠리와 실제 오페라 가흐니에와 거의 흡사한 수준으로 배경이 표현되어서 감동이 한가득이었습니다.  
20170216,10,아이들뿐만 아니라 어른들도 함께 공감하며 즐겁게 볼 수 있는 영화에요^^  
20170215,9,"초등 3,5학년 아이들이랑 재미있게 봤습니다. 발레좋아하는 친구들이라면 굿~ 초등5학년 남자아이는 공주스타일 영화인줄 알았는데 기대했던 것보다 재미있었다고 하네요 ㅎㅎ  "
20170215,10,관람객너무재밌게봤어요~~~얘들보다도더ㅋㅋ  
20170215,6,관람객재밌었습니다..저희딸이 좋아해요.  
20170215,8,관람객아이들도좋아하고가볍게볼만합니다  
20170215,8,관람객아이와 함께 관람했는데 무척 재미있었어요~^^ 울첫째딸은 꿈을 향해 열심히 노력해야겠다고 생각까지 했다네요~^^  
20170215,8,관람객애가 좋아하네요ㅎㅎ감동이래요ㅎㅎㅎㅅ  
20170215,4,"솔직히 칼리레이젝슨 목소리 들으려고 오고, 매디 지글러 영화 속 목소리 들을려고 봤는데 무슨 자막판이 없는거야;;  "
20170215,7,관람객아이들과함께보았는데꿈에대해얘기나눌수있는시간이었어요.가볍게보시기좋아요  
20170215,10,관람객올해 8살되는 여자아이 데리고 봤는데 모아나보다 재밌다고 그래요 끝나자마자 또보고싶다고 그러네요 어른이 보기에도 괜찮구요  
20170215,7,관람객10살 여자아이둘 봤는데 재밌다고는 하네요  
20170215,10,관람객8세 남아와 재미있게 봤습니다~  
20170215,9,관람객아이와 함께 재밌게 봤어요~~^^  
20170215,9,관람객아이에게 감동을 준영화. 잔잔한내용좋았네요  
20170215,1,"사실 이런 ""여자들 직장가지라는 식의 선동애니""는 그 내막을 알고있는 성인이 보기엔 불편한게 사실입니다. 하지만 한국에, 그리고 전세계에 발레하는 여자들이 많아지길 바랍니다. 발레는 정말 추천할만한 문화이니까요.  "
20170215,9,관람객생동감있고 뮤지컬 보는듯한 영화넘 잼있었어요  
20170215,7,아이가 무척 재미있게봄  볼만한애니임  
20170215,10,관람객애기랑봣는데 재밋엇네요  
20170215,10,관람객딸아이랑 너무 재미있게 보았어요  
20170215,7,관람객꿈과 희망을 주는 영화~노력하면 가능하다는 메세지를 준다~재밌다  
20170215,9,관람객생각보다 딸아이와 재밌게 잘 봤습니다~  
20170215,8,관람객아이가 너무나 재밌어했어요~~~~여자아이들이 좋아라할영화예요~~  
20170215,10,아무기대않고 시간때우려고 갔는데 생각외로 괜찮았음..  
20170214,10,관람객7살 아들과 재미있게 봤습니다. 제가 더 몰입해서 봤네요. 추천합니다  
20170214,7,관람객재미있었어요 아이들도 재미있게봤네요  
20170214,8,관람객발레동작표현이 꽤 괜찮았어요  
20170214,9,관람객꿈을 향해  달려가는 한소녀의 이야기 편견과오만.그리고 신분에관계없이 발레리나의  꿈을 노력앞에는 그무엇도 장애가 되지 않는 다는 이야기 정말  감동적었습니다  
20170214,6,내가 너무 심각하게 받아들이는 건지는 모르겠지만 영화 보는 내내 잔인하다고 느낀 장면이 한두곳이 아니다 꿈을 향해 노력 한다는 점은 좋지만 내가 보기엔 노력하는 신데렐라 이야기 처럼 보였다  
20170214,10,딸들이 정말 감동하면서 봤어요. 강추합니다!  
20170214,9,기대 이상으로 재밌었던 영화~~최근에 봤던 다른 애니메이션보다 훨씬 내용도 좋고 몰입도도 있고 아이들에게 열정과 희망을 느끼게 해준 영화에요. 영화보다 흥행하지 못해서 아쉬워요  
20170214,10,관람객멋지다 오늘 고생많으셨습니다  
20170214,1,에휴...너무유치함  
20170214,8,관람객애들과 재미있게 봤습니다  
20170214,10,관람객아이들에게 꿈을 이루는 멋진 여정을 보여준 최고의 영화!딸이 너무 좋아해요~  
20170214,8,관람객아니와 즐겁게 봣습니다  
20170214,7,관람객5살 아이랑 보기 괜찮았어요~  
20170214,10,원어로도 보도싶어요~ 6세 딸아이랑 너무너무 집중해서 감동받으며 본 영화입니다 엄지척!! 또보고 싶어요~~~  
20170214,8,관람객스토리가 반복되어서 중간에 조금지루해하기는 했는데 옆에서 스토리얘기하며 보니 다시ㅎㅎ집중하네요!끝나고나서부터는 발레연습 무긍무진합니다유!  
20170214,9,관람객화면이 이쁘고 내용도 짜임새가 있네요  
20170214,8,관람객너뮈 짧네요ㅡ 1시간정도밖에안한듯  
20170214,9,관람객아이와함께 재미있게 봤어요..꿈을 향해 노력하는 주인공의 모습을 보면서 어느 순간부터 열정을 잃어버리고 살고 있던 제 모습을 돌아보았습니다..  
20170214,10,관람객다른영화를 볼까 고민하다가 아이에게  도움이 되고자  봣는데   상상의외로 재미가 잇엇어요.  초등학생의  어린아이와 함께 보면 좋을듯 싶네요  
20170214,10,관람객굿채미있었습니다.가족들이보기좋음  
20170214,10,관람객여자아이들이 좋아할 영화  
20170214,9,동심으로  돌아가 꿈꾸게 하는 예쁜 영화~  
20170214,7,관람객딸 아이가 아주 좋아해요  
20170214,9,관람객아름답고 행복한 영화여ㅛ어요  
20170214,8,자막은 해줘야 할듯 하는데요~~~ㅋㅋ  
20170213,9,관람객아이들보여주려고 봤는데 제가 더 잼있게 본거같아요~~아이들 정말재미있다고 하더라고요  
20170213,9,관람객아이보다 어른이 더 재밌어했어요  
20170213,10,관람객너무 너무 재미있었어요~ 내 꿈을 위한 끝없는 도전~꿈은 이루어질거야~~긍정적 영화였어요~^^  
20170213,7,하아..왜 자막버전이 없냐고;; 아이들 보기엔 괜찮은듯~  
20170213,9,관람객자막은 못봐서 잘 모르겠지만 중간중간 깨알웃음 포인트도 있어서 좋았어요 특히 최덕희 성우님 그리고 엄상현 성우님..이신거같은 분이랑 김옥경 성우님...같았는데(목소리가) 전문성우라 더 집중도 잘한거 같아요 교훈도 있는것같고 나름 재미있게 봤습니다  
20170213,9,관람객재미있어요.아이들이 좋아합니다.  
20170213,10,관람객아이들과 재미있게 보았네요 자막판으로 보고 싶었는데 아쉽네요  
20170213,10,관람객아이가 참 좋아한 영화에요  
20170213,8,관람객감동도있고 은근 잼있음  
20170213,10,관람객유익했어요아이가 좋아했어요  
20170213,8,혼자가서 봤는데 볼만했어요  
20170213,10,관람객딸아이가 보고 너무 감동적이라네요 다시 보고싶다네요  
20170213,9,관람객꿈을위해 노력하는 발레리나를 보면서 아이와 재미있게 보았습니다.^^  
20170213,5,관람객6세딸이랑 봤는데 나쁜말이 많이 나오네요..  
20170213,10,요근래본영화중에 이렇게 여운이 오래가는영화는 진짜 간만인듯.. 명대사 파티에 저녁시간대 영화 좀만 많았으면 두세번은 거뜬히봤을것 중간 중간 나오는 음악들도 정말 좋다..  
20170213,10,애기랑진짜잘봐써요ㅡㅎ겨울왕국보다 잼나써요  
20170213,10,전년령때가 봐도 될듯 합니다 건전하고 음악도 좋고 아이들이 팝콘도 안먹고 빠져서 봤어요 다시 보고 싶은 영화입니다  
20170213,5,관람객아이들과 보는내내 불편함을 느낀건 정말 나 뿐인가?다른사람의 이름을 훔쳐 꿈을 이룬것도 아이들이게 설명하기 힘들었지만 온 우주가 도와 주인공을 돕네. 한두번도 아니고...노력하고 정직해야 꿈을 이룰수 있다고 나는 아이들에게 가르치고 싶다. 주인공 노답  
20170213,9,관람객아이들에게 꿈과 희망을 줄 수 있는 내용입니다. 영화처럼 열심히 노력하고 열정을 가진다면 못할게 없는 그런 대한민국이 되면 좋겠네요~!!  
20170213,8,관람객마지막장면이 좀 아쉬웠음.  
20170213,9,시작은 올드합니다. 하지만 갈수록 감동입니다. 디즈니 픽사 애니에 익숙해진 요즘 잊고 지냈던 가치를 추억하게 합니다.  
20170213,8,관람객재미있으나 자막으로 상영하는 극장이 거의 없었음. 이유를 모르겠음  
20170213,9,관람객아이갖너무좋 아 해서 재미 있었다  
20170213,9,관람객발레리나재미있게 잘봤어요  
20170213,10,관람객너무너무 재미있어요 아이가 좋아해요  
20170213,10,관람객줄거리가 정말감둥적이에요 미국에니메이션에비해 기술적인 동작표현같은것은 좀 떨어지지만 내용은 역대 에니메이션중 최고에요줄거리가 정말감둥적이에요 미국에니메이션에비해 기술적인 동작표현같은것은 좀 떨어지지만 내용은 역대 에니메이션중 최고에요  
20170213,8,관람객내용은 무난합나다 임팩트는 좀 부족합니다  
20170213,9,관람객아이와 같이 관람 했는데 몰입도가 좋아 시간이 금방 갔습니다. 재미 있습니다  
20170213,9,"관람객꿈 ,감동,희망을 주는 영화에요 아이들과 꼭 보세요.보는 동안 즐겁고 행복합니다.  "
20170213,8,어떨지도 모르는데 무조건 더빙이면 좀...  
20170212,10,관람객너무잼있게봤어요.올해 6살된 아이도 개그를 이해하며 까르르까르르 웃으며 잘보더라구요. 딸아이가 집에와서 발레리나흉내를내는대 너무사랑스러웠어요 ㅎ  
20170212,10,관람객남자 아이들인데도 재밌다고 하네요  
20170212,6,관람객더빙말고 자막판이 있었으면 더 좋았을 것 같아 아쉬움이 남네요.  
20170212,9,관람객딸아이와  재미있게 봤어요  
20170212,7,관람객발레하는부분은 예쁘고 좋앗는데..더빙은 정말 최악...ㅜㅜ5살 아이랑 보는데나쁜말들이 많아서..  
20170212,10,관람객포기하지 않으면 꿈은 이루어진다~~  감동적이였어요^아이들 .어른들 모두에게 추천~!!  
20170212,8,"관람객오늘 아이들과 봤는데, 너무 좋아들 했습니다. 줄거리와 캐릭터 설정 모두 좋았습니다.  "
20170212,10,관람객재밌었어요 애기들이 좋아하네요  
20170212,10,관람객아주 좋았어요 다시 한번 보려고. 합니다  
20170212,9,관람객아이랑 너무 재밌게 관람했습니다  
20170212,8,관람객꿈을 심어주는 영화였어요 아이가 좋아하네요  
20170212,10,관람객애들이 보고왔는데  잼났대요ㅡ^^  
20170212,10,관람객너무재밌었어요ㅋㅋ마지막엔딩아이가너무좋아해요^^  
20170212,9,관람객자녀와 보기에 좋습니다 꿈을 위해 노력하는 모습이 보기 좋아요  
20170212,10,관람객너무 좋았어요.아이들에게 꿈을 실어주는 영화였어요  
20170212,10,"4살 딸이랑 봤는데 정말 재미있게 봤어요. 예쁘고, 멋진 영화에요. ^.^  "
20170212,9,관람객어린아이들과 함께 봤어요~ 지루하지 않게  잘 봤네요~  
20170212,10,관람객딸아이랑 신랑이랑 너무 재밌게 봤어요~~^^  
20170212,7,왜 다 더빙인거지..자막 상영관 하나만이라도 좋으니까 제발 좀 ㅠㅠ  
20170212,10,관람객너무재미있고편하게잘봤네요  
20170212,10,관람객아이들과함께 유익하게 봤던 에니메이션이였습니다  
20170212,9,관람객아이들 영화인데 기대이상 재미있게 봤습니다  
20170212,5,관람객 그냥 그렇습니다 내용이  그냥 ..  
20170212,10,관람객발레음악도 너무좋네요!  
20170212,9,관람객스토리도 괜찮고 가족 영화로 추천하고 싶에요  
20170212,5,우리나라는 왜 아이들을 위주로 더빙상영을 하는진 모르겠지만 어른들도 애니영화 자주봅니다.  자막 상영관즘 늘려주세요  
20170212,8,관람객애들하고 재미있걱 봤어요  
20170212,7,관람객꿈을  찾아가는  모습은  좋으나  스토리가  미흡한점이  아쉬운  영화!!!  하지만  딸이  좋아해서  7점  
20170212,6,관람객어린 여자아이들이 좋아할 만한 영화.보는 내내 지루함...  
20170212,9,관람객아들보다 제가 더 잼있게 봤네요~^^ 꿈을 잊고 살지 말아야 하는건 어른도 마찬가지이니까요~  
20170212,10,관람객발레리나 어린이들이 좋아할만함짱 최고  
20170212,10,재밌어요 감동도 있고 웃음도 있어요  
20170212,8,관람객딸이 재밌게 보네요. 발레내용 새롭.  
20170212,8,"관람객딸들과 함께 오랜만에 극장에서 본 애니메이션,,,초등 딸들과 감동적으로 잘 보았는데, 더빙이 아닌 걸로 보면 더 좋았을것 같고3D로 보았는데 가격대비 그다지 실감나지 않아 그냥 2D로 보았으면 더 좋았겠다는 아쉬움이 남는다.  "
20170212,10,관람객7세딸아이와너무잘보고왔어요.아이들에게희망과꿈을품게하는영화네요~~^^  
20170212,9,기대하지않고 봤는데 발레리나에 대한 주인공의 꿈과 열정이 너무 아름다워 기대 이상으로 재밌고 감동적이였음!  
20170212,10,관람객너무 감동적이라서 많은걸 캐닫았다고 아이가 말하네요  
20170212,8,관람객여자 아이들이 좋아하는 영화영화관람 후 두 아이 꿈은 발레리나~~  
20170212,10,관람객넘  재미있네요 아이도 재밌다고 하네요  
20170212,10,관람객짱재밌었어요!다음에또보고싶어요!  
20170212,10,관람객아이들이 좋아하네요 만족  
20170212,8,7살 딸이 푹 빠져서 잘 보더라고요. 딸이 잘봐서 저도 괜찮게 잘 봤습니다. 다보고 발레리나 되고 싶다고 하더라고요.  
20170212,10,관람객별생각없이  갔는데 재밌었어요 ^^  
20170212,10,관람객너무재미있어요딸이넘조아해요^^  
20170212,10,관람객엄청 재미났다고 딸에가 얘기합니다 ㅋㅋ  
20170212,9,관람객딸랑구 발레하고 싶다길래 보여줬더니 엄청 집중해서 보네영~ 저도 재미있게 봤어요  
20170212,8,관람객재밋어요~~!! 여자아이들이 좋아할만한 영화네요  
20170212,10,관람객아이들과 함께 봤어요 아이들에게 꿈과 열정을 느낄수있게 해주는 재밌는 영화였어요^^  
20170212,10,관람객어려운 환경 속에서도 포기하지 않고 꿈을 이뤄가는 과정이 아이들에도 큰 감동과 용기를 주었습니다.감시합니다.  
20170212,10,관람객재미있음 기대안했는데 감동적이고 배경이 파리 너무이쁘고  스릴넘치고 초등생들보기 딱!!!여자애들 만화인줄알았으나  모아나만큼재미있음  
20170212,10,"관람객내용,사운드모든 것이 완벽한 영화!! 쵝오^^  "
20170212,8,관람객스릴넘치고 하는 에피소드가 좀적어서 지루한것같아요엔딩도 좀 별로고 아이들이 보기엔 그럭저럭 재밌는것같네요  
20170212,7,관람객재미있다고 애들이 그러네요  
20170212,10,관람객가족이 다함께 보아도 너무나 재밌고 감동적인 영화였어요~  
20170212,10,관람객시부모님과 아이들데리고 함께봤어요저희가족 재밌게 봤어요~~^^  
20170212,8,관람객아이들에게 꿈을 이루려면 어떻게 해야 하는지를 말해주는 좋은 영화네요~~ 아이들이 너무 재밌어했어요~  
20170212,10,너무 재미있었어요~♥  
20170212,8,관람객그냥저냥입니다...  
20170212,10,관람객꿈을 끝까지 초선을 다해 포기하지않고 이루는게 감동이였어요  
20170212,9,관람객엄청 재미있게  보았습니다.  
20170212,9,더빙싫어요ㅠ자막보고싶네요  
20170212,8,관람객감동이 있는 선한 영화.  
20170212,8,관람객굿굿굿 너무 재미있어요  
20170212,10,관람객스토리가 너무 아름답고 아이넷이 신나게 봤네요~^^  
20170212,10,관람객엄청 재미있오요 !!!!ㅎㅎ  
20170212,10,관람객너무재미있게 잘 봤어요^^  
20170212,8,관람객good good good 재밌어요  
20170212,9,관람객오랫만에 너무 즐거운 영화였습니다.  
20170212,9,관람객아이랑 봤는데 최근 본 영화 중에 제일 재미있다네요^^  
20170212,10,관람객애기와 둘이 봤어요 너무 잼있었어요  
20170212,8,관람객딸아이가 정말 재밌게 봤어요  
20170212,10,관람객재밌네요재밌네요재밌네요  
20170212,10,정말 현실은 의.식.주 문제 해결 급급해서  내가 바라는 꿈을 꾸기란 어려운 것은 인정한다 . 고아원출신의 펠리시가 계단을 점프하는 모습은 내마음도 하늘을 나는 것 같았다.  우리들 마음속에 꼭꼭 숨겨둔 꿈을 한번은 꺼내어 보아도 되지 않을까?  
20170212,10,관람객되게슬펐지만 꿈을이루어서멋지고감격했다!!너무재미있었다..  
20170212,9,"관람객재미와 감동, 볼거리가 가득해요. 어른 아이 할 것 없이 모두 만족했습니다.  "
20170212,10,관람객아빠랑 딸이랑 재미있게 보고 왔네요~  
20170212,10,관람객아이가 엄청 좋아합니다  
20170212,10,관람객감동적이엇어요 애들이랑 잘봣네요  
20170212,10,관람객잼있었어용ㅎ 딸이랑같이봣네요^^  
20170212,5,관람객재밋었어요 동생이랑 보기 좋앗어요  
20170212,10,관람객너무너무잼있네요~굿~^^  
20170212,8,관람객넘재미있었는데결말이좀~~  
20170212,10,관람객너무 재미있게 봤어요 아이도 보고와서 발레복 입혀달라네요^^  
20170212,9,관람객베틀씬 최고 재밌어요  ?  
20170212,10,관람객저도  무용수이지만  너무  좋았어요^^♡♡  
20170212,7,관람객감동이에요. 아이들이 재밌어 합니다  
20170212,8,관람객지루하지 않고 잘 봤습니다  
20170212,10,관람객실패도 많았지만  용기를 잃지 않고  노력해서 할수 있다는점에  너무 좋았어요 애들도 본받길을 ..  
20170212,9,관람객완전 감동적이엿어요 동생데리고 가서 보기좋은영화  
20170212,10,관람객딸아이도 좋아했지만 엄마인 저도 정말 재미있게 봤네요  
20170212,10,관람객정말 재밌게 잘봤습니다  
20170212,9,"관람객제목만보고 별 기대안했는데 아이들(초딩,중딩)이 재미있었다며 좋아하네요^^  "
20170212,1,그다지 기대안하는 에니메이션  
20170212,9,관람객4학년 딸아이가 재미있었다고 하네요~  
20170212,10,관람객아이와 즐겁게 볼 수 있는 영화입니다  
20170212,9,관람객기대보다 더 재미있게 봤어요~ 아이들과 함께 봤는데 꿈과 희망에 대해 이야기할 수 있었답니다  
20170212,10,관람객오랜만에 가족모두 총출동해서 봤는데~~왠만하면 재밌다 얘기안하는 6세 둘째도 재밌다고 끝까지 잘보고~남편도 얘들영화치고 잘만들었다며~~^^ 딸은 장래꿈에 발레리나가 추가되었다며~~저도 재밌게 봤어요  
20170212,10,관람객완전굿  기대안하구 애기랑보러갓는데진짜잼잇음ㅎㅎㅎ  
20170212,10,"관람객딸이 너무 재밌었다고 하네요.교훈도 있고,어른이 봐도 재미있었습니다.  "
20170212,9,관람객잼있게 봤네여.! 극장에 유치원에서 단체관람와서 쫌 불편했지만 영화는 교훈도 있고 작품성도 있던거 같습니다  
20170212,6,관람객왠지 아쉬움이 남는 그냥 한편의 예쁜 동화같은 애니.  
20170211,10,오데뜨가 펠리시의 엄마라고 생각되는 건 나뿐인가? ^^딸아이와 재미있게 봤어요.  
20170211,10,"관람객영화 보고 나오자 마자 눈의여왕, 모아나보다 훨씬 재밌었다고 하네요~^^이제 곧 6학년 되는 아들도 재미있었다고 하더라구요~^^  "
20170211,5,어떤사람은 애들한테 절때 보여주고 싶지 않은 영화라고 하고 어떤사람들은 애들이랑 감동을 느끼며 너무 잘 보고 왔다 하는데.. 어느분 말이 맞는지 ㅠㅠ 애들 데리고 볼만 한가요?  
20170211,10,관람객감동도있고 너무재밌습니다  
20170211,8,관람객전체적인 스토리는 괜찮았는데 남녀관계 전개가 한국정서와 달라 약간 지루해 하드라고요그것빼고는 전반적으로 괜찮았습니다  
20170211,10,관람객꿈을 꾸는데  이유없거 포기하는데 이유없다  
20170211,10,관람객발레좋아하는 8살 아이가 재미있게 잘봤어요  
20170211,10,막말 해서 죄송합니다. 이 영화는 개 잘 만들었다! 애니메이션 영화를 보고 힐링하고 싶다면 이 영화를 보세요.  
20170211,9,딸들이좋아할 영화입니다. 디즈니영화는 완성도가있고 심호한메세지가 있지만 본 영화는 좀 단순합니다.그래서 애들이 보기연 오히려좋습니딘.쉽게얘기하면 여자아이들의 킬링타임용영화로는 절대 후회없을꺼에요.디즈니영화가 아이들사이에선 호불호가강하죠.  
20170211,10,관람객간만에 딸과 잼난영화봤네요^^  
20170211,7,관람객아이들 보여줬는데 생각보다 잼있지 않았나봐요..ㅠㅠ  
20170211,8,관람객발레학원 댕기는 딸과 함께 보니 더좋으네  
20170211,9,관람객그림이 너무 예쁘고 멋졌어요~ 3D로 보고 싶다는 생각을 했습니다~ 살짝 아쉬운점은 마지막에 호두깍기공연 처음부터끝까지 보고싶었습니다~~ 아이들에게도 꿈을 실천하는 방법을 알려주는듯  
20170211,10,관람객감동적이고 희망을 전하는  가슴 따뜻한 영화예요~  
20170211,9,관람객아이가 넘 직중해서 잼있걱보고 어른들도 잼있게 본것같다  
20170211,7,관람객그닥 평타입니다~~~  
20170211,10,관람객재밌어요~아이들이좋아하네요~^^  
20170211,10,관람객아이가 재미있다고 하네요. ^^  
20170211,7,관람객평이한 내용 입니다~ 난지루했자만 딸래마는 재밌어함  
20170211,7,관람객아이들하고 재미있게 봤습니다.  
20170211,9,관람객아이들이 재밌다고  하네요 ~~^^  
20170211,10,관람객감동적이고 아이랑 보는내내 잼있었어요  
20170211,9,관람객아아들과 잼나게 관람했습니다~너무재미났다공ㅋ발레리나 되고싶다고하네요~^^  
20170211,9,관람객딸아이가 엄청 좋아했어요 ! 이제 발레리나 된다고 할거 같아요  
20170211,8,관람객9살 7살 아이들과 봤는데 둘다 재밌다고 하네요.여자아이들이 더 좋아할것 같아요.잘 봤습니다  
20170211,9,관람객아이들도 좋아하고 특히 집사람이 참 좋아햇네요어린이들에게 꿈과 도전과 열정을 알게해주는 애니였던것 같습니다.  
20170211,10,관람객아이들이 너무 좋아하네요  
20170211,9,관람객여자 아이들이 아주 좋아하네요  
20170211,9,관람객유치원생 딸들과 함께 본 발레리나!!.펠리시의 열정 잊고 살았던 감동.. 제가 눈물 흘렸네요.  
20170211,8,관람객여자아이들이 보기에 너무 재미있는 영화인거같아요~ 꿈과 희망을 심어줄수있는 그런 내용?^^암튼 저희아이는 대만족하더라구요^^  
20170211,10,관람객딸아이와 즐겁게 웃고 집중해서 볼수있는  영화였어요 최고입니다  
20170211,10,오늘보고왔는데. .  눈정화에 맘뭉클~/  
20170211,9,관람객아이들이 보았을때 꿈을 같게하고 노력하는 모습이 본받을것 같아요.  
20170211,10,관람객아이들과함께하기 너무좋았어요!감동재미 이두마리토끼를 다잡은듯해서 대만족입니다.18개월 막내도  누나들하고 안울고잘보네요!  
20170211,9,6세아들과 봤는데 넘 좋았어요~~~^^  
20170211,9,관람객재밌어서 시간가는 줄 모르고 잘 봤어요~~  
20170211,10,관람객7세 딸램과 보았는데요. 아이가 다시 한번 더 보고 싶다고 좋아하네요. 저도 즐겁게 잘 보았어요.  
20170211,10,관람객감동과 벅참이 있는 영화  
20170211,8,관람객여자아이들이 좋아할만하네요! 잼있었어요~  
20170211,10,관람객아이보다 제가 더 집중해서 보고는 감동받았어요~~내용도 충실하고 화면도  이쁘고  등장인물들 표정과 제스쳐가  과하지 않아서 더 좋았어요.  
20170211,10,관람객내용도좋고 애들보기도좋음  
20170211,10,관람객아이들이 좋아하네요^^  
20170211,10,"관람객아이들, 어른들이 봐도 볼만하네요... 들어가서 자려고 했는데 시간가는줄 모르고 봤어요...재밌네요...^^  "
20170211,8,관람객여자아이들이 딱 좋아할만한 영화예요6살 딸애가 보면서 또 보고싶다고 하네요  
20170211,10,관람객감동적이었어요10살입니다  
20170211,10,정말정말 최고! 너무너무 재밌어요.  
20170211,9,아이들(5/8/11살) 데리고 관람했어요너무 재밌게 봐서 시간가는줄 몰랐네요아이들도 너무 재밌어서 계속 이야기 하더라구요 내용도 있고^^가볍게 아이들이랑 함께보기 괜찮아요  
20170211,10,7세 딸아이 너무 좋아해요.감동적이어서 울뻔했다네요.  
20170211,10,왜 더빙만 있는건지 모르겠네요 시간대도 오전이나 이른 오후밖에 없구요 진짜 작년 12월부터 티저보고 기다려왔는데 ㅜㅜ  
20170211,10,관람객아이가 최고의 영화라고 하네요^^  
20170211,3,영화 보는 내내 팝콘만 먹었다. 팝콘이 맛있었다.. 라는 기억밖에 없다. 내용도 눈에 안들어오고 정말 아동용 영화였다. 아님 내가 성인이어서 그랬을까.. 쓸데없는 장면도 많았던거 같다. 그리고 더 큰 꿈은 남자애가 가지고 있었던 거 같은데..  
20170211,9,관람객캐릭터 표정이 정말 실감 났습니다.많은 아이들이 꿈의 열정을 갖길 바래 봅니다^^*  
20170211,9,아이들이 너무 좋아하네여~^^ 재미있다고 또 보고 싶어하네여~^^  
20170211,10,관람객별 기대안했는데 너무 재미있어요..중간에 지루함도 없이 영화관에 아이들이모두 숨 죽여 잘 보내요. 감동이 있는 영홰!어른들도 강추입니다~^^  
20170211,10,관람객감동적이에요 좋아요.  
20170211,7,오르골에 무슨 비밀이 있을거라 생각했는데 ~허무.ㅎㅎ오르골 뚜껑 무늬는 왜 계속 꿈에 나타나는건지?  
20170211,8,관람객기대않고 봤는데생각보다 재미있었어요.후반부에는주인공이 울때 같이 눈물까지..ㅎㅎ아이들과 같이 보기 좋습니다.추천합니다.  
20170211,9,스토리는 짧지만 아이들에게 강한 메시지를 느낄만하네요.  
20170211,9,관람객애들이랑 잼있거 보고 왔네요  
20170211,9,관람객감동입니다. 재미있는 시간이었네요.  아이들과함께 강추  
20170211,1,왜 더빙만?!  자막으로 보고싶습니다!  
20170211,10,관람객어른이 보기에도 넘 재밌어욭  
20170211,10,관람객꿈을 이루는 소녀의 이야기가 감동적이네요. 재밌어요~~  
20170211,10,관람객아이들이 너무 재미있다네요~~~^^ 또보고 싶다구~~  
20170211,10,관람객최근에 본 것 중 최고에요  
20170211,9,관람객너무 재미있게 봤다고 하네요..^*^  
20170211,9,관람객생가보단 재미있어요..기대안하고 봤었는데  
20170211,1,왜?  전부 더빙으로 했는지 이해가 안가요ㅠ 쫌 자막도 있으면 안되나요?  하아...무슨 더빙만 하라고 계약을 한건지..  
20170211,4,애들을위한 애들에의한 애들의의한 영화  
20170211,9,꿈을 향해 성장해가는 소녀의 모습에  차가운 마음이 녹아 소녀를 돕는 장면들은  정말 감동적이기까지 하였습니다꿈을 향해 용기를 낸다는 것아이를 위해 보게 된 영화였지만 내게도 도전이 되었던 영화였습니다.  
20170211,10,자막  상영관이 전국에서 20곳이라뇨...ㅠㅠㅠㅠ더빙도 잘봤긴했지만  자막예고편도 만들고 홍보하셨으면  상영관 좀 늘려주세요  무작정 더빙관만 늘려 상영하시는건  아니라고 생각해요.  
20170211,1,아직 안봤는데 왜 더빙밖에없어요? 게다가 아이돌이 더빙...진짜 너무 기대하던 작품이었는데 자막은 하나도없고 영화시시간대도 후지고 우리나라에서 문화생활은 영화밖에 못즐기는데 이건뭐.. 실망대실망  
20170210,8,관람객아이가 참 좋아했어요.  
20170210,10,관람객십점만점 이런 명화 애니메이션을 왜 시간대도 별로 없고 죄다 더빙으로 깔아버리는지 모르겠고 이해가 안됨이렇게 감동적인 애니메이션이라니. 꼭 보세요  
20170210,6,"희망을 주는데 진행이 너무 빠르고, 올바르지 못한 행동이 많았던 것 같다. 내가 아이가 있다면 절대 보여주고 싶지 않은 영화이다  "
20170210,8,"영화 자체는 매우 좋은데 자.막.판 도입이 시급합니다ㅠㅠ 더빙과 자막, 관람자의 선택이 되었으면 좋겠네요..ㅠ  "
20170210,10,관람객생각없이 그냥 봤는데 재밌네요 꿈이 있음 반드시 이루어진다는 교훈을 보고 아이들이 발레리나가 꿈이  되어버렸네요  
20170210,8,관람객잼있어요...아이들에게희망을줄수있는애니메이션임  
20170210,9,관람객아이도재밌어하고 잘봤네요..감동도있고 초등저학년수준엔딱입니다어른도재밌어요  
20170210,7,관람객재미있는 영화였습니다  
20170210,10,재밌어욧!다시 한번 보고싶네요 ㅎㅎ  
20170210,10,아니 자막상영관왜없냐고;;;ㅠㅠ드한목소리들을꺼라고요;;;;  
20170210,9,"감히 내 딸 입학장을 밑장빼기하다니, 오함마 가져와!  "
20170210,9,관람객감동적이였어요 아이가 좋아라하네요  
20170210,10,예전꿈이 발레리나라서 제목에서부터 끌려서 보게되었는데 정말 명작입니다  
20170210,6,"관람객딱 애들 보기 좋은 영화. 어른이 보기엔 허술하다. 급전개에 갈등은 너무 쉽게 해소되고 뒷마무리도 어설프다. 뭔가 있을것 같은 오데트와 사모님,펠리시의 과거 등 제대로 설명못한 얘기가 많다. 그리고 발레라는 소재의 매력을 다 못살린것 같아 아쉽다.  "
20170210,10,어른이 보기엔 유치하긴한데 볼만해요~~어린이가 보기에 매우 좋을것 같아요 ㅎ  
20170210,10,더빙만 있는것도 문제지만 개봉 첫 날부터 스크린수 3대 영화관 모두 최악으로 적음. 보라는건지 말라는건지  
20170210,10,관람객감동적으로 잘봤어요.  
20170210,9,상영관 좀 늘려주지 강남에서는 왜 하는 곳이 1도 없음? 다른데라도 가서 볼랬더니 죄다 더빙;;;전문 성우도 아니고 ioi 너무 밀어주는듯 적어도 선택은 할 수 있게 해야지;  
20170210,7,"이 영화 무척 기대했는데,다 더빙만이네요--;그 이유를 알고싶네요.  "
20170209,9,관람객기대감을 가지고 봤는데도 좋았습니다~~~ 곳곳 터지는 유머도ㅋㅋ  
20170209,5,솔직히 별로였음 걍 스토리 중구난방에 주인공이 심히 노답 걍 ost만 ㄱㅊ한 영화 그이상 그이하도 아님 .  
20170209,9,발레가 끝내주네요~~~  
20170209,10,3월에 초등학교에 입학하는 우리딸이랑 봤는데 자신의 꿈을 이루기 위해 노력하는 펠리시의 모습이 인상적이였던듯해요.우리딸도 본인의 꿈을 찾아서 이루어 나가길 지켜보려구요.  
20170209,3,전작때문에 그만큼의 기대를 하고 봐서 그런지 그냥 진짜 어린이용 애니같았다. 기대에 못미친 영화였다. 어떤 의도였는지 알겠지만 개연성 또한 부족했다. 스토리를 풀어가기엔 억지인 면이 없지않았나 싶다. 의도 만큼은 좋았다  
20170209,8,영화 출연한 인물의 캐릭터를 충분히 살리진 못한듯해요 . 어린이 만화 니까 그 정도는 이해할 수 있어요.  
20170209,10,관람객여자아이라 그런가 푹 빠져서 보더라구요  
20170209,1,내용이 너무 좀....  
20170209,6,아니 왜 다 더빙밖에 안 하는지..; 자막 상영관 좀 늘려주시지 진짜..  
20170209,9,관람객딸아이와 잼있게 잘봤어요  
20170209,10,조카 보여주었는데... 우리말 더빙도 잼 있고요. 어른들도 볼만 합니다. 꿈에 대한 희망차고 따뜻한 내용이에요.  
20170209,8,관람객재미있었어요...!  
20170209,7,관람객재밌어요....아이와같이보세요  
20170209,10,귀엽고 파리 배경이 너무 예뻐서 기억에 남아요 ~  
20170209,10,관람객아이와 무척 재미있게 봤습니다. 감동적이기도 하고 발레 동작들도 아름답네요~  
20170209,10,소혜 때문에 보게 되었지만 너무 꿀잼 !!  
20170209,10,생각했던거 이상으로 완성도에 반했어요~  
20170209,10,너무 너무 너무 재미 있는 애니메이션  ! 어른이 봐도 재미 있어요 ! 강추  
20170209,8,저는 무척 재밌게봤는데요애들은 좀 지루했던모양입니다~  
20170209,6,관람객가족이 함께볼수있는 재밌는영화  
20170209,8,관람객딸아이와 같이 봤는데재미있게 잘봤어요~  
20170209,10,꿈을 향한 펠리시의 열정이 대단하네용! 파리의 배경이랑 발레동작의 퀄리티가 대박 좋음~!!!  
20170209,10,꿈을 찾게해주는 영화같아요. 내 꿈은 머였을까 또한번 생각하게해주네요!  
20170209,9,요즘 볼만한 애니가 많아서 좋네요 ㅎㅎ 꿈을 향한 펠리시의 열정을 배워야겠어요  
20170209,10,"열정과 꿈, 그것이야 말고 우리모두에게 필요한 것!  "
20170209,10,이 애니 노래가 너무 좋던데 발레 장면 너무 예뻐서 나도 발레 배우고 싶어짐  
20170209,10,"어른에게도 교훈을 주는 영화, 애니메이션이라고 칭하기엔 아깝다!  "
20170209,10,"꿈, 우정, 사랑 모두담는 행복한영화!  "
20170209,10,우리 딸아이에게도 뜨거운 열정을 느낄 꿈이 생겼으면 좋겠네요. 꼭 발레가 아니더라도요. 영화 정말 좋았어요  
20170209,10,우선 영화가 너무 예뻐요! 펠리시처럼 힘차게 살아가야 겠네요  
20170209,1,왜 더빙만 팔아재끼는지 자막 상영하는 영화관이 전국에 손에 꼽음 더빙버전 완전 몰입 안됨  
20170209,1,흠....너무내용이보임  
20170209,10,처음에는 소혜때문에 시사회도 신청해서 봤는데 진짜 기대 이상으로 재밌었어요.. 시아랑 칼리 래 잽슨이 참여한 ost 빨리 나왔으면 좋겠네요 ㅎㅎ  
20170209,9,발레리나 꿈을 향한 열정이 같이 본 아이 꿈도 바꿔주네요^^ 열심히가.  .쉽지 않잖아요 아이와 보기 강추합니다  
