0,1,2
20181229,7,똥옵 저리 수스까보다 훨씬 낫다  
20181118,10,웃기고 재밌다. 최근 DC 영화보다 낫다.  
20181007,7,이정도면 잘만들음. 약빨고 만든 제대로된 레고무비  
20180928,10,dc작품중 다크나이트 트릴로지 말고는 이 영화가 짱인듯스펙타클!!  
20180909,10,"레고,프라모델이 왜 어른들도 놓지 못하는지 증명해주는 영화 아재 되서 봐도 웃기고 아기자기하네요 레고 실제 모델도 중간중간 나오니 반갑고  "
20180815,10,관람객굿!!!아이들이 참 좋아해요^^  
20180729,8,개인적으로 다크나이트 이후로 가장 잘만든 배트맨 영화  
20180607,8,배트맨을 레고로 이렇게 표현할 수 있을까?  
20180519,6,정신없이 빠르게 진행되기 때문에 호불호가 갈린다. 그래도 배대슈보다는 잘 만들었다  
20180509,8,마블엔 없지만 DC에 있는게 누구? 배트맨!!  
20180426,6,레고를 소재로 배트맨이라는 히어로 영화를 보는 것도 새로운 느낌. 내용은 좋았으나 그 블럭이 주는 딱딱함은 별로.  
20180419,7,아들 덕분에 고생도 하지만 성장도 하는 배트맨  
20180330,7,절대 애들과 같이 보면 안됩니다.  레고 사달라고 함  
20180310,10,진짜 약 오지게뻘았네ㅋㅋㅋㅋ  
20180305,10,저스티스리그 만든 디씨놈들 이거보고 각성좀 해야됨  
20180213,10,DC는 LEGO유니버스를 만들어라  
20180212,10,이건 진짜 명작이다너드들은 꼭 보자  
20180207,10,너무 재미있게 잘봤습니다!  
20180205,10,너무 귀엽고 기발하고 재밌고 감동적이게 잘 만듦  
20180204,8,관람객레고무비 재미있네요. 다른 레고뮤비도 나왔으면 좋겠어요.  
20180204,10,최고!1234567  
20180106,1,내 친구가 데리고 갔는데 정말 최악 내친구는 그때 6학년이였는데 그게 재미있다고 웃나? 정말 유치하고 재미도 없고 지루한 영화 마지막 장면 정말 개유치한 장면이였다  내친구한테 실망감 들고 돈이 정말 아까웠다  
20171226,9,최고의 영화입니다.배트맨vs슈퍼맨보다 100배 나아요.  
20171215,10,배트맨의다크나이트같은어두운분위기말고신나고인간적인모습을봄DC영화보다났다  
20171213,9,캐릭터가 가벼워진 기분은 별로지만 다행히 재밌었다  
20171210,10,디씨는 실사영화빼고 다잘만드는듯  
20171130,10,영화 빼곤 다 잘하는 dc코믹스  
20171120,3,잘모르겠다 이쪽 취향은 아닌듯  
20171112,10,dc는 이제 원더우먼이 먹여 살린다.  
20171024,7,"DC야, 실사영화에도 이정도로 만들어라!  "
20171021,7,"레고 무비가 아동용이라 다소 실망스러웠다면  이 작품은 성인이 충분히 즐길만한 수준으로 UP!  위트 넘치는 유머 뿐 아니라 심지어 레고 인데,,,,   스케일, 액션, 스토리 까지 만만찮음을 과시한다  "
20171020,8,레고니까 이런 유머가 가능하겠구나 레고라고 우습게 보면 정말 안 되겠어 아이디어가 빛나는 수작  
20171014,9,man in the mirror 가 나오다니.. 대단합니다.  아이들이 매우 좋아합니다. 특히 마이클잭선을 좋아아는 아들이.. ^^  
20171011,8,그럭저럭...그럭저럭..  
20171008,8,배트맨 팬을 위해 WB가 준비한 종합선물세트  
20170926,6,내가 여태 이걸 왜 안본 줄 알겠네. 애들은 좋아하겠다...  
20170926,10,지금껏 나온 배트맨 영화 TOP 3 안에 넣어도 문제없을 수작  
20170914,9,"레고이기에 가능한 이야기, 유머, 재치  "
20170909,10,이거 진짜 ㅈㄴ웃기다 ㅋㅋㅋ엌ㅋㅋㅋ시작 10초만에 웃기기시작해서 마지막까지 ㅋㅋㅋ 진짜 지금 9월인데도 내가 올해 가장 재밌게본 영화임 ㅋㅋㅋ  
20170825,10,이 작품 때문에 DC 영화볼때마다 레고가 떠오른다..  
20170825,10,놀랍다. 레고무비의 재기발랄함으로 배트맨의 어둠을 이렇게 경쾌하게 풀어내 버리다니! 정극으로는 상상할 수 없는 배트맨의 유쾌한 해석.  
20170823,9,애들 영화가 아님.. 재미 감동 보장ㅋㅋ  
20170815,2,DC는 아무것도 하지 말아야  
20170815,10,관람객최고! 유머 코드도 연출도 아주 내 스타일  
20170814,1,"레고 무비를 보고 기대하면서 들어간 어른들은 무조건 실망할것, 어른용이 절대아님, 너무 유치함  "
20170813,9,"배트맨뿐 아니라 해리포터, 반지의 제왕, 닥터후, 오즈의 마법사 등 유명 프랜차이즈들도 반갑네요. 아이언맨 따윜ㅋ  "
20170812,10,너무 재밌어요 ^^  역시 배트맨 ~~~  
20170812,5,관람객영화내용은 그냥저냥.. 딸래미랑친구랑 재밌게봤데요  
20170811,8,관람객재미있어요   추천해주세요  
20170810,8,관람객아이들 재미있게 봤어요  
20170809,6,아기자기하게 재밌다.  
20170808,10,배트맨은 다 재밌어요.  레고 배트맨 무비 짱  
20170808,4,관람객정말 지루해서 중간에 잠들었다  
20170804,10,관람객재밌습니다~ 난 니가 싫어  
20170804,10,관람객아이들과  재미있게 관람했습니다  
20170802,10,관람객아이들이 재밌었했어요  
20170731,9,관람객너무너무 재미 있고 신나는 영화  
20170729,9,실망시키지 않는 레고 무비  
20170727,10,관람객좋은 영화 레고배트맨 굳굳굳  
20170723,7,관람객아이들 눈높이 최고.단 어른은 좀 무리  
20170722,8,차라리 이걸 실사화 하지 그랬어. 지금까지는 제일 나은 저스티스 리그. 그러나 애니메이션이기에 이 영화는 애들이 보기엔 너무 어렵고 어른이 보기엔 좀 유치하다. 그렇다고 레고 더 무비처럼 가는 것도 아니고 너무 진지함.  
20170722,10,상상을 초월하는 스케일과 멈출 줄 모르는 유머 센스에 진심으로 감탄했다.  
20170721,10,내용도 너무 좋고 패러디 너무 웃겨요 ㅋㅋ 레고 너무 귀여움  
20170718,10,조커와 배트맨 관계를 이렇게 ㅋㅋㅋ 음악도 좋고 눈에 보이는 레고의 아름다움이 넘치군요 ㅎ  
20170705,8,관람객의외로 배트맨을 잘 표현함  
20170705,9,진작에 이렇게 베트맨대 슈퍼맨을 만들었으면...  
20170702,5,정신없고 산만하고 그저 그렇다.  
20170702,8,유머있고 스토리도 좋고 재밌음  
20170628,1,"'레고무비'같은 어른감성도 자극하는 반전을 기대할 것도 없고, 그냥 배트맨이라는 상품성에다 그놈의 가족 마인드를 갇다가 붙였을뿐,  성인남성이 보기에는 너무 유치하네요.  반전 없는 정주행이 너무 지루할 뿐.  애 엄마들이 좋아는 하겠다  "
20170627,6,캐릭터도 이야기도 센스도 전작들의 덕을 보면서도 적당하게 뒤를 잇지만 딱 거기까지라는 한계의 답답함.  
20170626,10,병맛인데 진짜 웃긴다 ..배트맨 대박 캐릭터있음 ㅋㅋㅋㅋ  
20170626,8,유치함을 넘어 섰다 .배트맨은 존재만으로도 명품 베이스를 뽐뽐  
20170623,10,관람객정말유쾌한 영화였지만 배트맨도 고독과 슬픔을 느끼는걸 잘표현했네요  
20170622,10,기발하고 유쾌한 작품. '우리'의 의미를 되새기는 메시지도 굿.  
20170619,8,재치와 센스가 기가막히다.ㅋ  하지만 조커와의 대립 관계 설정과 흐름이 좀 아쉽다.  
20170617,10,새벽에 봤는데도 졸지않고 재밌게 봤습니다ㅎㅎ  
20170616,10,약빨고 만들지 않았나 의심되는 역대급 작품이 나왔습니다 . 그것도 무려 레고 무비로!!!  진짜 꼭 보세요. 완전 꿀잼입니다.  
20170616,10,꺠알같은 달렉 ㅋㅋㅋ nerd 들에게 물어보라는...  
20170614,10,다크나이트와 견줄정도의 완벽한 스토리 유머 내용의 충실함. 가희 걸작으로 말해도 될정도. Ironman sucks!  
20170614,8,이렇게 귀여운 배트맨과 악당들이라니!  
20170613,4,솔직히 별로 재미 없고 마지막에 저스티스리그는 뭐하는지...  
20170613,8,확실히 배트맨이 레고로 연출되니 색다르긴하다. 다만 레고세상이다 보니 코믹스럽기만 하지 긴장감과 화려한 액션은 그닥 없다. 기존의 배트맨을 생각하지 않고 본다면 재밌게 볼것이다.  
20170613,2,딱딱 끊기는 모션에 울렁증을 느껴~ 그냥 꺼버렸다재미도없고 레고도 잘모르고  매니아아니면 이건아닌듯  
20170612,9,"너무 귀엽고, 신나고, 화려하면서도 무시무시하네요... 한 단어로 표현하면 존잼. 영화관에서 안 본게 후회될 정도...  "
20170612,7,전편처럼 레고를 통해 주는 재미보다 배트맨을 가지고 비트는 재미가 훨씬 많다. 특히 캐릭터들의 성장과 관계에 대한 내용은 최근의 배트맨 영화들보다 더 잘 다루고 있다.  
20170612,3,레고 매니아들을 위한~ 그외엔 패쓰~ 쉴새없이 떠들어대는 것에 비해 성공률이 적은...  
20170612,8,레고무비를. 처음봤는데 이렇게 재밌을수가. 아이들도 좋아하겠지만 20~30대도. 웃으면서 좋아할영화 .  
20170612,1,ㅆㅎㅌㅊ 재미도없고 감동도없고 기분만나빠짐  
20170611,10,제작진의 유머가 너무 재밌었다. 슈퍼맨과 아이언맨 까는 배트맨이 왜이리 웃기던지...  
20170611,9,최근에 나온 DC 작품들중 아이러니하게 가장 완성도 높은 작품 극장가서 못본게 한이고 왜 이 작품이 국내서 흥행대박이 안난건지 이해가 안가네요  
20170611,8,레고 버전이라 기대 안했는데 배대슈 보다 낫다.  
20170611,10,애들보다 어른들이 더 미친듯이 웃고나온 영화. 배트맨 영화 본 적 없는데 몰라도 재밌고 알면 더 재밌고 진짜 약빨고 만든 영화. 끝까지 훈훈하게 끝나고 진부한 러브라인도 없어서 좋앗음. 성우들 연기도 최고여서 몰입 매우 잘됨.  
20170610,7,실사보다 더 인간적인 레고 배트맨  
20170610,10,진짜 잘 만듦. 드래곤볼도 어설프게 실사화 하지 말고 레고로 하면 할 만하겠네.  
20170609,10,귀여운 레고 캐릭터들이 살아 움직이는 것 같다.  
20170609,10,알고있지만 잊혀져있는 사소하지만 중요한 것들 뭉클  
20170609,8,배대슈보다 잼나는건 당연하고 레고 영화를 소장하고 싶다는 생각은 첨이다...  
20170609,7,신박하다. 히어로물 전부 레고 버전으로 나오겠네  
20170608,8,진짜 최고다.  이 영화는 어른들을 위한 영화!!골때리는 유머와 개성이 강하면서 사랑스러운 캐릭터 그리고 최고의 액션과 스토리텔링까지. 무조건 강추합니다!!  
20170607,10,DC 와 WB 가 못만든 것을 레고가 해냈다.. 레고라서 많은사람들이 찾아보지는 않겠지만 이건 역대급 배트맨 전연령 버전인 거지...  
20170604,7,레고 정말 좋아하는데 너무 고평가인 것 같아서... ㅎ  
20170603,9,관람객재미있게 보고 흥미롭게 관람했습니다언제 영화관람은 좋아요  
20170528,9,관람객아빠랑보고왔는데너무재미있었다네요  
20170526,8,관람객레고베트맨재밌어요레고시리즈는다재밌어요  
20170517,10,관람객로튼90점대는 아무나 받는게 아니다  
20170517,5,관람객아이가 이해하기에 애매하고 내가 보기에는 재미없었던  
20170516,8,배트맨이 너무 귀여워요  
20170514,7,[2017-2-26/16:00] 레고의 개성으로 살려낸 새로운 배트맨.  
20170508,9,놀란 이후 배트맨 프렌차이즈의 정통 상속자로 당당히 이름을 세운다. 혼돈의 잡탕 소동극 가운데서도 제목에 담고 있는 세 가지 정체성 모두를 확고하게 드러낸다. 이 작품은 정당한 대우를 받을 확실한 자격이 있다.  
20170507,8,관람객새로운 느낌의 영화. 좀 시끄럽고 산만하지만... ㅎㅎ~ 귀엽고 매력적인 영화예요~  
20170506,6,관람객보는동안 2~3번의 졸음과 싸운영화 아이와 함께 봐야해서 참고본영화  
20170504,10,배대슈보다 훨씬 재밌네  
20170504,10,관람객레고무비 기대한것만큼 좋았습니다..  
20170430,8,관람객남자아이와 보면 재미있게 보겠어요~어린이 영화치고는 좀 길지만 잘보았어요~스토리 구성도 유치하지만 탄탄합니다  
20170428,10,저런 섹시한 목소리로 저런 대사를 치는 배트맨 ㅋㅋㅋ 단언컨데 디씨무비중 제일재밌다  
20170428,9,관람객7살 남아 열광하며 봤어요 철학적인 주제와 고급스러운유머가 자연스럽게 녹아 있어 어른이 보기에도 볼만 했어요 레고와 배트맨 좋아하시는 분이라면 강추입니다  
20170416,10,정말 최고의 영화입니다! 한번보고  계속보게돼네요!  
20170415,10,별 기대안하고봤는데 재미있네요 ㅋㅋ  
20170410,9,관람객레고를 좋아하는 7살 딸아이랑 봤네요.. 잼있었습니다..  
20170410,4,재미있게 잘 봤습니다.  
20170401,10,"한국 영화: 레고 배트맨 무비, 배급: 복면가왕, 제작: 은밀하게 위대하게, 더빙.  "
20170326,7,ost가 재밌었다만 복근으로 고담시르 구하는 건 무리수였다.하지만 재밌게는 봤다.  
20170323,6,관람객처음엔 신선하고 재밌는데 중간엔 살짝 지루했던 것 같아요! 그래도 볼만했음!  
20170319,9,관람객재미있어요. 어른 보기에는 오히려 맥락을 못따라갈정도로 전문적인 느낌도 들더군요.  
20170318,5,관람객그냥 잘 못 만든 아이들 영화  
20170317,10,애들용이라고는 상상할수도 없었던.. 진짜 재미있어서 또 보고 싶다. 그리고 평소엔 거들떠도 안본 레고피규어를 구입하고 마는데...  
20170317,10,관람객신나고 즐거운 영화~레고팬에 강추~  
20170315,10,사랑스러운 배트맨이라니!!  
20170313,10,관람객재밌어요! 조커 너무 귀여웠구요ㅠㅠ  
20170313,10,관람객코믹하고 나중에 마음이 따뜻해 지는 영화  
20170312,10,관람객아이와 재밌게 봤어요 아들이 dvd언제 나오냐고 매일 물어보네요  
20170311,10,관람객배트맨 팬으로서 배트맨이 이렇게 망가지는 것만으로도 충분히 재미를 느꼈다 ㅎ 쭈욱 이어져오고 있는 배트맨의 영원한 고민을 잘 보여주는 영화임  
20170311,8,관람객초5인 우리 아들이 재미있어하네요  
20170309,9,관람객이건 모 ... 대박이라고 밖에 말을 못하겠네요. 곧 연재하는거 아닌지 ㅋㅋ  
20170308,9,관람객아주 좋아여 너무 재밌어여  
20170307,9,관람객아들이 재미있었다고 난리네요.~~~  
20170305,10,관람객재밌게 보았습니다. 추천드려요  
20170305,10,관람객스릴있고 재미있어요 좋아요  
20170304,10,솔직히 한마디로 인생영화 처음으로 블루레이 소장하고 싶은영화..  
20170303,9,관람객어른들도 아이들과 보기에 충분한 영화입니다. 추천해드려요  
20170302,8,관람객아이들전문영화내요ㅎㅎㅎ 캐릭터가 ㅎㄷㄷ 하게 많이 나오네요  
20170302,6,"관람객아주 어린 애들이 보기엔 좀 무섭고, 초교이상 아이들이나 성인들이 보기에 재미난 영화.  "
20170302,8,관람객레고라 가능한 영화. 재밌긴 했지만 후반부에 억지스러움에 당황  
20170301,10,관람객신기하고 아이가좋아했어요 아이와아빠가함께봤는데 만족하네요  
20170301,10,관람객DC의 희망을보았습니다  
20170301,10,관람객아이들과 재미있게 봤어요!!  
20170301,8,관람객그렇게 기대 많이 안 하는데 봤더니 어른도 어린들도 함께 즐겁게 보고 내용도 가족애 라서 아주 종았내요 ^^  
20170228,9,관람객아이들도 좋아하고 재미있었어요.  
20170228,8,관람객아이가 좋아했어요~  
20170228,10,맨오브스틸 +배트맨 대 슈퍼맨 을 합친것 보다 훨씬  웃기고 재미있습니당!  
20170228,10,관람객넘 귀엽고 재미있다! 볼만한 영화  
20170228,7,"관람객아이들과 함께 관람했습니다. 생각보다 시간이 길었구요10.8살 아이들 집중해서 잘보았습니다전주  ㅌㄹ을 보았는데,..아무래도 아이들은 ㅌㄹ이더 신났다더군요..ㅋ  "
20170227,10,관람객역시 레고무비!! 잼있게봤어요  
20170227,7,관람객레고무비만이 주는 특별한 감동  
20170227,9,관람객아이랑 재밌게 봤어요.  
20170227,8,관람객미국 대중문화에 푹 빠져본 사람들이라면 내내 즐거울 듯 쉴새없는 레퍼런스 잔치에 또다른 배트맨 이야기까지 너무 재밌다  
20170227,8,관람객아들이 즐겁게 봤데요 강추합ㄴㄱ다  
20170227,10,관람객초등학생 아이와 봤어요. 재미있네요!!  
20170227,9,관람객재미있어요참신해요웃겨요  
20170227,10,관람객아이가 중간에 나가고 싶어하지 않은 영화는 처음입니다. 강추입니다  
20170227,10,관람객레고가 머냐며 무시했던 내가 부끄럽다 ...  
20170227,7,관람객어린이용이지만 어린이용이다.  
20170227,8,관람객아이들이 푹 빠져서 재미있게 봤어요.  
20170226,10,"관람객보는내내 눈과 귀가 즐거운, 쉴새없이 웃긴그리고 깔끔한 스토리 어린이관람객이 많아서 어수선하지만 같이 웃으면서 봐야지 어쩌겠나 싶은 생각이듭니다 극장에서 또보고싶을만큼 재밌게봤어요  "
20170226,9,관람객나름 재미있지만. 너무 교훈적인 주제라 ㅎㅎ  
20170226,7,관람객아이 무척 재미있게  봤네요?  
20170226,9,관람객아이가 무척 좋아합니다  
20170226,10,관람객배트맨을 사랑하는 사람이 배트맨으로 할 수 있는 최고로 바보같은 상상  
20170226,9,관람객아이들 영화로만 생각했는데 나름대로 감동도 있고 스토리도 있습니다아들과 좋은 시간 보냈네요  
20170226,10,관람객레고를 좋아하는 아이들이라 재미 있게 보았어요.  
20170226,10,관람객조커와 배트맨의 눈물 없이 볼수없는 러브스토리  
20170226,8,아이들이 좋아할 레고 영화였습니다  
20170226,10,관람객역시 배트맨이 먹여살리는 DCㅋㅋㅋㅋ알면 알수록 재밌는 영화였음  
20170226,8,관람객재밌다고 해요~ 아들이 워낙 레고를 좋아해서...  
20170226,7,관람객어린 아들과 함께보기 재미난 영화였습니다. 레고에 친근한 아이들에게 친숙하게 다가온 영화였음.  
20170225,9,관람객아이들이 너무 재미있어해요~ 귀여운 레고들~  
20170225,10,관람객재밌었어용ㅇ 하하 재밌다  
20170225,8,"관람객애데리고갔는데,,그닥,,  "
20170225,7,관람객애들이 너무 좋아함. 단점: (비싼) 레고 시리즈 구매로 이어짐.  
20170225,9,관람객이제껏 본 레고 무비 중 가장 재미있었어요  
20170225,7,최근 DC영화보다는 재밌다. 14년 전작보다는 깊이가 적다. 말장난의 다양성과 양은 보장한다. 킬링타임용으론 제격인 영화.  
20170225,7,관람객재미있습니다^^ 아이가 즐거워하니 더 재미난듯  
20170225,9,관람객미국식 b급 유머는 죽지 않는다  
20170225,10,관람객캐릭터들의 성격은 확연히 원작들과 다르지만 정말 재밌었어요.더빙과 자막 모두 보고왔는데 더빙도 굉장히 최고였습니다.  
20170225,9,관람객배트맨 그 이상의 배트맨  
20170225,1,보다 졸았음.. 첫 장면부터 산만하고 눈에 안들어와서 불길하더니 진짜 지루해 죽는 줄;;;  
20170224,10,관람객최고의 영화입니다~!!!  
20170224,9,관람객시간 가는 줄 모르고 봤네요. 메시지도 있고.. 볼 만한 애니입니다...  
20170223,10,관람객재미있었어요 아이들이 좋아하네요  
20170223,9,혼자라는 것에 대한 이야기.  
20170223,8,관람객조아요아이가좋아하네요  
20170223,10,관람객정말 잼났다고하네요^^  
20170223,8,관람객아이들이  즐겁게  봤어요  추천!!  
20170223,10,관람객몇년전 레고무비는 좀 지루하게 봤는데이번 배트맨은 재미있네요.^_^어른이봐도 재밌어요!!!!추천합니다  
20170223,10,관람객진짜 거의 1년만에 영화 보는 내내 웃으면서 본 영화는 이게 처음이다ㅋㅋㅋㅋ.  
20170223,9,관람객갓고 배트맨.... OO 던옵저랑 수쿼드는 왜 이렇게 못만드나  
20170223,8,관람객아이들이 재미있게 보았어요  
20170222,4,관람객솔직히 재미없네요 그냥 ㅜㅜ차라리 그냥 주요 메인 빌런만 나와서 스토리 통일을 좀 했으면...너무 아동용억 초점을 맞춘듯하네요 실망입니다  
20170222,10,조커 글썽거릴때 너무 슬퍼서 나도 글썽거려버렸음 ㅠ^ㅠ 감동과 함께 살라는 교훈을 주는 레고 뱃맨 영화  
20170222,9,관람객재미있네요~애들과 재미있게 보았습니다  
20170222,7,관람객아무생각없이보는영화  
20170222,7,관람객아이랑 보는데 몇군데 빼고는 ㅎ 살짝 졸렸네요  
20170222,10,레고는 배신하지 않네요  
20170221,8,"관람객시종일관 유머를 치지만, 이해하기 힘들었다. 레고 무비의 분위기를 좋아한다면, 정말 재밌습니다.  "
20170221,8,관람객정말 재밌고 박진감 넘칩니다  
20170221,10,관람객넘넘넘잼나요~~~~  
20170221,6,"정말 기대도 안했던 액션 폭발, 레고영화 무시하지 마라!  "
20170221,6,관람객초반엔 레고로 된 장면들이 신기하고 재미있었는데 중간부엔 좀 지루했어요.아이는 재미있다고 함  
20170221,7,관람객아이가 원해서 보게 됐는데 기대했던것보다 재미있게 봤습니다^^  
20170221,9,관람객매우매우 재밌습니다.  
20170221,7,"관람객아이들은 그럭저럭 잼있다고 하는데, 좀 지루한감이 있더군요  "
20170221,8,관람객6살 아들이 재미있게 봤다네요 약간 무서워하긴헸지만 그래도 재미남  
20170221,7,관람객아들과 함께 레고의 세계로~^^  
20170221,7,관람객재미있습니다 더빙말고 자막으로 보고싶었는데 아쉬워하네요  
20170221,5,관람객피곤한상태에서 봐서 그런지 보다 졸았음...ㅠ.ㅠ  
20170221,6,관람객그냥 가볍게 보기좋은영화  
20170220,10,관람객7세 남아가 두고두고 얘기하는 신나는 레고무비  
20170220,8,관람객아이들이 넘 좋아해요~  
20170220,8,관람객아이들뿐만 아니라 어른들도 볼만하네요~~지겹지않았어요^^  
20170220,10,관람객재밋어요 아이랑쟈밋게봣어요 ㅋㅋ  
20170220,10,관람객너무재밌다고 또보고싶대용~~^^  
20170220,10,관람객아들이랑 같이 봤는데 너무 좋아하고 레고는 실망시키질않네요. 기대 이상입니다  
20170219,10,애들신나게해주려고갔다긴 내가신난영화ㅋ디씨의 어딘지모를 우울한철학을 위트있게 잘보여줘 더좋았네요  
20170219,9,관람객재밌게 잘봤습니당~  끝에좀 어이가 없었슴당  
20170219,8,조커는 배트맨을 사랑하는걸까?  
20170219,9,이거보고 조커팬됨 ㅎㅎ 애들시끄럽게놔두는 부모들 짱시룸....  
20170219,10,관람객아이가 너무 재미나게 보내요~~^^  
20170219,8,관람객아이와같이관람했어요재밋네요  
20170219,10,관람객최고의 영화입니다매년 시리즈로 나왔으면 하네요 레고무비  
20170219,10,베트만 귀여워서 쓰러짐  
20170219,10,재밌게 봤다고 생각한다  
20170219,9,관람객레고에니는 처음 보는데 역시 표현이 더 다양하기도 한 듯 하고 표정에서 감정을 느낄 수 있는 것도 재미있고 무엇보다 끝이 평화롭게(?) 끝나는 게 아이들 보기에 괜찮은 것 같다. 더빙 베트멘의 목소리도 멋있었다.ㅋㅋ  
20170219,10,관람객재미있게 잘 봤습니다.  
20170219,9,관람객재밌어요. 시간 가는줄 모르고 봤어요.  
20170219,10,관람객네이버페이에서 결제되니깐 너무편하네여  
20170219,10,관람객잘만든 영화 정말 재미게 봤어요  
20170219,10,관람객스케일 컬리티 디테일 모두 짱! 입니다  
20170219,8,관람객나름 괜찮았음. 1편보다는 좀 아쉬움 ㅋ  
20170219,9,관람객재미있어요 애들이랑 보기좋아요  
20170219,10,관람객아이들이 정말 재밌게 잘봤어요 :)  
20170219,1,진짜 20분 후에 나가고싶었어요  
20170219,10,관람객너무 재미있었어요^^  
20170219,8,관람객살짝 지루한 감이 없지 않아 있지만. 그래도 중간중간 개그요소가 깨알같은 영화.ㅋㅋㅋ아이들보단 어른들에게 더 잘맞는거 같은 레고무비.조커 울때 표정 졸귀탱.ㅋㅋㅋㅋ  
20170219,10,관람객별을 더 주고싶은데 아쉽다고 하네요 저희 애들이  
20170219,10,솔까 닼나라  이후 최고의 배트맨 무비 아니냐?  
20170219,10,진짜 최고 ㅠㅠㅠㅠ 또 보고싶당  
20170219,8,관람객아이들이 좋아해요~눈 떼지안ㅅㅇ고 보네요  
20170219,9,관람객교훈과 감동도 있는 어른들의 장난감으로 멋지게 표현된것도 대단하고 최고!!!  
20170219,7,관람객아들이 좋아했어요 재밌었다네요  
20170219,10,관람객아이들이랑 같이보기 좋아요  
20170219,9,관람객dc 영화 중 이게 최고다.  
20170219,10,귀엽기만 한게 아니라 전개가 탄탄했고 재미도 있고 의미도 있고 감동도 있었어요!  
20170218,6,레고 무비와는 달리 그냥 애들용 영화. 더빙이 굉장히 산만하다...  
20170218,10,관람객잼나요 7살.아드님.잼나다고 하고 부모인.저희들도 잼나게.봤어요  
20170218,7,"아기자기한 레고들의 고담속 한 판 대결, 가족주의의 아름다움...?  "
20170218,9,관람객흥미 진진하고 넘 재미있다고 하네요아이들 초등 저학년인데 너무 좋아합니다  
20170218,8,관람객아이들광삼께하기딱좋은영화  
20170218,8,관람객아이가 재미나게  잘 보고왔어요여자아인데  살짝 무서운 장면이  나온다고 중간에  한번 나오긴 했지만요  
20170218,8,관람객충분히 즐길수있는 영화  
20170218,10,너무 재밌고 히어로 캐릭터 뿐만이 아니라 다양한 캐릭터가 나와서 더 좋았던 것 같아요! 근데 상영관이 너무 없어서 좀 불편했어요..  
20170218,8,관람객귀염귀염 레고무비가 좀 더 낫긴하지만~  
20170218,9,"관람객아들과재밌게웃으면서봤네요.영화끝나고는배트맨케이브암호""아이언맨재수※※^^""를읊어보기도했네요~  "
20170218,9,관람객시간이 좀 길긴 했지만 재미있게 봤어요  
20170218,10,관람객실사같이 화면도 선명하고 웃겼어요.아이들이좋아하네요  
20170218,5,관람객아이들이너무좋아해요.  
20170218,10,관람객레고를좋아하는손주가재미있다고하네요~  
20170218,8,관람객아들이랑 같이 봤는데 너무 재미있었어요  
20170218,8,관람객여섯살짜리 아들이 재밌게 봄  
20170218,10,관람객어른들이 봐도 너무 재미잇었어요  
20170218,6,관람객눈은 즐거우나 내용은 그닥  
20170218,10,관람객미국식개그 허니잼ㅋㅋ  
20170218,8,관람객재밌습니다. 아이들이 좋아라하네요.  ~  
20170218,9,관람객배트맨이 철없는 떼쟁이라 귀엽고 조커도 귀엽고 로빈도 귀엽고 다 귀여워  
20170218,6,관람객생각보다 그렇게 재미있진 않음 ~^^;;  
20170218,10,관람객재미있게잘 보았어용~~^^  
20170218,9,관람객아이들만 보라고하고~~관람 후 나오는 표정을 보니..성공했다 싶었습니다. 너무 재미있었다니..엄마 만족  
20170218,9,관람객남자아이들이 좋아해요~  
20170218,10,관람객너무 잼나게 잘 봤네요~아이가 무지 좋아해요  
20170218,10,관람객아이들이 좋아하네요~^-^  
20170217,8,관람객배트맨과 조커의 러브스토리  
20170217,9,관람객선개봉시사회로 공식개봉일 전에 미리 보여줬네요.티비광고보고 보고싶다했는데 개봉일 전에 먼저보니 더 신나하네요.  
20170217,8,관람객역대급 배트맨 영화라 단언  
20170217,10,관람객조금지루합니다애들도 조금 지루해합디다  
20170217,8,관람객아이들이 보기 잼난거겉아요  
20170217,8,관람객전 배트맨 대 슈퍼맨 보단 훠얼씬 낫다 괜찮은 편  
20170217,7,관람객8살이 보기엔 너무 긴 러닝타임  
20170217,10,레고 좋아하는 남자애들한테이만한 영화는 없네요!! 엄청 재밌게 봤답니다  
20170217,9,관람객유치하고 귀여워요. 남아들과 보기엔 딱이네요.^^  
20170217,10,관람객좋아요~어른들도잼있는만화  
20170217,9,관람객어른도 재밌게 볼 수 있구요. 약간의 감동도 있습니다.  
20170217,10,재밌었어요ㅋㅋㅋ 피식피식 웃겼어요  
20170216,10,뱉맨과 조커의 신혼무비 잘봤읍니다는 훼이크고 진짜 내적쾌감 쩝니다 쾅쾅쾅 존잼꿀잼이고 막판엔 울면서 봤음 지발 보셔유 여러분 엉엉 광광관객들과 하나되어 웃음터지는데 증맬 즐거웠읍니다 저는 또 볼것이구요 양심이 있다면 뱉맨 노래를 정식 음원으로 내줘  
20170216,10,관람객꿀잼이였어요 어른이 봐도 ㅎㅎ  
20170216,8,관람객남자아이들 영화로 강추  
20170216,10,관람객아이들이 재밌게 봤어요  
20170216,6,관람객아이랑 재밌게 봤네요~  
20170216,10,관람객정말 잘봤습니다. 재미있고 즐거운 영화였습니다.. 가족 모두가 봐도 좋은 영화라고 생각합니다..  
20170216,8,관람객아이들이 재미있어하네요~~^^  
20170216,10,관람객아이들이 집중할수잇는 영화  
20170216,10,관람객아이들이 많이 좋아합니다 재미도 있습니다  
20170216,10,엄청난 캐릭터와 거대한 스토리와 애절한 로맨스와 스펙터클 액션이 가능한 레고월드 최고다  
20170216,1,관람객영화 재미없음. 여섯살 조카도 재미없어서 팝콘만 먹고 중간에 나왔음  애들이 보기에는 말도 빠르고어려웠음  
20170216,9,관람객어이가 좋아해요 아빠는 지루  
20170216,9,관람객레고 배트맨 무비를 보니 레고를 사고싶다고 아이가 말하네요. 너무 재미있었다고 해요. 아이들만 봐서 어이들 말을 적습니다. 둘째는 8살 여자아이인데 조금 무서운 장면이 나왔대요  
20170216,8,관람객레고 좋아하는 아이면 잼있게 볼듯합니다^^  
20170216,7,관람객재밌어하네요 배트맨최고  
20170216,9,관람객겁나 재밌었어요.아들과 신나게 보고 감동했어요.부자지간.. 추천합니다!  
20170216,5,관람객애들이보기는 진도가너무 빠름  
20170216,10,"배우가 직접 표현할 수 없는 재미를 레고로 맘껏 뽐내줌. 처음엔 포스터만 보고 애니메이션쯤이나 하겠지 싶었는데, 너무 재미있다...ㅠㅠㅠ  "
20170216,8,관람객레고 무비 처음인데 처음에 적응 좀 해야해요 적응하고 나면 핵 꿀잼 특히 로빈 너무 사랑스럽  
20170216,10,관람객아이 보여줬는데 재밌었다고 하네요~~  
20170216,9,"애니메이션판 데드풀. 미국식 개그를 이해하지 못하거나, 히어로 무비의 클리셰에 익숙하지 않은 사람들에게는 비추.  "
20170215,10,관람객아이가 레고에 관심을 가져 보러 갔는데.. 너무 좋아하네요~ 단점은 배트맨레고를 사달라고 한다는 점이네요ㅋ  
20170215,10,관람객감성적이고 주제도 확실한 영화레고무비를 이어서 좋은 작품이 또 나왔다  
20170215,8,재수없어 아이언맨^^  
20170215,10,관람객이제 초등학교 입학할 아들과 봤어요 너무 재미있었어요 칠천원이 아깝지 않았네요  
20170215,7,관람객재밋져여 그냥저냥ㅂㅎ로갓는데 좋앗져여  
20170215,5,관람객아들보여주려 봤어요 저는 잼 없어서 잤어요  
20170215,10,관람객초딩 아들들 매우 좋아하네요. 레고무비 매번 실망시키지 않는 것 같습니다  
20170215,8,관람객나름 주제가 깊게 다가왔던 영화.  
20170215,10,관람객너무 재미있었어요~ 울 아들 대만족 입니다~~^^  
20170215,10,"이 영화는 절대 '어린이용'이 아닙니다.(상영시간 좀 제발...) 그냥 봐도 재미있지만,배트맨을 좋아하면 더 재미있고, DC 캐릭터를 좀 안다면 더더욱 재미있고,거디다가 레고 덕후이면 최고로 재미 있을 겁니다! 그리고, 절대 영화 시작을 놓치지 마세요  "
20170215,8,관람객디시는 모든 자원을 레고에 집중하라  
20170215,9,애들보다도 기존의 배트맨 팬들이 보면 더 좋아할 영화. 가벼운 분위기 속에서도 배트맨의 고민과 주제의식을 전혀 잃어버리지 않았다.  
20170215,6,"더빙밖에 없어 아쉽긴 했지만 성우분들 좋더라구요, 현지화도 잘 되어 있었고. 우리가 고정관념처럼 알고 있던 엄숙하고 어두운 배트맨의 느낌을 잘 벗어내 코미디로 승화시켜 좋았습니다. 또 제 개인적으로 말이 많은 장르를 좋아하는데, 그부분도 충족되었습니다  "
20170215,8,관람객집근처에 롯데씨네마가 생겨 조조로 저렴하고 잼나게 봤어요..10살 딸이 너무 좋아해요  
20170214,10,아들이 졸라서 툴툴 거리며 더빙판이나 볼까나 하며 극장 갔다가 나중에 혼자서 자막판으로 한 번 더 보고 옴.  DC 는 그냥 레고하고 콜라보레이션 해서 앞으로 시리즈 만들길. 진짜진짜 잘 만들었음.  
20170214,10,응 졸라 대밌어 핵 꿀잼 평점1000  
20170214,8,관람객상상력을 자극하는 영화~^^  
20170214,10,워너는 사실 히어로 무비보다 레고쪽 영화를 더 잘 만든다.  
20170214,10,영웅요소가 확실히 잘드러난 무비!  
20170214,10,관람객정말 재밌네요 눈도 즐겁고 bgm도 좋더군요 굳  
20170214,10,관람객어린이. 어른 할거없이 잘보고 와ㅛ어요  
20170214,8,관람객아이가 좋아하네요 재미있대요  
20170214,10,관람객레고무비 대단해 칭찬해~~^^  
20170214,10,관람객역시 유머와 레고의 만남은 옳다!  
20170214,5,관람객연령대가 많이 낮아야할듯요^^;;많이 유치하네요ㅋㅋ  
20170214,10,관람객아이들이 너무 좋아하네요 기대안했는데 재밌었단 말을 하더군요^^레고좋아하는 남자아이들 신나게해준 영화입니다  
20170214,8,관람객유쾌하지만 애들이 더 좋아할 영화  
20170214,8,관람객아들들이 재미있다고하네여  
20170214,8,관람객조커가 너무 귀엽게 나옵니다  
20170214,10,처음부터 끝까지 휘몰아치는 전개에 입이 쩍 벌어집니다 ㄷㄷㄷ  
20170214,10,관람객아이들과 재미있게 봤네요^^  
20170214,10,완전 재미있음요~~~~  
20170214,10,어른이 봐도 재밌습니다<< 이 베플이 제일 맘에 안든다. 이 말 부터가 '애니는 애들이나 보는것'이라는 잠재의식과 편견을 깔고 있기에 아직도  우리나라가 멀었다는 생각이 든다. 레고무비 상영하는곳이 없어서  먼동네까지가서 키즈상영관에서 겨우봄.  
20170213,10,정말 귀여운 캐릭터들 덕에 10점을 안 줄 수가 없네 ㅋㅋㅋ 사우론이 나올 줄이야  
20170213,9,"진짜 평점들 수준하고는ㅋㅋ이런게 마블ㅊ들이 좋아하는 배트맨인가??라는 장애인 새끼도 있고, 정유라 송환 거부하고 있는 덴마크 영화 봐주기가 좀 그렇네요.. 정유라 한국 오면 10점 드림이라는  진짜 엄마가 순실이인 새끼도 있곸ㅋㅋ  "
20170213,8,관람객재미있었어요.  ~~~~  
20170213,9,관람객남자아이가 재밌어합니다  
20170213,7,관람객진지하게 말하자면 유치한 면이 없잖아 있다... 패러디나 드립에 몇번 빵 터지긴 했지만 그뿐..  
20170213,10,관람객아이가 재밌다고 하네요  
20170213,9,관람객어른도 아이도 재미있어요.  
20170213,9,관람객재미는 있는데 6세 아이와 보기엔 어렵습니다  
20170213,9,"어마어마하게 많은 패러디와 까메오들을 집어 넣은 영화, 코믹북 드라마 영화 애니메이션 등 배트맨에 대해 알면 알수록 재미가 상승한다.  "
20170213,8,오랜만에 신나게 웃었다ㅋㅋ  
20170213,10,신나고 신났던 영화네요. 아이들보다 제가 더 신나게 본영화  
20170213,9,관람객애니라서 시도할 수 있었던 장면들이 많았다 볼거리 많은 영화  
20170213,10,미쳤땅 레고졸귀 ㅠㅠ 다크나이트 이후로 젤괜찮은 배트맨 무비인듯  
20170213,8,이게 DC 최고의 영화라는 평을 받는게 기뻐해야 할지 슬퍼해야 할지  
20170213,9,관람객애들과 보기위해 더빙판을 봤어요너무너무 재밌네요 애들도 너무 재밌거 봤어요강추입니다 끝날때까지 웃음이 가시질 않는 유쾌한 영화입니다레고 캐릭터도 너무 귀여워요  
20170213,9,관람객재미나게 잘 봤습니다...  
20170213,8,음 레고가 사고싶어졌다  
20170213,10,화려하고 귀엽고 유쾌함. 배트맨 애정도 수치가 올라감.  
20170213,6,넘  피곤했다.. 픽사같은 느낌은 아니였다는것....  
20170213,10,관람객정말 너무 재미있었어요ㅠㅠㅠ 끝나고 레고 키링도 샀어요 ㅜㅜㅜㅜ 보는 내내 너무 웃기고 친구들도 다 재미있게 봤네요  
20170213,1,진짜 너무한거 아니냐? 이거 추천한 사람들 뭐임? 혼자 당할 수 없다 이건가? 내가 영화관에서 잔적이 없는데 30분넘게 잠.. 돈아까워 죽는줄 알았네. 차라리 봤던영화를 또 보는건데 낚였네 OOO  
20170213,10,관람객아이가 너무 재밌다네요  
20170213,8,관람객아이들 보여줬는데 재미있다고 합니다  
20170213,8,아동 영화 라고 하기엔 배트맨 과 80년대 영화들도 알아야 웃음이 나오는 영화 ㅋㅋㅋㅋ  
20170213,10,관람객아이가 참 재밌었다고 하네요~~추천합니다  
20170213,10,역시 래고무비 제작진인자라 더 재밋다 월래 재미을 것같지만 생각외로 더 재미있음!  
20170213,9,관람객아이들이 너무 좋아하네요^^  
20170213,10,관람객1010101010  
20170213,8,관람객10살 아들이 보고 재미있어 하네요.  
20170213,10,관람객넘 재밌게  봤어요~^^아이들과 함께 잘봤어요~^^영화구성이 참 잘짜여진 요즘본영화중 최고인것 같아요~^^  
20170213,7,관람객일단  레고들이  나와  움직이니  신기해했다  
20170213,10,관람객마사닦이보다 재밌다.  
20170213,9,반지의 제왕 패러디도 있고. 난 잼나게 봤음...  ㅎㅎ  
20170213,10,레고무비라 졸귀네 ㅋㅋㅋ  
20170212,9,악역들도 빛났던 유쾌한 무비ㅋ상영관이 적어서 아쉽네요  
20170212,8,관람객좀산만한감이 있었는데~~~아이들은 정말재밌다고 봤어요~~~~ 레고사고싶은맘이 생길정도로요~~^^  
20170212,10,조조로 자막 보고 난 후에 한 일이 오후 더빙 예매... 상영관이랑 시간 좀 늘려줬으면 좋겠어요.  
20170212,9,관람객아이들땜에 같이갔는데 어른도 잼나게 보구왔네요!  
20170212,9,관람객아이랑 함께 보기에 좋은 영화입니다.아무생각없이 웃을수 있었어요.  
20170212,8,관람객레고 좋아하는 애들이 재미있어하는 영화  
20170212,10,관람객가족들 단위로 보러가면 좋아요~아이들이 무척좋아해요~  
20170212,9,관람객넘 재밌었어요~~음악도 좋았어요~^^  
20170212,9,관람객매우 재밌고 유쾌했습니다  
20170212,7,관람객소소하게 재밌었다  오리지널시리즈 팬이면 더 볼만할 것  
20170212,1,관람객너무 유치한 신파극. 조커와 배트맨을 무슨 연인관계마냥 엮는 기믹도 식상했고 배트맨은 영화내내 가족에 대해 고뇌하고 등.. 기존 배트맨 무비의 클리셰를 그대로 답습했다.  
20170212,10,관람객애들이 너무좋아해요~~^^잼있다고 또보고싶다고하네요~~  
20170212,10,관람객재밌게 보고왔습니다~☆☆  
20170212,8,"아이들 떠드는것보다 그 불들어오는 신발 요즘 전원 끌수있던데 영화볼때 꺼주세요.그리고 시작전까지 기념사진은 왜케 많이 찍는지 번쩍번쩍..자기 가족만 나오게 찍는게 아니라 옆,뒤 다 나오게 찍음.ㅋ발광운동화 불 좀 끄세요.  "
20170212,10,관람객아이가 참 재미있게 봤음  
20170212,10,관람객아이들이 두 번 보고 싶다고 할 정도로 재밌었네요. 레고 브릭으로 만든 세트들도 실감나고. 스토리도 재밌네요.  
20170212,8,관람객약간 지루한 부분이 있었지만 대체로 재밌었어요  
20170212,10,관람객아들 과 함께 즐거웠습니다!!  
20170212,6,관람객아이들은 잼있대요~~^^  
20170212,10,관람객내가본 애니중 최고로 재미 있었어요. 아들과 함께 최고최고 ㅎ  
20170212,9,관람객더빙판에서는 특유의 미국식 개그가 많이 희석됬다. 하지만 제대로 약빨고 만든 배트맨 영화  
20170212,7,관람객어른들이 봐도 잼난 영화!  
20170212,10,관람객레고무비 영화를 예전에 정말 재미있게봤는데 역시 이 영화도 너무 재밌다고 애들이 말하네요..레고를 좋아하는 아이들에게는 강추합니다  
20170212,10,관람객재밌네요~두 꼬마랑 지루할틈없이 잘 봤습니다^^  
20170212,9,관람객엄청 재밌지만 더빙아니었음 더 재미있었을듯욤!더빙아닌걸로 보시길추천!  
20170212,8,관람객세상을 위해서 복근이 중요해 역시  
20170212,9,관람객아이가 너무재미있어하네요~잘봤어요ㅋ  
20170212,8,"관람객6세, 4세 남자아이들과 함께 봤는데 생각보다 길었어요. 근데 아이들이 잘 보더라구요. ㅋ  "
20170212,9,관람객아이가 엄청 재미있어 하네요  
20170212,10,관람객재밌었어요 혼자보단 함께해야 더 행복하단것도 느끼게 해주네요 애들이 너무 좋아했어요  
20170212,10,관람객레고 좋아하는 7살 아들과 함께 보었습니다  도시건설에 아이디어를 얻은듯 ㅎㅎ 재미있게 보았습니다  
20170212,10,관람객네살아이와같이봤는데 재밌게잘봤어요~  
20170212,10,관람객애들엄청흥분하네욯ㅎ  
20170212,10,관람객배트맨 대 슈퍼맨을 이렇게 만들지  
20170212,10,관람객유쾌하고즐겁게봤어요. 아이랑봤는데 어른도 재밌네요^^  
20170212,10,관람객어른이 봐도 재밌는 영화네요  
20170212,9,관람객아이와 신랑과 함께 본 영화인데 신랑과 아들이 집중해서 봤네요  
20170212,10,관람객시간가는줄모르고 봤네용!  
20170212,8,관람객재미있게보고있었는데 우리딸은 뭐가무서운지 자꾸가자고 ㅎㅎ 처음엔잘보더니 여자애성향엔 안맞았나봐요  
20170212,9,관람객아이들이 너무 재미있어 하네요. 잘봤습니다  
20170212,8,관람객아이가 재밌게 봤어요 유머스럽고 감동도 있구요  
20170212,10,관람객조카랑 데이트할겸~~영화봤는데^^재미있었어요~~~저도재미있게본거같아여!!ㅋㅋㅋ지루하지않고~~짱재미있어요~~  
20170212,10,관람객아이들이  잼있다고 또보고싶데요  
20170212,9,관람객재기넘치는 대사와 통통튀는 캐릭터의 향연!!재밌다♡♡  
20170212,10,관람객성인이봐도 재미있는데 아이들이 봤을땐 더 재미있었을것같아요~ 저희 아들도 보면서 많이 웃었어요~  
20170212,8,관람객지루하지않고 볼만합니다.  
20170212,9,관람객너무 너무 재밌는 영화에요  
20170212,10,배트맨이 아이언맨의식하는게 재미있네요ㅋ  
20170212,8,관람객엄마인 전 보다 잠들었지만 애들은 재밌다며 좋아하네요ㅋ  
20170212,9,"비급정서, 병맛을 내려면 이렇게 해야지 못만들어놓고 ""이건 원래 그런 영화니 진지병 걸리지 말라""는 인간들아.. 아니 알바들인가 여튼 레고무비 계속 기대한다.  "
20170212,8,관람객아이들 보기엔 재미밌네요~  
20170212,7,관람객어른에겐 좀 레고시티광고처럼 산만함. 초반엔 베트맨과 노라조 합작품인줄..중간엔 졸았음.ㅜㅠ베트맨이 전형적인 보수 이미지라는 생각이 들게 한 영화.. 애들은 재미있다고..;;;  
20170212,10,관람객넘잼있어요~아이가넘좋아하네요~  
20170212,9,관람객재미있게 봤네요^^ 추천  
20170212,9,관람객아이들이 잼있었다고~ 즐겁게 보았습니다~^^  
20170212,10,애들이 재미있어함 강추  
20170212,9,관람객울애들이 잼있었다하네요^^  
20170212,8,관람객저는 좀 지루했지만 여섯살짜리 아들 최고의 영화라 하네요!!!  
20170212,9,관람객저희 아들이 눈물을 보이네요  
20170212,4,관람객아이들하고 잼있게 잘봤습니다  
20170212,10,관람객DC는 모든 영화를 레고로 만들라~~ 진짜 최고최고  
20170212,9,잭 스나이더보다 잘 만들었네  
20170212,8,"관람객신나는 영화, 속도감있는 전개~  "
20170212,7,관람객아이와 함께 재미가 있엏습니다.  
20170212,9,관람객배트맨 VS 슈퍼맨보다 재미있음!  
20170212,7,관람객레고무비스럽게 정신없이 지나갔네요 9살 남자아이는 너무 재밌어했어요  
20170212,9,걍 뱃맨 시리즈는 앞으로 레고로 만들어라.  
20170212,7,관람객어른이보기엔 약간 유치한 면이 있지만 아이들이 보기에는 교훈적인 면도 있네요 아이언맨은 재수없어 ㅋㅋㅋ 웃겨요  
20170212,9,관람객아이의 관점에서는 가족과 협력에 대해 생각하게 하는 좋은 무비입니다.   어느정도 미국 코믹스의 백그라운드가 있으면 어른도 재미있을수 있습니다  
20170212,10,관람객아이가빠져서봤어요 재미있어하네요  
20170212,10,관람객아이들이좋아해요~^^  
20170212,10,관람객7세 아들이 너무너무 좋아하네요 ~  
20170212,10,관람객전체관람가라고 하기엔.. 어쨋든 5살 7살 아이들 잘 봤습니다  
20170212,1,어디 삼류에니메이션 나오냐  
20170212,9,관람객너무 너무 재미있어요.아주 cool~~  
20170212,8,관람객아이들과 함께 보기 좋아요  
20170212,9,관람객잼있었어요애들이 잼있다고하네욥  
20170212,10,관람객유머러스해진 베트맨 무비를 아이들이 열광적으로 좋아하네요.  음악이 아주 신나고 사운드가 좋은 유쾌한 영화에요.  
20170212,7,작년 배대슈나 그런영화보다는 훨씬 재미남. 나름 원작 재현 충실히 했고 워너사의 아이피들도 나오는 재미도 있음. 가족영화스런 전개도만족. 하지만 이영화로 입문할 아이들에겐 조금 이해가 어렵지 않을까 싶음.  
20170212,8,관람객넘넘 재미있게봤어요^^  
20170212,9,"시작부터 남다르게 깨알 웃음 선사하더니 역시ㅋㅋ이건 성인취향저격! 당연히 자막버전으로! 완전 귀엽고 특징살린 레고들~ 조커,할리퀸 방가방가ㅎㅎ 기대이상으로 재밌게 봤다^^  "
20170212,10,Iron man sucksㅋㅋㅋ 진짜 패러디 너무 많아서 재밌게 봄  
20170212,5,옆에 초딩들이 시끄러워서 집중이 안돼. 죄다 더빙판이야 자막판을 보고싶었다  
20170212,10,관람객잘만듬 돈값 하니깐 후회는 없다  
20170212,10,관람객아이가 너무 재밌어하네요^^  
20170212,8,관람객주말에 가족이 함께 봤는데  어른이 봐도 전혀 지루하지 않고 재밌네요 ㅋ 캐릭터도 귀엽고 아기자기 해서 볼거리가 많아요~  
20170212,7,관람객더빙으로봐서 아쉽지만 기대이상!  
20170211,10,관람객아이들과 주말에 보면 최고입니다  
20170211,9,이영화야말로 DC코믹스의 마지막 희망 ㅋㅋㅋㅋ진짜 핵잼  
20170211,9,관람객재밋음재밋음  
20170211,6,관람객드립이 너무 재밋습니다후반갈수록 조금 지루해집니다  
20170211,7,4D 3D 효과는 무난. 내용도 무난. 전작(?)과 비교해 참신함은 없으나 스스로 워너와 DC를 비꼬는 유머가 압권. 아는 만큼 보이기 때문에 아동보다는 어른 관객에게 더 재미를 줄 듯...  
20170211,8,애들이 이해하기에는 어려운 똘끼충만 B급감성 미국식 병맛개그에 환장하는 이들에게는 좋은선물이 되기 충분하다 솔직히 디씨는 앞으로 실사말고 다 레고로 만들어라  
20170211,8,관람객아이들이 보는 영화라 별 기대 안했어요ㅋㅋ근데 왠일? 생각보다 너무 재미있게 잘봤어요ㅋ레고 블럭실감나고 한편의 액션영화 보는 느낌?ㅋㅋㅋ암호명 너무 웃겼어요ㅎㅎㅎ아이언맨xx없어ㅋㅋㅋㅋ  
20170211,8,관람객색다른 뱉맨과 조커의 해석! 자살닦이와 마샤닦이보다 훨씬 낫다!  
20170211,10,관람객아이들이 너무 좋아해요~~^^  
20170211,10,"아이들이 너무 좋아해서 좋은데, 레고 배트맨 시리즈 사줄 생각하니 한숨  "
20170211,9,관람객초딩아들이 재밌다네요~^^  
20170211,9,저희 아이가 보고 와서 너무 너무 재미있다고 하네요~^^  
20170211,8,관람객볼거리는 많았지만 지난번 레고무비에 비해선 살짝 아쉬웠네요  
20170211,10,너무재미있게봣어요~~이거본후5살아들배트맨레고사달라난리에요;ㅎㅎ  
20170211,7,관람객괜찮네요 야들이좋아해요  
20170211,10,관람객발상의 전환이 참신~ㅎㅎ아들들이 잼나게 보네요~  
20170211,8,관람객아들은 대만족... 함께한 난 앞으로 쏟아질 레고 신제품 걱정  
20170211,7,관람객잼나욤 어들이랑 봤어룜 컴퓨터터터~~~ㅋㅋㅋ  
20170211,9,관람객7세 아들이랑 같이 봤는데 어른들이 봐도 재미있네요..^^원어로 봤으면 더 느낌이 살았겠지만 전문 성우분들이 더빙해서 그런지 자연스럽고 좋았습니다~^^  
20170211,7,관람객ㅎㅎ애기랑볼만하답니당ㅎ  
20170211,10,어른이봐도 즐겁다! 아이언맨 재수없어! ㅋㅋ  
20170211,10,관람객아이언맨 재수없어!!!!???  
20170211,10,너무 재미있어서 시간이 너무 짧은 느낌이었어요~  
20170211,8,관람객도대체   뭔 내용인지...  
20170211,9,처음 시작부터 정신없이 웃었네요ㅋㅋ 이런 잼있는 영화에 상영관수가 적은게 아쉬울 따름!  
20170211,10,관람객아이랑아빠랑 둘이 즐거운 데이트아빠한테는 시시했지만 아이는 좋았답니다  
20170211,9,관람객아이들이 너무너무 재미있었다고 또 보고 싶다고 하네요  
20170211,10,여러분 장난치는게 아니라 진짜 이 영화가 역대 배트맨영화중에 적어도 1~2위는 다투는 갓영화입니다. 액션 연출 그래픽 아이디어 드라마성 유우머 뭐하나 딸리는게없는 걸작중 걸작  
20170211,8,관람객재미있게 잘 보얐어요~~짱이예요  
20170211,9,관람객처음에는 지루했지만 후반부터는 재밌었데요  
20170211,10,관람객동심으로 돌아가게 한 너무 재미있는 영화입니다-;  
20170211,8,관람객애들은 좋아해요전 조금 졸았어요~  ㅜㅜ  
20170211,10,관람객아들셋다 잼나다고하네요~~네이버페이로 간단결제할수있어서 번거롭지도않았담니다  
20170211,10,관람객가족이 함께 웃으며 볼 수 있는 영화이다  
20170211,10,관람객아이들이 넝수너무 재밌다합니다^^  
20170211,10,관람객아이들이 좋아하네요. 재미있게 잘 봤어요  
20170211,8,관람객아이들과 재미있게 봤습니다  
20170211,9,관람객재미있었어요. 6살아이가 참 좋아하네요  
20170211,10,관람객진짜잼나네요아이가 재미있다고 또보자그러네요  
20170211,10,(더빙) 진짜 재밌게 봄ㅋㅋㅋ 이정구님 목소리 진짜 간지나는데 또 귀엽기는 왜 이렇게 귀여운지ㅠㅠㅠㅠ  
20170211,8,관람객재미있습니다 초등학생과 함께 보세요  
20170211,9,관람객아이랑 같이봤는데 성인들도 좋아요~!!^^  
20170211,8,관람객애들이 잼있다네요 봄방학인데 지루함 타파  
20170211,8,관람객애기랑둘이볼만하고 재미나네요  
20170211,9,관람객레고로 만든 영화라 신선했다  
20170211,6,관람객약간 지루함 감이 있네요 애들은 그럭저럭인데 어른들은 졸려요ㅎ  
20170211,8,관람객약간 긴감이있어서 그런가..아님 어려웠나? 6세 남아인데...보다 딴짓하다 했네요...전 재미있었어요^^  
20170211,7,관람객레고영화이지만 재미있었어요  
20170211,7,관람객지루했어요....영화보다 잠  
20170211,9,관람객재미있어요 애들도좋아하네요  
20170211,10,DC를 레고가 살리네요...ㅋㅋ  
20170211,10,관람객기대하고 봤는데도 재미있었습니다  
20170211,10,관람객재밌는 시간이었어요~~^^짱~!!  
20170211,10,관람객너무재밌었습니다요우  
20170211,9,관람객아이와 너무 잘 봤어요 재미있어하네요~~  
20170211,10,아이들 영화지만 재미있고 영웅스러운 내용이였다  
20170211,10,관람객역대급. 배트맨 최고!!!  
20170211,10,관람객너무너무 재미있습니다 ^^  
20170211,8,관람객좋아~~~1~~~~  
20170211,9,관람객아이가ㅓ너무 재밌게ㅁ봤어요~~  
20170211,8,관람객아이들 눈높이에는 다소 안 맞는 듯. 스토리보다는 화려함에 비중을 더 둔 듯  
20170211,6,관람객그럭저럭 먹을만한 잡탕  
20170211,9,관람객아이가 정말 좋아하는 영화  
20170211,10,관람객재미잇네요...~~~^^  
20170211,10,왜 배대슈와 수어사이드보다 재미있는이유를 누가좀 설명해봐  
20170211,1,이걸 에니메이션으로 만든 놈이 머리가 돌았내 이 OO!!  
20170211,8,관람객레고무비도 잘 봤는데요 요것도 재미있게 잘 봤어요 아이한테 제작기간이 4년이었다고 들었는데요 그정도 시간이 느껴지네요  
20170211,8,어떻게 보면 다크나이트 이후 배트맨에 대한 가장 놀라운 재해석  
20170211,10,미국식개그에 여러가지재미를덧붙인 아동용같은 어른용영화임 애기들이많이보던데 애들보다 어른들2~30대들이좋아핢만한무비  
20170211,9,영화는 끝내주고 아주 잼있다. 배트맨 팬일 수록 더 잼있는 요소들이 많다. 그런데 ㅅㅂ 자막 번역 누구냐? 그딴식으로 번역 할래? 아니 다른 것 보다도 펭귄을 펭귄맨으로 번역하는 건 대체 무슨 센스?? 아예 조커도 조커맨이라고 하지?  
20170211,3,이런게 마블ㅊ들이 좋아하는 배트맨인가??  
20170211,9,관람객아들이 좋아하네요 너무보고 싶어했는데  
20170210,10,관람객초등아들과 잼나게 잘봣어용^^돌아오는길에 마트들러 배트맨 레고도 사고 사은품으로  배트맨 열쇠고리도 받앗네요ㅎㅎ아들이 넘조아라해서 저두 기분좋앗던 하루엿네요♡  
20170210,9,관람객레고  참 멋지네요 아들들이 좋아해요 9점이란 큰점수를 주네요 ㅎ  
20170210,10,관람객재밋어요!감동적이네요!!  
20170210,8,관람객길긴한데 6세 남아 집중해서 봤어요 재밌네요  
20170210,7,관람객전편이 더 재미있음. 그래도 볼만해요...  
20170210,6,아이언맨은 구리다ㅋㅋ  
20170210,7,괜찮았어요! 아이가 재미있어했어요  
20170210,8,관람객재미있게 보았습니다.  
20170210,8,관람객아이들은 이해하기 어려운 ~  
20170210,8,관람객아이들과 함께  재미있게봤습니다  
20170210,9,아이언맨 재수없어!!  
20170210,10,관람객눈물겹지만 ㅠㅠ dceu시작 이후에 나온 영화들 중에선 레고배트맨이 최고  
20170210,10,유머 만점! 미쟝센만점!! 음악 만점!! 패러디만점!! 스토리도 쿨하고 만점!!  
20170210,10,중요한건 뭔지 알아? 관람객중엔 1점이 한명도없다  
20170210,8,관람객아이가 아주 재밌어 하네요  
20170210,10,정말 귀엽다. 레고로 영화를 만들 생각을 했다는 게 보면서도 신기하다.  
20170210,8,관람객난아이언맨이재수없어  
20170210,10,관람객너무 재밌습니다ㅜㅜ 어른이 봐도 재밌어요!!  
20170210,10,ㅋㅋㅋㅋ어케 레고로 배트맨을 만들 생각을 했지 ㅋㅋㅋ 신박하다 얼른 보고싶네  
20170210,10,관람객아이가 베트맨에  이제빠져사네요  정말 재미있는 영화였어오ㅡㅡ  
20170210,10,왤케 웃김ㅋㅋㅋㅋ 진짜 꿀잼임 계속 웃으면서 봄  
20170210,10,어제 개봉하고 바로봤따 ㅋㅋㅋ 개잼ㅋㅋ  
20170210,10,앞으로 영화는  레고 영화만 볼듯!!ㅋㅋㅋ 재밌어용ㅋㅋ  
20170210,10,DC 실사 영화보다 훨씬 재밋다 ㅋㅋㅋ  
20170210,10,퓽!퓨퓽!퓽!퓽! 퓽!퓨퓽!퓽!퓽!  
20170210,8,내용이야 유치할 수 있겠지만 그 안에 담아내는 코미디 요소들이 볼만했던 영화  
20170210,8,아이와 함께 깔깔거리며 본 뒤 말끔히 분해해서 다음 모델(레고 닌자고 무비)을 또 준비하면 그만  
20170210,8,어른이 봐도 재밌습니다 가 아니라 어른을 위해 만들어진 영화임  
20170210,6,제목은 레고 배트맨 무비인데...레고도 못살리고...배트맨도 못살린 무비인듯하다...극중 캐릭들이 대사를 쉴새없이 나불대서리 극 분위기가 너무 산만한고...스토리는 지루하더라...  
20170210,8,서양식 개그에 적응 안되고 레고 무비 보다는 살짝 약한 느낌이지만 움직이고 재조합 되는 레고를 보는 것만으로도 충분히 만족스러움! ^^  
20170210,1,정유라 송환 거부하고 있는 덴마크 영화 봐주기가 좀 그렇네요.. 정유라 한국 오면 10점 드림  
20170209,10,관람객너무 재밌군요. 통쾌한 소리를 내며 부서졌다 재 조립되는 블록 조각들.. 한글 못읽은 어린 우리 아이도 재미있다고하네요. 더빙판으로 한번 더 보여줘야겠어요.  
20170209,9,미국식 유머와 중간중간 던지는 묵직한 메세지유머도 돌직구지만 메세지들도 돌직구였다.  
20170209,7,"너무 기대가 컸나. 메타개그와 배트맨의 재해석은 좋았지만 레고무비의 색이 배트맨다운 심오한 긴장감은 빼버렸다. 아동영화로서는 완벽. 귀여운 조커는 미칠듯 좋고, 유치한 유쾌함이 나쁘지 않은 영화.  "
20170209,8,DC도 때론 유쾌하고 재밌게 재롱을 부릴 줄 안다! 레고와 함께라면... (아이언맨이 이 영화를 싫어합니다.)  
20170209,10,관람객뱉맨 팬에게 보내는 팬레터  
20170209,1,개유치 중딩남자애들이 좋아할듯  
20170209,8,관람객키덜트족을 위한 최고의 영화 중간중간 삽입되는 워너 브라더스 캐릭터들의 패러디가 주는 재미는 덤  
20170209,10,역사상 가장 위대한 PPL이자 팬 무비  
20170209,10,돈옵저 수스쿼같은 캐릭터도 이해 못하고 CG떡칠이나 해대는 쓰레기영화들보다 이 영화가 배트맨과 그 프렌차이즈의 역사를 훨씬 존중하고 있다. 여기에나 투자해라 잭 스나이더 케빈 츠지하라 워너브라더스 이 멍청한 놈들아  
20170209,10,관람객배트맨 브레이크아웃에서 한층더 약을 하고온 배트맨 너무 귀엽고 딕....딕 너무귀여워요 재미있었요!  
20170209,9,관람객전 졸렸지만 아이는 너무너무 좋아했어요. 영화가 끝나면 배트맨 레고를 사달라고 조르는 부작용이 있습니다 ㅎㅎ  
20170209,8,하필 전체이용가였기에 포텐이 꺾인 작품  
20170209,9,관람객아이들 어른들 모두 정말 재밌게 볼 수 있는 영화~  
20170209,10,관람객집에 돌아와서 바로 레고 사러 다녀왔습니다.ㅎㅎㅎ  
20170209,9,관람객코믹하고 중간중간 교훈도 있고 재미있었 습니다  
20170209,8,관람객어른이 봐도 재밌습니다  
20170209,10,자막도 더빙도 너무 재밌었어요! 뱃시 진짜 너무 귀여움♥♥  
20170209,3,어린이용 레고판매용 이상은 아무것도 아님.  
20170209,10,관람객정말정말잼있었습니다  
20170209,9,관람객재밌었어요 초등 저학년 보면 재밌을듯 해요  
20170209,10,너무 귀여워요 정말 꼭 보세요  
20170209,10,최고네요 정말 재밌습니다.  
20170209,10,관람객초등 애들이 재밌어하네요. 잘봤어요~  
20170209,9,더빙판도 성우들이 센스있게 잘해서 괜찮음  
20170209,10,관람객전체관람가 데드풀입니다. 약 순도 95%  
20170209,10,관람객너무 재미있었습니다^^  
20170209,10,배트맨 팬이라서 애들도 즐겁지만 더 즐거웠어요~~~목소리도 크리스찬베일처럼 중저음 목소리 굳~~!!더빙도 좋더라구요~~~그리고 시작할때부터 빵빵 터집니다^^  
20170209,5,상영관좀 늘려라ㅡㅡㅡㅡ 저녁에도좀 해 짜증나네 더빙도좀 쓰잘데없이 입히지말고 자막으로라도 해라ㅏㅏㅏㅏ  
20170209,10,내평점일주일전에 시사회로 보고왓습니다.색다른 배트맨에 매력과 유쾌함을 보실수있을겁니다. ㅂ번역도 한국에 맡게 해주어서 좋앗던  
20170209,9,관람객중간에잠깐지루했지만재밌어요애기들이좋아하네요  
20170209,10,전체 관람가판  데드풀!!~  
20170209,8,DCEU의 영화를 이렇게 좀 만들어라!!! 아이언맨 재수없어ㅋㅋㅋ  
20170209,10,ㅋㅋㅋㅋ암호를 말하세요 : 아이언맨 재수없어 ㅋㅋㅋ개웃기네 알프레드하고 배트맨 투닥거히는거하고 넌 아무것도아니라고했을때 울먹거리는 조커의 눈알은 너무귀엽다 뭣보다 눈이 너무즐겁고 전부 레고라는게 믿기지않다..반지의제왕 사우론 눈도나오고 볼드모트ㅋㅋㅋㅋ  
20170209,9,"관람객DC 영화중 가장 재밌어요. 지난번 레고무비는 레고만의 재미가 있었다면 이 번에는 DC의 히어로 캐릭터 총출동의 재미가 있습니다. 액션 스케일, 디테일 다 좋아요.  "
20170209,1,어린이수준에 갑 18세이상에겐 알몸으로 거리를 활보한 쪽팔리는 드러분기분  
20170209,1,너의 이름은도 그렇고 다른 애니메이션들도 그렇고 애니들은 평점 거품이 너무 심하다  
20170209,10,고전 패러디 가득한 유쾌한 배트맨!  
20170209,10,워너는 DC확장유니버스(DCEU) 버리고 DC레고유니버스(DCLU)나 만들어라 (상영관 너무 적다 cgv 신발아)  
20170209,9,조조로 보고옴나는 오늘도 혼자서 !! 고담을 구했다  
20170209,8,관람객귀엽고 재미있고 따뜻한 배트맨 주연 (이렇게 안쓰면 배트맨에게 혼날 듯 ㅋㅋ) 레고무비. 앞으로 다양한 시리즈가 기대됨. 남녀노소 모두에게 추천.  
20170209,10,ㅋㅋ 배트맨 매력터지네요  
20170209,10,이거 완전 내취향임 스토리도 배트맨의 자학(?) 개그 코드도ㅋㅋ  
20170209,10,"이럴줄알았어.. 반하지 않을 수 없는, 너란남자 배트맨ㅋㅋㅋ  "
20170209,10,레고무비는 앞으로 뭐가 나오든 믿고 본다 ㅋㅋ  
20170209,10,레고로 만든영화 중에 최고  
20170209,10,배트맨 진짜 매력터짐ㅋㅋㅋㅋ 레고 무비 시리즈 더 만들어줘여ㅠㅠㅠ  
20170209,10,아 너무 좋아 진짜. 보다 보면 레고로 만든거 까먹는다!  
20170209,10,최고의영화!무조건보랑께!  
20170209,9,관람객Funny.. hahaha~  
20170209,10,앙증맞은 레고로 매력을 잘살린거 같습니다  
20170209,10,실사 영화가 해내지 못 한 것을 레고가 해냈다.  
20170209,10,그 어떤 로맨스보다 사랑스러운 배트맨과 조커의 수준급 밀당 ♡  
20170209,10,토마토에서 DC는 모든 영화를 레고로 만들라는 평이 ㅋㅋㅋㅋ  
20170209,10,잭스나이더 보고있니?  
20170209,10,작년 배트맨대 슈퍼맨보다 더 재밌다... 레고 무비의 후속작 답게 엄청 재밌는듯!!  
20170209,10,"배대슈, 수어사이드 스쿼드보다 훨씬 재밌어요! 캐릭터들 완전 귀요미에 아이언맨 디스 꿀잼 ㅋㅋㅋ 오늘 레고 피겨 받으러 아맥 가서 또 봅니다~!!  "
20170209,10,유료시사회로 미리 보고 왔는데 기존 배트맨과 차원이 다른데다가 큰재미 큰웃음까지 제대로 완벽하게 갖춰진 레고 배트맨 무비 대강추!  
