0,1,2
20190106,2,메시지가 먼지도 모르겠고시간낭비임  
20181211,10,정말 재밌어요~  좋아하는 영화 베스트 10에  넣었음~  
20181013,10,뜻대로 되지 않는 인생. 솔직하게 당당하게 살아가는 두 여자가 좋았다.  
20181011,7,가을 초겨울에 마시는 따뜻한 차 같은 영화  
20181009,8,어쨋든 매기의 플랜은 성공한거 아닌가 이게 이런식으로 해피엔딩이 되는구나 결혼도 이혼도 쉬워보인다 근데 너무 무거운 부담감으로 인생을 자책하는것보단 낫지않을까  
20180916,10,중간에 피클맨과 매기가 만났을때 피클맨의 촉촉한 눈을보며 김칫국인가 했는데 처음부터 존중하고 매너있게 행동했던게 떠올랐다..  아름다운 옷자락을 스친걸로 만족한다던 대사도 의미심장하네^^ 마지막이 젤 좋았다ㅋ  
20180907,9,연기자나 연기력이나 스토리 전개나.. 등등 신선하고 재미있고 좋네요  
20180905,8,그래 운명은 따로 있어!  
20180703,9,무겁지 않은 이런 사랑도 괜찮지 않나 싶다  
20180626,9,사랑스럽고 재밌는 데에는 이만한 영화가 없다.  
20180616,8,작년에 개봉한 코미디 중 가장 희한한 방식으로 웃기는 작품.  
20180609,1,에휴 판타지영화네ㅋㅋㅋㅋ주인공 할배 패고싶다 ㅋㅋㅋ 양육비 두집에서탈탈털려서 알거지 돼야할텐데  
20180527,10,에단호크 짜증나는데 너무 귀엽다ㅋㅋㅋㅋ 사랑이 넘치는 개새  
20180527,6,영원히 고통받는 매기..  
20180522,8,"마지막 장면이 가장 좋았다, 그렇지 가이?  "
20180519,7,줄리안 무어는 역시 아름답고.. 그냥 가볍게 보기 좋은듯 내용이 그리 가OO 않지만 현실과 동떨어진 이야기 같았음  
20180516,5,본연의 모습을 바꾸긴 힘들지 또 같을테다  
20180514,8,"철부지 남자가 병적인 여자 옆에서 균형을 잡기 위해 성장하며, 자신의 인생이 내 뜻대로 되리란 집착이 낳은 파멸은 얼마나 고통스러운가  "
20180512,8,재밌다 ㅋㅋㅋ 릴리 너무 사랑스럽잖아  
20180511,10,기대안헸는데 인생영화네  
20180505,7,모르겠다 그냥 졸렸음...  
20180501,9,찌질하지만 현실적인 영화  
20180425,10,"막장과 명작은 한끝 차이이다. 어떻게 쓰느냐에 따라서, 우리가 막장이라고 치부해왔던 불륜, 출생의 비밀 같은 것들이 사랑스러워 지는 마법. 이건 작가와 배우의 능력이라고 밖에는 볼 수 없다. 우리는 완벽한 인생보다 결점이 있는 인생에서 교훈을 얻는다.  "
20180414,9,자신을 잘 알아야 평안한 삶을 살 수 있다나와 상대를 잘 알아야 함께 행복할 수 있다  
20180413,8,"쥬라기공원2의  사라하딩박사와, 위대한유산의 남주였구나. 그당시 선남선녀의 중년을 보니 기분이 묘하다. 다시보니 늙어도 이쁘다. 한편, 존은 인류학자답게 종족 번식과 가정 모두를 챙기고, 메기는 디자인-경영의 중간다리답게 부부를 연결했고,대학교수답게  "
20180311,10,남편도 반품이 되네 ! 유쾌한 남편 반품기  
20180311,10,트레비스 핌멜...러브유  
20180304,6,인생이 다 그렇지만 사랑은 특히 계획대로 되지않음을 또한번 느낀다.  
20180210,10,마지막에 피클맨을 보고 느꼈다 겨울에도 끝까지 반바지를 고집하는 피클맨이 가장 한결같고 솔직한 사람이라는 걸  
20180207,8,"방식의 차이는 있겠지만, 거기나 여기나 사람 사는곳은 다 거기서 거기인듯  "
20180206,7,"한 번쯤은 볼 만. 나로서 존재하는 것, 나로서 사랑하는 것에 대해 생각해볼 수도 있다. 아마도 감독의 주변에서 있었던 실화가 아니었을까 추측한다.  "
20180204,6,우디 앨런이 떠오른 영화  
20180201,10,매기가 진정사랑으로 만나야 할 사람이 피클맨이었다는 사실을 뒤늦게라도 깨달아서 해피 합니다. 아기가 수학적 재능을 보인다는것도. 존 같은 유부남들이 정말 많은데 미혼여성이라면 꼭 봐야할것 같습니다. 진실한  사랑을보는 관점을 공부하게 될것 같아요  
20180131,8,인생은 정말 생각한대로 계획한대로 흘러가지 않는것같아요 그래도 계속해서 계획을 세우는..계획대로 흘러가길 바라며!  
20180126,6,Maggie's Plan  
20180120,9,모든 것은 제자리에 있을 때가 좋은 건가봐요. 마지막 주인공의 표정= 내 표정  흐뭇 ^_^  
20180119,10,"이렇게 유쾌한 영화는 오랜만이라 참 좋았다. 캐릭터 하나하나가 다 매력있다. 재미있지만 가볍지 않고 마음을 울리는 대사도 좋고,  음악도  좋고...  "
20180111,9,작위적이고 유치할 것 같았는데 의외로 현실감있고 묵직함.  
20180106,9,이기적이지  않고 질퍽하지 않고 코믹로맨스~  
20180106,9,엉망진창이지만 내 얘기 아니니까 재밌는 영화ㅋㅋ 캐릭터들이 살아있다  
20180105,5,등장인물 중 정상인이없다. 그냥보지말걸 시간아깝다  
20171229,8,재밌어요!!~~~...  
20171212,10,주인공 내 멘토이자  목표임.  
20171206,10,피클장수 딸이였구먼~ㅋ  
20171019,8,"이 영화를 남녀와 관계, 결혼으로만 본다면 통속 드라마 사랑과 전쟁을 본 것이고, 그 이상을 볼 줄 안다면 인생의 통찰에 대해 볼 줄 아는 것이다. .  "
20171008,6,나쁘지않았던영화. 모든 완벽을 꿈꾸나 완벽할 수 는 없는 현실. 충실해야하는 것들은 언제나 소소한 것들 같다  
20171006,8,주고 받는 말들이 흥미롭고 인상적인 영화  
20171003,5,에단 호크와 줄리안 무어를 제자리로 돌려다 놓기 위해 소모한 스토리. 줄리안 무어의 말처럼 작가는 생픽션을 쓰진 않았다. 막장 픽션인듯해보일수도 있지만 에단의 말처럼 누군가에겐 다큐멘터리일지도. 그냥 좀 재미있는 친구네 부부 이야기를 듣고 온 기분.  
20170922,7,관람객꽤 재미남ㅎ 많은걸 생각하게 해주는 영화네요  
20170916,7,결국엔 자신과 맞는 정서를 찾아가는 과정이 아닐까... 같은 분야에 있고 관심사가 비슷하더라도 사람마다 추구하는 기본적인 정서가 맞아야 함을.  
20170914,8,관람객마음이 따뜻해지는 영화~^^다시 보고싶어지는 영화~>  
20170828,6,계획을 세울라면 맺고 끊음이 확실해야지 칠칠맞은 매기.  
20170827,4,그녀의 플랜을 이해할 수도 따라갈 수도 없었다.  
20170728,10,관람객환상의 그대와 따로 또 같이 부르는 노래  
20170720,5,문화적이해가 잘안돼고 에단호크가 나쁜남자로보임.  전체적으로 불편한영화임.  
20170710,8,현실적인 두 갈래의 사랑. 매기의 플랜이라는 귀엽고 조금은 가볍게 풀어놓은 것 같다. 그 분위기가 마음에들었다. 중간의 차이나타운에간 장면은 참 독특하지만 공감가는 장면  
20170704,1,너무 지루했다 뻔한얘기  
20170620,8,논리적으로 이해하기전에  적절한 상황에서 적절한 행위가 척척맞아 떨어져야 하는 인간관계의 변덕적이고 일시적인 본질의  핵심을  잘잡아냈다고 생각합니다  
20170619,7,관람객무엇이 가족인가 생각해보아요  
20170519,1,"예고편 만든사람 포상감이네요. 저 난장을 뭐 있는듯 교묘히 편집했어요. 로맨스 아니고 불장난. 지성인 아니고 덜 자란 어린애들. 릴리가 멱살잡고 캐리했네요. 줄리안무어는 예뻤고, 빌헤이더는 반가운. 캐릭터 중 토니만 정상입니다. 아, 피클맨역시려나.  "
20170430,7,관람객very good movie  
20170429,8,운명은 따로 있다는 메시지...별거 아닌 주제에 적합하게 가볍고 경쾌하게 풀어낸 스토리가 좋았다! 가벼운 영화 분위기는 매기의 집 인테리어가 한몫 한 듯!  
20170426,7,어찌보면 가장 적절했던 매기스 플랜... 릴리가 존의 딸이 아니어서 다행  
20170424,10,영화 자체가 사랑스러운 느낌이다. 모든 등장인물들은 영화속 인물이라고 너무 이상적이거나 비현실적이지 않고 헛점이 보여서 정이간다. 마지막 등장하는 남자주인공도 생각해보면 매기랑 가장 닮았고 잘 어울리는 사람이구나 싶고.  
20170424,7,아 남자 죽이고싶다 저런남자 걸러야함  
20170414,8,관람객결혼하고 나니 너무너무 공감된다.  
20170414,6,그레타 거윅의 매력이란 ㅎ-ㅎ  
20170410,6,조금 무거울수도 있느 소재를 가볍고 재밌게 풀어낸 방식과 배우들의 연기는 좋았다. 다만 감정이입 하기가 좀 힘들었고 캐릭터의 매력도 크게 느낄수 없었다.  
20170410,1,남의 가정을 이혼시키고 다시 재혼시킨 여자한테 낙관적이라니?? 도저히 이해할 수 없는 우디앨런식 막장드라마  
20170408,3,또다른 의미에서 피카레스크? ㅋ  
20170402,9,관람객이런게 감성이지. 사랑스러움의 결정판.  
20170401,9,통제하려 하지마. 역시 계획대로 되는건 없어. 그치 매기?  
20170328,8,관람객남한테 헌신해봤자 헌신짝이 되니까 내 인생이나 잘 챙기며 살자는 내용일까...?  
20170326,1,그냥 노잼 불륜을 미홪.  
20170325,7,관람객알럽 매기.. 땡스 매기..!!  
20170324,3,생각의 흐름대로 본능따라 사는 사람들 이야기 불륜미화 영화  
20170323,7,"누구든 수학의 옷깃만 만져도 그 아름다움을 느낄거야. 난 옷깃으로 충분했어. 좌절감을 감당할 자신이 없었거든. 전체를 볼 방법이 없으니까, 늘 전체의 일부만 어렴풋 볼 뿐, 평생 진리의 조각만 찾아다니는 삶이잖아.  "
20170321,10,또 보고싶어요 ~! 추천해요 ㅎㅎ  
20170319,5,캐릭터들이 다이상하다 외롭다고 막하지말자  
20170319,1,이것도 영화라고 전혀 공감되지 않는 스토리에.교수라는 놈은 전혀 책임감도 없고.주인공은 남자 없이 정자만 받아서 애 낳을려다 불륜하고. 애가 애완견이냐? 무책임한것들이 만나 막장 스토리. 필름이 아깝다.10점 주는 이유가 뭐야? 걍 미국이라?  
20170318,8,관람객시대가  변하긴 했구나 라는 생각  그리고  여주인공의  지혀롭고  현명한  처신  저는  괜찮게 본 영화였어요  
20170318,8,"수를 좋아하는 아이와 수학을 좋아했던 정자기증자 등장 엔딩의 순진한 위트란! 힙하면서도 한결 같아서 좋더라. 그래, 사랑은 너저분한 거지, 애써 정리하려 해봐야.  "
20170318,10,우리의 계획은 늘 빗나가지만 그럼에도 불구하고 우린 또다른 계획을 계속해서 꿈꾼다.  
20170318,10,와우 배역 하나 하나 다 존재 그 자체 매력이 넘치네요.한국에도 이러한 영화가 많으면 좋겠어요. 촬영기법도 너무 좋고 마치 cf같아요. 옷들도 너무 이쁘고.. 감독의 연출력에 감동했네요  
20170318,6,처음부터 끝까지 전부 다 예상되는 시나리오였다..  
20170317,6,관람객그레타 거윅 에단 호크 줄리안 무어  
20170316,6,"골때리는 낭만파 여주. 현실에서는 딱 민폐형이지만, 영화니까...  "
20170314,7,관람객재미있는 발상인거 같아요 소소하게 보기 좋았어요  
20170314,10,관람객재미있고 소재도 독특해요.  
20170312,8,관람객우리나라 정서와는 맞지 않지만 결혼과 남자의 성향에 대해 현실적인 감각을 느낄 수 있었다.  
20170311,8,사랑은 참 뭐가 사랑이다라고 말할 수 없을 만큼 복잡하면서도 단순하네요  
20170309,8,관람객여주인공의 연기가 너무나 좋았고 공감이 감  
20170309,10,관람객굿이에요 굿굿국국수귝규슉  
20170309,7,매기씨 애초에  사랑하는  사람과  정상적으로  가정을  꾸렸으면 더  좋았을껄 ...하면 이 영화가 안 만들어졌을라나...  
20170308,7,홍상수 스타일의 미국판  
20170308,5,미국 정서에나 맞는 영화  
20170308,5,관람객한국정서와 맞지않지만 나름 있을법한 스토리  
20170307,4,"이건 브루클린 힙스터 영화'도' 아니야. 뭐 어쩌자는 건지 모르겠습니다. 코엑스몰엔 다신 안 간다고 하고 또 다시 제가 갔지요. 주차비, 커피 핫도그에 얼마나 돈이 들어갔는지. 어지간하면 안 가려구요. 그러나 키리시마를 재상영한다는 정보에 또 가게 됨  "
20170306,8,으하하 라그나 로스브로크 나옴 ㅋㅋㅋㅋ 현대극에서 더 멋있네 ㅋㅋㅋㅋ  
20170306,2,막장 오브 막장 최고봉의 영화네요. 왜 10점을 주었는지 이해가 안갈정도로 ....답답하고 짜증나는 영화였습니다. 만든성의만 봐서 2점드립니다ㅋㅋ  
20170305,8,계획이라는 어려운 질문을 하면서도 명확한 답변은 아니지만 유쾌하게 풀어나간다. 요소요소 웃음장치의 센스가 돋보였다.  
20170304,8,관람객그레타거윅의 연기가 참 좋습니다  
20170304,10,쉬she 수상한 그녀 보고 왔스빈다  
20170303,9,관람객절대 계획대로 되지 않는 인생. 내 인생에도 피클맨 같은 사람이 나타났으면!!  
20170303,8,관람객늙어도 여전히 에단호크만큼 섹시한 남잔 없을것.  
20170303,7,남녀간의 모든 만남과 이별이 이럴 수 있다면 얼마나 좋을까.  
20170303,6,문화의 차이를 떠나서 쿨해도 너무 쿨한거 아님? 막장 드라마를 어디까지 포장할것인지 서프라이즈  
20170302,8,저년 진짜 이기주의 쩐다.ㅋ  
20170302,7,그레타 거윅은 깜찍하면서 황당하게 웃기는 능력이 있다.  
20170302,10,관람객Good good good  
20170302,10,관람객재미있게봤습니다 ㅎㅎ  
20170302,10,"관람객현명한 여자와 우매한 남자, 하지만 서로가 기댈 수 밖에 없는 그런 아이러니  "
20170302,9,"관람객사랑스러운 영화. 매기의 캐릭터 덕분인지 그녀의 삶은 계획대로 되지 않아도 충분히 매력적으로 보인다. 후반부로 갈수록 스토리가 엉성해지는 인상을 받았지만 적당한 유머, 현실감 넘치는 의상, 자연스러운 연기로 인해 즐겁게 볼 수 있었음.  "
20170302,10,시험에 들게 하지말자.  
20170302,9,관람객결혼은 절대 이상이 아니라는 걸 깨달은 유부녀 입장에서 완전 유쾌하고 통쾌한 영화였어요 :)  
20170301,9,"나 자신이 되기 위해서는 엄청난  노력이 필요하지만, 그와 마찬가지로 그 어떤 노력없이도 결국 나 자신은 나 자신이지 않을까 싶습니다.  "
20170301,8,관람객일상적이고 담담한 영화라서 더 좋은! 그레타 거윅의 당당한 걸음걸이가 인상적인 영화. 그녀의 다음 행보가기대된다. 소소하게 웃으며 즐겁게 봤다.  
20170228,8,관람객난 삶을 다 안다고 준비할 수 있다고 생각했으나..?  
20170228,10,관람객산뜻하고 유쾌하고 즐거운 영화  
20170228,9,관람객또한번 씨네큐브에서 좋은영화 만났습니다영화를통해 다양한 문화적 배경을 배우게되는건 덤인것 같아요 좋은영화 감사합니다  
20170228,6,관람객영화 속 에단호크 홍상수 영화 남자주인공같았다..  
20170228,10,"관람객연출력, 이야기의 소재, 배우들의 연기, 자잘한 소품까지... 영화 사이즈는 작지만 그에 적절한 완성도로 극을 완성한 유쾌한 영화네요.  "
20170228,8,관람객무난무난 하지만 이해가 어려운부분도 있음  
20170228,9,유쾌하고 재치있는 영화였습니다. 매기를 보면서 제 자신도 돌아볼 수 있었구요. 수다스러웠지만 질리지않았던것은 캐릭터들의 진정성이 아니였을까 싶네요. 간만에 재미난 영화를 봐서 기분좋았습니다.  
20170227,9,관람객기대이상으로 재밌게봤어요 ㅎㅎ 매기라는 캐릭터도 되게 독특했구 지난날의 나를 돌아보게만드는 좋은 영화네요!  
20170227,10,관람객남자 너무 나쁘네요...  
20170227,7,릴리는 가이의 아이였고 매기는 가이와 인연이었다?!  
20170227,9,관람객비눗방울은 언젠간 터지고 말지..!  
20170226,5,관람객미국판 막장 드라마? 그래도 연기는 나쁘지않음  
20170226,7,관람객미국판 막장드라마같은 느낌  
20170225,8,"관람객그레타 거윅이 아니면 그 누가 소화했을까요. 정말 골 때린다 싶지만, 그 자체가 너무도 사랑스러운 여배우. 이 영역에서는 정말 독보적인 것 같습니다.  "
20170225,9,관람객식상하지 않은 그들의 이야기  
20170225,10,관람객유쾌한 영화! 여자 주인공이 넘나 사랑스러웠다  
20170224,9,"관람객잘 만든 사랑과 전쟁! 근데 혼자 봐도 재미있음. 보고 나니까 오늘 내내 기분이 말랑하네요, 왜인지는 모르겠고.  "
20170224,8,관람객어쩌면 오만한  우리 모두  매기의 삶을 살고있다.  
20170224,10,관람객사랑해요 그레타거윅! 사랑해요 줄리안무어  
20170224,8,관람객현실적인 줄거리로  공감되는 내용이었었습니다. 유쾌하고 재미있게 봤습니다. .  
20170224,7,관람객과연 우리는 오분 뒤에 일어날 일도 확신할 수 있는가  
20170223,7,관람객나쁜건 아닌데 초반에 삼십분 잤어요  
20170222,8,관람객재미있어요 프란시스하 와 비슷한 분위기라서 좋았음 아쉬운건 친구관계에 대한 조명이 적었다는것  
20170222,6,관람객조금은 지루한 영화 그래도 뉴욕  
20170222,10,관람객재미잇어요 최고에요용  
20170222,7,관람객지저분한 치정극을 유쾌함으로 바꾼 영화. 신선하지만 우리나라와 괴리가 너무 커서 공감하기 힘든게 함정이라면 함정 ㅋ  
20170222,9,관람객귀여운 영화 에단호크 연기 참 잘 한다  
20170221,7,영화라 보기엔 시트콤에 가깝네여..지금도 매기스플랜이 묀지는 잘 모르겠고요..인생 별거없다는 것을 유명배우가 시트콤 형식으로 말하는.영화..솔직히 별로네요  
20170221,9,"관람객이런 사람도 있습니다^^ 매우 공감갔고, 깔끔한 전개가 좋았어요.  "
20170221,9,관람객보고 있노라면 마음이 착해지는 것 같은 영화..  
20170221,8,관람객긍정 바이러스 팡팡 터지는 매기의 솔직함!  
20170220,5,"관람객다른 말로 표현하자면 매기의 '막장 플랜'이라 제목을 지을 수 있지 않을까. 크레딧 올라가니 저절로 나오던 한 마디. 'What the fuxx??' 결국 매기는 한 남자의 정자와, 한 부부와, 세 명의 아이를 자기 멋대로 재단한 나쁜 여자  "
20170220,4,관람객세상은 요지경 요지경 속이다  
20170220,8,관람객결혼에 대한 현실적인 면들을 무겁지않고 가볍지않게 재밌게 풀어 재밌었습니다!  
20170219,9,관람객현실적인 상황들을 유머러스하게 다뤄 유쾌하면서도 인생을 생각해보게되는 영화라 좋았어요^^  
20170219,7,관람객재미있어요! 뜻대로 되지않아서 더 재미있는  
20170219,9,관람객어찌보면 북미판 사랑과 전쟁이지만.. 그 나라의 정서로 바라본다면 충분히 위트있는 영화이다..  
20170219,8,관람객영리하고 귀여운 영화였다  
20170219,8,관람객잔잔한 영화에요 ㅎㅎ 사랑에 대해 생각해 볼 수 있는 좋은 기회였네요!  
20170219,8,관람객매기의 엉뚱함. 생각보다 가벼웠던 영화  
20170219,8,관람객사람은 누구나 어느정도 어리석다. 그렇게 자꾸 넘어지고 실수하는게 삶이다. 그렇다고 아름답지 않을 이유는 없다.  
20170219,9,관람객계획은 계획일뿐  인생사 몰라요 몰라  
20170218,8,관람객상큼하고 경쾌하면서도 여운이 남는 영화  
20170218,10,관람객추천해요. 또 보고 싶어요!  
20170218,6,관람객인생을 스스로 통제할 수 있다고 생각하지 말라는 영화삶은 생각만큼 단순하지 않다!  
20170218,7,나 자신을 사랑하기에 가능한 계획  
20170218,8,관람객가볍게 볼 만합니다. 배우들 연기와 ost가 기억에 남네요  
20170218,6,어느 부분이 로맨스라는 건지.. 쿨해도 너무 쿨했다. 문화 차이는 넘사벽.  클래식한 로맨스가  그립다.  
20170218,8,관람객남자주인공의 우유부단함과 찌질함에 짜증나지만 나름 결혼에 대한 통찰을 주는 좋은 영화에요  
20170218,6,관람객그녀의 플랜이 무엇인지 애매하다능  
20170218,10,"관람객평범한 듯 평범하지 않은 스토리주의에서 있을 법한, 혹인 나와 내 옆사람에게 일어날 듯한 이야기  "
20170218,10,관람객정말 대사 하나하나 주옥같은 좋은 영화였어요!  
20170218,10,관람객잔잔하지만 의미있는 우리의 삶을 잘 묘사함  
20170218,9,관람객갑작스런 에단호크의 사랑고백 놀랐다  
20170218,10,관람객매우 유익하다 특히 화법 연구에 도움이 된다  
20170217,8,관람객그냥저냥구냥 볼만함 결혼하기싫어짐  
20170217,7,"바람기많은 남자들의 특성을 잘담아낸 남주, 멍청할정도로 쉬운여자인 여주, 여우같이 영리한 죠젯까지 보는내내 불쌍해보이는 여주때문에 화가났던영화.  "
20170217,9,"관람객경쾌하게 본 영화, 무겁지않아서 오히려 좋았다. 음악이 그중 한몫 한듯하다..  "
20170217,8,관람객사랑스러운 매기스플랜  
20170217,3,관람객아... 나르시시즘 쩝니다...  
20170217,9,관람객유쾌하고 너무 재밌었어요대사 하나하나가 다 좋네요!!  
20170217,6,뭔가우디앨런스럽다. 나는이런이상한 분위기의 평범한척하는 영화별로이다.  주인공들도 연기잘하는건 알겠지만  매력있게 느껴지지않는다  
20170217,8,관람객운명이 있다고 생각하게 된 영화입니다  
20170216,8,"관람객우디앨런식 로맨스로 보일수 있지만 까고보면 전혀 다른, 감독만의 재치있는 마무리. 허나 그 마무리가 어째 좀 쉽다.  "
20170216,8,관람객정말 좋은 영화! 두번 보고 싶어여  
20170216,10,관람객너무좋아요 ㅎㅎ 보기편안하네요  
20170216,7,사실 동양적 사고방식으로 이해 할 순 없을 듯하다서로를 꾸준히 존중해주고 존중받는 관계라는게 참 어렵구나  
20170216,6,기대 많이 했는데 그정돈 아니고 어떻게 보면 막장드라마인데 배우들때문에 굉장히 건전드라마로 보여져서 신기  
20170216,7,관람객낫배드. 귀엽다. 남주 지멋대로  
20170215,5,"관람객자연의 순리대로,,,  "
20170215,8,"난 사랑 앞에 겁 많고 지나치게 감정적이고 미리부터 걱정하는 매기 타입인데, 결혼 해서 저 꼴 날까봐 지레 겁나네요..ㅎㅎ 남친이랑 같이 봤는데 서로 결혼에 대한 생각을 나눌 수 있는 기회였습니다.  "
20170215,7,관람객순간적인 감정에 휘둘리는 너와 나  
20170215,7,관람객정상인 사람이 아무도 없었던 재미있는 영화. 블랙유머를 풀어내는 꽤 새로운 방식을 보았다.  
20170215,8,관람객남자주인공의 성격이 갈대같군요  
20170215,6,관람객적당히 재밌는. 특별하지 않은 영화.  
20170215,9,관람객우디 앨런의 영화를 좋아한다면 이 영화도 마음에 들 것이다. 여성의 입장에 더 무게를 둔 것이 우디 앨런 영화와 다를 뿐! 재치있고 재미있고 흥미로웠다.  
20170215,10,관람객또 보고 싶은영화. 사랑의 복잡함과 고뇌를 잘 담아낸 영화!  
20170215,9,관람객재밌음 ㅎㅎ 에반호크의 찌질한 남편연기는 언제나 최고~  
20170215,9,"관람객뉴욕사는 젊은이들의 사랑과 결혼, 임신에 관한 재미 쏠쏠한 스케치!  30세 그레타 거윅~ 푼수끼있는 젊은 교수역할이 꽤 설득력있으며, 50대 후반 줄리언 무어~ 연기력물론 외모로도 OOO 않는 존재감, 찌질하고 이기적인  작가 에단 호크도 굳!!  "
20170214,6,훈훈한 영화였어요 :-)  
20170214,8,연애와 결혼에 대한 초현실주의 영화 . 여자라면 더욱 공감가는 내용  
20170214,9,관람객인생은 코메디. 세 배우의 앙상블이 좋았다  
20170214,7,관람객조금 가볍지만 유쾌했어요.  
20170214,8,관람객매기스플랜을 보려고 먼거리를 가서봤네요 상영관이적은게 넘 아쉬워요_허나 영화관에서의 하필 비매너 사람들때문에 보는내내 거슬려서 집중을 못했네요_고런점말고는 한번쯤 볼만한 영화였고 좋아하는 에단호크덕에 잘보았네요.  
20170214,8,관람객싱겁고 가볍게 볼 수 있는 생활 영화. 홍상수.  
20170214,8,"관람객제목을 참 잘지었다 . 모든게 매기의 계획이었지만 결국, 계획은 계획으로 그친다. 운명이니 사랑이니하는 변수들이 있기에. 그러나 모든 상황들의 주체는 나이기에 또 다른 계획 앞에서 당차게 걸을 수 있다.  "
20170214,9,관람객프란시스의 5년 뒤가 매기같다  
20170214,8,"관람객소소한 웃음, 뉴욕의 겨울을 보는 재미.  "
20170214,7,관람객재미가 있음. 똑똑한 백인 여성은 이렇게 산다.  
20170213,7,관람객요상한 분위기 기억이 될만할까?  
20170213,7,관람객처음에 좀 졸았다 약간 좀 짜증났다  
20170213,10,관람객영화보는내내계속웃엇다  
20170213,10,관람객이거 좋은 영화다. 보고 나면 옆에 있는 여자를 더 사랑하고 싶어진다  
20170213,8,관람객유쾌하지만 가볍지 않은 영화  
20170213,10,관람객메기 ㅠㅡㅠ 뭔가 이해가 되면서도 이해 할 수 없는 정서... 그러나 결말이 너무 맘에 들어요. 모든 배우도 정말 딱! 그 역할에 넘 잘 맞음... 강추  
20170212,8,관람객뉴욕스럽고.수다스럽고. 일상적이면서도 피식 웃게도하고 생각하게도 하는 멋진 영화  
20170212,7,관람객잔잔한듯 엉뚱하게 발랄한 영화  
20170212,10,"관람객미국이니까 가능하다고, 우리 정서에 맞지 않는 이야기라고 못박지않았으면 좋겠다.  "
20170212,8,관람객가볍게 즐겁게 본 영화. 재밌다.  
20170212,9,관람객꿀잼 ㅋㅋ 아 계속 웃으면서 봄 피클오빠가아빠? 그게운명?  
20170212,7,관람객매기의 플랜이나 인생이 플랜처럼은 안되지 ㅎㅎㅎ  
20170212,10,관람객가볍고 명랑한 영화를 보았다. 영화가 끝난 후 자막이 올라갈 때 무겁고 깊은 의미가 찾아들었다. 과연 주인공이 누구일까? 결국 세상의 전면에서 움직이는 사람들은 이면의 깊숙한 곳에서 흐르는 유전자를 위하여 봉사하는 존재일 뿐이 아닐까?  
20170212,4,그냥 홍상수 영화 느낌도 나고 남자가 ... 여주인공 평범 덜이뻐서 해서 더 리얼한 느낌이 나는듯.. 영화는 그냥 그렇다 정신없고 밝나 싶다가 오타쿠 같다가 뭔가 뒤죽박죽  
20170212,5,관람객에단호크 오랜만에 보는데 왜이렇게 우유부단한 역할로 ㅠ 딱 싫어하는 성격  
20170212,10,관람객가장 획기적인 반품 계획. 인생은 뜻대로 되지 않으니까 집착하지말자  
20170212,10,관람객주인공의 외로움과 자기 핏줄에 대한 사랑을 너무 무겁지 않고 웃음짓게 만드는 기분 좋은 영화.  
20170212,8,관람객에단호크의 연기가 일품 ㅋㅋㅋ  
20170212,6,관람객무난무난 에단호크 매력이 별로 느껴지지않음..  
20170212,7,관람객그레타 거윅의 실타래 같은 매력  
20170211,7,관람객남주가 자꾸 고구마 맥여서 답답했다 진짜그래도 재밌게봄  
20170211,10,관람객재미있습니다^^ㅎㅎㅎㅎ  
20170211,8,관람객무난히 유쾌하게 볼 수 있는 영화. 추천합니다!  
20170211,7,관람객매기스 플랜 하지만 운명이란 결국 꼭 계획대로 흘러가진 않는다  
20170211,10,와...이런영화는 처음이다. 너무 신선하고 좋았어요.  
20170211,7,관람객현실적이지만 우리정서에는 안맞는부분도...  
20170211,10,관람객엄마랑 여동생이랑 보러갔는데 너무 좋았어요ㅋㅋㅋ 아빠 빼고 가세요 ㅋㅋㅋㅋ  
20170211,8,관람객이상한여자 근데 이해하게되는 순수함  
20170211,7,관람객죽은 시인의 사회에서 본 애단호크의 설램을 느낄 순없었지만  결혼과 가정 그 선택의 소중함을 느낄 수있어  행복했다  
20170211,7,관람객풍광도 아름답고 인물도 흥미롭고 잘 봤습니다.  
20170211,9,관람객결혼에 대한 현실적인  시각이 좋았고  유머러스한 흐름과 결말의 반전도 흥미로왔다  
20170211,7,관람객나름 재미있게 봣어요^^  
20170211,8,뉴욕영화는 언제나 나의 가슴을 뛰게하는 뭔가가 있다.  
20170211,9,"관람객익숙하지 않을 수 있지만, 그 익숙하지 않음에서 오는 묘한 재미  "
20170211,10,관람객욜로! 내인생은 내가하고싶은대로~ 현실에서도 상처받지않고 모두 행복할수 있다면...반바지 피클맨의 매력이라니~지금 네눈에 보이는게 다가아니야 미래는 계획대로 되는게 아니란다 ~줄리안무어의 아름다운 눈빛 마지막 흐르는 음악도 눈감고 끝까지 음미하시길~  
20170211,2,"관람객하하...하하하...그를 이해할수없었고, 그녀들을 이해하기에도 어려운 그저 웃음  "
20170210,8,관람객처음엔 갸우뚱햇는데결국 좋아요  
20170210,10,관람객사랑하는 사람과 영화를 보아서 좋았어요 ?  
20170210,7,관람객의외의 즐거움이 있었던 영화 :-)  
20170210,10,관람객소설 한 권을 읽은 느낌이었어요! 재밌었습니다!  
20170210,10,관람객아직 안봤어요 날짜 착각해서요  
20170210,8,관람객그레타 거윅이라는 배우를 발견할 수 있었던 시간!!! 소소한 웃음과 함께 가볍게 볼 수 있는 영화  
20170210,6,관람객그레타거윅이 연기한 매기라는 인물의 성격은 너무나 매력적이었으나 상영관을 나올때까지 찜찜함은 없어지지않더라  
20170210,7,관람객운명이란 존재하는 걸까?  
20170210,7,관람객그냥그냥. 쏘. 쏘 ~오지랍넓은 여인네  
20170210,1,관람객불륜불륜불륜 본격남편반품영화  
20170210,7,"나름 열려있는 정서를 가졌다고 생각했는데, 이 영화 보고 와르르 무너짐. 그래도 그레타 거윅은 최고였다.  "
20170210,9,관람객매기에 몰입해 에단호크가 미워보이는 현상... '뉴욕  로맨스' 라는 말에서 뉴욕을 빼면 안될 것 같다.  
20170209,8,관람객그플랜이 그플랜이였구나  
20170209,7,관람객뉴욕 그리고 에단호크 ♡  
20170209,8,관람객예상치못한 전개 더라구요  
20170209,9,관람객어머니 댜신 예약해드렸는데 정말 좋아 하셨습니다  
20170209,7,정서적으로 참으로 공감하기 힘든...마치 홍누구감독 영화의 연장선같은... 그러나 이 영화는 미국영화니까 미국정서니까 이해하고 봐줄수는 있다는것...뉴욕맨하탄의 비쥬얼과 뉴욕커들의 삶과 가족들...  
20170209,10,관람객위트있는영화였네요  
20170209,9,관람객이거뭐너무나귀여운영화입니다. 캐릭터가 하나하나 매력있고 알다가도모를 사람들의 감정이 고스란히 느껴지는 영화! 잼나용 ㅎㅎ  
20170209,7,관람객편히 감상할 수 있는 것 같아요  
20170209,9,관람객우디알렌의 영화의 영향을 받았지만 냉소와 비열함이 빠지고 케릭터가 훨씬 사랑스럽다. 다소 비현실적인 이야기를 사랑스럽게 만드는 것도  대체불가능한 매기의 연기 때문인듯  
20170209,3,관람객유익하지는 않았지만 재밌었어요  
20170209,8,관람객우왕좌왕 왔다갔다 정신없었지만 어쨌든 해피엔딩  
20170209,6,"관람객재밌었는데, 기대했던 것과는 다른 영화. 그냥 소품같은 영화인데, 무엇보다 기억에 남는 것은 줄리안 무어님.. 아우라가 대단하십니다 ㅋㅋㅋ 사랑이란 어찌보면 진실이 아니라 그냥 허상인듯. 거기에 내가 콩깍지가 씌이느냐 마느냐의 문제.  "
20170209,7,상처주거나 받지않으려고 애쓴다  
20170209,7,관람객재미는 착하지 않는 영화  
20170209,8,관람객너무나도 솔직하다. 감정에 너무 솔직해서 당황스러울 정도. 하지만 그 솔직함이 사랑스럽기까지 하다. 특히 씬스틸러 피클맨은 사랑스러움 그 자체.  
20170209,7,관람객좋았다 가볍고 즐거워서  
20170209,8,관람객그들의 입장에서 생각해볼 순 있지만 공감은 할 수 없었다 새롭고 참신했던 그들의 선택을 엿보았을 뿐 각자의 자유로운 견해와 가치관을 이끌어낼 수 있을 것.  
20170209,8,"관람객인생은 계획대로 되지 않지만, 그 무계획적인 인생도 결국 내가 한 선택의  결과이다. 어떤 선택이든 가장 중요한 건, 나의 행복이 무엇인지 고민 해 보는 것이 아닐까.  "
20170208,6,"계획이란 이리치이고, 저리치여도 흘러가면서 완성되어가는 법. 단, 포기하지 않는다면.  "
20170208,7,관람객왜 난 허무하지 이영화.. 음.. 기대와 살작 벗어난  
20170208,9,"관람객남자, 그 찌질함에 대하여. 유쾌한 로맨스. 탁월한 심리묘사!  "
20170208,8,관람객에단 호크에  잘 어울리는 배역이었던 것 같습니다. 지적이면서도 자유분방하고  가정적인 모습이 그대로 드러나는..  
20170208,8,관람객부부에게. 남녀에게. 그리고 내 자신에게.마음에 남는 명대사들을 곱씹는 재미를.  
20170208,9,관람객보고나면 기분이 계속 좋아지는 영화  
20170208,10,관람객나도 매기처럼 인간애를 바탕으로 마이웨이를 개척해나가고싶다. 내 취향 저격한 참 좋은 영화...??????????  
20170208,8,"여자 사이에서 사랑을 조절하지 못하는 남자사랑을 잘 시작하고 또 잘 끝내고, 혹은 자신이 사랑하고 있다는 것을 잘 까먹고 또 잘 기억하는이 남자의 자유분방하고 가벼우면서도 강렬한 사랑이란 감정이이 영화의 스토리를 존재하게 한다  "
20170208,10,당신 언제까지 그렇게 살거야 !  
20170207,10,넘 웃기고 공감 많이 간다. 배우들 연기도 특히나 볼거리 ㅋ  
20170207,6,관람객그레타 거윅을 본 것만으로도.난해한 이야기가 조금 갸우뚱했어요.음악이 좋았습니다.  
20170207,7,관람객매기 맡은 배우 찌질미 넘 좋아요  
20170207,10,"관람객가이가주인공입니까,  "
20170207,6,여자들이 조종하고...남자는 그저 조종당하고...실제 연애도 그렇지..여자가 조종하고..남자는 알아도 당하고 몰라서 당하고..  
20170207,10,관람객너무 위트있어요!!!강추  
20170207,10,너무 재밌어요 뜬금없는 비유지만 우디앨런과 홍상수 영화 좋아하시는 분들은 좋아할 듯요. 저처럼요.  
20170207,10,관람객오랜만에 영화를 보았네요 매기스플랜. 고민하는 마음들이 공감이 가네요  
20170207,9,관람객아주 상큼하고 기분좋은 작품  
20170207,9,사랑과 결혼 그리고 결혼과 이혼...마지막 여운이 인상 깊다. 수를 세는 것을 좋아하는 릴리...  
20170207,4,관람객4점을 준 이유. 뭐 영상이든 가끔씩 터지는 유머든스토리 외적인 부분은 좋았다. 하지만 스토리와 캐릭터가 나와 정말 안맞아서반에서 한칸 더 내리고 싶었다. 남자 캐릭터는 진짜 쓰레기후아 그래 뭐 이해가 되긴해그래도 그럼 안되지!!  
20170207,10,관람객 씩씩하게 살아가는 여자주인공덕에기분이 좋았다.  
20170206,10,너무 재밌게 봤어요! 대사 하나하나가 너무 찰지고 캐릭터들을 어쩜 그렇게 개성있게 만들었는지ㅎㅎㅎ 배우들 연기도 최고고 레베카 밀러라는 여성감독도 알게되어 기쁘네요  
20170206,10,관람객매기의 큰그림 :)매기는 <프란시스 하> 때만큼이나 귀여웠다.  
20170206,9,관람객영화 자체 분위기가 너무 좋았어요 피클맨은 진짜 멋있고 아무도 안웃을 때 웃었던 부분들이 계속 생각날 것 같아요  
20170206,9,관람객마지막반전이재미있었어요 우리인생이뭐딱정답이있는것도아니고정답대로살수도없는 그런것이듯 영화도 인생을닮았네요 재밌게봤어요~~~  
20170206,10,간만에 본 아주 유쾌했던 영화  
20170206,10,인생은 계획대로 되지 않는다. 계획대로 되는게 최선도 아니다. 내가 누군지 사랑하는 이를 통해 발견한다는 메세지  
20170206,7,관람객-같은 이라는 언어적 콘돔.  
20170206,7,관람객메세지도 없고 멜로도 아니고 황당했다~ㅠㅠ  
20170206,8,관람객재밌어요~ 매기스의 깜찍한 계획도  
20170206,9,"관람객주제에 집중하는 영화.상쾌하고 흥미로운, 좋은 영화였어요.그레타거윅이 이제 힘빼고 캐릭터에 자연스럽게 들어간듯 보여 반가웠습니다.사실 영화는 궁금했는데 그레타거윅이 거북해 망설였거든요.유쾌한 영화 잘 봤습니다.  "
20170206,7,참으로 개방적이라는 생각이 들었다. 이런 저런 사람들이 세상에 많이 존재한다는 것도..막장에 개판인 사람들을 로맨스 영화로 사랑스럽게 만들었다 그치만 사람마다 생각하는건 다르니 누가 맞다고는 못하겠당  
20170206,10,관람객쓰디쓴 에소프레소 관계에 버터가 필요했을지도 ! 읭스럽지만 그렇기때문에  매기가 사랑스러움  
20170205,8,관람객우디알랜에 재기발랄 한스푼.  
20170205,10,관람객흐뭇했던 영화였어요!  
20170205,5,관람객plans dont work just lead us tomorrow  
20170205,9,관람객살제 생활에서눈 충분히 일어날 수 있는 엄청 복잡하고 추했을 아야기를 세련되고 유쾌하고 위트있게 그려냈네요.  
20170205,10,관람객우디 앨런보다 유쾌하다  
20170205,8,관람객이게 아메리칸 마인드인가요? 영화는 되게 흥미롭고 재밌었어요! 다만 마인드가 이해가 안 될뿐! 솔직히 이해하려고 영화보는 거 아니잖아요 뭐  
20170205,6,관람객잼나네용용용용요욜룔  
20170205,7,등장인물들의 연기력에 푹 빠져 보긴했지만 다소 호불호가 있을 주제로 내용을 전개해서 그런가 확 와닿는 그런 느낌은 없었네요;  
20170205,10,"관람객포근한 눈 속에서 다들 잠시 길을 잃었지만, 결국 모든 것이 매기의 계획대로. 사랑스럽고 생각보단 조금 가벼웠던 영화였다. 올 해의 첫 영화로 매우 만족스러웠다  "
20170205,10,관람객기대보다 재밌었어요~  
20170205,10,관람객너무 사랑스러운 영화네요  
20170205,8,관람객낙천적 캐릭터의 낙천적 결말!!  
20170205,9,관람객재미나는 영화 좋은 영화 분위기 좋은 영화 즐거운 영화 영화관에서 봐야 할 영화  
20170205,10,관람객시작된지 얼마 되지않은 2017년이지만 올해 내 최고의 영화가 될것같습니다  
20170205,10,관람객재밌어요ㅋ매기 정말 이해하기어려운 근데 이해되는 ㅋ  
20170205,8,관람객일요일에 휴식같은영화! 미국영화인데 한국드라마같기도.. 줄리안무어가 너무 아름다웠던 영화!  
20170205,10,관람객영상음악 배우들까지 너무 좋은 영화  
20170205,10,관람객사랑스러운 그녀  그녀가나온영화는 보는내내 넘좋다  
20170205,8,관람객유쾌하고 좋은 영화입니다. 다만 중간에 살짝 지루한 감이 있어요. 매기의 계획대로 이루어질지 초점을 맞추어 보는 것을 추천합니다.  
20170205,9,관람객현실을 생각하게 하는 영화욨다 매기란여자의 심정 그녀가 느끼는것 충분히 이해가되었다 별 기대없이봤는데 즐겁고 유쾌한느낌도 있었고 지금 내상황을 생각하게도 하며 결혼이란것이 어떤것인지... 정말 결혼이란걸 해야하는가 라는 생각도 들게만든 영화였다  
20170205,8,관람객영화가 유쾌하고 재미있는것같습니다!  
20170205,9,관람객오지랖 넓고 독립적인 여성의 유쾌한 영화:)  
20170205,9,관람객익숙치 않은 상황이나 일어날 수 있는 상황으로..과연 내가 매기라면 어떤 선택을 했을까..냉정하게 거절할 수 있었을까 생각해 볼 수 있었던 시간이었네요.:)  
20170205,4,관람객피클맨의 큰그림 영화는 별로...  
20170205,8,관람객미국 정서의 자기주도적인 영화  
20170204,9,관람객다소 식상할 수 있는 스토리를 배우들의 과장되지않은 연기가 영화를 부드럽게 즐길 수 있게 했습니다.  
20170204,9,관람객이제야 매기의 플랜을 알겠다  
20170204,10,"사랑에는 확실히 성숙함의 정도가 있는걸까, 매기가 생각하는 성숙한 사랑을 위한 일련의 과정? 발칙하지만 귀여움이 있는 영화  "
20170204,10,관람객유쾌하고 사랑스러운 영화~배우들의 연기가 좋았어요  
20170204,8,관람객전부 이상하지만 전부 사랑스러운!!  
20170204,9,관람객매기의 사랑스러움 계획 천진함 매너  
20170204,10,로맨스라 생각하면 막장이고 코미디라 생각하면 명작!  
20170204,9,관람객재미나요 잼재미잼잼미  
20170204,8,무질서 해 보이지만 그 속엔 질서가 있다 이한마디로 이 영활 표현해 본다 물론 주관적인 표현이다  
20170204,7,관람객얼음판같은 인생에서 실패한 매기의 플랜. 그러나 그 인생이 실패한 것은 아니다.  
20170204,8,"관람객스토리는 그저 그랬지만, 여전히 멋진 에반 호크와 예쁜 뉴욕. 우디앨런 영화같다는 지인의 평도 있었구요><  "
20170204,7,관람객문화적으로 많이 다르고..배우 섭외를 잘 해서 재밋게 보고 왔네염~!음악도 좋고~따뜻했던  
20170204,5,관람객음..그냥 그래여 한번 보기 좋네요  
20170204,8,관람객다들 미쳤나봐!또라이에 찌질이들근데 짜증나게 사랑스럽고 난리야  
20170204,9,관람객너무 재미있었습니다^^ 마음이 따뜻해지는 영화에요  
20170204,8,관람객가볍게 즐길 수 있는 영화영화 보단 시트콤으로 나왔으면 더 어울릴 듯  
20170204,9,관람객이 영화의 주인공은 피클맨!!^^♡ 생각지 못한 줄거리였지만.. 그래서 좋다!!(하지만 줄거리는 병맛인듯 아닌듯ㅠㅠ)  
20170204,8,관람객줄리안무어 악센트가 기억에 남아요 ㅋ 재밌게 봤습니다  
20170204,9,관람객마음이 행복해지는 영화였어요  
20170204,10,"관람객스토리만 나열하면 막장 드라마인데 표현방식, 대사, 배우들의 연기 등 모든 요소들의 조합이 놀랍다. 유쾌하고 너무 즐거웠다!  "
20170204,10,관람객ㅋㅋㅋㅋ웃김 고급코미디인데 따뜻한 느낌  
20170204,8,관람객유쾌하고 재미있는 요즘 시대 로맨틱 코미디  
20170204,10,관람객좋네요 좋아요 너무좋아요 대사가  
20170204,6,그 쪽 동네에선 그런 일도 있나 보다 정도..지루해서 죽을 뻔  
20170204,6,난왜 답답하고 짜증이나지  
20170204,7,너무 막장스러워서 이해가지도 않고 당혹스러움  
20170204,7,본인이 하고 싶은 건 무조건 해내는 매기!  
20170204,8,관람객완벽하고 귀여운 계획에 모두 속았다.  
20170204,8,저 부부 왜저렇게 뭣같냐 싶다가도 정말 사랑했던 사이라면 저런 미친 바보 갈대자락같이 만남과 이별을 반복하기에 마냥 욕할 수가 없었다.  
20170203,7,관람객커보이던 남의떡이 내것이 되니 평범해진 우리들의 이야기.가볍게 보기에 좋다  
20170203,8,"관람객찌질한 남자^^순진한 여자, 에너자이저 여자  "
20170203,10,따뜻하고 아름다운 영화.  
20170203,10,영화가 너무 따뜻하고 아름다워요 ㅎㅎ 두번 세번 보고싶네요  
20170203,8,"관람객우디알렌 여자 버전, 연기 만점  "
20170203,8,"관람객""수학이 아름다워서 좋아한거지 수학자가 되려던 게 아니야, 아무리 해도 전체를 알 수 없고 고작해야 작은 조각을 파고 드는 건데 그 패배감을 감당할 자신이 없었어."" 눈물 날뻔했어요ㅠ  "
20170203,8,관람객너무나 사랑스러운 영화 매기의 자존감이 부럽다  
20170203,8,관람객뉴욕영화 겨울영화. 에단호크 줄리안무어영화 좋아하면 추천. 음악도 좋고 대사도 똑똑하고 등장인물들이 다 전문직 고학력 설정이라 지적인 뉴욕느낌이 난다. 우디앨런 영화만큼 진한 뉴욕영화는 아니다. 큰 기대없이 보면 몽글몽글 만족하고 나올 수 있다.  
20170202,7,"관람객뉴욕 로맨스를 거론하는 광고와 실 내용은 괴리감이 있긴 했지만, 계획대로 되지 않는 삶을 자신만의 방식으로 풀어가는 과정은 흥미로웠다.  "
20170202,8,매기가 정말 사랑스럽네  
20170202,10,순수하지만 어리석고 천진난만하지만 바보같은 엉뚱한 매기의 플랜! 하지만 모두 매기의 플랜대로 ^^  
20170202,8,결국 매기의 플랜은 그 누구만을 위한 것이아닌 모두를 위한 최고의 플랜이었다.  
20170202,10,이런 영화는 만점 주기에 아깝지가 않다.빠른 전개와 인간이라면 누구나 한번 쯤은 비슷하게 겪게 될 지 모르는그런 주제를 정면 승부하였다. 카페안에서 차 한잔 하며 누군가로부터 손짓 표정 다 써가며 이야기를 들은 느낌이다. 연기와 대사들의 조화가 딱!  
20170202,7,관람객So so so....  
20170202,9,관람객무척 괜찮은 영화 였습니다.  
20170202,7,관람객홍상수와 우디앨런 그리고 이영화  
20170202,10,관람객유능한 엄마와 무능한 아빠의 유쾌한 콜라보  
20170202,8,관람객피식피식 조금은 가볍지만 순간순간 재미있었다  
20170202,8,"관람객전성기의 우디 앨런이, 게다가 여자였으면 이랬을까.  "
20170202,10,좋네요...그냥 계속 보게 됐네요  
20170202,6,관람객드라마틱한 결말로 끝나서 아쉬웠지만 처음 보는 여자 주인공이 매력있네요  
20170202,7,유쾌한 코메디 리고 생각한다면  
20170202,10,단순한 로맨스가 아닌 새로운 관계에 대한 영화  
20170201,7,"관람객각기다른 세 캐릭터가 쫀쫀하게 서로의 할말을 한다.연극같기도 만화같기도 한 이 영화에서, 매기의 계획과 행동들은 너무나도 솔직하다. 미워할 수 없는 공기를 가진 영화.  "
20170201,8,"관람객현실적으로 갈등하고 있는 모든 매기들, 실타래 같은삶도 잘 풀어나가길 응원합니다  "
20170201,10,거레타 거윅 자연스럽게 연기잘하네요~진지하면서 내면적인 연기 일품이네요~~암튼 영화는 좋네요!!  
20170201,10,관람객특별한 장치 없이 스토리만으로 재밌는 영화네요 근래 본 것중 가장 괜찮았습니다.  
20170201,10,관람객두번봐요!!! 또 봐요  
20170201,6,관람객매기스의 플랜에서 매기는 어디로?  
20170201,10,"관람객사랑과 결혼에 대해 현실적인 고민이 담겨있어 더 좋았던것 같다. 솔직해지며, 남의 인생에 너무 간섭하지않는다는 것은 사실 아주 어려운일이지만 딱딱하지않게 내용이 잘 풀어진것같다는 느낌을 받았다.  "
20170201,9,관람객보통 저렇지요 남자들은 저것이 최선이죠 ㅎ 대사가 주옥같았고 너무 많이 웃었어요^^  
20170201,9,관람객유쾌하지만 가볍지 않은 영화.  
20170201,9,관람객유익해요 내용이 ㅎㅎ 많은 생각을 하게되네요~  
20170201,9,"관람객가볍게, 위태롭게, 즐거운 빙판길 같아  "
20170201,8,영화의 색감도 너무 좋고 등장하는 캐릭터중에 하나도 빠짐없이 개성있어서 보는내내 재밌었어요  그레타 거윅이라는 배우가 왜 촉망받는지 알겠더라구요 주인공을 너무 매력적으로 그렸어요ㅎㅎ  
20170201,9,관람객지젝이 나오는 로맨스영화 단순히 귀여운 로맨스일거라 생각했는데 상당히 수준있는 논지가 숨어있는 로맨스 영화였어요 중간중간 재미난 부분도 많고 꼭 한번 보시길 추천드러요  
20170201,7,관람객할리우드표 홍상수 영화인듯..  
20170201,8,관람객우디알렌이 노후에 만든 영화들 중 이만 못한 것도 많음. 하지만 실제 런닝타임보다 좀 길게 느껴진다.  
20170201,10,관람객정말 웃기다! 재미있어요  
20170201,7,그레타 거윅과 코디에게 상 줘야하지 않을까.  
20170201,7,인생이라는 흐름은 어떻게 흘러가는 것일까. 그레타 거윅의 사랑스러운 캐릭터 시리즈를 보는 것 같다.  
20170131,10,관람객오빠랑 본 최고의 아슬로맨스  
20170131,7,관람객soso 잘 보았습니다 ~!!!  
20170131,8,관람객매기스플랜이 아닌 신의 플랜  
20170131,7,캐릭터남녀가 모두 교양있네..머리끄들고 싸워야지  
20170131,8,관람객남자배우들이 모두 매력적이에요 에단호크부터 피클사장 가이 등  
20170131,8,관람객매기의 두가지 계획. 자신이 뭘 좋아하는지 확실히 알고 그걸 솔직하게 그려내주어서 좋았다  
20170131,9,"관람객마지막 장면이 끝나고 웃음이 피식, 나던 영화. 원래도 좋아했지만 피클을 사랑하게됨ㅋㅋㅋㅋ  "
20170131,3,관람객그냥 가볍게 보기 좋은 영화  
20170131,10,배우들의 연기는 두말할 필요없구요. ㅎㅎ OST도 너무 좋았어요! 조젯이랑 존이랑 산장에서 춤출때 나오는 노래도 좋았고 배경음악이 남달랐음!!  
20170131,7,"관람객철들지 않는 중년, 거품 목욕신은 따뜻했음  "
20170131,7,관람객영화는 6점 릴리가 1점  
20170131,10,1. 매기의 다르지만 틀리지 않은 플랜을 따라가는 재미  2. '결혼'이 사랑의 완성이 아닌 시작임을 보여주는 영화  3. 알랭드보통의 '낭만적 연애와 그후의 일상'의 영화판이랄까?  4. 그럼에도 불구하고 사랑하고 싶어지는 영화  
20170131,7,관람객귀여운 영화. 미국 인디 특유의 리듬감과 삶에 대한 약간의 전도된 인식이 재미를 부르는. 다만 영화에서 깊이를 찾는 분이라면 만족하기 힘들 것 같네요.  
20170131,10,"관람객현실속의 문제들을 위트와 유머, 무엇보다 사랑을 가득담아 해결하는 이야기. 잘맞는 옷을 입은듯한 배우들의 연기를 보는것 만으로도 즐거운 영화였다.  "
20170131,8,관람객그레타 거윅 특유의 스타일이 잘 묻어난 영화입니다!  
20170131,10,관람객네네 좋아요 너무 잘봤어요  
20170130,10,어쨌든 매기의 계획은 성공적이었다.  
20170130,7,관람객유쾌하다! 뉴욕에 가면 만날수 있을까  
20170130,7,마냥 웃기에는 뭔가 아이들은 정말 괜찮나 걱정된다. 부모에게 사랑은 아주 많이 필요하네.  
20170130,7,"관람객매기 답답시럽다..,  "
20170130,7,"관람객배우들은 진화하지만, 스토리는 그럭저럭  "
20170130,10,잔잔하게 보았네요  재밌났어요  
20170130,6,관람객우디앨런 영화를 보는듯한 느낌. 세상을 바라보는 냉소적이지만 귀여운 시선ㅡ 그레타 거윅의 연기가 너무 좋았다  
20170130,7,관람객그래서 결론은 바람 뒤에는 제자리를 찾는다?  
20170130,8,관람객나이들수록 멋져지는 에단 호크!  
20170130,9,포스터엔 '올겨울 사랑에 빠지고 싶은'이라고 적혀있지만 사랑에 빠지기 싫어지는 영화였다. 오히려 엄마가 되고 싶었던 영화  
20170130,8,관람객소소히 너무 재미있는 영화에요  
20170130,10,관람객소재의 불편함이 느껴질틈도 없이 아무생각 안나고 그저 기분좋게 끝까지 봤다  
20170130,7,관람객잘뵜습니다.결혼에 대해생각해보는 계기가 되었어요  
20170130,6,"관람객물 흐르듯.. 흘러가는 불륜과 사랑...을 가볍게 다룬 영화,,추천하긴 쫌..  "
20170130,6,관람객에단호크 캐릭터.... 아쉽다!  
20170130,8,"관람객배우들이 너무 사랑스러웠고요 줄거리가 너무 재미났어요 뉴욕의 풍경도 좋았고 ㅋ 운명을 스스로 만들어가는 메기의 노력에 칭찬을 주고 싶네요. 만나야할 사람은 결국에 만나는 것이며,  맞지않는 현실을 거부하며 피하려 하기 보다 당당하게 맞서는 메기 멋짐요  "
20170130,8,관람객억지 웃음 아닌 자연스러운 로맨틱코메디  
20170130,7,관람객결혼관에 대한 외국인의 생각이 우리완 좀 다른것 같내요. 세월이 흐른면 비슷해질려나  
20170130,9,배우들의 안정적이고 편안한 연기가 돋보이는  영화였습니다. 스토리는 아직 우리나라의 정서와 현실에는 확 와닿지는 않지만  스토리의 반전이 상당한 재미를 주는 영화입니다. . 인생 목표와 방향에 대해서 도 새로운 생각을 하게되네요.  
20170130,7,관람객러블리러불리매기....  
20170130,10,비현실적이지만 현실적이고이상하지만 이해되는 신기한 영화  
20170130,9,우리가 고안해내는 온갖 종류의 계획은 얼마나 허물어지기 쉬운 모래에 기반해 있는가.  
20170130,6,모든것이 매기의 계획대로 된다는게 퍽 난감하군...정말 배우들의 연기력이 없었으면 3류영화될뻔한듯...  
20170130,10,에단호크의 다른면을 보게된 영화남자친구 여자친구랑 보지말고 동성친구랑 보길  
20170130,10,의리 메기의 의리 피클의 의리  
20170130,7,관람객자기 자신을 얼마나 모르는지. 인생 계획을 세운다는 것은 얼마나 오만한지  
20170130,10,정말 감동적인영화엿다... 새해복많이받으세요  
20170130,10,새해 첫 영화.. 마음이 촉촉해지는 영화.. 정말 강추입니다.  
20170130,10,감동적이에요. 휴지몇장을 쓴지 모르겠네요  
20170129,9,관람객소소하게 웃을 수 있다.  
20170129,7,관람객재밌엇는데 한국인정서에는 맞지않음ㅎㅎㅎ  
20170129,8,관람객찌질함이 돋보이는 에단호크의 연기. 역시 에단호크의 연기는 엄지척.  실제 저런남자라면 처음부터 포기!!!!  
20170129,10,관람객홍상수처럼 능글맞고 우디알렌처럼 사랑스러운 영화  
20170129,9,관람객에단호크 넘 가벼워요서양인이라 그런 게 별거 아닌가?  
20170129,10,정말 지적인 로맨스네요 ㅋㅋㅋㅋ. 세월의 흐름이 에단호크한테도 비켜갈 순 없나바요 ㅋ 그래도 멋져요.  소장하고픈... 간만의 흡족한 영화입니다^^*  
20170129,7,관람객자꾸 뭐지? 하고 의문만 가지게 되고 결말인지도 모른 채 결말에 와버리는 아쉽고 애매한 영화.. 스토리가 너무 아쉽네요..  
20170129,8,잔잔해도 좋은영화두여자 모두 이해되었어요  
20170129,7,관람객뉴욕에선 멋진 소설완성하기보다 소설같은 인생살기가 더 쉬워보이네요  
20170129,7,관람객귀엽고 유쾌한 영화. 혼자 혹은 친구랑 보는게 좋을듯  
20170129,8,관람객매기의 발칙한 인생 플랜 엿보기  
20170129,8,관람객계획한대로 되지 않는 것이 삶이라서 더 매력있는 그래서 재미있는 영화!  
20170129,7,관람객영화 잘봤습니다. 유쾌하네요^^  
20170129,9,관람객결혼생활의 안과밖을 리얼하게 대비 시켜주는 수작  
20170129,10,관람객재미있게 잘 봤어요. 추천합니다  
20170129,6,'Like' is a language condom.  
20170129,10,인생영화~하하호호히히  
20170129,10,"관람객각자의 비눗방울에서, 따로 또 같이  "
20170129,10,관람객배우들의 연기도 훌륭하고뉴욕의 겨울 풍경도 멋진 영화.최고!!  
20170129,9,관람객배우들의 안정적인 연기에 영화를 보는 내내 편안했어요-그레타 거윅의 자연스런 생활연기 정말 팬이에요!여자로서 사랑 뿐 아니라 나의 인생의 목표와 방향에 대해서도 의미 있게 생각할 수 있었어요  
20170129,10,올해 처음본 영화였는데 너무 좋아하는 뉴욕배경에 남녀의 사랑 얘긴 현실적이여서 더 집중하며 볼수있었어요 ~지루함없이 재미도 있고!!너무 무겁지도 가볍지도 않은  영화였습니다!  
20170129,8,관람객그냥 볼만한  영화 현실적인듯 비현실적  
20170129,10,"인생이라는게 생각대로 계획대로 진행 되면 좋을텐데, 정말 계획은 계획일 뿐이라는걸 느낀영화 그래도 매기에겐 피클맨이라도 있으니 어느정도 성공한 인생?  "
20170128,8,관람객내가 틀렸나? :내가 바뀌어야겠지 하는 순간 보게된 영화. 그리고 나 그대로여도 괜찮다는것  
20170128,10,이해가 안가는 남주지만 재미있습니다  
20170128,10,관람객푸란시스 하 도 보시길 추천합니다.너무 귀여움...나도 이런 주인공 역할 해보고 싶다  
20170128,8,관람객어른들을 어른스럽게 해주는 뉴욕 햇살 찬가  
20170128,7,관람객가볍게 볼만했어요! 겨울풍경과 배우들의 연기도 좋구요  
20170128,8,관람객집착을 버리자 그리고 사랑하자  
20170128,5,관람객뉴욕이 예쁜 보통의 영화  
20170128,7,관람객글쎄..다들자존감있는 사람들인듯 특히  여주인공 나같음 감당못하고 분열됬을것같다  
20170128,8,관람객귀엽고 사랑스러운 매기. 잔뜩 꼬여버린 실타래를 자기만의 방식으로 담담히 풀어나간다.  
20170128,10,평점보고 조금 머뭇했지만 충분히 재밌게봤음!! 줄리안 무어의 연기는 항상 감탄 bb 영화가 섬세하고 스토리라인은 막장 재미ㅋㅋ  
20170128,8,우리는 우리가 뭘 하는지도 모르고 살고잇다우리가 뭘 원하고 우리가 어떤 걸 싫어하는지이걸 뭐 때문에 했고 지금은 왜 싫은지어떨 때 그 자리에 있고 싶은지 있기 싫은지말과 행동이 달라  
20170128,6,특이함은 없지만 지루하지 않은 빠른 진행  
20170128,8,관람객매기는 귀여운 여자다.  
20170128,7,관람객가볍게 보기 좋아여 ㅎㅎㅎ  
20170127,10,greta in new york !  
20170127,10,관람객유쾌하고 기분좋은 그레타거윅 언제나 설레는 뉴욕의 풍경  
20170127,8,관람객10점 주기에는 좀 느낌이 확 오진 않지만 아무튼 무난하고 매끄러워서 맘에 들었다. 우디 앨런을 연상시키고 현실적으로 그렇지는 않더라도 명쾌하게 진행되는 흐름이 좋았다. 결혼과 남녀관계에 대해 꽤 진지하게 생각하게 되는 영화. so good~~  
20170127,6,"관람객""수학이 아름다워서 좋아한거지 수학자가 되려던 게 아니야, 아무리 해도 전체를 알 수 없고 고작해야 작은 조각을 파고 드는 건데 그 패배감을 감당할 자신이 없었어.""  "
20170127,10,우디앨런을 좋아한다면!  
20170127,6,글쎄요 보편적인 한국인 정서랑 맞지않음   미국이라 가능한  
20170127,9,관람객다들 제정신은 아닌듯 ㅋ  
20170127,8,관람객오랜만에 보는 에단호크와 줄리안 무어의 자연스런 연기가 보는 내내 흐뭇했습니다  
20170127,7,관람객엉뚱하고 밋밋하면서도 약간 맛깔나고도 끝에는 빵터짐  
20170127,10,뉴욕 안가봤는데 꼭 가보고 싶게 만드는 영화네요!!  
20170127,10,뉴욕이 생각났어요 고마워요  
20170127,9,관람객예상치못한 전개에도 일리가 있다고 생각되게 만드는 명배우들의 일품 연기와 곳곳에서 터져나오는 웃음 :)  
20170127,5,관람객잘 잤습니다 지루해요 에단호크일지라도..  
20170127,8,관람객하하하 아이로닉 라이프! praise reality that will never be real  
20170127,8,신선하고 좋았습니다. 무엇보다 믿고 보는 배우들이 나와서 :)  
20170127,9,관람객그레타 거윅은 모든 영화에서 자기 자신인 것 처럼 보인다. 신기하고 매력적인 배우!  
20170127,10,관람객계획대로 되지 않았다 ㅋㅋㅋ 졸잼  
20170127,9,계획보다는 마음 가는대로.  
20170127,10,무겁게 받아들일수 있는 문제들을 너무나도 이상한 인물들로 사랑스럽게 담은거 같다. 나는 매기가 될수 없지만 매기 같은 사람이 있다면 상처없이 행복하기만 했으면 좋겠다.  
20170127,8,이제는 믿고 보게 되는 그레타거윅의 편안한 안정된 연기. 무. 엇. 보. 다. 도. 피클맨의 재발견!!! 정서가 다른 우리나라에서 큰 교감과 공감을 얻기는 어렵겠지만서도 그럼에도 불구하고 중간중간 피식웃게되면서 이정도면 충분히 충분한 영화.  
20170127,10,에단 호크라는 배우가 맘에들어  
20170126,8,"관람객분위기와 배우들은 너무좋았고, 영화의 흐름과 웃음포인트가 되게 특이해요! 신선했어요 하지만 이해못하시는 분들도 있을거같아요!  "
20170126,8,피클맨 팬이 되었어요 스웩~♡~같다 설명하는 남자보단피클담그는 한결같은 반바지 패션의 미존남이 끌린다  
20170126,8,관람객이상하고 사랑스럽고 따뜻하고 그런데 이상한 영화  
20170126,7,동화 같은 막장 영화를 본 거 같은 느낌이에요 ㅋㅋ 내용은 막장 같지만 귀여운 느낌이 나서 재미있게 볼 수 있었어요~  
20170126,8,사랑은 옷깃은 아름답다.  
20170126,8,관람객생각과다른전개네요.  
20170126,10,결혼생활에 대해 비관적이 모습이나 재밌고 사랑스럽게 푼 영화  
20170126,10,"믿고 보는 그레타 거윅, 믿고 읽는 황석희  "
20170126,3,가볍게 관람할수 있는 영화일듯..역시 동서양 막론하고 남녀의 사랑에대한 입장은 다르다는걸 느끼게함 ..여주 넘나 순수하고 사랑스러운듯ㅎ  
20170126,8,정말 사랑스러운 낙관론!  
20170126,10,관람객배우들 연기가 다들 넘 매력적이고요 전형적이지 않게 스토리를 풀어가는 부분이 신선합니다 결국 인연이란 것에 관해 다시금 생각하게되는 영화인듯요  
20170126,5,관람객잘 모르겠다 궂이 영화를 이렇게 이쁘지도 않고웃기지도 않고 슬프지도 않게 만들어야했는지.심지어 이든호크다...  
20170126,10,대중성과  작품성을 두루 갖췄네요! 영화 너무 좋았어요  겨울에 너무 어울리는 영화에요!  
20170126,10,관람객뉴욕을 배경으로한 미국판 홍상수 무비쯤 되는 듯.  에단호크의 찌질함에 박수를 호  
20170126,10,관람객너무 사랑스럽고 현대적인 영화^^  
20170126,10,이 영화 때문에 별점 등록 처음 합니다. 각본이 너무나 훌륭해요.  모든 배우들의 연기가 사랑스럽네요. 캐릭터를 어쩜 그렇게 잘 표현했는지... 오랫만에 본 잘 만든 영화!!  
20170126,10,관람객마음으로 이해하며 가볍게 보면 그냥 웃을 수 있는 영화예여 ㅋㅋㅋㅋ 뉴욕의 일상이 예쁘게 그려져서 뉴욕 좋아하시는 분들이나 여행가실 분들 보고 가시면 좋을거 같아요  
20170126,6,관람객포스터가 열일 한 영화라 생각해요.  
20170126,7,관람객가볍고 재밌는 영화. 에단호크의 화려한 로맨스를 지켜 보세요 ㅎㅎ  
20170126,10,50대 아내로 엄마로 살아오면서 남편에 대한 연애때와는 다른 모습들을 충분히 공감할 수 있었던 영화같았다..잔잔한 일상의 표현들이 재밌었다^^  
20170126,2,시사회로 봤는데 정말 이해할 수 없는 사고방식을 가진 인물들뿐이었다. 돈주고 보기는 아까운 B~C급영화  
20170126,10,"관람객“남자의 사랑해는 ‘현재까지는’ 이라는 단어의 생략이고, 여자의 사랑해는 ‘당신이 날 사랑하는 한’이라는 조건의 생략이다 라는 괴테의 말이 얼마나 통찰력있던 말이었는지 ㅎㅎㅎ  "
20170126,10,관람객배우와 스토리에 그저 행복했다. 기분좋은 영화  
20170125,6,관람객기다렸던 영화라 그런건지생각보단 별로였어요ㅜ  
20170125,9,관람객남자의 사랑은 인정해주고 칭찬해주는 여자에게 가울어 다니네요 ~ 또한 이기적이지요 그런 남자 마음을 잘 그렸어요공감하면서 재밌게 보았습니다^^  
20170125,3,관람객아니 이게 무슨... 내가 예고편 영상을 보고 뭘 기대한 걸까 ..  
20170125,10,관람객중간중간 재밌는 장면이 있었고연기잘하는 배우들이라 집중이 잘됬어요!정말 자유로운 인생이 뭔지 보여준 영화인듯 하네요!  
20170125,10,우리나라 정서상 개판인 관계인것 같지만 그래도 사랑스러운 영화였어요! 가볍고 기분좋게 볼 수 있는 영화였어요 ㅎㅎ 에단호크는 찌질해보였지만.... 전 갠적으로 마지막도 좋더라구요!  
20170125,10,관람객재밌습니다잔잔해요  
20170125,8,관람객잔잔한 소설 하나 읽고 나온느낌. 죠아여  
20170125,6,관람객----사랑과 전쟁과 사랑----  
20170125,1,관람객내용도 공감이안가고 연기도별로고 이렇게재미없는영화 진짜오랜만에봣다 ㅜ  
20170125,9,결국 pickle guy 와 해피엔딩이라니:) Ethan Hawk 목소리가 이렇게 섹시하다니 ㅋ  
20170125,10,30대인 저에게 너무나 공감가는 영화였던 것 같아요. 밝은 영화보고 싶어서 선택했는데 기분 좋게 보고 나왔어요~  
20170125,5,관람객잔잔히 볼만한 영화시원하게 인생고찰 끝낼수 있는 영화  
20170125,9,"나는 왜 매번 그레타거윅의 배역에 끌리는가 싶었는데, 어제 GV에서 임경선 작가님의 말씀을 듣고 깨달은 게 있어요. 영화 속 관계가, 굉장히 건강하고 자존감 높아야 형성 될 수 있는 거라는 분석이 제게 엄청난 용기와 위로가 됐어요. 작가님 감사합니다.  "
20170125,8,"계획과 우연 사이, 스스로에게 솔직하게 산다는 것  "
20170125,8,에단 호크 멋있더라...  
