0,1,2
20190109,7,"같은 핏줄들의 부조화, 개성을 넘어선 무례함 그리고 소통없이 각자의 이기심들보는동안 계속 불편했다.. 멀리있는 이야기같지만 가장 가까운곳에서 만연히 일어나고있는..ㅠㅜ 아무튼 두번은 못보겠다 너무 스트레스여  "
20181228,6,앙투안에게 정말 심한 욕 거친 말 다 퍼붓고 싶다  
20181126,10,관람객프랑스 영화 감상할 수 있었고  지역 사정 아는데 도움  
20181126,10,"영화 속에서 나를 보고 우리 가족을 보았다. 내 기억 속에서 나는 루이였고, 앙투완이었으며 쉬잔이자 어머니였다. 나도 가족들을 이해할 수 없다. 그치만 난 내 가족을 사랑한다.  "
20181121,8,넌 날 짜증나게 해... 비난의 공간으로 빠르게 진입하는 젊은 감각에 미치도록 질투가 난다.  
20181016,6,있어보이고 싶을 때 남에게 추천하기 좋은 영화.  
20180818,8,보는 내내 먹먹했습니다. 안쓰러워서  
20180812,10,배우의 눈동자 숨소리까지 너무나 완벽한 영화  
20180807,8,"계속 시비를 거는 형 앙투안이 미웠으나, 어쩌면 그 이전 뭔가 있지않나 하는 짐작을... 가족들을 화해시켜 보려는 형수의 노력이 눈물겨움... 프랑스 영화는 한번 봐선 이해가 잘 되지 않음... 여튼 유명한 감독에,  프랑스의 유명배우 다 나옵...  "
20180803,8,관람객별 기대없이 시간때우려 봤는데 의외로 좋았어요. 가족의 의미를 다시 한번 생각할수 있는 좋은 시간이었어요.  
20180731,9,관람객처음나왔을때 보고 시간이 지나 두번째보게되었는데 받아들이는 시각이 달라졌어요 또 시간이 지나 한번더 보고싶은 영화입니다  
20180711,10,자비에 영화를 계속 함께 했지만 이 영화만큼은 보는내내 눈물이났다 떠날수밖에 없었던 자신만의 아픔을 대화할 상대가없어 어쩔수없이 간직해온 슬픔을 들을준비가안된(누군가에겐 가장 소중하다는)가족에게 피에르처럼 순간이고싶었으나 되지못해 질질끄는 못난자신에게  
20180709,5,"가 좋아하는 배우가 3명이나 나왔는데,,,가족 중에 불편한 구성원은 떠나야만 하는 걸까...  "
20180616,2,괜히 봤다. 기분만 좋지 않음  
20180605,10,도망가고싶었던 내 젊은 날의 가족.  
20180529,5,분명 영화를 다 봤는데 기억나는건 레아 세두는 화를 내도 이쁘다는것과 뱅상 카셀이 존나 짜증났다는거...  
20180529,8,"짧은 샷과 클로즈업의 연속, 그리고 날카로운 대사들이 숨 막힐듯한.... 자비에 돌란 특유의 영상과 음악... 아직 내 개취에는 맞는 것 같습니다^^  단 호오가 갈릴 수 있겠네요. 스타일의 오버라든가 서사와의 연결이 끊긴다는 등의 비판도 있을 듯..  "
20180529,8,씁쓸하고 쓸쓸한 느낌. 마지막 장면인 새 한마리의 모습에서 주인공의 모든 삶이 느껴졌다.  
20180529,8,이해할 수 없어도 사랑한다라는 말은 성립될 수가 없나보다 많은 사람들에게 가족은 세상의 끝이다 그렇기에 가족에게 위로받지 못한다면 벼랑끝으로 떨어지게될수도.  
20180529,9,앙투안 김갑수 닮았다.  
20180521,8,참 재미있었다. ㅎㅎㅎㅎ.  
20180520,1,"90분 상영시간 내내  횡설수설 꼬장이나 부리는거에 뭔 의미를 찾겠다고 심오한척하며 씨나락까먹냐?  진짜 가족의 의미를 알고싶으면 ""전원일기""를 봐라 차라리... 이 영화보다 백배천배 심오하다.  "
20180427,8,가족이라해도 모든걸 다 이해하고 안다그 할 수 없는거다.  
20180419,9,이거 희곡 읽고 보면 진짜 진짜 괜찮은 영화 ㅜㅜ  
20180415,4,과장된 캐릭터  과잉된 음악 자뻑하는 감독 거기에 장단 맞추는 몇몇 쓰레기 평론가가 이 영화의 정체를 말해준다.  
20180311,1,최대한 있어보이는 척 하는영화  
20180215,9,자비에돌란은 가족간의 애증을 잘 다룬다. 또 사람의 얼굴을 잘 사용한다. 대사 한마디 없이 얼굴을 클로즈업한 것만으로도 많은 이야기를 읽어낼 수 있다. 신기하게 배우들도 그만큼 섬세한 연기를 한다. 감독의 대단한 역량이 느껴졌다. 재미있었다.  
20180210,8,전작의 변주에 지나지 않는 형식이지만 원작이 갖고 있는 갈등을 구현하는 데에는 이보다 더 잘 들어맞는 방식은 없을 듯. 루이의 선택은 가족들 각각의 입지가 자신의 부재로 정당화됨을 간파한 결과. 가족이란 것은 때로 누군가의 부재로써 존속하기도 한다.  
20180123,2,앙투앙만 없었다면 뭔가 이야기가 진전됬을것도 한데.. 솔직히 이번엔 영상미도 별로였고 좋아하는감독이였는데 대실망.  
20180111,10,충격은 없지만 즐거웠던 한 편. 한명의 팬으로서 수상으로 인한 비난들이 진심으로 안타깝다. 주관적인 작품들은 오히려 좀 더 넘쳐나야 한다.  
20171225,10,개 쩐다 ㄷㄷ 모두 명배우 이지만 캐스팅된 배우들은 감사해야된다 이런 밀도 있는 감정연기를 마음껏 할 기회가 인생에 몇이나 될까.. 남들은 감정 과잉이라고 생각할수 있겠지만 마음껏 연기 펼칠 장을 만들어준셈 심도 있는 연출 ㄹㅇ 개쩐다  
20171016,6,감정이입 아니 이해까지 해보려했으나 10분남겨놓고 아직도 이해가 안됨. 가족의 형태와 저마다 사연은 다양하다지만 왜저러는지에 대한 설명이 없으니 원. 나는 너무 친절한 영화에 익숙해졌나봄  
20171013,8,한없이 가깝지만 한없이 멀기도한 존재.  
20171010,9,관람객괜찮음 추천합니다아아  
20171008,10,이해가 안되는 것 같은데 왜 내가 마음이 아프고 눈물이 나는지ㅠ  
20171006,5,"정석을 벗어나서 새로운 틀을 짜는 것은 감독에게 중요하다. 단, 틀을 깨서 새로운 틀을 만들 때는 그만한 레벨이 되어야 한다. 그러한 면에서 이 영화가 자비에 돌란이 얼마나 오만한지 보여준다.  "
20170925,6,레아 세이두가 귀여워서 별 3개..  
20170922,5,무엇을 중점에 두느냐에 따라 평이 달라지겠지만 내겐 처음부터 끝까지 보기 괴롭고 숨막혔다 현실같아서인지..영상은 돌란 답다 연기도좋다  
20170917,7,집중하게 만드는 돌란만의 마력  
20170914,10,모든 가족 구성원이 너무나 이해되는 관계  
20170824,10,노스텔지아라는 환상의 벽 뒤에 마주한 현실. 이해할 수 없지만 서로를 사랑하는 가족. 사랑만으로 대화할 수 없을 만큼 너무 다른 우리. 결국 우리는 다시 혼자가 된다.  
20170823,7,로렌스 애니웨이 감독인걸 알고나니 이 이상의 평점은 줄 수가 없다. 분명 더 잘만들 수 있었을텐데 라는 아쉬움 때문에.  
20170814,8,공감되는 영화였다. 심리묘사가 예술  
20170813,8,"결국 우리는 서로를 이해하지 못한다. 그것은 진작부터 알고 있는 사실이고, 그 사실을 안다고 해도 이해 할 수 없는건 여전하겠지. 그냥 이해 할 수 없는 것에 익숙해지고, 닳고. 꾹 억누르고. 그것 뿐이다. 하지만 언제나 끝에선 폭발하기 마련인 인간  "
20170813,8,같은 동성애자 입장에서 너무 이해가 되고 같이 답답했다  
20170808,8,관람객볼만한영화인것같아요.  
20170804,8,시간이 흐르면서 앙투안의 분노와 애증의 눈물. 쉬잔의 애처로운 애원의 근원이 동경과 그리움에서 기인했다는 확인을 하게되는  순간이 온다.모두의 갈등이 증폭되어 폭발하는 순간을 섬세하게 표현한 감독의 능력. 그 장면에선 눈물을 주체할수가 없었다.  
20170728,2,불친절한 관음증을 강요하는 영화  
20170713,9,"과장된 대화들이 부조리극 같았지만 틈틈이 진실들이 와닿았고 마지막  새의 상징이  압권. 어느나라건 자식들로 인한 어머니의 아픔은 같구나라는 생각도,  "
20170707,2,관람객ㅐ처음부터 끝까지 프랑스어로 싸우는데 내용은 없어요  
20170702,10,단지 가족 일 뿐. 세상에서 가족만큼 소중한게 없는 사람들도 있지만 가족이기에 더 큰 상처를 받는 사람들도 있다.  
20170701,10,말하러 간 곳에서 그저 들어야 했을 때.  
20170630,8,관람객이해 못하겠다는 생각이 든 것이 이해한거였다  
20170623,9,"관람객미장센, 미장센, 미장센  "
20170622,8,관람객영화 절반간 남주 형의 쌍욕을 들을 수 있는데 조금 고역이었다; 좀 뜬금없는 흐름이어도 마지막에 엔딩곡이 맘에 들었다  
20170616,9,가족이라는 이름으로 모든걸 이해할수는 없다가족 구성원 각각의 입장에서 영화를 봐야한다앙투앙을 이해못한다면 반쪽짜리 영화를 본것  
20170613,7,"관람객루이가 느끼는 감정....그건 아무도 모르고, 모두 아는 것일 거야.  "
20170612,9,보면서 정신병걸릴지경. 가족안에서 쉬쉬하며 일어나는 불편한 감정들을 적나라하게 보여주는데... 내가 루이라면 벌써 죽었음. 그리고 앙투안...후...  
20170606,7,세상의 시작은 가족. 세상의 끝도 가족  
20170606,6,보는 내내 너무 웅장한 음악이 힘들었고 개연성과 인물들을 이해하기 힘들었지만 원작 희곡을 보며 자비에돌란이 얼마나 힘들게 이 영화를 찍었을까 생각했다 원작 자체가 불친절하다  
20170604,10,단지 세상의 끝인데 가족간의 대화로 세상의 끝을 말할수 없게 되었다.  
20170602,7,가족은 남들이 안보면 내다버리고 싶은 그런 존재다. 인간이란 대체 뭘까 싶다.  
20170527,9,"판잣집 벗어나는 데 20년 걸렸을 만큼 가족들 생활이 힘들었다는 건데, 능력이 있는데도 불구하고 가장역할을 하지 않고 떠나서 제 인생 살았던 루이에 대한 가족들의 원망이 크다는 걸 느낄 수 있었음. 그런 가족들을 이해하려는 루이의 노력이 부족했음  "
20170526,2,상처받은 가족들을 더 비극적으로 잔인하게 그린영화. 최악.  
20170524,5,이번에는 똥란이였다...  
20170521,10,최고 ~ 조연 연기 최고! 보는 내내 슬픈 ~  
20170517,6,끝가지 해야할 말을 못하고 떠나야 했던 루이..  
20170515,7,관람객과도기기대했던 어떤것도 보지못한 영화다음을 기다려본다...  
20170512,5,관람객무슨 내용인지 이해하기 어렵네요..그렇다고 이해하려고 몇번이나 보고 싶진 않구요  
20170501,10,보고 나서 이렇게 답답한 영화는 처음..보는 내내 이렇게 욕 많이한 영화도 처음..감독이 노린게 이건가.. 암걸려 내가 먼저 죽을듯..  
20170429,9,"주인공을 이해한 사람은 피를 나눈 가족이 아니라, 형수인 카트린이었다. 자신의 말만을 늘어놓으려하는 가족과 호기심을 가지고 다가가는 카트린이 대비되었다. 진정 누군가를 이해하고 싶다면  자신의 말은 줄이고 그 사람의 소리를 들어라.  "
20170427,7,떠난건 잘한일일수도 아쉬운점일수도 그러인해 가족이 더 좋아졌을지도 가족이란울타리를 주인공의 시점에서 본건아닐까..  형의 분노와 눈물에서 그의상처가 보이는건.처음부터 끝날때까지 인생의 주인이나라는걸...첫대사가 주는잔재가 감독의 의도이겠지만 아쉬움  
20170423,4,관람객난해하고쉽지않은전개와 결말  
20170415,8,관람객natural blues  
20170413,10,내 인생의 주인은 나 라는 환상을 보여준겁니다. 내 인생의 주인은 내가 아닌거죠..삶의기본인 가족이라는 틀안에서도 뻐꾸기 시계처럼 구성원으로서 자기 역할을 할뿐이고..자유롭게 살았다고 생각했지만 주인공 역시 삶의 마지막에 자기 할일을 한것뿐이죠...  
20170412,1,화병난가족.멋만죽어라부리고 게이섹스씬은갑자기왜넣냐.천재감독좋아하네.개실망. 무슨학생단편영화모아놓운것같다.  
20170410,7,관람객나르시스트가 가족에서 겪는 비극  
20170409,10,"출구도 없고 창문도 없고 도저히 주소를 알려줄 수 없을. 파리의 어떤 집. 이 열쇠라 희망을 건 절박한 가족들. 의 집에 돌아와 찾으려 했던 안식, 죽음  "
20170406,8,관람객역시 자비에 돌란 음악도 좋다  
20170403,8,"시간이 흘러도가족이기에 가깝다고, 서로이해할수있다고 생각하는, 가족이라는존재가이리도 낯선 존재라는 느낌을 받은 영화.아무리 가족이라도장기간의부재는소통,이해의단절을불러이르킨다.인물들의툭툭내뱉는말하나하나에감정이고조되고결국은파국으로치닫는모습을잘보여준영화  "
20170402,10,관람객고구마백만개 느낌이지만 흥미롭고 멋있었어요  
20170401,7,관람객잘모르겠다. 그냥 우리집에 있는거 같이 답없고 답답했다.  
20170331,6,심사위원 대상감은 아니다  
20170328,5,좋은지 좋지 않은지 판단하기도 힘든 영화.너무나 극단적인 연출의 앙투안과 루이 캐릭터때문에 몰입하기 힘들었다. 더 좋은 영화들도 많을텐데 이런 영화도 상을 받네  
20170324,6,"다른 시선, 다른 감정, 다른 표현  "
20170319,8,관람객돌아갈 곳이 있다는 것은 그에게 행운일까 불운일까  
20170319,10,관람객속이후련하다 다음영화도 기대!!  
20170318,7,관람객다소 지루한 감이 있지만 역시 자비에 돌란 감독의 능력이 돋보이는 마지막 부분~~~~  
20170315,4,앙투안은 왜 그모양지?! 별로 공감도 안되고 프랑스 정서랑 안맞아서 그런지 지루하였음  
20170315,10,한시도 지루할 틈이 없는 영화  
20170315,4,관람객소재는 좋았으나 꼭 안봐도 되는..  
20170313,6,"관람객특유의 색감,불안한 촬영기법 .스토리는 암 걸릴 것 같았다.  "
20170313,1,칸의 거품 자비에돌란 . 상탈 때 혼자 글썽거리고 나머지 사람들은 쓴웃음.  
20170312,8,"관람객가족의 의미, 가족의 역할에 대해서 생각해보게 하는 영화. 등장인물 모두가 너무나 상처받은 사람들이라 가슴이 아팠다.  "
20170312,1,내돈 내시간 .. 슬프다 잤다  
20170312,10,관람객조각나있는 따뜻함...  
20170312,3,관람객많이 실망. 그간 자비에 돌란이 보여준 이미지들을 더욱 세련되게 반복했을 뿐이다.  
20170311,4,관람객단지 세상의 끝. 알겠는데 보는 내내 힘들었다.  
20170309,9,관람객쪼금은 어려울 수도 있지만 그만큼의 깊이가 있었던 영화...갠적으로  이렇게 생각을 많이 하게 해주는 영화  좋다  
20170309,8, 가족이라는 명목으로 서로에게 상처를 주는 존재가 또 어디에 있을까 싶다. 나고자란 형제보다 처음보는 형수만이 루이를 직감하는듯한 씁쓸한 이 느낌은 도대체 뭘까?  
20170308,5,관람객굿 자비에돌란 굿 자비에돌란  
20170308,7,앙트완과 루이의 사이가 왜 저렇게까지 되는지 이해가 힘듬  
20170307,8,"각본, 연기, 연출이 돋보이는 영화. 볼만하다.  "
20170307,3,뭔가 스토리가 진행되는 것도 아니고 그냥 연출과 감정표현에 한정된 느낌.인물들 대사나 화내는게  개연성 떨어지고 부자연스러워서 보는내내 졸라 답답했음.  
20170305,8,그가 왜 집을 떠났을지 짐작이 간다.  
20170305,9,관람객깊은 감정선. 믿고 보는 배우들과 믿고 보는 감독!  
20170305,10,세상의 끝에 있는 한 사람의 아련한 이야기 속에  정교하게 짜여진 대사들  
20170304,6,관람객끝까지 가장 중요한 말은 하지 않았다.  
20170303,4,꼬띠아르 아니었으면 볼 생각도 안했을텐데 대체 이 배우들을 데리고 어떻게 이런 영화를 만드냐.. 영화가 여러모로 너무 불친절해서 화난다  
20170302,5,관람객흐움...이걸 뭐라고 말해야할지...  
20170302,9,관람객가족이라는 것이 누구에게나 좋을수만은 없다  
20170302,8,"관람객재밌었음 , 갈수록 점점 안과 밖의 마음을 모두 공감하게됨  "
20170302,6,가'족'같은 가족이야기 . 우리들의 모습  
20170302,6,관람객인물에 아주아주 집중한 영화. 이쯤되면 자비에돌란은 대체 가족들이랑 무슨일이 있었던걸까...  
20170302,10,"좋았다. 동생은 자신의 삶에 충실하다보니 성공하게 되지만, 가장 역할을 한 형은 가정을 돌보는데 힘겹게 생활했다. 자신이 돌본 다른 가족들이 동생만을 바라보는 상황에 서운함과 당혹감을 갖는다. 가족, 누군가는 희생이 따르는 작은 사회다. 시작이자 끝.  "
20170301,10,결국 아무것도 말하지 못한 채 루이는 집을 나섰고 영화는 끝났다. 루이가 집을 나가기전 갑자기 튀어나와 온 집안을 헤집다가 땅에 떨어져 죽은 작은새처럼 그도 홀로 죽음을 맞겠지. 보고나니 조금 허망했지만 곱씹어보니 좋다.  
20170301,7,뭘 말하고자 했는지 이해하기 어려웠다. 프랑스의 대단한 배우들을 한 작품에서 볼 수 있었다는 것은 좋았다. 가족은 결국....그런 존재인가  
20170301,4,통찰을 원했는데 잔상만 있음  
20170301,7,"관람객조금만 더, 아주 조금만 더 깊었다면.  "
20170301,7,관람객유럽의 감성을 알 수가 없어서 공감 하기가 어려웠다.  
20170301,8,관람객문이 아니야. 항구도 아니야  
20170228,8,관람객머리가 복잡해졌지만 의미있는 영화  
20170228,7,관람객자비에돌란의 각본능력은 좀 아쉽다.  
20170225,6,관람객싸우다가..싸우다가..싸우다가...끝난다  
20170225,5,관람객취향이 아니라서 보다 나왔음.  
20170225,9,가족에 대해 아주 잘 보여줌!!!  
20170223,8,가족간의 대화가 없을시에 서운한 감정이 쌓이고 증폭되어 다툼이 생기다보면 충분히 저렇게 될수 있음을 보여준..또한 장남이 느끼는 부담감과 성공한 차남에 대한 말하지 못하는 책임감과 불만 등을 배우 한 사람 한 사람이 감정연기를 잘 전달한듯~  
20170223,1,후까시와 어쩔수 없는 지루함  
20170223,9,후반부에 형제들간의 휘몰아치는 감정 연출은 정말 최고였다... 다소 뻔한 스토리일 수도 있지만 프랑스를 대표하는 배우들이 이 영화에 참여한 것은 바로 이런 자비에 돌란의 연출력 때문일듯...  
20170223,9,관람객특별한 줄거리가 없어도 등장인물의 감정표현과 감각적인 영상만으로 2시간을 예술로 만드는 감독은 내겐 자비에돌란뿐이다  
20170223,9,"관람객감독때문에 보게 되었지만,흡입력있는 배우들과 연기로 지루할틈 없는 영화였습니다  "
20170223,9,관람객가족이란....ㅠㅠ  
20170223,9,"필요하지 않다면 그저 허울뿐인 ""가족""이란 이름.  "
20170223,8,엄마말 잘 들으면 자다가도 떡이 생긴다  
20170222,7,관람객초반엔 약간 지루했지만 공감가는 부분도 있었고 계속 생각하게 되는 영화  
20170222,6,관람객영화가 불친절 하게 느껴진다.  
20170222,8,"이기적인 이들 중에 가장 이기적인 사람,다시 가장 이기적으로 떠난다.  "
20170221,6,관람객내용이 너무 심오합니다  
20170221,10,관람객모든게 휘몰아쳤다 원작만큼의 깊이를 주는 상징적인 요소들이라던가 모든것 하나 빠짐없이우리는 가끔 타인의 이해가 필요하다 하지만 그것은 글로도 말로도 무엇하나 닿지않을 때가 더 많다그건 설령 같은 곳에서 나고 자란 가족이라도 말이다  
20170221,9,"뱅상카셀, 레아 세이두, 마리옹 꼬띠아르ㄷㄷㄷ프랑스 배우 총출동이네ㄷㄷ 꼭 봐야겠다  "
20170220,7,정신없이 난도질 하고 정성스레 치료하는 끝모를 가족의 끝  
20170220,10,뭔가를 생각해볼수있는 영화  
20170220,9,관람객가족이지만 서로 이해할 수 없는 벽이 자꾸 서로를 가로막는 상황에선 끝내 안타까움에 눈물이 났다.. 감독 자비에르 돌란의 감각이 많이 묻어나 영화 전반적으로 영상미와 음악이 세련되게 어우러지는 느낌.  
20170220,10,앙투안이 가족이라는 이름으로 허물없이 대한 것이 루이에겐 폭력이었고 앙투안에게 그런 루이는 이해할 수 없는 인간이었다. 가족. 어쩌면 가장 어려운 인간관계  
20170220,9,인물들간의 보이지 않는 미묘한 갈등을 다소 무모할정도의 클로즈업으로 표현해 냈는데 이게 나쁘지 않았다. 확실히 자비에 돌란은 무시할수 없는 재능이다.  
20170220,10,처음에 영화에 대한 이해를 못할 땐 분노조절장애가족 이야기인줄 알았다. 하지만 영화에 대해 이해하고 난 뒤 다시 영화를 봤을 땐 대사 하나하나가 소름돋는다  
20170220,10,"""여기가 세상의 끝도 아닌데..""  "
20170220,8,관람객볼만하네요 내용이 좋아요 근데 추천은 고민해봐야 할듯 하네요 ^^  
20170220,10,"사랑과 증오가 공존 할 수 있는 그 이름,  가족  "
20170219,4,마미부터의 하락세 하지만 왜인지 올라가는 인기.. 초기작을 그리워하며 신작 나오는 족족 다 보러 갔고 트레일러 보고 굉장히 기대하고 간 입장이라 좀 당혹스러웠다 돌란과는 어울리지 않는 과장된 프렌치틱 연출.. 중반부에는 대놓고 잤다 미안..  
20170219,6,씨네21 심오하면 무조건 8점 주는 클라스  
20170219,1,작위적 설정 및 진행과 불필요한 감정의 소비  
20170219,7,"관람객극작품의 영화화란 이런 것이구나, 성공적인 영화화란 이런 것이구나  "
20170219,10,인물 클로즈업을 통해 인물의 눈빛과 표정에서 묻어나오는 감정들을 고스란히 담아내어  작품 속 깊은 곳까지 들어가볼 수 있었다.  
20170219,9,관람객숨막히고 답답한 시간들  
20170219,1,"관람객대사며 음악이며 뜬금없이 삽입된 회상씬이며. 빨리 끝나라고 기도하면서 봄. 돌란의 다른 영화들은 평론가들이 욕해도 이제까지는  '내가 좋은게 좋은거지'하며 즐겨왔는데, 이번에 확실히 어떤 사람(차마 예술가, 감독이라고는 못하겠고)인지 알았다.  "
20170219,6,희곡을 영화로 바꾸는게 무리였던거같다 ost는 정말 좋았음  
20170218,7,"관람객원망과 사랑이라는 양면성을 띄고 있지만, 그럼에도 불구하고 우리는 결국 가족이다  "
20170218,8,"영화는 안 봤다. 볼것이다. 그러나, 줄거리만 봐도 부럽다. 유교문화가 있는 우리나라는 1년에 수차례 가족과 상봉한다. 12년 동안 고향도 가족도 안 볼수 있는 나라에 살고싶다.  "
20170218,5,"오, 주여 너무 힘이 듭니다  "
20170218,10,관람객단지 가족을 필요로 하지 않은 죄. 그 죄값에 대한 이야기.  
20170218,7,"관람객집을 떠나자 떠나도 된다,. ㅠ  "
20170218,10,관람객잘봤습니다너무너무 좋은영화입니다  
20170218,10,관람객재밌어요!. ㅎㅎㅎㅗ  
20170218,7,영화를 보는 내내 저 집을 떠나고 싶었고...가족이라는 단어와 사랑한다는 말이 사람 목을 죄는 느낌이었다.  
20170218,8,관람객꼭 두번이상 보기를 추천!  
20170218,9,관람객가족들이 너무들 사랑하는것 같은것 같고 그걸 표현하는 방식이 좀 다르다는 것을 느꼈지만..사랑한다는것은 너무도 잘 알수 있었다  
20170218,8,관람객가족관계안어서 일어나는 다양한 감정들을 가족애로 포장하는 것이 아닌 어쩌면 너무 평범해서 색다르게 느껴지는 시각에서 풀어낸 점이 신선하다...  
20170218,8,관람객영화 자체를 떠나서 개인적으론 공감&이입  
20170217,10,관람객이번엔 가족. 눈물이 절로 난다.  
20170217,10,관람객나도 루이처럼 떠나고 싶었던.  
20170217,7,관람객지독하고 집요하고 연약한  
20170217,2,있을 수 있는 현실을 잘 그려낸 점은 인정. 그러나 영화관에서까지 이런 분노를 경험하고 싶진 않았다...  
20170217,10,관람객가족뿐아니라 모든 인간관계에서 느끼는 다름에 대한 대처를 생각해보게 된다  
20170216,4,관람객이 감독영화는 처음봐서 그런가 처음에 많이 지루했지만 마지막에 큰 인상이 남아서 이 감독의 다른 영화도 봐야겠다.  
20170215,5,관람객어떤 의도인지는 알겠으나 설명하는 방식이 지나치게 장황하다  
20170215,9,관람객일상적인 소재로 이런 영화를 만들수 있나 라는 의문점에 해답을 찾게 해주어서 정말 감사한 영화였다. 배우들의 연기력또한 놀랍고 음악과 영상미가 기가막힌다.. 사랑해요 자비에돌란 ㅠㅠ  
20170215,6,관람객주인공이 집에 도착하기 전까지는 멋진 영화라고 생각했....ㅇ..  
20170215,1,관람객화면 구성을 클로즈업으로만 잡는 영화  
20170215,8,관람객주인공의 하루를 통해 인생을 말해주는영화  
20170214,8,사랑하고 미워하는 나의 가족에게  미안해요 다시 돌아올게요^^  
20170214,9,관람객다시보고싶어요. 표현할 수 없는 감정을 시각적으로 볼수있게 해준 영화입니다  
20170214,10,"관람객가족구성원 한명, 한명에게서 나와 나의가족의 모습을 보았다 보는동안 답답한 기분을 느꼈지만 마지막장면에서, 엔딩 크레디트가 올라오면서 격한 위안을 받았다. 모두가 같은 가족들 속에서 같이 사랑하고 아파하고 살아가고있구나  "
20170214,10,"관람객앙투안 형의 모습은 사람을 지치게하기에 충분했지만, 그렇게 짜증만  냈던 그의 심정을 이해할수있었다. 멋진영화.  빠져들었다. 10점!  "
20170214,7,관람객갈등상황 중에 봐야 재밌는 영화  
20170214,10,관람객부산국제영화제에서 반해 또 보는 영화. 자비에 돌란만의 과감하고 감각적인 연출이 돋보인다.  
20170213,9,관람객인물들의 감정표현이 숨막힙니다... 정말 몰입해서 잘 보고 왔습니다.  
20170213,7,관람객음악이 너무 좋앗음. 끝가지 긴장을 놓을수 없었음  
20170213,10,관람객자비에돌란에 대한 기대에 부흥한 아름다운 영상미와 음악! 이해를 위해 한번 더 보고싶다  
20170213,8,관람객    O.S.T 역시 너무 좋아요  
20170213,7,"관람객지나치게 불친절해서 불쾌하기까지 하지만, 그 덕분에 주인공의 입장에서 엄청난 몰입도로 빠져들 수 있었다. 약간 힘든 두시간의 러닝타임이 지나면 훨씬 더 많은 것들을 생각해보게 되는 영화.  "
20170213,7,관람객레아 세이두에게 빠져버렸다  
20170213,10,"관람객뱅상 카셀의 마지막 장면은 제 치부를 이끌어 냈고, 앙투안 역할의 뱅상 카셀이 아닌, 그저 앙투안을 보고 있었어요. 감독의 의도를 더 깊이 살려내는 배우들의 연기에 감탄했어요  "
20170212,4,관람객나에겐 조금 버거웠던 작품이었음  
20170212,9,관람객세상에 이런 가족이 있을까 싶지만.. 세상 모든 가족의 이야기가 될 수 있는 루이의 가족을 보며 눈물이 나고 또 공감했다.  
20170212,6,관람객돌란의 이야기에 좀 더 귀기울일 수 있었던 기회  
20170212,9,관람객자비에돌란 그리고 가족  
20170212,7,관람객음.. 프랑스어 시끄럽네.. ost가 기억에 남음  
20170212,9,관람객영상과 음악이 좋았어요~  
20170212,8,관람객중간에 약간지루했지만 배우들의 연기가 돋보임  
20170212,8,관람객생각보다 아쉽습니다아 그래도 노래는 굿굿  
20170212,5,초반은 역시 집중하기가 힘들긴하다. 그리 친절한 영화는 아니니까.  근데 불편한 가족관계에서 친절한 상황설명은 사실 진정성이 없지.  
20170212,10,관람객너무재밌습니다 강추강추  
20170212,5,관람객솔직히 지루한 감이 없잖아있었다  
20170212,8,관람객기대만큼 좋았습니다.  
20170212,6,관람객영상미는 넘나 좋은데 정서가 안 맞아서 그런지 난해  
20170211,8,관람객배우들의 감정 몰입도가 정말 좋았습니다.  
20170211,8,관람객감정선을 따라가니 내 가족들이 내 앞에 있었다.  
20170211,9,관람객세상의 끝. 나아갈 수도 물러설 수도 없는.  
20170211,10,관람객보면서 울고 보고나서 울고많은 생각하게 만드는 영화라서 좋았어요  
20170211,8,관람객연기도 너무 좋고 다 좋은데 이해가 안간다  
20170211,9,관람객모든 배우들의 열연이 돋보인 영화  
20170211,8,관람객배우들 만으로도 만족스러운 영화..내용은 갑갑할 수도 있다  
20170211,8,관람객동경과 사랑과 이해의 간극. 가족이라는 변명으로 자행되는 무례. 가족에 대한 열등감과 죄책감이 폭발하는 엔딩...그리고 역시 음악 너무 좋다. 자비에 돌란은 한결같이 천재스럽다.  
20170210,10,관람객열 번 더 보고 싶은 영화예요 정말 좋았어요  
20170210,10,관람객there is no need for words !!  
20170210,7,관람객My has no roof  
20170210,7,관람객과장되었지만  저의 그림자도 발견하고 시니컬한 부분이 왜이리 웃긴지 잘 웃었던거 같아요. 잘 봤습니다.  
20170210,6,"관람객신선한 구성, 좋았던 몰입감, 아쉬웠던 스토리  "
20170210,7,관람객기대에는 못 미쳤지만 돌아보니 좋은 영화  
20170210,7,관람객전작들에 비해 인물 구성이 굉장한 depth가 있고 그래서 영화가 쉽지만은 않았다  
20170209,10,"관람객가족인데, 가족이라서 느낄 수 밖에 없는 감정  "
20170209,10,"관람객어놀하고 온순한 촌부역할의 마리용 꼬띠아르 연기변신에 감동했구요. 시나리오 소장하고 싶은 리얼리티 100점의 감동적인 영회였습니다. 연기신들의 연기는 감탄을 자아내었구요. 배우 어느한 사람도 빠지지 않은 연기력, 어느 한사람도 배제되지 않는 배역,  "
20170209,9,관람객공간의 압박감이 좋았다  
20170209,10,"관람객잔잔하게 진행되는 과정에서도 인물간의 긴장감, 섬세함.. 그리고 극적인 음악의 조합으로 표현되는 배우들의 감정, 너무 좋았습니다.  "
20170209,8,"관람객보는 내내 불쾌했고, 이해가 안 됐고, 혼란스러웠으며 가족들이 마치 낯선 이들, 이방인 같았다. 내가 루이가 된 것 같았다.루이에게 집은 단지 세상의 끝, 그 이상도 이하도 아닌 것 같았다.영화 초반부의 OST가 영화다.  "
20170209,10,관람객금방 터질 것 같은데 꾹꾹 눌러 겨우 참고 사는 가정이 많은 한국에서 공감가는 부분이 많지 않을까  
20170208,10,관람객당신들의 존재를 확인하고 입을 다문 오늘의 나  
20170208,4,관람객연기신들의 연기는 볼만하지만내용은 개연성이 없습니다  
20170208,7,관람객보는내내 감정적으로 너무 힘들었어요~ 그만큼 연기가 대단했구요~ 감각적인 영상도 좋았어요.  
20170208,10,"루이의  표정,감정,,,가족이라하여  함부러  쏟아 내는  언어에. 루이의  떨리는  표정과  분노,,제목처럼  단지 세상 끝. 그리고. 첫 세상이란  가족,,아무없이 알아 줬으면 하는게 가족인데 12년의,,,그 어떤 선택도 행복하진 못했을 아픔이네요  "
20170207,7,관람객가족이란...가장 가까운 존재이자 멀고 불편한 관계란  
20170207,5,영화와 하나가 되지 못한 과시적 재능의 전시.. 자비에 돌란 영화를 거의 다 좋아하지만 이건 좀 아닌듯  
20170207,6,관람객앙투안너무극단적이야!  
20170207,10,관람객마지막장면 인상깊어요  
20170207,9,관람객영화자체의 발단전개위기절정결말이 화려하다기보다 생각을 많이 할 수 있게 해주는 영화. 극적인 전개가 없기 때문에 빵빵 터지는 일반영화에 익숙한 사람은 재미없다 느낄 수도 있다.  
20170207,8,관람객좀 단조로운감도있었으나전달하는 메서지는좋았어요  
20170207,8,"관람객배우들의 흡입력과 연기력, 아름다운 미장센과 음악  "
20170206,8,혈연으로 이어졌다고 해서 가족이라고 해서..  
20170206,7,관람객자비에 돌란의 일기를 훔쳐보는 느낌.  
20170206,5,관람객배우 캐스팅은  최고였지만  대화가 답답하고  분위기가 무거웠던 점이 아쉽네요~  
20170206,2,관람객끝도 없는 클로즈업. 관객을 위한 강박은 조금 풀어둘 필요가 있다.  
20170205,8,"관람객과도한 클로스업, 약간 루즈 할 수 있는 시나리오를 뛰어넘는 명배우들의 명연기와 감독의 재능이 발휘한 명작이네요  "
20170205,6,"관람객좋은 소재, 좋은 배우들, 게다가 내가 좋아하는 감독까지.  근데 뭔가 부족했다.  보면서 내 감정이 우러나오기 보단 영화가 나를 압박하는 느낌.  "
20170205,7,관람객막장처럼 느껴지지만 누구나 공감할만한 가족 드라마.  
20170205,7,관람객기빨리는 영화 101010  
20170205,10,관람객가족이라는 부글거리는 원망.  
20170205,8,관람객설날 전에 본것만 아니였어도...^^!  
20170205,10,관람객가족은 왜이리 힘든걸까  
20170205,9,관람객보고싶던영화인데 잘보고왔습니다.자비에돌란감독 특유의 느낌이 잘묻어나네요.다만 마지막부분이 좀 아쉬웠습니다.  
20170205,7,관람객가족은 모든 행복과 분노의 시작.  
20170205,8,관람객좀어렵긴한데 생각할거리가 많은 영화라 개인적으론 좋았습니다..  
20170205,7,관람객배우들이 정말 좋다 돌란은 연기로 보고싶다  
20170205,7,배우들은 흠잡을 데 없으나 발암성 줄거리와 예측 가능 엔딩이 아쉬움  
20170205,9,관람객숨막힌다 숨막힌다 굿 굿  
20170205,6,"관람객집인줄 알고 날아들었다가 결국은 여기저기 부딪혀 바닥에 떨어지고 마는, 세상의 끝. 루이가 바로 이 새 같았던 영화. 가족과의 소통과 상처에 대해 깊이 생각하게 하는 영화입니다.  "
20170205,8,영상과 음악이 뛰어났다. 그리고 끝나고 깊은 여운..  
20170205,4,관람객개불편하고 졸리고 힘들었음니다  
20170204,6,"관람객배우들의, 향연. 새.  "
20170204,10,"관람객삶은 힘들고, 모두 비슷한 삶의 무게를 견디고 있다  "
20170204,10,관람객클로즈업이 많아 배우의 얼굴표정에서 무엇보다 많은 이야기를 듣게됐던 영화. 애증의 관계속 가족을 시종일관 떠올리게 했다.  
20170204,7,관람객배우들 연기에 믿고 보는 자비에 돌란이라고 생각했는데 조금 지루한 면도 없지않아 있었어요  
20170204,8,가족의배려와사랑의 소중함을 느끼는 영화였다  
20170204,5,관람객어린 감독의 과한 고뇌가 세련되지 않다  
20170204,6,관람객아쉽다 일부러 멀리까지 찾아가서 본거였는데...오프닝이 좋았다 그뿐이다.  
20170204,5,셀카같은 영화는 이제 그만. 슬슬 다른 걸 보여줄 때가 되지않았나..  
20170204,10,관람객연기력 완전 최고. 푸욱 빠져서 극 속에 함께 있었던 느낌이었어요. 정말 강추합니다.  
20170204,6,관람객처음과 끝을 보기위해 이영화를 본것같다자비에돌안 자신의 영화인듯...  
20170204,10,관람객Good! Good!  
20170204,6,관람객감독의 전작들에 비해 너무 오버스러운 느낌이 들었다  
20170204,10,관람객자비에돌란의 감각적인 OST가 좋았다. 결국엔 화해와 치유로 끝나는 가족영화가 아니다. 끝끝내 화해해야만 하는 가족의 숙명에서 벗어난다. 그래서 내 마음도 편하다. 가족을 끝까지 끌어안아야한다는 부담이 조금은 가볍다.  
20170204,8,"관람객공감이 안되는 사람은 굉장히 지루하고, 공감이 되는 사람은 눈물을 펑펑 쏟을 그런 영화  "
20170204,5,관람객어느나라든 가족이 모이면 싸움이 나는군요...이해하기 좀어렵긴 한데 연출이 괜찮았고 배우들 연기도 쵝오  
20170204,8,"관람객최고. 연출력,색감,음악...가족에 대해서 끊임없이 풀어나가는 그에게 감히 박수를 쳐주고싶다. 죽일듯이 화내고 밉다고 하며 싸우고 널 잘몰라도 난 널 존경하고 사랑한다는...보고싶다는 말이 가슴에 사무치는 그런.  "
20170204,9,관람객가족이라는 이름의 연민과 처참함  
20170204,2,관람객시끄러워 고통 스럽다.  
20170204,10,관람객어긋남. 그 내밀함에 대하여.  
20170203,7,관람객걍뭐걍 낫배드 굳이 봐야하는 영화는 아님  
20170203,8,관람객좋은영화네요~ 잘 봤습니다  
20170203,7,고도를 기다리며 를 보다 전원일기 한방울 마지막장식은 돈키호테라니  
20170203,7,관람객이 영화를 보면서 답답했다면 그것이 잘 보는 것이다  
20170203,10,관람객오프닝부터 숨 막힌다.. 원작보다 더 좋다 돌란은 자신의 영화에 항상 확신이 있는 것 같다. 앞으로 또 어떤 영화를 만들어낼지 기대된다.  
20170203,5,관람객대사위주의 전개방식이라 좀 지루한 면이 있어 초반에 졸음을 참느라 고생했음  
20170202,6,"관람객가족생각이 날 수 있는 영화이고, 제발 말을 좀 했으면 좋겠다.  "
20170202,4,관람객지루한 대화장면들만 계속되고 정작 무슨 메시지를 전달하려는건지 잘 이해가안됐다.. 원작이 연극이라서 그런 느낌이 있을수있다는건 알겠지만 그래도 명색이 영화인데 각색을 좀 매력있게할수없었나 싶기도하고.. 저 배우들을 데리고 이정도 영화밖에못나왔다는게..  
20170202,8,관람객영화를 보는내내 마음이 답답했다. 도대체 형 앙투안은 동생에게 어떤 억하심정이 있기에 끝까지 동생의 소통하려는 노력을 좌절시키는지. 피난처가 되어야할 가족이 타인과 다름없는 존재가 되는 걸 지켜보는게 괴로웠다.  
20170202,8,관람객개인적인 평이지만 연출이 경이로웠다. 결과가 아닌 단순한 이야기를 그려낸 영화였던것 같다. 본인은 재밌게 본 영화이나 사람에 따라 느끼는게 다를듯 싶다. 취향을 많이 타는 영화고 감독인것 같다.  
20170202,6,관람객자비에돌란 뮤직비디오  
20170202,9,관람객사랑하고 미워하는 나의 가족에게  
20170202,8,"관람객굉장히 클로즈업이 많은 영화였는데,  다들 미묘한 표정연기가 엄청나서 클로즈업된 배우들의 표정을 보는 일이 즐거웠다.  "
20170201,8,관람객영화가 끝난지 2시간이 지난 지금도 엔딩곡에 대한 여운이 떠나지 않는다.기존에 내가 가지고 있던 '가족애' 에 대한 많은 생각과 가치관이 영화를 보는 내내 여러번 뒤바뀌고 혼란스러웠다.자비에돌란의 영화는 인물간 갈등이 대화를 통해 고조되는것이 흥미롭다  
20170201,8,관람객딴건모르겠는데 예쁘다  
20170201,8,"관람객싫어하는 것은 내 인생에 없던 것으로 지워버릴 수 있지만 싫어함으로 끊어낼 수 없는 것_가족, 그 고질저 애증_ , 우리는 그것을 달리 어찌할 방법이 없기에 결국 끊임없이 미워하게 되는 것 같다.  "
20170201,8,관람객단순한 순간들의 몰려옴  
20170201,7,관람객보고나서 피는 담배 한가치가 그렇게 맛있더라  
20170201,10,관람객혼자 보러가서 질질짬시간이 지날수록 감정이 격해지고 울컥  
20170201,5,관람객공감하는게 쉽지는 않았지만 자꾸 생각을 하게하는 영화  
20170201,6,관람객가족이란 무엇인가...  
20170201,9,관람객자비에돌란의 미장셴은 역시.. 네 영상미두 조크여 재미씀여  
20170201,10,관람객끄어어ㅓ 예매하고 못봤어..포인트땜에 적어요 흑흑 ㅠㅠ  
20170131,7,관람객가족이라는 틀에서 자유하는 여러 방법 중 하나  
20170131,8,작은 공간에 많은 것들을 집어 넣어 놓은듯한누구나 공감할수있는 짧고도 깊은 책 한 페이지를읽은 느낌  
20170131,9,관람객집은 정체성의 근원. 자아와의 갈등을 그린 영화  
20170131,7,관람객레아 세이두와 가스파드 율리에 뱅상카셀 모두 진짜 남매같았다....  
20170131,9,관람객영화너무좋아요역시자비에돌랴  
20170131,8,관람객상처를 주고 받는.. 상처투성이 가족..누군가에게 책임을 물어야 한다면.. 그들의 엄마가 아닐까..그녀는 사랑을 할 줄 모른다..오로지 의식주에 목을 멘다..30년 전 환경을 배경으로 하였음에도..이 시대 와 여전히 닮아  있다..  
20170131,5,관람객간만에 보는 전형적인 지루한 유럽 영화다.  
20170131,9,"관람객이해할수있다고 생각하지만 사실 타인을 이해하는 것은 불가능하다는 진실, 가족이라 할지라도ㅡ  "
20170131,8,관람객보는 내내 힘들었다. 가족이건 스토리건 그러나 좋았다.  
20170131,10,정말 좋은 영화였습니다.  
20170131,7,관람객초반부분 지루함. 그래도 볼만 했음. 엔딩 뮤직 좋음.  
20170131,10,"그래, 들여다 보면 다 그럴 거야. 자비에돌란이 그걸 알았구나.  "
20170131,1,내 생에 최악의 영화 이게 영화냐?  감독 영화 그만찍어라 감독 죽빵 닐리고 싶었다  
20170131,9,가족 조차도 모든 것을 이해하고 나눌 수 없다. 말로 설명하기 어려운 현실을 영상으로 표현하다니... 감독이 다시한번 대단하다고 느낀다.  
20170130,6,"관람객숨막히고 답답하다. 대화를 나눌 수 없는 가족의 모습을 이해한다. 드러나는 것 이상의 무언의 위태로움이 대화의 맥, 눈빛, 음악으로 드러난다. 원하지 않는 사랑에 대한 의무를 다해야 하는지, 결이 달라 생기는 오해는 풀 수 있는지 질문을 던져준다.  "
20170130,10,앙투완도 루이도 쉬잔도 엄마도 다 이해가 되었다.가족들 모두가 상처가 있었다..  
20170130,8,"관람객사실 영화스토리는 너무 어렵게 받아들여졌다, 먼저 예고편을 접한 것도 아닌 '자비에돌란' 이 이름 하나 보고 감상한 영화였기 때문에. 하지만 영상의 분위기, 빛과 어둠, 그리고 배우들의 감정이 날 충분히 사로잡았던 것 같다.  "
20170130,6,"명절 후라 그런가, 프랑스도 여기와 다르지 않은 가족이라는 굴레, 로 위안 아닌 위안 받는 영화.자비에 돌란은 아직도 '가족' 으로부터 독립하지 못한건가, 하는 의심과 명품 배우들의 고구마 먹은 캐릭터 연기 대잔치.  "
20170130,5,"관람객동성애?도찐개찐, 배우 얼굴이 봐낌  "
20170130,8,절대 남이 될 수 없는 남같은 가족. 매끄러운 만듦새. 그러나 감독의 '애증의 가족' 마지막 시리즈가 되길 빌었다.  
20170130,8,관람객단지 세상의 끝임을 받아들이고 가족과 화해를 결심한 주인공이 대견합니다  
20170130,1,감독엄마있냐????  
20170130,6,관람객공감이 많이 되는 영화입니다  
20170130,9,관람객엄마도 형 동생도 나도 사람.  
20170130,10,관람객서로 자기말만 하는 가족. 진짜 집은 안식처일까  
20170130,10,관람객역시 자비에 돌란???  
20170130,5,관람객가족이니까 그럴수 있다고  생각되었다. 하지만 그래도 이분 영화는 답답하고 이해할 수 없는 부분들이 가득했다.  
20170130,5,관람객잠이 와요.. 감정선만을 생각하며 보면 볼만하지만 좀 루즈한 감이 있는....  
20170130,7,관람객저절로 배우들의 감정선을 따라가게 됐어요. 좋았습니다.  
20170130,9,관람객이세상에서 가장큰상처를줄수있지만 그리고 다시 만나고 용서할수밖에 없는존재가 가족이라는 생각이들었고..더이상 남은시간에는 상처주고싶지않다는..  
20170130,4,관람객돌란의 여전한 가족과 엄마에 대한 애증. 마미나 로랜스애니웨이처럼 영상의 화려함은 없음. 인물의 감정을 강조하려 한 것 같지만 늘 그렇듯 감정과잉이란 느낌이 든다. 큰 사건도 공간 이동도 없어 조금 지루함. 근데 노래 하나는 정말 최고로 잘 쓴다.  
20170130,8,"관람객 연극같은 영화. 호불호가 분명히 갈릴 영화이기는 한데, 개인적으로 극에 이입이 잘돼서 재밌었다.  "
20170130,8,관람객앙투앙밖에 생각이 안난다  
20170130,8,관람객기립박수 받을만하다 하지만 문화차이 로 누구나 겪어볼만한 감정이지만 몰입이 쉽지않을수는 있을거같다  
20170130,2,뭔가 아쉬운영화엿다..흠  
20170130,9,모든 가족의 구성원이라면 봐야할 영화라고 생각했습니다.가족 특유의 답답한 분위기에 대한 묘사가 탁월  
20170129,3,관람객자비에돌란 감독때문에 봤는데 어떤걸 보여주려하는지는 미지수.  
20170129,10,관람객주인공과 가족이 일대일로 대면하는 모든 상황이 숨막혔다 단지 가족일 뿐인데.  
20170129,9,관람객가장 가까우면서도 때로는 가장 멀리 있는 존재가 가족이라고 생각한다.  
20170129,7,"솔직히 천재, 거장 , 이런거는 모르겠고-인상적인 영화인 것 만큼은 확실하다. 도무지 머리에서 지워지지 않은 잔향이 있다.  "
20170129,7,관람객자비에 돌란이 이야기하는 가족  
20170129,7,"가족이라는 주제를 어렵게 풀어낸 영화. 각 인물들의 대화와 행동을 곧잘 공감하지 못하면 조금 힘든 영화. 집이라는 작은 공간의 배경도, 얼굴을 클로즈업한 기법도 볼수록 익숙치 않은 영화. 관람을 마친 후보다 장면을 곱씹을수록 의미를 깨닫게 된다.  "
20170129,7,"관람객우리가 경험하고 느끼고 있는 가족이라는 짐,애잔함,이해불가,그러나 사랑하고있는 감정의 묘사들을 어마어마한 대사와 표정으로 그려내고 있다  "
20170129,7,관람객자비에 돌란의 집약체 그리고 배우들의 신들린 연기  
20170129,8,"관람객가족이라는 이름 속에 얽힌 갈등, 희생, 그리고 사랑  "
20170129,8,"관람객그 속에 내가, 우리가족이 또는 그 누군가가 보이네요.  영화 잘 봤어요^^앞으로도 믿고 보겠습니다 자비에 돌란♡  "
20170129,5,내내 긴장감과 연기력이 폭발하지만 그래서 어쩌자는 건지 모르겠다. 연기가 아까움.  
20170129,10,관람객very good awesome  
20170129,7,관람객루이가 떠날 수 밖에 없었던 이유  
20170129,9,관람객감독이 의도한 것이 무엇이됐던 보는이가 답답해하거나 말하고 싶어했다면 감독이 이긴거다. 루이의 답답함보다 앙투안의 무식한 속풀이가 시원했고 서툰듯서툴지 않은 엄마며 순진하듯아닌듯 쉬잔의 눈물.이 가족의 안타까운현실이 나와 멀어보이지 않아 좋았다.  
20170129,6,관람객난해한 영화였다...  
20170128,10,관람객드러내고 싶지 않은 가족의 모습을 뛰어난 연출과 함께 가장 진솔하게 표현한 영화  
20170128,10,관람객가족이란 이름의 원죄 프랑스 짱들 모아다가 영화 찍은 88년생 감독 캐사기  
20170128,8,관람객 가깝고도 먼. 죽음조차도 말 못할 만큼 껄끄러운 관계. 바늘같은 비수로 여지없이 아픈곳을 다시 찔러버리고 마는 잔인한 .  
20170128,9,관람객새 심장 발딱발딱 아직은살아있네뭘  
20170128,7,영화의 의도도 알겠고 배우의 엄청난 연기력을 보았으나 살짝 아쉽다  
20170128,8,하도 사이가 불편해서 보는 사람도 불편함. 근데 이해는 감. 가족은 서로 상처를 주고~ 각자 자신이 받은 상처에만 관심이 있지. 그 관계 자체가 상처이기도 하고. 웃기는 건 그 상처도 사실 사랑하고 있거나 사랑받고 싶기 때문에 받는다는 것?  
20170128,10,관람객미장센 음악 극본 모두 훌륭한 영화. 가족간 애증을 애절하고도 섬세하게 잘 담아냈다  
20170128,10,관람객최고의 영화 겨울에 보기 좋습니다  
20170128,8,관람객신체의 역동이 아닌 말의 역동을 느낄 수 있는 너무 내 취향의 영화  
20170128,9,군더더기 앖이 툭툭 내뱉는 말들.. 그 안에서 서로의 대한 생각과 거리가 묻어 나왔다. 앙투안이 루이에게 가족들에게 쏟아낸 말들이 나는 그 동안의 장남으로서에 무게의 고통을 느꼈다. 가족 누구도 앙투안의 고통에 귀기울이지 않을 때 루이는 이해하였다..  
20170128,10,자비에돌란이 말하고 있는 가족이 진짜 가족이다  
20170128,7,관람객보면서 답답했고 보고나서도 답답함이 가시질 않았다  
20170128,6,관람객가족과 같이 살면 좋을까 어떨까  
20170127,9,ㅇㄱㄹㅇ명절에 봐야 제맛ㅇㅇ  
20170127,7,관람객가족간에 있는 내면의 갈등을 잘 표현했다  
20170127,4,"다소 과대평가된 아직은 어린 감독의, 섬세함을 둘러싼 치기와 투정부림.  "
20170127,8,관람객여운이 많이 남는 영화입니다  
20170127,8,관람객다 안다고 생각해서 거기서부터 오는 잘못됨...?  
20170127,6,'형'편 없는 영화네요. 맏이 스트레스가 컸나봐요.  
20170127,5,역시 자비에 돌란! 과대포장된 감정과 영화 그리고 감독  
20170127,8,관람객내 인생의 주인은 나라는 환상.  
20170127,9,관람객가족에 대해 이렇게까지 파고들 수 있는 사람이 몇이나 될까!  
20170127,7,"관람객편해서라는, 어떤 한때문이란 이유로 서로 상처 주고 하지만 서로를 위로 할수밖에 없는 슬픈 우리 가족 같은 프랑스 영화. ㅠㅠ  "
20170127,7,관람객모든 이야기는 음악들이 말해준다  
20170127,5,관람객신이시어!오 신이시어  
20170127,10,관람객다시볼꺼에요!! 감정이 극에 달하는 모습이 정말 좋았음  
20170127,8,관람객습하고 뜨거운 여름의 가족들  
20170127,9,그들의 이전의 시간들이 참으로 궁금해지는 시간이었다.  각 역할의 감정을 내가 직접 겪은 느낌이었다. 상영 시간 내내 마구 맞은 느낌이다. 자비에 돌란 영화 중 내 기준에서는 좀 더 대중적인 느낌이 많이 들었다. 여운이 굉장히 오래갈 것 같다.  
20170127,9,상받을만 하다 돌란의 또다른 압도적 성장세 영화 등장인물 모두애게 공감이 갔다  
20170126,9,관람객배우의 연기가 너무 좋네요  
20170126,1,한번도 웃음을 준적 없음.  전반적으로 짜증과  불만이 대표적  영화 분위기.  저예산 영화도  잘 만드면 볼만한데 ㅇ건  내가 본 영화중에  최악임.  
20170126,7,관람객사랑하는 마음을 누구도 뺏을 수 없어  
20170126,6,관람객내가 애매한게 아니라 영화가 애매한거였다.  
20170126,8,관람객음.... 잡에돌란 그냥 그랬어 이번ㄱㄴ?  
20170126,10,관람객가족이라는 상처와 폭력 그리고 운명  
20170126,7,관람객으앙 영화가 너무 어려워요ㅠㅠ  
20170126,8,관람객영상미나 색감이 너무 좋았고 배우들의 연기도 훌륭..누구든 겪었을법한 가족간의 갈등을 이야기해서 좋았음.  
20170126,7,관람객쏘쏘앙투안 때문에 몰입이 안되었던  
20170126,10,관람객영화가 뒤끝이 심하네요 ^^ 오래 생각납니다^^  
20170126,8,관람객Ce n'est pas la fin du monde  
20170126,4,관람객기대를 하고 봐서 그런가 초반에 지루해서 살짝 졸았습니다. 후반부로 갈수록 가족들의 감정이 최고조로 올라가면서 점점 흥미로워 지더라구요. 다시 볼 예정입니다.  
20170126,9,관람객서로가 서로를  너무 사랑해서..  
20170125,7,관람객너무 재밌었어요. 역시..  
20170125,8,관람객음악과 장면이 섞여있는 꼴라주 같은 영화..  마지막에 서로의 상처를 어쩔줄 몰라하는 가족들 사이에서.. 아무것도 하지 못하는 주인공의 모습이 마음이 먹먹해졌다  
20170125,9,"사랑이라는 폭력 속에서 도망치고 싶었다. 그리고, 그럼에도 사랑했다.  "
20170125,2,"EBS ""달라졌어요""의 100분 버전. 단 화해는 없음.  "
20170125,10,관람객인간의 마지막 절규의 몸부림...음악도 심금을 울립니다  
20170125,10,관람객엉엉엉엉 날 가져요 자비에돌란  
20170125,10,관람객명작은  역시  형이 동생을 때리려는 마지막 순간  주먹쥔  손이 굳은살로  영화가 말하려는  영화내내  빈정대던 형의  가족에대한 책임감을 느낄 수 있었다.  신만이 알수 있는....  
20170125,5,관람객재밌었어요 조금 혼란스럽고  
20170125,6,관람객엄청기대했는데 반을 졸았음 ㅠㅠ  
20170125,8,관람객지루할수 있으나 감정의 변화가 재미있게 그려져있음  
20170125,10,관람객잘봤습니다. 감사합니다.  
20170125,3,관람객선댄스도 못가는게 어쩌다 칸에 갔을까  
20170125,7,관람객저는 공포영화 보는 느낌이였어요..가족들간의 여줄타기 같으면서 계속 긴장하게 만드는 영화랄까요..소재나 흐름이나 우리나라에서는 좋은 뜻이든 나쁜 뜻이든 나올 수 없는 영화입니다.  
20170125,5,관람객자비에 돌란 영화 중 가장 이해하기 어렵고 공감가기 어려웠다. 언제 음악은 좋았지만 영화를 보는 내내 답답했다.  
20170125,10,가끔 나의 가족은 나를 어떻게 생각할지 사랑할지 아껴줄지 궁금했다. 영화를 보는 내내 내가 동생이 되어보고 오빠가 되어보고 엄마가 되어보는 시간이었다  
20170125,10,관람객세상의 끝에는 가족이. 사랑해서 말할 수 없었고 말할 수 없어서 울었던 그들  
20170125,7,관람객매우 정적인데 잠은 오지 않음  
20170124,9,인생의 고단함을 말할수없는  
20170124,10,"관람객돌란의 끝이기도 하지만, 시작일 수도 있는 작춤  "
20170124,6,관람객기대했던만큼 아쉬웠다  
20170124,8,관람객재밌어요 기대이상입니다  
20170124,6,"자비에 돌란의 영화는 항상 감각적이다. 하지만 이번 영화는 실망감이 컸다. 인물이 설득력이 많이 떨어졌고, 몰입이 되다 마는 느낌이 강하게 든다. 가족의 복합적인 의미를 표현하고자 한 건 좋았지만 전반적으로 아쉬움이 크다.  "
20170124,8,역시나 영상과 음악 돌란스럽다 특히 쿵쿵거리는 음악과 함께 과거로 되감기해 추억하는 장면은 너무 좋았다  
20170124,1,관람객시나리오 를 어떻게 만들고 촬영을 한것인지 관객에대한 고민은 전혀 없었던것으로 아님 관객으로 나자신의 수준이 부족 하든가 둘중에 하나는 문제가  많은 경우 스토리를 보면 세심하게 가족의 갈등을 묘사한것으로 보고 있으나  시간과 요금이 아깝다  
20170124,10,관람객너무 재밌고 좋았어요. 추천합니다  
20170124,9,관람객한 번 더 보고 싶고 한 번 더 봐야 할 것 같다.  
20170124,9,관람객평이 낮아 별로일거라 생각했는데 정말 좋았습니다  
20170124,10,관람객1234567890  
20170124,9,관람객조금은 지루했다. 하지만배우들의연기력에높은점수를!  
20170124,8,관람객자비에돌란이 풀어내는 가족의 이름  
20170124,7,관람객사랑과증오 그리고 그속에 있는 가족 .. 단지 세상의 끝  
20170124,10,관람객고경표배우님과 함께한 지브이도 같이 있어서 재밌게 봣습니다  
20170123,9,"어디서부터 잘못된건지 알수없지만,가족이기에 서로를 기대고 싶었을 뿐이었을 것이다.  "
20170123,4,"관람객루이에게 이입되어 마음이  아프고 답답해서 터져버릴 것 같았다. 음악, 미장셴은 기대 이상으로 좋았지만.. 이렇게 한 틈도 내어 주지 않는, 진전 없이 제자리에 천착해 있는 게 가족이었던가. 자비에 돌란은 주인공 루이의 목소리를 더 지켜줬어야 했다.  "
20170123,10,"Je te comprends pas mais je t'aime, Je t'aime  "
20170123,8,"서로가 소통하기엔.. 주인공의 자의식이 너무 강하고, 가족들은 너무 서투르다.  "
20170123,6,관람객감정묘사는 좋았지만 그래서 뭐...?된다  
20170123,5,관람객돌란 영화를 끝으로 프랑스영화는 당분간 안녕인걸로....아 영화 넘나 별로였음  
20170123,8,관람객극 클로즈업으로 인물의 심리와 그의 모든 것을 담아내기에는 부족했다고 느낀다. 그래서 이 영화가 오히려 흔히 말하는 Hi-Class 적 감성을 이끌어 내려는건 아닐까  
20170123,8,"관람객팬인 나도 몰입될 정도로 뛰어났던 뱅상카셀 ,역시 최고였다.눈빛과 숨소리로 메세지를 전하는 부분들이 참 좋았다  "
20170123,10,8월의 여름같은 짜증났던 영화  
20170123,4,관람객원작을 찾아보게 되는 영화. 왜?로 시작해서 왜!로 끝나게 되는 영화..  
20170123,10,"부족함 없어 보이는 가족에게도 저마다의 곪은 상처가 있다.  소통의 부재, 오해,  열등감 인간이 보편적으로 느끼는 감정이 가족이라는 이름으로 상쇄되기도 하고 더해지기도 한다. 이를 집약적으로 풀어낸 영화.  "
20170123,8,"관람객끝나고나서계속그끝이남아있는영화였습니다. 다시보면또다른점들이보여질것같고,,영상,음악그리고배우들의세밀한감정표현과클로즈샷등...끝장면이자꾸..맴돌아요ㅠ힘든점이였다면프랑스어가생소해서그부분이약간의이해를방해했다는점정도일거같습니다  "
20170123,8,관람객배우들의 감정연기가 좋았다  
20170123,6,"관람객배우들의 연기랑 화면 음악 등 부수적인 것은 좋았으나, 한편 가족들의 불화는 어디나 있구나 하는 일종의 안도감도 있었으나 불편하다  "
20170123,9,관람객때때로 가족 속에서 느껴왔던 외로움이 극 중 누구의 것과 가장 흡사한가 궁금해졌다  
20170123,9,관람객난 널 이해할 수 없어 하지만 널 사랑해  
20170123,7,관람객내용이 우울했지만 재밌게 봤습니다.  
20170123,10,관람객이런 영화에는 평점이 필요없다.장르를 뛰어넘는 이야기 한편을 인상적으로 본 기분이다. 자비에 돌란이 어린 나이임에도 불구하고 세계적으로 주목을 받고 있는 감독인지 느낄 수 있는 영화다.  
20170123,8,가족 이야기로 이토록 숨막히게 할 수 있을까  
20170122,7,"내 세상의 시작이자 끝인, 가족이라는 찬란한 연옥  "
20170122,9,관람객이해되지 않는 부분을 고경표gv 해석을 통해 영화를 이해했습니다.  
20170122,6,관람객엔딩 크레딧 올라갈 때 음악이 인상적이었다  
20170122,9,관람객가스파르 울리엘 눈빛연기며 모든 배우들의 연기들이 훌륭하고 좋았고 내용도 좋았습니다... 가족이란... 에 대해서 생각하게 되는 영화.  
20170122,10,관람객다시다시다시다시다시보기  
20170122,10,몰입도가 장난아니네요 ㅠㅠㅠㅠ 저는 자비에돌란 영화중에 제일 괜찮았어요 여운이 장난아닙니다 ㅠㅠㅠ  
20170122,8,관람객혼란 속 혼자인 주인공..  
20170122,6,관람객관객들에게 주인공의 답답함을 그대로 전달해주고 싶었다면 감독은 매우 성공했다.근데 진짜 영화보는 내내 답답해서 미치는 줄 알았다.  
20170122,8,"평점이 나빠서 걱정했는데 전 너무 좋았어요. 대사며 장면이며 배우들의 연기며 다 좋았어요.어린 나이에 이 정도의 연출이라면 자비에는 천재인 건 확실합니다. 40대 ,50대에는 얼마나 섬세한 연출을 할 지 무척 기대됨  "
20170122,8,관람객가족간의 관계... 가장 잘안다고 생각하지만 가장 크게 오해하고 단정짓는 관계  
20170122,8,관람객자비에돌란의 헐리우드 진출 전 모든 걸 쏟아내린 해설을 듣고 더욱 영화의 여운이 길었다. 그의 미장센은 여전히 훌륭했고 주인공을 통한 감독 본인의 내면을 투영한 점도 인상 깊었다. 앞으로 더욱 기대되는 라이징 감독이다.  
20170122,8,관람객처음엔 보고 뭔내용이지 했는데 곱씹을수록 이해가 되는 영화였어요! 다시보고싶은 영화입니당  
20170122,6,관람객배우들의 연기가 훌륭하나 김정선을 다소 이해하기 힘듭니다...  
20170122,9,관람객세상의 시작과 끝은 가족!  
20170122,6,관람객인생의끝 삶의끝이 무엇인지?  
20170122,10,관람객모든 이유는 가족이기 때문이다  
20170122,8,관람객가족에 대한 이야기이며 동시에 관계의 소통에 대한 생각을 하게 된다.마지막 엔딩이 인상적임  
20170122,5,관람객갠적으로 해석하기 어려운 영화였어요! 마냥 배우들이 너무 미남미녀였어요!  
20170122,7,관람객가족.사랑하기에 더 아픈...  
20170122,7,관람객자비에 돌란의 에너지를 가늠하다당대 프랑스의 내노라 하는 배우들도 한자리에 모였다특히 마지막 장면은 매우 인상적이고 현대적이다  
20170122,10,관람객배우들의 깊은 감정 연기와 음악 선곡도 좋았습니다.  
20170122,9,관람객역시 자비에돌란 감독 작품답네요!  
20170122,7,관람객감독의 이전 영화들을 전혀 모르는 상태에서 보게 된 영화입니다 영화를 본 후 전작들에 대한 궁금증이 생기고 보고싶게 만드는 연출이었고 감독이 말하고자하는건 무얼까 여러 생각들을 하게 만들었습니다  
20170122,6,관람객흠..좀 실망스러웠던  
20170122,9,관람객백분동안 완벽하게 저는 그 가족의 일원처럼 호흡할 수 있었습니다.  
20170122,10,관람객누구나 한번쯤은 겪었을 가족간에 느끼는 애증의 감정을 고구마 잔뜩 먹은 주인공을 통해 사실적으로 표현한 영화  
20170122,9,관람객재밌어요 근데 이게 칸 받을만한지는 모르겟다  
20170122,9,관람객같은 종착점에 위치한 세상의 시작과 끝. 그리고 종착점으러의 회귀  
20170122,8,관람객한번 잠잠히 생각하면서 보고싶은 영화 같아요  
20170122,6,관람객단지 불편의 끝 단지 과잉의 끝  
20170122,7,관람객욕받이 무녀 된 기분이었다  
20170122,10,관람객 처음부터 끝까지 보이는것 들리는것 모든게 숨막힘 그 자체이지만 그 숨막힘이 와닿아서 여운이 남았던.. 경험에 의해 이입이 되는거에따라 호불호가 갈릴 것 같은 영화라 생각한다!  
20170122,8,관람객Family are not my home  
20170122,8,"관람객영화를 볼때 재밌다고 말할 수는 없으나 보는 내내 답답하고, 화나고 그랬다. 가족이 글치 않나. 이해와 오해, 사랑과 증오  "
20170122,10,관람객숨막히던 마지막 엔딩 ..  
20170122,9,관람객돌란 영화는 늘 불안하고 불편하지만 꼭 챙겨보게 되는 매력이 있다.  
20170122,1,"문화제국주의의 표상, 캐나다 불어권 감독. 과대평가  "
20170122,6,"세련된 미쟝센, 찰진 음악보다 탁월했던 배우 캐스팅. 저마다 가진 상처, 그 파편들이 나뒹구는 토네이도 속에서도 꿋꿋이 다음 만남을 얘기하던 엄마의 모습에 가슴이 시렸다.  "
20170122,8,"관람객자비에 돌란 스타일을 좋아하시는 분들에겐 적극추천!!화려한 캐스팅, 배우들 보는 재미는 덤  "
20170122,3,관람객말못하는 이유가 있었겠지...  
20170122,5,관람객한번 봐볼만한 영화.그냥 자비에 돌란의 영화.  
20170122,8,관람객정신없고 씨끄럽고 분노조절 안되는 그런 가족들을 만나러간  그곳이 세상의 끝 이었다  
20170122,3,관람객머리아파지는 영화 현실보다 더 적나라한 현실  
20170122,5,자비에돌란 영화 좋아하지만 이번엔 좀 어려웠다...초반의 질루함도 한목 했고....특유의 분위기 있는 영상미가 있지만 이번 영화...하....  
20170121,6,관람객레아세이두 연기는 늘 너무 좋다  
20170121,1,존나재미없다진짜ㅅㅂ  
20170121,4,관람객과대 평가된 작품이다. 이런 류의 영화는 무수히 많다. 무엇보다 개연성이 부족하다. 모든 인물들의 분노를 비롯한 감정의 시작이 무엇인지 찾아보라고 관객에게 떠밀다다 마지막 장면에 도달한다.  
20170121,10,관람객정말 가족의 모습을 본듯합니다  
20170121,9,관람객시놉시스가 흥미롭진 않았지만 자비에 돌란의 영화이기 때문에 봤다 누마누마예가 우리나라에서는 코믹한 맥락으로 쓰였기 때문에 중간에 집중이 안되었다 (이런 우리만 공유하는 정서 재밌다) 처음부터 그 가족은 되게 부자연스러웠는데 그게 정말 사실적이었다  
20170121,7,관람객자비에돌란 팬이라서 봤어요. 개인적으로는 이전 작품 보다 덜 했지만 영상미나 ost가 감각적이고 감독의 색이 묻어나와 자비에돌란 팬이라면 한번쯤 보기 좋을것 같아요.  
20170121,10,관람객너무나 좋아 고마울정도이다.  
20170121,9,"관람객가족이니까이해되는스토리,,  "
20170121,9,"관람객지금껏 본 자비에 돌란 영화중에 가장 격렬하고, 임팩트 있는 영화.  "
20170121,8,"관람객역시 자비에 돌란!색감, 인물 심리 굳  "
20170121,4,관람객나르시즘이 이 정도면 병이야  
20170121,8,관람객괜찮네요 기대안하고봤는데  
20170121,6,관람객자비에돌란 이번에 쉬어가는 템포  
20170121,9,관람객가족이라은 역할아래에 혹은 실체 아래에서 오고가는 대사 한마디 한마디가 눈물맺히게 했다.  가족이라는 것에 대한 양가감정은 유별나다. 끝인 동시에 시작이며 시작인 동시에 끝인. 존재의 증명이자 답답함의 테두리. 가족은 그렇게 가족이다.  
20170121,9,관람객9점줄게 나온 노래 어디서듣냥  
20170121,8,관람객가족에 대해 다시 한번 생각하게 하네요^^  
20170121,10,"관람객이런 분위기의 영화도 집중할 수 있게 만들었던 배우들의 연기, 음향효과  "
20170121,10,내 고난은 신밖에 모르시니?  
20170121,6,"이해를 해도 문제, 이해를 못해도 문제.  "
20170121,8,관람객최고의 재료로 만들어낼 수 있는 조금 밋밋한 수프라 조미료를 잘 넣어드세요  
20170121,2,영화가 좀 많이 어렵네요.. 앙투안은 대체 왤케 신경질만 내는 건지... ㅜㅠ 완전 엉망에다 핵지루함.  
20170121,10,관람객처음이해 힘들었는데 오래 여운이 남네요  
20170121,10,세상 끝날까지도 자기 이야기 하느라 남 이야기 안듣는 사람들.  
20170121,7,관람객야단법석 가족영화 현실적이다  
20170121,6,너무나도ㅗ기대했던영화이기에 실망도큼  
20170121,7,관람객화장실에서 볼 일 다 본 후 잊어버리고 밑을 닦지 않고 나온 느낌. 도입부 음악은 쵝오!  
20170121,7,관람객가족끼리 보기 좋은 영화  
20170121,8,관람객보는 내내 사람의 감정표출과 말에 대해서 생각하게 된다.그리고 사랑의 방식에 대해 다시 한번 생각하게 된다.  
20170121,10,"관람객몰입도, 흡입력, 심리묘사. 미리 공개된 내용으로 서정적인 영화일까 생각했지만 탄탄한 연출력으로 끝까지 긴장을 놓지 못했다. 재능 있는 젊은 감독은 드디어 거장이 되었다.  "
20170121,9,"열등감과 이해심의 부족이 낳은 가족의 갈등, 그래도 사랑.열등감에 가득찬 첫째, 미성숙한 자아의 막내, 그리고 생각없는 엄마, 이들을 중재하는 형수 그리고  이들을 이해하려는 루이의 최소한의 가족애  "
20170121,8,관람객지루할틈없이 긴장되는영화  
20170121,5,"관람객자비에 돌란 감독 팬 이긴 하지만, 기대 했던 거에 뭔가 엄청나지는 않았다. 감독이 가족이라고 하는 가까우면서도 먼 사이의 모호한 인간 관계에서의 갈등과 감정에 집중하여 영상에 담은 것 같은데 그렇게 와닿지는 않았다.  "
20170120,8,관람객나의 고통은 오직 신만이 아신다  
20170120,8,관람객연기자들의 연기가 아주 좋았다.가족간의 오해와 이해를 생각하게하는 영화.프랑스영화 특유의 지루함이 있다.  
20170120,6,관람객연극을 보는 듯했다. 2/3이상이 인물 초근접촬영이며 무거운 배경음악이 내면 심리를 부각시키고 있다. 소통이 되지 않는 가족의 황폐함에 막내딸의 눈물이 싹을 피우기를 바라게 된다.  
20170120,7,관람객끝까지 보고 평가해야하는 영화.  
20170120,8,관람객영상미와음악이머무좋았습니다  
20170120,4,영화 역사상 가장 과대평가 받는 감독 두명 돌란과 상수  
20170120,3,관람객너무 어렵다..ㅡㅡ 너무 감정을 몰아치는 느낌이어서 보기힘들었음  
20170120,10,모든게 이해가 됐다...일기를 훔쳐본 기분이고눈물 흘리기에 차마 미안하고 부끄러웠지만평생 살아있는 동안 해결 하려고 애쓰는게 무의미할 정도로 차분해졌다엔딩크레딧이 다 올라가고 가슴이 미친듯 뛰었다모두가 이해됐다... 모두가 맞았고...틀렸다  
20170120,8,"관람객몰이해의 대상을 안다고 생각했거나, 모르는 것을 인정하지만 알려고 하지 않을 때, 나 편한대로만 사랑할 때, 그리하여 설명을 포기하게 될 때 //  남의 얘기같은가. 당장 명절 때 잘 봐보시길.  "
20170120,9,관람객영상미랑 감정 최고 근데 스토리는 똥  
20170120,9,관람객퇴보를 모르는 칸의 총아  
20170120,8,관람객자비에 돌란 감독의 영화는 항상 가족과 나자신에 대해서 생각하게 한다 엔딩이 매우 인상적이었다  
20170120,6,관람객영상이나 음악쓰는건 정말 잘 하는 사람같다  
20170120,8,관람객 빛의 활용을 잘한거같다. 후반부에 싸우는 씬에서 배경이 주황색빛이여서 분위기가 더 잘 살아났다. 뭔가 심오한 뜻이 있는거같은데 내가 어려서인지 파악하지 못했고 인물들의 감정순에 따라가기가 어려웠다. 근데 앙투안 진짜 때리고싶었음 성격 겁나 꼬임.  
20170120,7,관람객12년을 설명하기엔 그 몇시간이 너무 짧았던 것일까  
20170120,8,관람객세상의 시작이 가족이었듯 세상의 끝도 가족일 수 밖에 없다.  나의 친애하는 적이란 표현이 참 잘 어울리는 모두의 가족이야기 인듯.  
20170120,4,작년 국제영화제때 봤었는데 보는 내내 무슨내용인지 하나도 이해가 가질 않았습니다.. 거의 영화 내내 카메라 앵글 자체가 배우들 얼굴로 줌인되어 나왔는데 그점도 보는데 힘들었어요.. 저한테 예술영화가 안맞나봐요; 감독이 무슨말을하고싶었던건지; 전혀ㅠ  
20170120,10,관람객영화가 너무 짧다고 느껴졌어요 빨리 끝나서 깜짝 놀랐어요 자비에 돌란 영화는 예상치 못한 ost로 즐거움을 항상 주는데 이번엔 진짜 최고!! DVD 로보면서 함께 에어로빅 추고싶네여!!  
20170120,8,관람객그냥 흘려보낼 수도 있는 수많은 감정 하나하나가 클로즈업 되어 숨막힌다. 그래서 특별하다. 상처로 시작해서 상처로 끝나는 영화.  
20170120,8,미워해. 하지만 너무 사랑해  
20170120,7,관람객대화를 하지만 전혀 소통이 안되는 가족의 모습이 답답했지만 공감이 갔고 배우들의 연기가 너무 좋았다  
20170120,9,"다채로운 색감과 음악, 감정의 흐름을 다루는 그만의 감각적인 연출이 좋았다.가족들 사이에 오랫동안 뿌리박혀있던 문제들과 거친 감정들을 건드리면서 답답한 무언가가 해소되는 듯 하였으나 다소 아쉬운 결말이었다.마지막 시퀀스를 떠올릴수록 점점 더 슬퍼진다.  "
20170120,9,루이가 전하려는말은 마음에묻고 안녕을 말하는모습이 씁쓸하다.그는 단지 세상의끝에서 가족이라는 향수에 다시 젖어들고 싶었고 떠나기전 해야할말을 하고싶었던것 그뿐이었을 것이다.가족이라는 이름으로 남들과는 얼마나 다르게 서로를 얼만큼이나 이해할 수 있을까.  
20170120,6,"관람객순간순간의 감정과 대사, 늘 그렇듯 센스있는 선곡과 촬영은 좋았으나 영화 전체를 꿰뚫는 무엇이 없어 아쉽다. 자비에 돌란 영화둘 중 가장 실망스러운.  "
20170120,8,영화에서 앙투안을 좀 미화시키는거 같은데 그냥 열등감에 찌들은 피해의식충만한 못난이다  
20170119,7,관람객불어 공부할겸 친구랑 보러 갔는데 서로 이거 우리 집 아냐 하다가 폭소했음ㅋㅋㅋㅋ 밑에글처럼 자비에돌란영화라 좋았어도 전에 자비에돌란이 다룬 가족얘기 보단 엄청나진 않았더가 같았아요ㅠ  
20170119,10,관람객자비에돌란 팬이라서 ㅎㅎ한번더 볼 예정이예용 ㅎㅎ  
20170119,5,그 생기 넘치던 자비에 돌란의 개성은 어디로.  
20170119,9,관람객곱씹고 생각하고 또 곱씹고 생각하게 하는 영화  
20170119,8,관람객재밌어요 뱅상카셀이 나같았어요....  
20170119,8,관람객매우 시끄럽거나 매우 묵묵하거나 그 자리에서  
20170119,7,관람객이해할 수 없는 가족과 산다면 추천  
20170119,8,"관람객내 세상의 끝이 어딘지 알아버렸을 때, 나는 과연 무슨 생각을 하게 될까  "
20170119,8,관람객좋은 영화인 것 같긴 한데.. 너무 어렵다ㅠㅠ  
20170119,10,욕망이 충돌하는 곳 세상의 끝  
20170119,6,It’s Only the End of the World  
20170119,7,관람객후반의강렬함은 누가머래도압권  
20170119,6,관람객끝내 남이 될 수 없는 남같은 사람들  
20170119,8,"관람객앙투안 명존쎄.,,..,,  "
20170119,9,관람객생전 처음 접하는 영화 쟝르인것 같고.. 많은 생각을 하게 하는 무거운 영화다.  
20170119,6,관람객돌란의 과도기적 작품까지 사랑할 수 있는 팬들에게 추천한다.  
20170119,8,"관람객사건이 일어난 후와 사건이 일어나기 전의 시간에 초점을 맞춘 내용은 지루하게 흘러갔고 그들이 분노하고 슬퍼하는 이유를 관객이 따라가기엔 버거웠다. 하지만, 미장센이 훌륭했고 특히 마지막 장면은 잠잠하던 관객의 마음을 한순간에 흔들어놓고 끝났다.  "
20170119,6,남발한 클로즈업과 아웃사이더 속사포 랩같은 프랑스어 대사에 숨막히는 답답함만 느꼈다  
20170119,5,관람객보는내내 불편했던 영화...  
20170119,1,굉장히 짜증나고 예술인 '척'하는 영화.. 좋은배우들이 아깝다..  
20170119,5,"감독이 자기 자신을 너무 믿고있는듯한 느낌...  시종일관 들이미는 클로즈업과 수다스러움, 과도한 음악이 상당히 거슬렸음. 자비에 돌란은 과대평가 받고 있는 감독이라는 걸 재확인 했다.  "
20170119,10,그가 집을 떠난 것은 탁월한 선택이였다.  
20170119,5,관람객지난 일년간 어떤 멋에 취한걸까  
20170119,9,관람객인간의  가족간의 갈등을 심도있게  
20170119,8,관람객자비에돌란의 연출력과 배우들의 연기가 돋보인 작품  
20170119,10,관람객졸라 재밌음 자비에 돌란  
20170119,10,말이 필요없다. 갓비에돌란  
20170119,5,"글쎄요. 자비에 돌란 영화 다 보고 그 중에 로렌스 애니웨이, 마미를 특히 재밌게 봤는데 이건 진짜... 실망스럽습니다ㅡㅡ;  "
20170119,10,배우들 연기를 보는것만으로 눈호강인데 포스터 세트 득템까지! 좋다좋아!!  
20170119,1,왜?뭐가? 지지고볶고싸우다가 끝나버린... 난 도저히 모르겄다..ㅠ  
20170119,10,관람객초반이랑 마지막 음악이랑 배우분들 연기 너무 좋았습니다!  
20170119,9,"예쁜 화면과 아름다운 멜로디, 아린 사람들  "
20170119,6,이해는 되는데 이입이 안 된다.  
20170119,10,그럼에도 자비에 돌란!!  
20170119,4,자비에는 내 스탈은 아니다. 이해가 안간다. 공감도 안되고 재미도 없다. 예술적? 어디가?  
20170119,8,처음 10분 영상미와 마지막 10분이 괜찮았고영상미는 예고편 내용 짜집기한것이 다했고 거의 전부다 클로즈업 지루하다 보고나니 내 심란한 마음이 더 심란해졌다 갑갑하다  
20170119,10,관람객가족의 진실: 상처를 주는 사람은 결국 상처를 받은 사람이었음을.  
20170119,6,관람객그래서요..??.?.?.?  
20170119,10,배우의 연기와 영화의 구조가 잘 어율렸다  
20170119,8,평가하기에 무거운데 꽤  
20170119,8,관람객옆자리의 그 사람은 울었다 펑펑  
20170119,8,관람객Home is where it hurts  
20170118,6,다시 보려 했으나 앙투안때문에 맘을 접음  
20170118,8,"역시 한번봐선 한번에 모를 영화, 아니 다 알지 못하는 영화. 개인적으로 가장 좋아하는 감독의 영화이기에 그의 미장셴은 반갑다. 영화관 밖에서 더 생각나는 영화. 전작에 비해 다른 느낌이 들지만 더 깊어져 돌아옴엔 틀림없다. 두번은 더 볼 예정.  "
20170118,8,관람객캐스팅은 폭탄 감정 연기는 라우더 댄 밤즈  
20170118,6,관람객너무 어려워서 내가 잘 이해를 못 하는건가.. 음악소리 커지면서 몽환적인 영상 나오는건 마미까지가 좋았던 것 같다.  
20170118,4,앙투안 죽빵날리고싶었다  
20170118,10,관람객앞으로도 믿고볼 자비에 돌란  
20170118,8,"가정이 안식처가 되지 못한다는 것. 사랑이라는 이름의 부담, 가족이라는 이름의 폭력.  "
20170118,10,"영상, 음악, 연기가 어우러지는 90분간의 텐션! 돌란 특유의 감각적 영상연출에 더해지는 울림있는 OST, 다섯 배우의 치열한 연기까지 완벽한 영화!  "
20170118,5,뭐가 문제기에 저리 싸우는거지. 끔찍한 미스테리를 감출 것 같더니 결국 안알랴줌. 클로즈업과 겉멋 뮤직비디오로만 가득찬 구성이 답답하다. 원작 연극은 행간을 관객 스스로 읽게 하려는 것 같은데 자비에 돌란은 관객이 비집고 들어갈 틈새를 주질 않는다.  
20170118,8,결국 아무것도 말하지 못한 채 루이는 집을 나섰고 영화는 끝났다. 루이가 집을 나가기전 갑자기 튀어나와 온 집안을 헤집다가 땅에 떨어져 죽은 작은새처럼 그도 홀로 죽음을 맞겠지. 보고나니 조금 허망했지만 곱씹어보니 좋다.  
20170118,8,관람객마지막 십분에 별풍선 쏩니다 와르르  
20170118,10,언제부터 이렇게 단단히 꼬여버린건지..서로를 오해해 가슴에 묻어놨던 말들을 쏟아낼 때 너무 안타까웠습니다.믿고보는 자비에돌란!!  
20170118,8,관람객숨막히고 감탄하다 순식간에 끝난다  
20170118,9,자비에 돌란의 '걸어도 걸어도'를 보는 듯...  또 주인공에 자신의 모습을 많이 투영한 것 같았다 젊은 나이에 성공했지만 그 성공 이면의 아픔이 있다라고 말하는 느낌이랄까?  
20170118,8,관람객자비에돌란의 색깔이 많이 보이지 않아서 조금 아쉬웠다  
20170118,8,누나누나의~~(영화본사람들은 알꺼임 ㅋ)연기를 다들 너무 잘해서 보는내내 숨막힌다  
20170118,6,관람객세세한 감정표현 등 예술성은 있을지 모르지만 개인적으로는 정서 상의 차이때문인지는 몰라도 공감이 많이되진 않았고 흥미있게 몰입되진 않았음.  
20170118,9,관람객가족간 대화가 아주 필요하다고 느꼈음  
20170118,10,관람객이런 감정 오랜만에 느껴본다.. 이 벅차오르는 감정  
20170118,8,마지막은 무슨 뜻이죠?  
20170118,6,고조되는 인물들을 따라가기 벅찼다.. 보는내내 힘들었다  
20170118,8,관람객자비에 돌란만의 느낌이 풀풀있는 영화!  
20170118,8,이렇게 다양한 평점이 존재하는 영화도 처음인듯... 그런 의미에서 나도 다양햐게 주고 싶네 .  
20170118,8,"관람객초반엔 예측할수없는 부분이많고 약간 지루하게도 느껴지지만 후반부로 갈수록 툭내뱉는 말들에 각 인물의 생각이 담겨있어서 그때부터 예측, 이입이가능함을 느낌. 별 다를게 없어도 가까울거라 생각했던 가족은 그저 그 울타리를 칭할뿐이란걸 공감한영화  "
20170118,6,미장센은 뭐 말하면 입 아프고.. 아직까진 돌란이 영화 중 로렌스 애니웨이 따라올 만한 건 없다고 봄  
20170118,9,방금보고나왔는데 역시 돌란감독답게 꽤 잘나온거같네요. 마미와는 다르게 돌란의 또다른 세계네요 추천드립니다!  
20170118,7,의미는 알겠으나 한국에선 이걸론 부족함.  
20170118,10,말로 표현할 순 없지만 울컥하게 하는 영화. 영상미 음악은 자비에 돌란 답게 너무나 멋지고 배우들의 미친 열연도 대단했다. 무엇보다도 제대로 표현할 줄 몰라서 사랑한다고 내 이야기 좀 들어달라고 자기 말만 소리치던 가족들이 마음 아팠다.  
20170118,7,가깝던 것이 가장 무겁게 느껴지는 순간.  
20170118,9,불친절한 영화. 하지만 모든 것이 설명되는 영화.  
20170118,8,자비에 돌란의 세계는 어디까지일까..알듯 모를듯 가벼운듯 무거운..참 시끄럽고 불평 많은 가족이지만 세상 끝에서의 소중함이란..  
20170118,10,작품성 100점 아니.. 전부다 100점..  
20170118,10,돌란답게 분위기는 끝장난다.. 쏙 홀려 들어가는 거 같다  
20170118,8,"관람객초반엔 예측할수없는 부분이많고 약간 지루하게도 느껴지지만 후반부로 갈수록 툭내뱉는 말들에 각 인물의 생각이 담겨있어서 그때부터 예측, 이입이가능함을 느낌. 별 다를게 없어도 가까울거라 생각했던 가족은 그저 그 울타리를 칭할뿐이란걸 공감한영화  "
20170118,6,미장센은 뭐 말하면 입 아프고.. 아직까진 돌란이 영화 중 로렌스 애니웨이 따라올 만한 건 없다고 봄  
20170118,9,방금보고나왔는데 역시 돌란감독답게 꽤 잘나온거같네요. 마미와는 다르게 돌란의 또다른 세계네요 추천드립니다!  
20170118,7,의미는 알겠으나 한국에선 이걸론 부족함.  
20170118,10,말로 표현할 순 없지만 울컥하게 하는 영화. 영상미 음악은 자비에 돌란 답게 너무나 멋지고 배우들의 미친 열연도 대단했다. 무엇보다도 제대로 표현할 줄 몰라서 사랑한다고 내 이야기 좀 들어달라고 자기 말만 소리치던 가족들이 마음 아팠다.  
20170118,7,가깝던 것이 가장 무겁게 느껴지는 순간.  
20170118,9,불친절한 영화. 하지만 모든 것이 설명되는 영화.  
20170118,8,자비에 돌란의 세계는 어디까지일까..알듯 모를듯 가벼운듯 무거운..참 시끄럽고 불평 많은 가족이지만 세상 끝에서의 소중함이란..  
20170118,10,작품성 100점 아니.. 전부다 100점..  
20170118,10,돌란답게 분위기는 끝장난다.. 쏙 홀려 들어가는 거 같다  
