0,1,2
20190123,10,정말 위키의 말대로 레이는 성공한 개 ㅜㅜ 새 ㅜㅜㅜ끼 네요 ㅋㅋㅋㅋ  
20190117,10,천년이 지나고 너와 난 죽고 없어도 햄버거는 구워질것이다  
20190101,7,맥도날드의 진정한 창립자는 누구인가?  
20181224,7,누가 옳다 그르다 말할 수 없는것 같다. 자본주의 사회니까  
20181219,10,맥과 딕 그리고 크록 둘 다 미국의 다른 모습을 보여주는 상징적인 인물들이다 비록 맥과딕은 실패했지만 실패한게 아니고 크록은 성공했지만 성공한게 아니다 애플의 멋진 재기에 왜 미국인이 열광했는지 알것 같다  
20181215,10,성공 과정이 열정 가득 하지만 잔인하다 그래서 더욱 더 성공. 이런 인간일수록 성공하는 세상. 너무나 현실적  
20181210,8,"맥도날드는 앤디워홀에 대한 오마주다. 이 작품을 보고 자본주의 속물의 이면 어쩌구, 1차원적인 단평만 해대는 사람들은 비지니스든 아트든 평생 손가락 질만 하며 우물안에 사는 관객에 불과하다. 평론가로 살다 끝내 무대로 걸어간 남자가 레이 크룩.  "
20181126,10,이래서 내가 야망을 갖고 살지 ^^  
20181103,10,이게 불편하더라도 실환데 어쩌나? 미국식 자본주의의 현실. 한번 생각해 볼만한 문제. 유튜브 딴따라들은 수십억씩 버는 마당에 실명까지 해가며 외상환자 보는 이국종한테는 1~2억도 안주며 심지어 그런 병원외상센터조차 적자가 나는 사회.  
20181028,9,who is the founder ?  
20181007,9,시네프 보고 들어오신분 좋아요  
20181007,8,솔직히 남주 쓰레기다....  영화 자체는 평타친듯  
20181003,9,"아주 충격적이고, 미국적인 스토리. 양아치 짓을 하려면 확실히 성공을 해야 위인이 된다. 한국은 없는 것들끼리도 뒷통수 치고 산다.  "
20180916,2,"맥도날드 형제에게 던져준 270만달러의 가치만큼 별점 드림. 성공신화라기보다 ""죽쒀서 개준 맥도날드 형제""만 기억에 남는 영화.  "
20180818,8,인생은 레이처럼 . ..  
20180815,7,레이 크록이 없었다면 지금의 맥도날드도 없었다. 훌륭한 아이디어보다 중요한건 세상이 그 아이디어를 알아 보는 것이다.  
20180810,9,연기 연출 모두 훌흉하다. 맥도날드 형제가 사기 먹은 듯한 느낌이라서 좀 불쌍하지만.  
20180803,10,마이클 키튼의 연기는 특별히 튀지 않으면서도 집중하게 만든다 영화 초반에는 맥도날드 주변의 쓰레기를 줍고 열정적으로 매뉴얼을 지키려 노력하는 모습의 레이 크록이 대단하다 싶었지만 후반부로 갈수록 맥도날드 형제를 강탈하는 모습에 씁쓸함을 느꼈다  
20180731,10,개봉 첫주에 봤었는데 이제서야 쓰네요. 어렸을때 처음 접했던  M사에서 일도 했었고 여러가지로  추억과 애증이 있었는데  그 이유를 잘 알려주는 영화라고 생각합니다.  
20180725,10,비즈니스 세계에 있는 사람은 흥미로울 수 밖에 없는 영화  
20180721,9,역시 돈에 치면 도둑질과 도와준 아내도뭐고 없는걸 보여주는 영화  결국 돈말고 다잃는걸 보여주네  이제 맥도날드도 내려와야지? 바이바이~  
20180721,1,목적을 위해 수단을 가리지 않은 자. 구두계약을 꼭 지키겠다고 해놓고 지키지 않은 자. 자신이 가장 힘들 때 곁을 지켜주었던 아내를 버린 자.  
20180702,8,덕분에 맥날 끊었습니다  
20180620,8,흥미로운 이야기 스토리에 빠져들게 됨  
20180618,10,"사기꾼이라고 말하기엔, 그가 이뤄낸 지금의 맥도날드가 너무 대단하네요. 어느 누가 이렇게 이뤄낼 수 있었을까요. 아이디어와 이름을 지은 맥,딕 형제의 천재성도 박수 받아야 마땅하지만, 그것만으로는 지금의 맥도날드를 이루지 못했을 겁니다. 잘 봤습니다.  "
20180608,7,결국 뒷통수 치고 회사 먹은거네 쓰레기같은 놈이였군  
20180605,7,"마이클 키튼은 Ray를 너무나 잘 소화했다. 마이클의 연기를 통해 Ray라는 인물이 내뿜는 분위기를, 그가 성공의 요인이라 주장하는 '인내와 단호함'을 기분 나쁘도록 충분히 느낄 수 있다. 마이클은 제2의 전성기를 지나고 있다.  "
20180522,5,"레이가 없어도 성공했을 사업. 중요한건 진짜음식을 사용하며 천천히 성공하느냐 짜가음식,성분을 적절히 사용하며 급식으로 성공하느냐 차이  "
20180520,8,OOO네.... 로열티는 진짜 너무 했다 ㅡㅡ  
20180510,10,최고다 최고 버거킹먹으러가야지  
20180509,8,기업의 꽃은 역시 개발이 아니라 마켓팅이지나름 집중하며 보게되는 묘한 매력이 있는 영화  
20180508,9,꼭 그렇게 다 가져가야만 속이 후련했냐!!!  
20180507,7,레이크록 돈만 쫓는 자본주의 민낯을 보여준다.  
20180507,8,인디언들을 탄압하며 미국을 건국한 마인드가 맥도날드 형제를 몰아내어 사업을 확장한 레이 크록에게 대물림 된듯 하다. 미국이 미국했을 뿐  
20180507,8,맥도날드는 밋있으니까 8점 준다  
20180506,7,미국의 상징인 맥도날드의 탄생배경이 묘하게 미국의 탄생배경과도 닮았다.원주민을 몰아내고 전쟁을 통한 피로 세워진 탄생역사.  
20180503,10,역시 사업은 끈기가 있어야 성공한다  
20180501,8,"지루하고 뻔한 긍정메시지의 영화라고 생각했는데, 전혀 아니었다. 짜임새있는 연출 덕에 긴 시간 집중하면서 봤다.  "
20180416,9,마이클 키튼은 연기를 통해 한 인물의 인생을 보여준다. '끈기'. 이것이 그가 이번 영화를 통해 나에게 보여준 인생의 메시지이다.  
20180408,8,"노년기 샐러리맨의 성공신화인데, 끈기에 대한 찬사와 더불어 기업이 커질려면 어쩔수 없는 잡음이 있어야한 다는 당위성을 아름답게 표현한것 같다.  "
20180408,10,사실 맥과 딕이 라면 사실 맥도날드의 성공을 이끌지는 못했을 것..  
20180325,9,레이크록의 전기 영화. 그가 있기에 맥도날드가 있는거라 욕 할순 없지만 마지막 엔딩장면처럼 왠지 씁쓸한 레이크록의 본 모습이다..  
20180315,8,맥도날드 = 자본주의 = 현시대 = 우리  
20180313,10,위선충들에게는 불편할 영화ㅋㅋ  
20180312,8,굿009988776  
20180311,9,주인공 연기 잘함 ㅇㅇ 그거 떄매 9점  
20180306,7,장인정신은 예술에 가깝다.비즈니스와는 전혀 다른 맥락.  
20180303,10,맥도날즈 없는 맥도날드 신화  
20180302,10,훌륭한 영화이다.다소 이기적인면도 있지만 나름 재밋게 보앗다.  
20180302,10,다른 사람들은 영화보고 맥도날드에 정이 떨어지는 거 같은데... 이상하게 나는 영화 보고 기본햄버거와 치즈버거가 엄청 먹고 싶어 졌다...  
20180226,7,법이뭔지...제대로 모르면 저렇게 당한다  
20180220,10,진짜 이런 사실을 알려줘서 고마운 영화 진짜 쓰레기네 레이라는 놈ㅋㅋㅋㅋ  
20180217,8,재밌게 봤습니다.왜 모바일에서는 홀수점수를 못 줄까요?  
20180215,8,맥도날드 형제가 겁나 답답했다. 전형적인 유두리없고 답없는 외골수들  
20180213,10,재밌게잘봤다용...  
20180211,9,어떤 내용인지 모르고 호기심에 보게 되었는데 마이클 키튼의 연기력에 빠져 2시간이 어떻게 흘러갔는지 모르겠다. 실화라는 것에 조금 놀라웠고 우리가 평소에 즐기던 맥도날드가 이렇게 탄생했다는 것을 좀 더 이해하기 쉽게 느낄 수 있었던 좋은 시간이었다.  
20180206,9,쓸쓸한 영화 입니다..  
20180128,8,맥도날드 형제가 원한 진정한 의미의 햄버거사업은 인앤아웃이 이루었다  
20180123,7,맥과 딕형제는 세로운시장을 세운 개척자지만 그걸 이용한 사람은단지 혁명가라는 거짓을쓴 사기꾼일뿐  
20180115,10,이 영화가 부정적으로 보인다면 사업을 해보지 않았거나 사업을 해서는 안되는 사람이다.  
20180109,7,"이 영화를 보고나서는 맥도날드가 더 좋아지거나, 혹은 싫어지거나. 하나겠다.  "
20180108,9,씨네F에서 틀어주길래봤는데 참 기분 찜찜하다. 그런 거대한 성공속에서 크록의 마음이 이해안되는건 아니지만 여하간 뒷맛이 개운치않아서 1점뺐다. 난 공생의 길을 선택했을것같다. 그리고 누가 불쌍하다기보다 다 자기성격대로 사는것같다  
20171229,10,망한 영화라고는 보지 말자 주인공이 조금 여우같은것 뿐이지  
20171229,8,거봐..결국 얍삽한 놈이 성공하게 되있다니까?? 보면서 이해는 되지만 왠지 씁쓸했다. 불쌍한 시골의 맥도날드형제.  
20171228,8,레이 욕하는 머저리들은 머지? 레이 같은 사람이 혁신을 주도하는 사람이고 맥도날드 형제같은 사람들은 그 혁신의 소스가 될 뿐인거지. 맥도날드 형제의 역량은 동네 햄버거 가게 사장 밖에 안되는거야.  
20171227,8,비지니스로 위장한 다된밥 뺏어먹기맥도날드도 여자도....그냥 저인간 습성인듯포장이 잘 된거 같다어쨋든 도둑놈  
20171224,10,레이크록이 머가 나쁜거지 독촉서까지 받아가며 경영해주는데 죽겠다고해도 나몰라라하는 맥도날드형제가 더 나빠보였는데 경영한번 안해본 패배자들이 지돈 아니라고 쉽게 얘기하는거 같다 그러다가 자기일 되면 분말이 아니라 설탕물가지고 밀크쉐이크라고 팔것들이  
20171224,8,원래안먹었지만 더욱 격렬하게 안먹고싶다  
20171219,7,훈훈한 영환줄 알고 봤는데 빡쳐서 잠이 안온다.  
20171217,8,끈기라 포장되는 인간의 욕망은 때론 발전을 가져오지만 어느 순간 기본점이 무엇이었는지 돌아보게 한다.  
20171211,8,사람은 함부로 들이는게 아닌가보다...세상을 똑똑하게 이용해 '먹는' 잘난 사람들에게 휘둘리지 않을 수 있을 정도의 힘과 지혜가 있기를...!  
20171211,9,맥도날드형제가 수익 1퍼를 사기당한것 보다 더 슬픈건 맥도날드의 정체성을 잃어버린것...  두 형제에게 맥도날드는 지옥이었겠죠.  제마음속에 진정한 맥도날드의 창업주는 딕과 맥입니다.  
20171210,10,"진흙속의 진주를 발견한 레이, 그덕에 맥과딕은 평생못만질돈을 만졌다.  "
20171130,10,찝찝한 성공의 이면.딕과 맥은 어떤 생각이 들었을지. 죽기전까지 맥도날드란 자신들의 성이 그리웠을 것이다.  
20171129,10,미국 자본주의의 성장 과정에서 보이는 대기업이 소기업을  없애는 방법이 잘 보였습니다. 법적으로 대기업이 분명 잘못했지만 소송을 일단 걸어놓으면 소기업은 그 소송비용을 감당할 수가 없어 파산하고 말죠.  
20171129,8,"끈기,투지라는 단어가 이렇게 공포스럽게 다가오다니. 레이는 자본주의 사회의 관점에서 볼때 가장 이상적인 사람이 아닐까싶다 그의 집념이 무섭게 다가왔다 이 영화는 어떻게 프렌차이즈가 성장하게 되었는지 잘보여준다 거기엔 한 사람의 욕망이 그대로 담겨져있다  "
20171128,7,영화를 보니 버거킹을 더 자주 애용 해야겠다는 생각이 든다..  
20171125,9,"뭐야, 요식업계의 소셜네트워크인가  "
20171119,10,"당신은 누구처럼 살겠는가? 선뜻 대답 할 수 있을까?  아, 물론 저는 맥도날드 형제처럼 살겠습니다.  "
20171112,10,크게 보는 사람은 크게 갖고 적게 가진 사람은 적게 갖는다. 장사하거나 사업체 가진 사람은 꼭 필견하길. 맥도날드 형제는 멋진 시스템을 만들어서 평생 벌어도 못벌 돈을 벌고도 크록이 만든 사업을 넘본게 웃기다. 맥형제는 장사꾼이고 크록은 사업가였다.  
20171103,10,★★★★명작★★★★  
20171009,9,지금 우리에게 엄습한 바로 그 '자본주의'  
20171008,8,레이가 살아생전 한잣이 있어 사후 재혼한 와이프가 그렇게 기부했나 보다. 아 맥도날드 주인이 맥도날드가 아니라니...햄버거의 충격  
20171001,10,레이크록 이 나쁜 놈의 새...  
20170926,10,모든게 훌륭한 영화지만 영화적인 해피엔딩은 없구나 역시 현실은 냉혹하다  
20170924,10,역시나 허구헌날 이씨조선 사극이나 울궈먹는 헬조선과는 차원이 다르다 ㅋㅋㅋ 영화 하나를 찍어도 이렇게 현실과 미래 비젼을 보여주니 말이다 ㅋㅋㅋ 숱하게 울궈먹다 못해 너덜너덜한 헬조선 사극과는 비교불가 아메리카 드림 영화 ㅋㅋㅋ 정말 부럽다 부러워  
20170919,8,재밌었지만 영화가 끝나고나니 맥도날드 먹기 싫어지는 영화  
20170913,7,햄버거가게로 위장한 전형적인 자본주의 땅투기~  
20170910,9,관람객선악으로는 설명할 수 없는 매력!  
20170908,8,크록이 들었던 긍정과 끈기로 영화를 끝내야 했다니‥ 맥 형제들도 사업을 밀어붙일 때 천천히 끈기있게 하자고 했으며 마지막까지도 자신의 가게 바로 앞에 매장을 내고 구두약속까지 한 크록을 믿었던 긍정주의자였다‥누구라도 긍정적이고끈기있게 살려고는 한다‥  
20170906,1,더러운 영화다. 성공을 위해 아내를 버리냐.  
20170831,8,끝없는 노력과 수많은 아이디어로 만들어진 맥도널드 버거를 통째로 삼킨 레이. 맥형제는 권리를 포기하고 자신들의 버거를 다시 만들지 못했다. 처음부터 모든 것을 갖기 위해 신의마저 저버리고 부를 이룬 레이. 박수치고 싶진않다. 영화는 재밌다.  
20170829,9,"맥형제가 피해자라고만은 할수없죠.그들이  손에쥔 돈이 알만데.그들은 그후로 인생을 즐기며 살면 되는거다.야심가,일벌레인 레이는 평생 일하며 희열을 느끼다 기부하고 떠나는것이 그의 팔자인거고.흑백논리는 정말 촌스럽다.맥형제는 착하고 레이는나쁘고?ㅎㅎ  "
20170821,10,"크락은  가능성을 발견했고, 그걸 붙잡았다. 그가  만약 맥도날드의 가능성을 보지 못했으면 오늘날의  맥도날드가 존재할까? 영화에서 저 형제들을 불쌍하게 보이려고 애를 쓰는데(영화시점) 크락이 없었다면 맥도날드는  동네 패스트푸드 점에 불과했을 것이다  "
20170819,10,이영화는 전개가 지루하지 않으면서도 막 달리지 않는다.관객이 영화를 따라올 틈을 준다. 마이클 키튼의 연기는 캐릭터와의 엄청난 싱크로율을 자랑한다. 이영화는  미쳤다.  
20170810,10,전쟁터에서 인간미 도덕심 찾는 사람들은 이해못할 한 사업가의 이야기. 물론 사생활은 문제 있지만 그의 집념에는 박수 보낸다. 무능한것만큼 큰 죄악도 없다는 말이 있듯이.  
20170805,7,재미는있었으나 찝찝한 영화 . 이런 영화가 제일 싫음 약육강식  
20170805,9,"힘든 시기를 같이 버텨준 와이프를 버리고, 맥도날드를 재산권으로 가로챈 크록이 인간적인 면에서 미워보이는것은 분명하다. 하지만 크록은 맥도날드의 이름과 의미를 정확히 캐치했고 결국엔 지금의 가치를 만들었다. 결국 현실에선 뺐어간 놈이 웃는다는 거..  "
20170804,9,와 뒷통수 작살..맥도날드 형제가 사업가적 마인드만 좀 가졌더라도 저리 무너지지 않았을텐데.결론은 장인정신 과 갑질청산외치는 착한 놈은 결국 장사꾼한테 먹힌다는 내용. 세상은 영악하게 사는게 최고다.  
20170802,9,"햄버거 제국을 쌓아올린 레이 크록은 참 도덕적으로 비난받아 마땅한 인물이지만, 영화 보면서 마음 한편으로는 그의 성공에 대한 집념과 실천력만큼은 솔직히 부럽다고 느꼈음  "
20170801,8,모든것의 이면에는 인간의 무서움이 내재 되있다고 느껴지는 영화. 물론 맥도날드 별로 안좋아함  
20170801,7,버거킹이나 맘터가 나는 더 맛있더라 우쟉  
20170801,10,성공하는 사람들은 잔인하고 사이코패스적이다. 보통 사람은 그렇게 되지 못한다.  
20170731,10,장사하는사람이라 감정이입이 크게됐다 내가 겪었던아픔  냉정히 평가하면 나는 딕과 맥스타일이었다 그들의 고집 과 장사개념 인정한다 그래도 사업은 감성버리고 냉철해야 한다.. 맥도날드 인류 최고의 네이밍    10년 고민을해도 안나온다 타이틀이  
20170730,10,"사람들이 존경하는 잡스, 빌 게이츠... 다 이런식으로 성공했다. 사업에서 아름다운걸 찾지 마라.  "
20170730,10,맥도날다 랑 좁데리아 안사먹고 걍 동네햄거버집가서 먹어야겠다 기분 ㅈ같다 진짜 솔직히 아내버리고 다른와이프 뺏어서 하냐 어캐 ㅈㄴ 쓰레기네 ceo가아니라 핵폐기물 ㅅㄲ네  
20170729,10,비판적인 말들이 좀 많은거같은데결국 크록이없었다면 맥도날드도없었음지금 우리나라에 맥도날드가 있게한것도크록이 프레드터너를 좋게 볼수있었던 통찰력에서 나온것임  
20170727,10,맥도날드의 시작을  제대로 그린 영화. 단순한 내용을 흥미롭게 연출  
20170720,10,괜차나 맥대갈이 따위...빠가킹이 훨 맛나요~!  
20170720,9,"미워할 수 밖에 없는 인간의 본성이라지만, 그 또한 인간일뿐. 리얼한 드라마였다.  "
20170718,8,욕심없는 장인과 전형적인 사업가.두 상반된 인물들의 맥도날드 창업 스토리~ 결말은 씁쓸하지만실화이기에.. 이것이 세상이다.  
20170716,10,현실에 안주하다간 가진것을 모두 잃는다. 끊임없는 전진이 필요하다.  
20170716,10,1961년에 레이는 맥도널드 형제에게 원계약을 파기하는 조건으로 각각 세후 백만달러를 주었다. 지금의 가치로 보면 최소 수백억원의 엄청난 거액을 그들은 레이를 만나 단번에 거머쥐었다. 과연 맥형제를 피해자라 말할 수 있을까?  
20170714,6,성공하고 난뒤에 본다면 모든 과정이 아름다울 수 밖에  
20170714,9,자본주의와 성공의 씁쓸한 뒷세계를 보여주는 영화  
20170709,9,도덕과 이치 그리고  감정을 배제한 끈기로 승리하다. 이승만과 겹쳐보이는 건 착각?  
20170708,8,맥 형제는 능력은 좋았지만 그만큼 순수하고 완고한 탓에 소통 없이 세상과 등을 지고 살아왔다. 진정으로 성공을 바란다면 직접 세상 안으로 뛰어들어 가 부딪히며 쟁취해야 한다. 아 그렇다고 레이 크록을 옹호하는 건 아니다. 그는 선을 넘은 사기꾼이니.  
20170708,10,재밌네요. 가치를 만든다는 게 참 어려운 일인 것 같습니다.  
20170706,10,여기  깨시민들  많네. 레이 욕하는 사람들은   인생  바쳐서  만든 기업  쌩판 모르는 남한테  넘길수  있나보지?  
20170705,8,익사하고 있는 사람 입에 호수를 꽂을 용기가 있는가 ... 극단적이지만 딱히 반박할 수도 없는 말이었다. 극단적으로 미국이 세상을 제패한 단 하나의 이유를 본 기분이었다.  
20170704,7,노력과 정직함만으로는 작은 성공만 있다  
20170703,9,"만든 사람 따로, 성공 시키는 사람 따로...  맥도날드도 가로채고, 남의 아내도 가로채고.... 그러나 성공은 그 치부를 가린다.  "
20170703,10,"영화 재밌다. 전개도 빠르고, 주인공이 맥도날드를 차지하는 과정도 흥미롭다. 아이디어가 좋아도, 천재라도 결국 그 능력을 이용하고 확장하는 자만이 웃는다.  "
20170630,9,모두가 그를 비난하지만 크록은 그의 모든걸 걸고 끝끝내 그가 바라는 정상에 오랐다.  맥도날드 형제에겐 아쉽게도 비지니스 마인드보다 오너쉽이 전부였으며 크록이 없었다면 맥도날드는 지금까지도 캘리포니아에 단 하나뿐인 명물 맛집 정도로 남지 않았을까.  
20170629,9,그놈의 돈... 돈이 최우선이라니.. 이 사회의 현실이다.  
20170629,10,관람객너무너무좋았다앙앙ㅎ  
20170628,9,약아빠진 나쁜놈들이 주인공이되는 세상 씁쓸한  결말  
20170628,7,미안한데 우리나라에서는 롯데리아야  
20170627,7,영화는 참 잼있게 봤다. 지루하지 않고 있었던 맥도날드의 역사를 알게 되어 좋았다. 물론 주인공이 참 나쁜 인간이지만 마냥 비난만 하는 것도 옳은가 하는 생각도 든다. 씁쓸하지만 지금의 맥도날드가 저 사람때문에 존재하는 것이니 무슨 말이 안떠오른다.  
20170626,9,현재를 살고자 한 이름이 맥도날드인 형제와 미래를 본 기업 맥도날드의 창업자 이야기  
20170625,8,재주는 맥도날드 형제가 부리고 돈은 레이 크룩이 가져갔네.  
20170623,8,장인 정신이 있던 맥도날드를 무자비하게 내 몰은건 사실이지만 가능성을 보고 실현시킨 공도 인정해야겠네요. 지금은 않좋은 패스트푸드 대명사가 되어 버렸지만 레이 크록 시절에는 품질도 어느정도 지켰었던 같음.  
20170622,6,생면부지 외판원에게 자기네들 영업비밀과 히스토리를 다 오픈하는 덤앤더머 바보형제 이야기.  
20170618,10,스토리텔링은 훌륭함. 그런데 끝은 미스트반전보다 더 비극임...브랜드도 뺐어가고 그 1%도 지급안하려고 사기계약까지 했네. 역시나 영업쟁이 믿으면 훅갑니다. 반면 크록이 없었다면 맥도날드가 널리퍼졌나 하는 점은 생각해볼 여지는 있음.  
20170614,10,"가장 빛나는 것 같지만 사실은 가장 어두운 남자의 인생을 비추는, 아이러니하고도 영리한 전기영화.  "
20170613,8,맥도널드의 파운더가 아니라 프랜차이즈의 파운더네..  
20170613,10,볼만해요 . 굿 . 맥도날드 탄생비화 . 많은 곳에서 일어나는 가진자의 횡포는 계속된다  
20170613,8,훌륭한 연출입니다 잘봤어요  
20170610,9,어쩔 수 없다고 납득하고 마는 자본주의 시장경제의 현실이 씁쓸하게 느껴지는 영화. 뒷맛이 남는 실화지만 그렇다고 맥도날드가 싫어질 것 같지는 않다. 빅맥먹을때마다 떠오르긴 할테지만.  
20170608,1,헐 헐 헉!이영화 맥도날드가 알고있나?  
20170607,10,사업가로써 좋은 영화 굿  
20170606,10,세상을  만들어나가는  진짜 육식동물의  세계  
20170604,5,관람객몰입하는 인간이이다지도 몰입되지 않을수가 있는가  
20170604,9,울나라 프랜차이즈 오너들도 영화좀 보고 느껴라..돈에만 환장하지말고..  
20170604,7,하... 정말 설립자의 이야기일 줄 알았는데 이런 발암 영화일 줄이야  
20170602,10,자기가 원하고 사랑하는 것들은 얻고야 마는 사람의 뒷모습이 아름답지만은 않겠지만 절대 처량하지는 않다  
20170601,1,주인공인간성에 1점 주기도 아깝다...남의 아이디어훔쳐서 대박나고 원래주인 말려죽이고? 조강지처 남의 부인으로 갈아치우고... 허어. 그래서 몸에 안 좋은 패스트푸드 맥도날드가 생긴거구나...안 먹어. ... 미친.  
20170531,8,역사는 승자를 위해 쓰여진다...  
20170531,10,Winner takes all! Persistence and determination! 최고의 영화!  
20170531,7,전형적인 사악한 기업가는 이런놈이다~~  라는 정석을 보여준 영화...한 인간의 탐욕과 추악함을 적나라하게 보여준다  
20170530,8,도널드 형제의 문제는 결국 협상을 못하고 고집을 너무 부린거고 레이크락은 끈기와 뚝심 그리고 비지니스맨답게 인맥을 총동원하여 사업을 성공시키고 자신의 것으로 만든것. 여기서 도널드가 고집을 좀더 줄이고 협상을 잘했다면 둘다 윈윈이 되지 않았을까?  
20170529,9,마이클 키튼 캐스팅이 신의 한수였다...  
20170528,8,"맥도날드를 발라먹는 레이 크락, 냉혹한 악어가 따로 없네 냉혹하다는 비즈니스 세계이지만 눈뜬채 베어가 제국을 이룬 맥도날드의 이면 = 미국식 자본주의? 남의 마눌까지  "
20170528,10,아무생각없이 보다보니 두번보게된 영화. 인생이 다 그런거지머^^  
20170528,10,관람객느낀점도 많고 재밌었다. 승자인 레이크록의 관점에서 미화된 경향이 없지않지만 역사는 승자에 의해 쓰여지는 것 아닌가!!  
20170528,10,아름다운 성공담일줄 알았는데 ....:  
20170528,8,"""재능, 천재성""은 엑스트라, ""끈기""라 부르지만 ""탐욕""으로 보이는 그 미명의 주연.  "
20170527,9,나를 되돌아보게 하는 의미 있는 영화 한편 잘 본듯합니다.  
20170526,9,공포영화에 등장하는 삐에로는 맥도날드에서 가져온 듯..  
20170523,9,관람객너무재밌어요.   기업가는머져요  
20170523,5,황금(양)ㅇㅏㅊㅣ...  
20170519,7,"2017.04.22 cgv영등포, 기대안했는데 아주 좋음  "
20170519,9,영화의 주제는 끈기와 결단 그리고 발음이 맥도날드가 아니라 '맥따노올스' 라는거.  
20170519,9,"'크록'은 '맥도날드'가 될 수 없었다. 미국이기에 가능한 성공 스토리는 오늘날 한국의 젊은이에게 귀감이 되어, 한국에게도 가능한 이야기이길.  "
20170518,9,관람객등록하래놓고 귀찮게 쓰라는것도 많네  
20170518,10,관람객도날드형제가 괜히 불쌍해지는 영화...  
20170517,10,관람객많은것을 생각하게 하는 좋은 영화였습니다. 비즈니스하시는분들은 몰입도가 엄청날것같아요!  
20170516,9,관람객사업에 대해서 다시 끈기를 불어넣어준 영화이다  
20170516,10,남의 소유를 강제로 빼앗는 끈기라면 그런끈기는 없는게 더 낫다고 생각한다.  
20170516,10,뺏긴것이 맥도날드 이름인가요? 햄버거인가요?  
20170515,10,영화 좋음. 마지막에 끈기를 강조한 연설문은 영화 중간에 주인공이 듣던 강연을 그대로 카피한 것이라 주인공을 미화한다기 보다 비꼬는 장면임.  
20170515,7,관람객굿~~~굿~~~~굿~~~~  
20170515,7,맥노날드 성공 신화 속 씁쓸한 진실!  
20170515,8,"영화 자체는 괜찮은데, 맥도날드 이제 안먹는다. 그의 사업 감각을 칭찬하기엔 너무 열받는다.  "
20170514,10,"여튼 레이크록이 없었음 지금의 맥도날드도 없엇겟지 ,  "
20170514,9,개발자랑 사업가랑 구분해서 본다면  나름 성공적인 거래였다고 보인다.  배우들 연기가 좋아서 몰입도가 높았습니다.  
20170513,8,착하게 성공할수는없다  
20170513,6,마이클 키튼의 마지막 연설연습의 독백이 이해되면서도 굉장히 씁쓸하다.  
20170513,10,가끔 영화를 보면 레이같은 캐릭터가 싫곤 했었다.하지만 잘따져보면 그배우는 연기를 잘한것이고또하나는 어느정도는 미화된 영화가 다담지못하는 부분도 있으니까 현실에서는 실제주인공들 엄청 속터지고 홧병 홀리쉣이였을 거같다.  
20170512,10,사업은 이런거다. 먹고 먹히는 맥도널드 햄버거 처럼  
20170512,10,관람객상영관이 별로없어서 아쉽지만 아주좋은 소재의 실화 영화다  
20170512,8,맥도날드의 불편한 진실  
20170511,10,갠적으로 올해본 영화중에 가장 단연 최강이였다...뭔가 겁나게 씁쓸한 이 기분은 영화가 끝나고도 끝나지 않는다;; 보면서 느낀건 저 시대때이니까 가능하지 않을까 싶다.. 지금이라면 절대 불가능했을 성공양식..  
20170510,9,레이 크록이 끈기로 맥도날드를 성공시켰다는 것은 틀렸다.  
20170507,8,안정된 연기력. 준수한 연출. 수제버거 같은 영화. 1955버거는 사기였네.  
20170506,8,관람객뭐가 정답일까? 마냥 크록을 욕할수도 없는거같고. 영화는 정말 중립적으로 연출되었음.(중립적인거 자체가 크록에게 비판적인 건가싶기도 함. 평들을 보면)  
20170506,10,개인적으로 올해 본 영화중 최고였습니다!! 몇가지 중요한 통찰을 가르쳐 준 영화입니다!! (^o^)b  
20170506,10,관람객영화 파운더 재미있네요. 한번 보세요  
20170506,10,관람객사업에 도전하고  싶은 욕망이 생기는 영화입니다  
20170506,8,관람객길 건너 황금아치가 이전과는 달라보인다.  
20170505,9,성공스토리는 맞는데 이 X같은 기분은 정말  
20170505,7,관람객미국 자본주의의 실체. 정직한 리더는 없다.  
20170505,9,알지못한 이야기를 영화로 보니 굉장히 흥미로웠다.  
20170505,8,자본주의 왕국의 천박한 랜드마크 건설기.  
20170505,3,관람객속이 얹힐거만 같은 영화  
20170505,7,관람객빅맥먹기싫어짐 슬프고 슬픈영화  
20170505,7,마지막에 성공의 요인은 끈기였다고 하며 레이크록의 행동을 미화한 부분이 마음에 안듦  
20170505,8,관람객열정 추진력 비정장사꾼이 아닌 사업가본인을 빼곤 주위에 있는 사람은 피폐  
20170504,5,관람객개인적으로 좀 지루합니다..  
20170504,8,"신화의 시작. 동시에 가치의 종말. 어느관점에서 보느냐에 따라 기발한 맥도날드 확장 연대기 or 기이한 맥도날드 오리지널 몰락기가 될지도. 자본주의가 낳은 쓸쓸하고 공허한 슬픔이면은, 맥도날드의 상징인 로널드의 천박하고 무서운 웃음에 가려져 버렸다.  "
20170503,8,자본주의의 사업가 놈들이란! 우리가 알지 못했던 뒷이야기를 듣는 즐거움이 솔찮네!  
20170503,1,관람객보는 내내 찜찜함이 들었던 영화  
20170503,10,레이크록이 가맹점을 모으고 위험을 감수하며 확장한 것 그게 사업이다. 그가 없었으면 시골에서 잘나가는 햄버거가게 일뿐  
20170503,10,영화가 지루하지않고 재미있었음. 참 여러가지 교훈을준다.주인공은 뼛속까지사업가.근데 그형제의 경솔함도 볼 수 있다. 왜 구두계약을 한건지...제대로 인센티브를 챙겨주고 그 형제가 운영하는지역에는 맥도날드를 세우지않았으면 그래도좀 훈훈했을텐데.아쉽다.  
20170503,10,맥도날드가 부동산 회사라는건 알았지만 이런 스토리가 있는지 몰랐다. 뭔가 씁쓸하다...  
20170503,7,"화려한 성공신화를 기대했다면, 반전의 스토리에 당황할수도 있다.  "
20170503,9,"악은 성실하고, 선은 나태하다.  "
20170503,8,맥도날드를 좋아해서 본 영화. 맥도날드를 싫어하게 된 영화.  
20170503,7,마이클키튼의 연기. 실화를 바탕으로 해서 굉장히 사실적이다!  
20170503,6,분명 좋은의미일거라 생각하고 보러갔는데 왜 더 싫어지냐..  
20170503,6,관람객머 그런대로 괜찮았습니다  
20170503,8,몸이 반응하는 기회를 인식하는 능력. 노력에 따르는 운.  
20170502,10,레이 크록에 대한 평가는 단정지을 수 없지만 한가지는 확실하다. 이 영화를 보고난 후 맥도날드 매장에 있는 황금 아치와 McDonald's 를 보면 이전에는 느끼지 못했던 무게감과 복잡한 감정들이 느껴질 것이다.  
20170502,5,관람객영화자체는 그저그렇지만 평소에 맥도널드 배경에 관심이 있었던 사람은 볼만합니다.  
20170502,10,관람객재미있네요 사업적인 성공 측면에서의 많은 생각을 하게되네요  
20170502,9,관람객진솔하고 의미있는 영화입니다  
20170502,10,어쨌건 난 맥도날드 메뉴를 먹을 수 있어 좋당 난 햄버거 맥도날드가 젤 맛있음. 영화도 기대했던만큼 흥미롭고 교훈도 얻음. 뭘 선택하든 포기할게 생김. 상업적이여도 좋은뜻 좋은맘으로 오직 맛때문에 좋아하는 사람들도많음  
20170502,9,"관람객속은상하지만.. 알고보면그들은""creator""지 ""founder""는 아니었다..ㅠㅠ  "
20170502,10,관람객115분이 1시간처럼 느껴지는 영화. 빠져든다.  
20170501,9,이상과 현실. 현실을 쫓은 자의 성공  
20170501,10,관람객일단 위꼴을 바라신다면 당장 예매를 취소하세요. 아마 이걸 본 후로는 맥도날드에 가기 꺼려질 수 있겠지만 열정의 다른 방향을 알고 있으시다면 적극 추천드립니다.  
20170501,9,성공스토리 교훈의 경건한 마음을 덮어버린 현실적인 찜찜함.  
20170501,7,맥도날드 프랜차이즈의 신화....재미나게 그려져있다...  
20170501,9,관람객맥도날드의 창업스토리  아주 재밌게 연출되었다   역시 열정과 끈기  꾸준함이야 말로  창업경영자의 가장 중요한 덕목이란걸 새삼 느꼈다    아이디어만으론 불충분하다는걸 ...  
20170501,8,비즈니스의 민낯을 볼수있어 나름재밌었다  
20170430,10,비지니스 와 장인정신은 다르다  
20170430,8,관람객괜찮네캐캐 할베양아치  
20170430,9,관람객스토리도 탄탄하고 지루함없는 좋은 영화  
20170430,8,관람객재미쪙.. 역시 배우가 중요한 영화  
20170430,5,거하게 사기친걸 아주 잔잔하게 보여주네요.  
20170430,6,역시 부동산이 최고구나. 레이크록 쌩양아찌 섹히  
20170429,8,관람객볼만하더이다 맥도날드 창업이야기  
20170429,9,레이 크락의 탐욕의 이면에 숨어 있는 허망함과 끝내 지울 수 없었던 떳떳하지 못한 스스로의 모습은 아마도 파운더였기 때문에 그리고 탐욕에 눈 먼 자신의 모습때문이지 않을까. 맥도날드 형제가 레이 크락의 말에 조금이라도 귀를 귀울였다면 어떻게 되었을까  
20170429,10,관람객Good ㅋㅋㅋㅋ ??  
20170429,10,관람객야망으로 가득찬 천재사업가  
20170429,9,"영화가 지루하지 않고, 재미있게 진행됩니다. 그리고 브랜드네임이 얼마나 중요한지 알수 있게 됩니다.  "
20170429,10,이 역사가 있는 햄버거에 축복을 ㅋㅋㅋ  
20170428,8,로열티 좀 줬으면 해피엔딩이었을텐데  
20170428,9,관람객이제 맥도널드는 안가 ㅠㅠ  
20170428,7,"모르는 자들이 아는 자들에 의해지배되어가는 과정, 그 쓸쓸함에 찜찜함이 남는 영화.  "
20170427,7,영화를 보기 전후로 포스터가 달라보인다  
20170427,7,관람객보는내내 햄버거 생각나게 함..  
20170427,8,관람객도덕과 상도덕은 다른 현실.  
20170427,8,관람객맥도날의 역사와 비즈니스의 세계의 단면ㅡㄹ 볼수이쓴.  
20170427,10,좋은 연기와 맥도날드의 현실적인 성장과정 흥미롭게 봤습니다.  
20170427,10,관람객인상 깊었던 영화. 꼭 보시길  
20170427,7,오늘 점심은 싸이버거다  
20170427,10,이것이 미국식 비즈니스!  
20170427,6,임팩트 없는 스토리 진행이 아쉽다. 다이나믹한 느낌을 살렸더라묜 좋았을텐데...  
20170426,7,레이가 바닐라 쉐이크만 끼어 넣지 않았더라면 완벽한 사업가의 기로에 들어 설 수 있었지만 아쉽다. 하지만 당신을 악당이라 생각하지 않는다.  
20170426,8,"결국엔 사업에 있어서의 가장 핵심은 땅이다. 땅이 없이는 어떠한 사업도 할 수 없고, 또한 눈치가 굉장히 빨라야 한다는 점. 레이 크록이 어떻게 보면 나쁜 사람이긴 하지만 사업적으로는 굉장한 수안이 있는 인물..  "
20170426,7,관람객맥도날드의 대해서 알수 있는 영화  
20170426,9,우리나라에도 이런사람 이런영화 이제 곧 나오겠지?이영화는 청소년또는 꿈이작은사람에겐 안맞는영화임.이영화보기전에 몇몇사람들이 래리 클록 욕을 많이하길래 먼가 했더니. 역시... 저마다 보는시각이 틀려...  
20170426,10,레이크록이 파운더 맞다 많은 사람들이 이 영화를 봤으면 한다 망해가는 장인코스프레 갈라파고스 일본 빨아재끼는 한국 공무원들도 꼭 봤으면 한다  
20170426,7,관람객영화 끝나고 맥도날드 가려고 했는데..  
20170426,8,이세상엔 도둑이 너무 많다  
20170426,8,1940년에 설립 됐는데 1955버거만 나왔다는게 용납이 안됀다  
20170425,7,롯데리아가  좋아합니다  
20170425,10,개봉한지 5일 됐는데 벌써 내렸나요? 상영관 진짜 적네  
20170425,10,관람객재미있지만 한편으로 씁슬한영화  
20170425,9,관람객Well made!!창업/경영에 관심이 있다면 봐서 만족할만한!!  
20170425,8,"패기있을 20대 남자들이 평점이 젤높네,,, 부디 주인공의 삶을 동경하지는말길,,, 세상은 함께사는것임  "
20170425,6,크록이라는 이름이 멋있지 않은 진짜 이유  
20170425,8,영화를 잘 만들어서 당분간 맥도날드는 안먹고싶네요^^  
20170425,10,관람객비즈니스는 먹고 먹히는 세계. 먹히는 쪽이 악이다. 결국 얼마나 많은 손님에게 얼마나 서비스를 잘 제공해줄 수 있는지가 관건이다.그럼에도 나는 레이 크록을 긍정하기 어렵다.  
20170425,8,관람객그럭저럭 볼만한내용??  
20170425,10,태초에  탐욕이  있었다. 가라사대  땅을  잡는 자가 돈과  권력을  갖게  되리라 하였으매...그래도 맛은  버거킹이  낫구나  하더라.  
20170425,8,관람객꽤 볼만한 영화였습니다! 재밌었어요^^  
20170425,10,관람객굿 비즈니스 동기부여에 좋음  
20170425,8,그래도 저 이기주의 덕에 영화를 보고 나와서 1955를 먹을 수 있었다  
20170425,8,고구마 백만개..막힌 목 뚫으러 맥날갑니다  
20170425,9,현대사회의 약육강식에서 강자란 좀 더 양심이 없는 사람을 말한다  
20170424,10,생각없이 본 영화가 나의 뒤통수를 때렸다.전진없는 나의것은 끝까지 나의것이 아니구나!!씁쓸하면서도 뭔지 모를 가슴이 뜨거워지는 영화.넘 많은 여운을 남기는 영화.  
20170424,9,맥도날드에 비하인드 스토리 잔혹함이 숨겨져 있지만 속내를 볼수있어서 좋았다 이래서 동업은 무섭고 하면 안된다는걸 다시 깨닫게 해줬다  
20170424,7,이거 마치 맥형제는 작곡가인 거같고 레이는 중간에서 돈 버는 유통사같은 거..배달통도 그렇고 저작권물 유통업체도 그렇고.무슨 저걸 본받긴 뭘 본받아. 저건 인식이나 사회구조가 썩은 거지.끈기란 말은 저런 사기꾼한테 붙는게아님.저건 끈기가 아니라 집착.  
20170424,10,이런걸 보니까 정말 맥도날드가서 햄버거가 먹고 싶어진다 그래도 이런 작품은 한국영화는 이런영화 못 만든다 정말 1955년도에 생긴 맥도날드의 전설이다 1955버거가 떠올리는군 감동도 있다^^  
20170424,9,"교육받은 바보, 인정받지 못하는 재능.  많이 와닿는다.  "
20170424,9,관람객누구에게나 흥미로울 주제를 완성도 있게 잘 담아냈음. 일반관객이나 평론가 모두 좋아할 타입의 영화라고 생각됨. 주연 배우들의 연기가 일품이며 실제 인물과 싱크로율도 놀랍다.  
20170424,7,미국식 자본주의가 삼킨 'Real 햄버거'  
20170424,2,뭔소리지..후기 왜케 좋음..??재미도 감동도 아무것도 못잡음..승부의 세계는 냉정하다? 뭐지..맥도날드가 싫어지고반전도 뭣도없는 기분나쁜 영화 차라리 돈씹어드세요  
20170424,5,맥도날드 설립자는 쓰레기구나. 사기꾼.. 남에거 빼앗았네.  
20170424,9,관람객2시간 동안의 현실적인 외식업 강의. 판단은 보는자의 몫  
20170424,8,구두계약 쌩까지만 않았었도 욕 덜 먹었을텐데...  
20170424,9,맥도날드가 우리 동네에 오기까지.  
20170424,10,영화는 재밌습니다. 다만 내용이 가슴을 먹먹하게 할 뿐. 스타벅스의 하워드슐츠 와는 반대의 사람입니다.  
20170424,9,애플의 잡스가 생각나는 영화. 우리는 쉽게 경영마인드의 중요함을 간과한다.  
20170424,9,"씁쓸하지만, 확실히 사업하는 사람 입장에선 분명 배울 점은 존재했다.  "
20170424,9,일단 연출 연기력이 아주 훌륭함. 그리고 이제 관객들은 이런것이 성공신화가 아니라는걸 제대로 알지. 영화적인 측면과 배우연기력만 본다면 아주 훌륭. 주인공은 진짜 개새다..  
20170424,8,현실은 영화가아니더라. 조안이랑 죽을때까지 살았다는거보고 마지막까지 아 .. 싶었음 좋은영화였다 ㅋㅋ 이거보고 맥도날드먹으러가긴함  
20170424,7,"페이스북, 맥도널드... 이름이  정말 중요합니다.  "
20170424,9,우리나라에서도 이러한 영화가 만들어 졌음 좋겠구려~~  
20170424,10,윤리의 상위 성적은 선한 행동이겠지만사업의 상위 성적은 통장의 잔고가 말해준다.  
20170424,8,존리행콕은 늘 균형있게 잘 풀어간다. 다만 이번엔 다큐의 느낌을 최대한 넣어주었다. 그리고 그 안에 성공신화로 보기엔 다소 불편한 메시지를 첨가한다  
20170424,10,"유행은 돌고 돌아 수제버거의 시대가 도래했으니~ 딕 , 맥 형제여 슬퍼하지말아요!  "
20170424,9,이제 맥도날드 먹지말까... 주인공 한대 때려도 되죠?  
20170424,10,맥xxx가게란 주제가 전부군  
20170423,8,관람객다큐멘터리 보는것처럼 자연스럽게 잘풀어내었다 개인의 가치관에대한 고민도하게된 좋은영화다.  
20170423,10,레이 크록을 욕하기는 쉬우나 값싼 프랜차이즈를 전세계에 퍼뜨린 업적을 떠올리기는 쉽지 않은 것..세상이 돌아가는 이면은 결코 아름답지 않다는 것을 받아들여야 한다..  
20170423,7,"보고나서 참 많은 생각을 하게한 영화. 레이크록에게 배워야 할 점은 도전정신과 끈기, 경청하는 자세이지만 타인의 인생을 송두리채 망가뜨리면서 얻고 싶은 것을 얻으려하는 분리수거도 안 되는 산업폐기물을 보고 나왔다.  "
20170423,8,"관람객선량한 사람은 늘 야심찬 사람에게 당하는구나 영화내내 씁쓸했다.끈기, 긍정의 힘은 분명 좋은 것임에 틀림없지만 어떤 목적의 수단이 되느냐 생각해봐야 할 문제다.  "
20170423,10,실화. 간만에 잼있게 본 영화. 이 영화를 선악구도의 관점으로 보는 애들은 절대 사업하지마라. 6개월안에 쫄딱 망한다에 내 손목을 건다. 레이 크록이 아니었으면 맥도날드 형제는 백지 수표 만져 보지도 못하고 도태 될 운명이었다. 평점 8.0  
20170423,8,죽쒀서 개줬네....  
20170423,7,관람객자칫 지루할 수 있는 소재를 위트있게 풀어낸 연출력은 좋다.하지만... 참 뭐라할 수 없는 씁쓸한 기분.. 착하면 바보되는 현실에 참 뒷맛이 쓴 영화다.  
20170423,10,동양이나 서양이나 동업은 심사숙고  조심히.  
20170423,10,관람객재밌었어요~~ 물론 약간의 씁쓸함은 있겠지만 어차피 받아들여야할 진실이니까요~^^  
20170423,8,흥미진진하게 보았으나.. 뒷맛의 씁씁함은..좋게 볼지 나쁘게 볼진 본 관객의 몫으로..!  
20170423,7,관람객우리가 미처 몰랐던 맥도날드의 진실  
20170423,9,맥도날드의 탄생과정을 매우 담백하게 잘 그려냈다.  
20170423,1,볼만은 하다. 중반까지만해도 7.5점은 됐다. 근데 끝날때쯤은 1점으로 추락. 보고나니 맥도날드 별로 가고싶어 지지 않더라.  
20170423,8,친절하고 세세한 맥도날드 성공기  
20170423,7,유명 사업가의 정직하고 성실한 기업성공 스토리를 기대하는 것이 아니라면 볼만하다.  
20170423,8,관람객사업가를 꿈꾼다면 꼭 봐야할 영화!!  
20170423,9,양심을 팔아야 큰 돈 번다.  
20170423,10,교육적으로  크게  인생 살아가는데 큰 보탬이 된 훌륭한  영화였습니다. 참감명 받은 영화라고  생각 합니다  
20170423,7,"야심찬 늑대는 폭식을 하고도 배불러하지 않는다.자극적 장면 없이도 격한 감정을 서슴없이 전달하고 축약적인 서사와 입체적인 인물을 풍성하게 보여준다.다만, 뒷맛이 쓸뿐. 이 자체로 교훈적이다. 주인공을 좋게보느냐 나쁘게 보느냐는 관객의 몫.  "
20170423,7,관람객이기적인 인간은 착한 척 하고 이타적인 인간은 나쁜 척 한다.  
20170423,10,맥도날드 이름의 진실을 보여주는구나  
20170423,9,관람객보고나와서 곧장 맥도날드가서 빅맥 사먹음 ㅇㅇ  
20170423,6,관람객주인공이 쪼금 선하지못햇던점이 많이 아쉽네요  
20170423,10,레이크록은 과연 나쁜넘이었을까? 어쨋든 세트메뉴 먹으면서 봐야되는 영화  
20170423,9,"결말은 기분 더럽고 씁쓸,, 맥과 딕을 기억하고싶다  "
20170423,9,"효율적인 주방, 효율적인 사업. 운명처럼 다가온 인생의 역작.  "
20170423,5,관람객팩트는 무섭다 만듬새는 노말  
20170422,9,"""맥도날드의 이름은 네 것이 아냐"" / ""과연 그럴까?""그래도 맥도날드의 진짜 주인은 '맥도날드' 형제 것임을 모두가 안다! Be born to McDonald's  "
20170422,10,관람객오! 많은 영감과 재미를 주는 영화!!정말 잘 봤어요  
20170422,10,알고 먹자 맥도날드 형제를 기억하며.. 진짜 승자는 기억되는 사람들이지 않을까  
20170422,10,"장사의 비정함과, 사기싱을 적나나하게 표현. 그러나 세계를 제패한 사람.  장사에서는 그리고 계약은 말은 말짱 도루묵 !  "
20170422,10,영화 보는 내내.. 주인공의 행동에 불편하면서 감탄했습니다.^ㅇ^동업자(파운더)의 배신에 화났고 '사업은 저렇게 하면 성공하는구나'라고 느끼면서 봤어요.ㅎ  
20170422,9,관람객한없이 억울하다가도 founder의 의미를 한번쯤 생각해보게 하는 영화. 출연자들의 좋은 연기가 이해를 도와주고 서로간의 밸런스로 집중력을 이끈다. 마이클 키튼 연기덕에 맥도날드형제의 억울함이 이입되기도하고 비지니스의 민낯인가 싶어 씁쓸하기도하다.  
20170422,10,관람객아주 재밌게 보았습니다. 맥도날드 먹으러 가야겠어요.  
20170422,10,영화정말잘만들었습니다. 왜 예매율이 10위밖에 안되는진모르지만 진짜꼭보세요 제가 영화가 조금만 지루해도 자버리는데 이건 몰입감있어서 끝까지봤습니다 가볍게 볼수있어요 근데 주인공이 처음부터 끝까지 정말 답답하고 짜증났습니다 ㅋㅋㅋㅋ 그점유의하고보세요..  
20170422,10,근데 이거 엄청 재밌게 봤음  
20170422,7,"끈기, 부동산, 이름 이 영화에서 이야기하는 내용이다.  "
20170422,8, 레이 크록이 없었다면 우리 집 앞에 맥도날드는 없었겠지  
20170422,6,사업가로서의 주인공은 인정하나 사람으로서의 주인공은...  인격살인이라는 말이 가장 어울린다.  
20170422,9,짜디짠 박평식이 7점줬으면 충분히 볼만한영화라는뜻  
20170422,7,관람객언제나 먹는놈은 따로 있다.  
20170422,6,"이런 좋은 소재, 재미는 그닥  "
20170422,1,맥도널드 매장에서 상영시켜라왜 돈 받고 극장에서 보여주냐  
20170422,9,레이 크록 의 끈기에 박수를 보낸다  
20170422,8,빅맥을 즐길수 있게 해준 사람인데 감사해야되나 말아야되나....  
20170422,8,팝콘대신 항암제가 필요한 영화  
20170422,8,관람객두 사람이 불쌍했다 보고나니 좀 찜찜한 기분 맥도날드의 본 창업가들에게 사업가적 수단이 주어지지 못한 것이 안타까운 일 아닐까  
20170422,8,맥과 딕의 한이 서려 있는 맥도날드를 앞으로 계속 이용할 수 있을까?!  
20170422,7,관람객맥도날드 맛있겠다. 배가 고파진다.  
20170421,8,"철학보다 성공이 우선시되고 대접을 받는 미국. 맥도날드, 페이스북, 애플 등 대기업의 대표가 되려면 양아치짓을 해야 한다.  "
20170421,10,생각없이 들어가서 생각많이하고 나옵니다.  
20170421,10,잘만듬 ㅎㅎㅎㅎ 재밌었은  
20170421,10,영화가 무서웠다 너무 뻔한 감동을 바라며 살아온 나에게 많은 의미를 가져다준 영화였다  
20170421,10,"여기에 많은 글들을 보고 놀랐다.난 영화를 본 후 레이크록이 얼마나 외로운 길을 걸었던 사람인지 바로 알 수 있었다. 물론 그가 전부 다 잘 한건 아니지만..그는 지휘자였으며, 악사는 맥과 딕형제였다.그게 큰 차이다.  "
20170421,5,너무 실화를 바탕으로 해서인지 시각적으로 흥미를 기대했던 부분에서 전혀 만족하지 못했고 다큐를 보는듯해 지루한 면이 없지않고..주인공을 비난하는 영화인지 칭찬하는 영화인지 애매모호 ㅋㅋㅋ 개인적인 생각으로는 제목을 파운더가 아니라 스틸러로 바꿔야할듯ㅋ  
20170421,9,현재의 맥도날드는 누구껀가?  
20170421,8,평식이형 평이 딱 좋다. 배부르나 더부룩해...딱 맞는 말. 영화 보고 돈은 절대 안 아깝다. 영화 후의 식사에서 영화 관련 이야기가 끊임없이 나오게 됨. 물론 점심은 맥도날드에서!  
20170421,10,영화 내용 보다는  그냥... 좋앗다.  
20170421,9,예상보다 생각할 거리가 많은 영화.  
20170421,8,레이크록같은 놈들만 세상에 가득하다면 곧바로 망할것이다.  
20170421,9,영화는 좋은데 크락이라는 사람은 너무 별로  
20170421,7,관람객실화를바탕으로한한계가있겠지만극적인요소가부족해감동전달이자안됨  
20170421,8,관람객사업가의 능력과 인성을 생각해보게 하는 영화  
20170421,8,배부르나 더부룩하다는 박평식님 평가에 완전 공감. 주인공 캐릭터가 개쓰렉임....근데 마이클 키튼은 그걸 또 진짜 잘 표현함. 성공하면 위인이요 실패하면 사기꾼이군!  
20170421,5,끈기와노력과대단한영업정신  
20170421,7,초반 맥도날드 형제와 프랜차이즈 시작하기까지의 이야기는 흥미로웠으나 중반 이후부터 너무 빨리 지나가 겉핥기 같은 느낌이 들었습니다마이클 키튼의 연기는 레이 크록과 많이 비슷하다는 느낌을 받았습니다 좋은 영화였습니다  
20170421,9,인생 진짜 어디서 어떻게 터질지 모른다. 암울한 현실이지만 '끈기(persistence)'란 단어을 곱씹으며 한 번 열심히 살아보련다  
20170421,10,"싸이코패스, 소시오패스가 되어야 조단위의 가치를 창출하는건가?  "
20170421,10,사업가로는 성공하나 인간적으론 성공못한자의 일대기...  
20170421,10,야망이라는 이름의 흉폭함. 모든 것을 삼키는 끈기의 마수.  
20170421,9,어느쪽에서 봐도 공감이 가는  
20170421,9,"먹는가 먹히는가, 배부름의 이면  "
20170421,9,영화를 보고난후 씁쓸했는데 곧바로 매장에 가서 햄버거를 먹으니까 더욱 씁쓸한 기분을 느낄수 있었다. 영화에서 봤던 그 비하인드가 그대로 눈앞에 펼쳐있었다.  
20170420,9,맥도날드에게 부동산이란?  
20170420,8,관람객맥도날드의 성공신화 그 이면엔 수많은 도전과 좌절 노력과 끈기가 있었다  
20170420,8,관람객주인공이 양아치네요~~  
20170420,10,"관람객비즈니스를 사랑한다면, 또는 어떻게 해서든 이루고 싶은 꿈이 있다면, 이 영화를 추천한다. 관람하며 느끼고 기억해야 한다. One word: Persistence.영화를 보고 나와서 빅맥을 먹으면, 익숙한 그 맛이 새롭게 느껴질 것이다.  "
20170420,7,이상적 경영 성공담이 어떤 이들에게는 뒷맛을 쓰리게 한다.  
20170420,10,아무리 봐도 마이클 키튼은 작품냄새를 잘 맡는것 같다  
20170420,10,맥도날드의 탄생에 대해 제대로 안 것만으로도 최고  
20170420,10,맥도날드의 탄생과정을 잘 그려낸 영화!  
20170420,10,이 영화야 말로 비즈니스적인 양육강식을 그대로 표현한 듯합니다. 여러분 멍청하고 돈없고 약하면 언제나 이렇게 잡아먹힐 뿐입니다. 정신차리세요  
20170420,10,와.... 슬프다. 젠장  
20170420,9,영화 잘봤구요 끝나고 생각이 많았는데요뭔가 씁슬하다 성공하려면 저렇게 해야되는것인가?사업이 뭔지?저렇게 살다 죽으면 만족할까?인과응보는 없는걸까?  
20170420,10,냉혹한 비즈니스 현실을 잘 묘사하는 영화 굿. 기존의 뻔한 영화와는 결이 다른  
20170420,10,관람객먹고 먹히는 비즈니스의 현실을 그대로 잘 반영한 영화라고 생각합니다. 나름 경각심을 느끼며 스스로를 반성하는데 도움이 될듯합니다. 잘 봤습니다. (^^)  
20170420,9,아버지를 아버지라 부르지 못하고 나를 나라고 쓰지 못한다  
20170420,9,"맥과 딕 형제는 처음 만난 그날 밤, 레이의 저녁식사 제의를 거절 했다면...?  "
20170420,10,매우 재밌었습니다. 누가 키튼을 욕할쏘냐  
20170420,9,(쩝쩝쩝) 이혼하고 싶어.  
20170420,4,"오직 성공만을 외치는 영화,, 인생을 양육강식이라고 표현하는데 절대로 그렇지않습니다. 이영화를 통해 배울점 없다고 보네요.  "
20170420,9,"앨리트느 낌으로 낸 자서전인건가 했는데, 오히려 솔직해서 좋았던 영화다. 사람이 야망을 가질려면 이정도는 해야지 싶다 ㅋㅋㅋㅋ  젊은이들이여 야망을 가져라!  "
20170420,10,맥도날드 창시자의 야망을 볼수있는 영화!! 강추!  
20170420,10,성공하는 자는 견디는 자다.  
20170420,7,"작품, 연기 모두 다 수준급인데.. 이상하게 영화를 보고 나니 평소 즐겨 찾던 맥도날드가 미워진다 ㅠ 돈과 성공의 진정한 의미란 대체 무엇일까.  "
20170420,10,맥도날드의 키친을 들여다 본 느낌!  
20170420,10,영화 끝나고 나면 맥도널드 주문하는 당신을 발견할 수 있습니다.  
20170420,10,저는 베토디가 좋아요!  
20170420,10,햄버거 먹으면서 다시 한번 보고 싶을만큼 흥미로웠고 역시나 마이클 키튼 이라는 느낌  
20170420,10,흥미진진했던 맥도날드 창업 스토리!  
20170420,10,항상 먹던 맥도날드에 이런 비화가 있었다니.. 마이클 키튼 연기야 늘 그렇듯 최고였다  
20170420,10,역시  믿고보는 키튼! ㅁㅁㅁ  
20170420,10,박평식 평점 보소 ㅎㄷㄷ  
20170420,10,영화에서 감튀냄새남ㅋㅋㅋㅋ재밌었음!  
20170420,10,맥도날드 설립자의 자서전같은 영화인줄 알았다. 굉장히 흥미로운 영화! 보고나면 많은 것을 생각하게 되는 영화다. 강추!!  
20170420,10,맥도날드의 성공이라는 흥미진진한 이야기 뒤에 진짜 숨겨진 건 훨씬 거대한 이야기. 두고 두고 여운이 남는다. 며칠 곱씹다가 또 보러 가야지.  
20170420,6,숟가락만 얹어놓고 밥그릇을 뺏어갔다  
20170420,7,죄송합니다. 사업 이야기 따윈 사실 관심없었고 단지 햄버거 먹방이 보고 싶었을 뿐입니다  
20170420,8,한국맥도날드가 이렇게 창렬화 된것을 보면 맥도날드 형제는 무슨 생각을 할까  
20170420,10,영화보고 나면  개빡침을 받게 될거임영화 자체는 잘 만들었는데  OOO 주인공 레이 미친 개 짜증남  
20170420,10,비열하지만 매력적인 파운더 레이 크록과 착하기만 했던 파운더 맥도날드 형제의 이야기  
20170420,7,"맥도날드의 구상의 시작이 매우 미국적이다. 기계적 능률의 대량생산과 효율성의 과업, 표준적인 맛. 유럽같은 나라에선 절대 상상도 할 수없는 미국적인 생각의 결정체가 맥도날드구나라는 걸 느꼈음.  "
20170420,8,영화가 끝나고 이 찝찝함은 뭐냐  
20170420,8,"숙주founder에 붙어 기생하다 숙주를 점령하고 조종하고, 죽기 전 빠져나와 번성한다. 이건 기생충에 대한 이야기도 아니고, 한 기업가의 자수성가에 대한 이야기도 아니며, 단지 자본주의capitalism의 잔인함,야비함,파렴치에 대한 재미난 고발.  "
20170420,9,맥도날드의 유래를 유쾌하게 이끌어냈지만 탐욕으로 얼룩진 끝맛이 쓰다  
20170420,9,이기적인 인간은 착한 척 하고 이타적인 인간은 나쁜 척 한다.  
20170420,9,전세계적으로 사랑받는 맥도날드의 유래를 재밌게 그려냈다. 고등학생때 맥도날드 알바한 추억도 새록새록~ㅋ 진정 맥도날드 창시자는 누구인것인가..  
20170420,6,약탈적인 미국식 경쟁 방식의 비판적 혹은 찬미적 고찰  
