0,1,2
20181105,1,첫 장면 스크립트를 보고도 영화를 계속 봐야겠다는 생각이 든다면 인생 자체를 돌아볼것. 이런 멍청한 대사를 영화화한 이유가 궁금할 따름. 진심으로 이런 대화를 하는 사람들이 실존한다는 사실이 더욱 두렵다. 인류애가 사라질 정도.  
20181019,3,보고 있으면서도 납득이 안된다.  
20181005,1,2편이 안나온대서 1점을 드립니다. 내인생 최고의 걸작입니다.  
20180926,1,심야로 봤는데 영화 끝나고 엘레베이터에서 본 사람들이 다 허탈하게 웃으면서 욕함 돈 ㅈㄴ아까움 혼자봐서 ㄷㅏ행이지..  
20180726,1,진짜 평점 개높다 0.5점도 아까운데 이딴 쓰레기 영화를 돈주고 봤다는 게 얼마나 원통한지 모를거다  
20180709,1,세상 세상 .. 별점 처음써봅니다 .. 뭔 내용인지도 모르겠고 하 ... 정말 너무합니다 ^^  
20180422,5,이거 왜 청소년 관람불가임??.... 피 나 무서운거 전혀 안나옴 차라리 그것을 청불 해라  
20180204,1,아 전개 너무 답답해...미치겠다. 끝까지 보고나니 더 답답...  
20180111,9,욕할정도는 아니고 공포영화로 재미있는데 왜들 욕하는지.. 다들 걸작만 찾는건가..  
20171217,6,관람객소재의 신선한 실험은 언제나 옳다.나름 신선한 영화.  
20171103,1,아메리칸 호러 스토리 비스므리한 오프닝씬감독 전 작품들이 좀 허접하긴 했는데...이건 마치...엉성한 공포/패러디 느낌만...  
20171019,3,스토리 이상하고 별로인영화.. 감독은 이제 공포영화 접으시길  
20171016,1,영화 내내 뭘 말하자는건지 모르겠음  
20171009,1,어쩔 수 없는 상황도 아닌데 주인공이 계속 죽으러감. 이건 감독 연출탓인지 대본탓인지... 제임스완 시리즈 다 말아먹는 감독탓이 크다고 본다... 둘이 구멍동서인가.. 제발 좀...  
20171009,1,평론가 쓰레기들 좀 사라지면 좋겠다  
20170916,7,Abattoir.. 이쁜 제시카론디스. 세련된 화면연출과 세트구성. 하지만 음악과 배우의 목소리는 빠져드는 엄마의 품처럼 아늑하여 밀려오는 졸음을 참기 힘들다..  
20170906,6,이런 영화는 끊어보면 볼만하다. 근데 마지막에 잠을 자서 엔딩이 기억 안남...  
20170905,1,"나 진짜 왠만하면 공포영화 그럭저럭 괜찮게 평 주거든?.진짜 쓰레기 같은 공포 영화라고 해도 평균 5,6점은 주는데 이건 1점 준다.왜?하나도 안 무섭고 결말도 그지같고 무슨 말인지 왜 저러는지 설명도 안 나오고.결론:안 무서움+개지루  "
20170902,8,관람객꽤 볼만하더군요 지릴뻔해씁니다  
20170827,1,뭐하는 짓인지 내용의 개연성이 1도 없다. 많이 시청하길 빈다.  
20170824,2,관람객와.... 이걸 보러 영화관까지 갔다니 그냥 애버랜드 호러메이즈가 더 재밌겟넹  
20170823,7,관람객생각보다는별로였네요그래도 . . .지루하지않게는봤어요  
20170820,7,관람객내용이나 뭐 그런건 그저그렇지만 판타지로 이어져서 참신  
20170818,3,낚시와 떡밥에 속앗다..!  
20170813,4,결말도 이상하고 몰입감도 별로네요  
20170809,1,개노잼~!!!! 진짜 돈아깝  
20170807,10,조연이 발암인소재는 많았는데 주인공이 발암이어서 신선했어요개봉된 영화가 이정도 수준이 나오는것이 신선했어요이걸 끝까지 다본 내가 나에게 신선했어요  
20170806,5,대저택 들어갈때까지 무려 1시간15분동안 조사만한다. 긴장감도없고 무섭지도않다.  
20170729,2,"설정이 부실하니 주절주절 설명만 해 댄다. 할머니가 나와서 주절주절, 악당이 나와서 주절주절. 진상을 추적해나가는 과정이 놀랄만큼 알맹이 없고 지루하다. 후반부는 그냥 귀신의집 체험기. 이거 보다가 두 번이나 잠들어서 이튿날 이어봤다.  "
20170728,4,중간까지는 그럭저럭 잘 갔는데 마지막으로 갈수록 놀이동산 고스트집도 아니고...ENDING 맘에 안 들고  
20170728,9,여주 빼곤 볼꺼 없는 터널3D급 쓰래기  
20170727,1,관람객돈이 아까운 영화.. 시간 맞는게 이거밖에 없었눈데..  
20170726,7,관람객아..당황....말을ㅇ잇지  
20170726,1,진짜멘칼나감 ㅋㄷ  보지마라고하는건 진짜 님들위해서야  
20170726,1,공포가 아니라 걍 쓰레기판타지물... 핵노잼  
20170725,3,진짜 냉정하게 말해서 딱 3점짜리... 여주인공만 이쁨.. 근대 개답답 ㅡㅡ; 무섭지도 통쾌하지도 그냥 억지스럽게 짜맞추는 영화  
20170725,4,한 사이비교주의 개소리의 향연을 영화를 통해 들었다 올해 최악의 영화 무섭지도 흥미롭지도 않다 겉만 번지르르한 포스터에 속지마세요  
20170724,1,관람객평점 반개도 아까운 영화임... 돈주고 보기는 너무너무 후회스러움  
20170721,1,시간많냐? 그럼 자라. 이 영화보는 것보다 자는 게 남는 거다.영화역사상 가장 멍청한 여주인공처럼 영화 볼 생각하지 말고.  
20170721,1,평점을 보고 각오하고 봤는데도 상욕이 나왔다ㅎㅎ  
20170720,10,내 인생 최대의 희열을 느낀 영화!!! 이 희열이 어떤 느낌인 알고 싶다면 직접 보세요.. 골드클래스에서 돈주고 보세요  
20170719,1,하....진짜 ...이게뭐람  
20170718,1,진짜 개난해한 영화 리얼로 시간 앙까움  
20170718,1,진짜 노잼. 핵노잼 양화대교: 어디갸고 물아ㅓ보면 량화대교~  
20170716,10,우리나라 명작인 클라멘타인과 어깨를 니란히할최고의 공포영화 한번도 못본사람은 있어도한번만본사람은 없다는 대 히 트 작90분이 아깝지 않았다  
20170716,1,아... 이걸 왜봤지?  
20170715,1,이런 영화도 알바가 있나 지금 평점 5점 후반댄데 과분하네 이 영화 까놓고 말해서 그냥 재미가 없음 못 믿겠으면 직접 보고 판단하든지 난 후회한다 하...  
20170714,7,90년대에 수도없이 쏟아져 나왔던 비디오용 B급 공포영화를 보는 듯한 느낌의 영화였다. 보는 내내 답답하고 허접해보이지만 스토리 진행도 빠릿빠릿하고 마지막 클라이막스도 인상적이었다. 무엇보다 여주가 졸라 이쁘게 나옴.  
20170714,5,관람객재미없습니다 보지마세요  
20170714,1,이건 뭐지? 스마트폰 들고  옷은 70년댄줄;; 긴장감도없고 몰입감도없고  결말은  낚였네... 내가 이러려고  시간 들였나  자괴감이드는 쓰레기ㅠㅠ  
20170713,1,평점보고도 킬링타임용으로 봤다가 내 시간만 죽음....무슨내용인지는 1도 모르겠고 여주 고전적으로 예쁘게생긴것밖에는 모르겠음  
20170712,10,평론가도  다크하우스 이해를 못하시봐요? ...  디아블로 1.2.3  PC게임 해봤으면 이해가 갈텐데  참 ~   이 영화가  알고보면 어려운 영화에요  
20170711,8,관람객괜춘하네요 볼만함 ㅇㅇ  
20170711,1,이런 영화에도 알바가 있다니... 나원~참...  
20170710,1,관람객와 진짜 핵노잼 보다가 나옴 ㅋㅋㅋ 근데더웃긴건 내가 나온게 제일 끝까지견딘거라는거  
20170710,10,관람객나만 당할 순 없지 끝까지 본 자신에게 별 10점  
20170710,1,cgv에어컨이 시원해서 1점 드릴게요  
20170709,4,쏘우만든감독이 왜그랬어 ... 실망이다  
20170708,10,관람객이 영화ㅓ럼  무서운 영화 처음봅니다 아직도 잠이 안오네  
20170708,1,1점도 아깝다. 이 영화를 통해 댓글알바의 존재를 믿게됨.  
20170708,5,그냥 저냥 볼만 했습니다 .. 평점을 보고 봐서 그런지 아무런 기대 안하고 봤는데.. 그냥 볼만 하더군요 .. 1408 영화랑 분위기가 비슷하다고 생각하내요 1408영화가 훨씬 잼있지만 ..  
20170708,1,1점도 아까움 불면증 완쾌 겨우 끝까지봄내가 본 영화중에 제일 재미없음 핵노잼임핵노잼 핵꿀잠  
20170707,10,영화는 그렇게 무섭지는 않았는데 좋아하는 누나랑 봐서 좋았다  
20170707,1,영화보다 옆에서 한숨쉬는 마누라 숨소리가 더 무섭다.  
20170706,5,관람객사람없어서기분좋게봤지만 재미는없음  
20170705,4,관람객친구가  보자고해서 봤는데.. 친구가 원망스러운 영화?  
20170705,1,관람객완전 놋잼 이따가러  헝요라고  
20170705,1,여주가 발암이다.아니 하지 말라는 짓을 왜 저렇게 해대?진짜 핵 노잼이고 짜증남보다 중간에 껐음  
20170705,1,관람객별점 꼭 줘야되냐..점수 주는것도 아깝다  
20170705,5,공포영화 짱팬인데 그저 그랫다. 엄청 기대하구 봤는데 별루 무섭지도 않음  
20170705,4,관람객캐릭터가 일관되지못함...  
20170704,1,진-짜... 재미 없다..ㅋㅋㅋㅋ  
20170704,4,리얼만큼 지루하네요.  
20170704,10,영화보다 댓글에 만점을..ㅋㅋㅋ정말 천재들입니다..  
20170704,1,이걸 본 내가 비극...  
20170703,1,하 영화 후기 알바 푼 놈 나한테 걸리면 다크하우스에서 뚜까 맞을 줄 알아라  
20170703,1,역대급 레전드 쓰레기영화  
20170703,1,관람객제가 뭘 봤는지 잘 모르겠네요.  
20170703,6,쏘우 감독 영화치고는...  
20170703,3,뭐지?공포도아니고  스릴러도 아닌  뭔가가 없었던 영화  
20170703,1,별 시덥지않은 이야기를 호러로만든....또는 연출력이 부족한...  
20170703,1,몬가요..이게..공포도 코메디도 아닌것이..아까운 내시간.ㅠㅠ  
20170703,3,공포?  미스테리? 스릴러? 정체가 뭐니?  
20170703,10,"수면부족, 불면증이 심하신 분들은 1만원에 모든걸 고치실 수 있습니다.  "
20170702,6,도끼인가 뭔가 들고 뛰어 다니는 괴물들 간지나는듯  
20170702,1,이거 그냥 놀이동산 귀신의 집이자나... 여주가 이쁘지만 이건 좀 아니지...  
20170702,10,귀신의 집 1시간 기다리고 가이드직원이랑 돌고 온 기분  
20170702,6,감독이름 어디서 들어본것같은데  
20170702,4,너무 재미가 없다 샤에 아줌마 나오길래 본건데 너무 심했네  
20170701,1,리얼보다 더 리얼한 영화다.  
20170701,6,관람객생각 보다별로에요 진짜로 비추  
20170701,10,이게 왜 재미가 없냐면 호러가 목적이 아니라 일루미나티 메세지 전달이 목적인 영화라서 그렇다. 모르는 사람들은 모르고 아는 사람들은 찰떡 같이 메세지를 받는거다. 최근  들어서 이상하게 영화판에 일루미나티 메세지들이 넘쳐난다. 그냥 느낌이 좋지않다.  
20170701,2,이 영화를 본 당신이 이 영화에 제물로 바쳐진거 아니고?  
20170701,5,아....지루하다....무섭지도않고  
20170701,3,"도대체 영화가 언제 끝나나 지루해 미치는줄. 여자 주인공 연기도 어설프고,  악마인지 악당인지는 말이 왜이리 많아.  "
20170701,1,도중에  나가고 싶은 욕구를 여러차례 이겨낸 나의 인내심에 경의를 표한다  
20170701,1,1점도 아까워요 중간에 나갔어요  
20170701,2,이도저도아닌 내용임.. 그냥 여주가 이쁘고 또 이쁘고 또 이쁘다는 생각밖에 없음  
20170701,2,논리도 어느 정도 무섭고 흥미가 가야 따져보는 거지 정말답이 없다. 무서웠던 기억이 전혀 없음.  
20170701,1,하.. 심각하네. 5월 6월 개봉 영화 중 건진 영화가 한 편도 없다. 이건 뭐.. 말을 잇기가 힘들다.  
20170701,2,내 살면서 공포영화중 최악  
20170630,1,관람객ㅜㅜ귀신의집체험중인걸 보고 나온 기분이예여  
20170630,5,관람객그냥그랫던영화...  
20170630,1,관람객1도 무섭지가 않은..  
20170630,1,가장 비효윤적으로 돈과 시간을 낭비하는 방법 중 하나  
20170630,10,당신의 시간을 순삭 해드립니다 영원히왜 공포영화인지 알게해주는 영화인듯이거 보고 없던 암세포가 죽는 기분이었음  
20170630,2,이건 좀 아닌 듯.. 헐.  
20170630,8,여주 개암덩어리.. 안죽었으면 내가 죽이려갈려고했는데 애미닮아서 암덩어리인듯 내용은 신선했으니  
20170630,1,관람객스릴러면 스릴러 판타지면 판타지만 할것이지..이도저도아닌 영화고 결말도 참... 보지마세여 여러분 돈아까워요..  
20170630,1,"혹시 불면증이 있으신 분들은 지금 개봉한 영화 3대천왕을 보면 되겠습니다~~ 리얼, 다크하우스, 트랜스포머.. 현대인 맞춤 영화가 6월달에 다 개봉했네요..  "
20170629,2,알바 OOOO려엄아아아  
20170629,4,진짜 보는내내 돌아갔으면 제발가라고 할때좀 가라고..  
20170629,5,"반 다크 홈의 하우스 ,.,.  "
20170629,1,"리얼,.,.,.,.  "
20170629,1,영화보고 앤딩나올때 친구에게 한마디 했습니다. 미안하다 그리고 영화보는 내내 정확히 5번졸았습니다  
20170629,1,증말 별로드라....와...이렇게 신선하게 별로인건 첨이다  
20170629,1,아이디어가 필요할때마다 보는영화 쏙쏙 머리속에 들어옵니다  
20170629,2,ㅋㅋㅋ평점후기가 더재밌는거 실화?  
20170629,1,굉장히 재밌는 영화입니다 영화가 끝난 후 모든 관객분들이 하나같이 똑같은 반응을 하는걸 보실 수 있습니다! 저의 경우는 엔딩크레딧이 올라가기 시작하자 모두들 한숨을 쉬며 어떤 분은 친구에게 죽을래? 이랬습니다ㅋㅋㅋㅋ  
20170629,1,이런 영화에 칭찬 댓글 다는 것도 정말 재주인 것 같습니다.감상글 쓰는 시간도 아까우니 글 그만 씁니다.  
20170629,1,"인생을 돌아볼 수 있는 수작!!!내 삶에 대한 99분 간의 기나긴 고찰을 할수 있는 영화 입니다혹시나 삶에 대한 회의감, 무기력함이 느껴지시는 분들에게 특히 추천 드립니다...  "
20170628,9,관람객저는 굉장히 재밌게 봤습니다~  
20170628,1,????감독도 마지막에 ????이랫을듯  
20170628,1,여주인공 칼질이 이병헌급한방에 남자친구 정맥끊음  
20170628,1,관람객1점도 아깝다 정말..  
20170628,5,처음엔 뭔가 있을줄 알았는데.. 여기자 참 대단하다 했는데.. 그게 끝이다. 너무 허무하다 ㅠㅠ  
20170628,1,정말  무섭습니다 이런 영화가 존재한다는 자체가...  
20170628,1,관람객ㅎㅎ간만에 기부하고왔습니다  
20170628,1,재미도 감동도 공포도없던 영화.. ~~  
20170628,2,무서운 장면 기대하다가 끝남  
20170628,3,심각한수준....영화가 영상으로 표현을 하지 못하고 한 할아버지가 엄청지루하게 말로 설명을한다..게다가 영화가 너무 느릿느릿하여 긴장감이 전혀들지 않음...  
20170628,1,별 하나 여기 별 단 하나!  
20170628,10,나혼자 죽을순 없지 ^^  
20170628,1,관람객누적관람객수가 낮은 이유가있어요 재미도없고 무서지도않고 시끄러울뿐 ㄴ잼입니다 보고 너무 재미없어서 보다가 나올려고 했어요 진심 재미없어요 ㅠ평점 낮게줘서 미안하지만 재미가 앖는걸 어뜩합니까 호러 취지인거같은데 좀더 긴장감있고 무섭게 해주세요 평점 1점  
20170628,1,귀찮아서 이런거 안쓰는데 진짜  이건 너무심하다; 재미가없다  
20170628,1,관람객간만에 올해에 최악의영화를 만낫다.돈내고 영화관에서 봣다는게 공포다  
20170627,10,카메라맨 들켜서 죽일때 또 카메라로 찍는게 이 영화의 킬링파트  
20170627,10,깊은 이해력을 요함.. 누가나대신 이해하고 설명좀  
20170627,1,예고편에 낚임 소재는 흥미진진한데 쏘우만의 고어 요소도 애매하고 라이트아웃 인시디어스만의 음향과 관객을 놀라게 하는 요소도 없음...  
20170627,1,캐빈인더우즈랑 13고스트 믹스해놓은 느낌이다. 그리고 요즘 비극으로 끝나는게 트랜드인가? 개연성도 없고 너무 말도 안되는 전개를 억지로 관객들에게 주입시키려는 느낌이 너무 강했다.  
20170627,1,관람객평점 쓰는데 드는 내 칼로리가 아까운 영화  
20170627,1,진짜 재미없어 개봉전부터 광고해서 기대하고갔는데 분위기는 더큐어 겟아웃에 가깝지 반에반도 못하는 영화  
20170627,10,나만 당할 수 없다 ㅋㅋㅋㅋ  
20170627,1,스토리도 없고 시각적으로 무서운 요소도 덜함'살인'이 나온다고 공포영화가 아님  
20170627,5,왜 청불인지도 이해안가고 왜 공포인지도 ㅋ....꼭 안무서운영화는 포스터만 무섭더라 ㅋㅋㅋ  
20170627,1,"관람객ㅋㅋㅋ감독님에게 죄송하지만 도대체 무슨 의도로 만드신건지 모르겠고요,.영화관에서 보는 공포영화는 사운드나 분위기때문에 대부분 재밌게 보는 편인데 정말 ,,별루  "
20170627,10,보면서 흥미 생기는 공포영화..오싹합니다  
20170627,9,올 해 본 영화중에 제일 무서움;; 밖에 졸라 더웠는데 영화보는 내내 덥다는 생각 1도 안함  
20170627,4,그냥 별로 별로 정말 별로.. 차라리 컨저링2를 다시볼껄..ㅎ 공포영화인데 공포가 1도 없었댜  
20170627,1,보고나서 엄마 찾을줄 알았는데 감독엄마 찾게함  
20170627,2,신비한TV서프라이즈에 나올 에피소드를 99분으로 만들어놓다니...  
20170627,1,관람객실망 하고 또 실망하엿느니라  
20170627,1,범죄자가 설득을 시켜서 사람을 죽이는 배드엔딩 영화남들 잘때 같이 못자서 한이 되게 만드는영화불타는 여름에 용암국물을 한잔 들이키는 영화 잘들보세요  
20170626,10,영화가 꽤 흥미진진했어요~ 너무 공포호러쪽으로만 흘러가지않아서 더 좋았음  
20170626,8,너무 공포보다 하나하나 사건의 실마리를 찾아가는 많이나와서 더 심장이 쫀득한 기분이었어요~~  
20170626,10,다크하우스에서 일어나는 일들을 담담하게 풀어내는데 오히려 그게 더 공포스럽게 다가오는듯  
20170626,10,의외로 스토리도 탄탄하고 무섭더라구요. 왠만해서는 무섭다는 소리 잘 안하는 남친도 무섭다고 하네요  
20170626,10,역대급 무서워서 잠을못자겠너..  
20170626,10,아는누나가 예매해서 봣는데 이렇게 스릴잇는건 처음입니다 그누나한테 감사를  
20170626,1,관람객 무섭진않습니다 하나도. ..어정쩡해요  
20170626,1,그냥 마지막에 다같이 ppap 췄으면 10점줬을텐데  
20170626,9,볼만은 한데. 왠지 어디선가 본적이 있는 느낌?  
20170626,10,ㅎㅎ 평점만보고 가시는분들 나만당할수없다  
20170626,10,진짜 짱...! 여배우가 이뻤다  
20170626,3,진심 노잼. 돈이 아깝다. 하나 무섭지도않고 놀래키는것도 없고 스토리마져 노잼.  
20170626,7,미친듯이 무섭진 않았지만 적당한 공포감과 흥미로웠던 스토리 덕분에 재밌게 긴장하며 볼 수 있었던거 같아요  
20170626,8,날카롭게 파고드는 영화  
20170626,10,쏘우도 엄청 무서웠는데 요것도 만만치 않네요..  
20170626,8,어제 친구랑 보고 왔는데 기대이상임~  
20170626,8,자극적인 공포물보다 내용도 있는게 확실히 볼만하더라구요!  
20170626,8,진짜 무섭다는 말밖에 할말이 없어요  
20170626,1,1점도 아까웡ㅠ 0점주고시펑  
20170626,1,관람객살면서 이렇게 노잼인 영화는 처음이었다. 1점이 아깝다.  
20170626,1,노잼 핵노잼 개노잼 완노잼  
20170626,6,고퀼유령의집 ㅋㅋㅋㅋ이건뭐 한번보세요  
20170626,1,미이라 보다 재미없다. 그래도 그래디는 멋있었다.  
20170626,1,돈주고 볼영화도 아니고 돈안주더라도 볼영화아님  
20170626,3,세트 소품들 디테일하게 신경잘써서 1점 여주인공 이쁘고 섹시해서 1점 보우즈만 감독 힘내라고 1점!!  
20170626,1,진짜 돈 버리고싶으면 보세요^^  
20170626,1,매주영화를 한편씩보는데 적어도3년안에본 영화중 가장 내돈길바닥에 기부한 느낌을 들게해준 고마운 영화 ^___^  
20170626,8,졸무서움.. 심적인 압박감이 장난 아닌데?  
20170626,10,자꾸 남자친구랑 보라던데 이 영화 남자친구랑 봐도 무서운 영화라고..  
20170626,2,이런 쓰레기 영화에도 알바가 있구나 ㅎㅎ  
20170626,10,예고편 그 이상의 공포감. 심야 데이트 무비로 강추  
20170626,9,"꽤볼만한 공포영화, 기존 공포영화들과는 다른 전개가 마음에 든다  "
20170626,7,예고편 그 이상으로무섭네요 기대한거 이상이엇어요..  
20170626,8,올 해 공포영화는 이거로도 충분할듯^^  
20170626,8,요런 스타일 좋아하시는 분들에게 강추합니다 무서운데 눈을 못떼요 흥미로움 은근  
20170626,10,너무 재밌어요!! 세번보고 싶은 영화!!  
20170626,9,그럭저럭 볼만한 공포영화랄까?? 귀신이 나오지 않는데도 무서워요  
20170626,10,음 이런 영화는 오랜만이야  
20170626,8,와 OO.. 심장 졸여가면서 봤다..  
20170626,8,잘 만들어진 공포영화였어요. 쏘우랑은 또 다른 매력이 있는 것같아요  
20170626,10,오늘 잠은 다잤어요 한동안 이거 생각날듯 ㅜㅜ  
20170626,10,이런거 좋아해서 보러갔는데 대박이다..  
20170626,8,영화 분위기 자체가 너무 무서워요ㅠ  
20170626,10,소재부터가 흥미진진했음. 귀신나오고 그런 공포영화와는 다르게 심장 쫄깃하게 하는 분위기부터 시작해서 전체적으로 굉장히 사람 조여옴  
20170626,9,이야기가 전개되면 전개될수로 영화가 주는 공포감이 더해지는 것 같습니다.  
20170626,7,감독님 이름값은 합니다 ㅋㅋ  
20170626,1,처음 스토리 전개는 소름이 돋지만 이건 뭐..;거울보는게 더 무섭네요?  
20170626,10,"다크하우스라는 소재가 굉장히 인상적이네요, 진짜 저런집이 있으면-0-;;  "
20170626,9,신박햇던 영화에여ㅋㅋ공포영화 잘보는 편이라 엄청 무서운건 아닌데 은근히 긴장감이 잇더라구요 같이본친구는 무섭다구 하네여  
20170626,7,인시디어스도 진짜 무서웠는데 이건 더 무섭다. 99분동안 사람 피말리게하네  
20170626,8,딱 내스타일!! 아 개소름!!  
20170626,10,원래 이런 영화는 찝찝한 맛에 보는거아님?ㅋㅋ 공포영화보고 기분좋게 나오는 사람이 어딧다구 ㅋㅋ  
20170626,10,공포영화의 완성이 무엇인지를 알게되었습니다. 전에도 후에도 이 영화보다 완벽한 공포는 있을수 없겠다라는 것을 깨달았습니다  
20170626,1,"평점 0 은 없어서 그냥 점수 주네요. 돈, 시간 너무 아까워요. 내 시간 돌리도.  "
20170626,7,뻔한 공포영화가 아니라 더 마음에 든 영화  
20170626,8,무서우면서 재미도 있네요~ 최근에 봤던 공포영화들 치고는 너무 괜찮았어요~!  
20170626,10,더운데 보기에는 괜찮아요 뻔한데 무섭ㅋㅋ  
20170626,9,몰입도도 공포영화로서 괜찮았고 마지막이 정말 대박이였음  
20170626,2,진짜 근 몇년동안 본 공포영화중에 제일 안 무서웠다  
20170626,1,알바 OOO들아 얼마받고 10점 평점주냐 개극혐이다 ^^  
20170626,10,"심장 쫄깃쫄깃해지는 공포,, 쉽게 안잊혀질듯ㅜㅜ  "
20170626,1,노잼 하나도안무서움 왜19센지도 알수없음 무슨 이야기를 하고싶은지 모르겟음  
20170626,1,일단 재미없습니다.중반부터 끝날때까지 지루합니다.뭘 이야기 할려고 하는지를 도무지 모르겠습니다.인시디어스와 컨저링을 합칠려고 했으나 결국엔 이도저도 아닌 쓰레기가 되어 버렸습니다.  
20170626,1,영화관나오면서 처음으로 욕함  
20170626,2,되도 않는 설정에 되도 않는 대사를 진지하게 연기하는 안타깝고 매력없는 배우들과 공포가 뭔지도 모르고 영화를 만드는 가련한 감독의 대향연.  
20170626,1,놀이공원 귀신의집체험하는줄..하  
20170626,8,"공포영화 치고 소재도 신선하고 괜찮네요, 배우들 연기도 좋았고 쪼금 아쉬운게 있긴 하지만 뭐 나쁘진 않았어요  "
20170626,10,공포와 드라마를 섞어놓은 듯한 흥미로운 구성이었어요  
20170626,10,간만에 제대로봣다.. 이런 영화를 공포라고 하는거야..  
20170626,9,오프닝부터 사람 쫄게 만드는 영화엿어여ㅋㅋ공포 잘보는 편인데 은근 소름돋더라구요?? 연쇄살인마에 대해 추리해가면서 보는재미도 쏠쏠해요  
20170626,7,솔직히 제작진만 봐도 삘이 오지 않냐?ㅋ  
20170626,10,호러매니아라면 꼭 봐야할 영화  
20170626,9,덜덜 떨면서 보고왔습니다  
20170626,7,쏘우와는 또 다른 느낌의 공포였어요  
20170626,10,제발 이상한 집에는 좀 가지마라 ㅋㅋㅋ  
20170626,9,99분이 언제 지나 갔는지 모를 정도 보다 보니까 영화가 끝나 있음..ㅋㅋ  
20170626,10,최근 본 공포영화 중 제일 무서움  
20170626,1,오전에 조조로 트랜스포머를 봤습니다. 정말 별 기대는 안하고 가서 로봇이라도 볼려고 간 영화였는데 역시 기대안했어도 재미없었습니다. 다신 안 보겠다 생각했는데.. 오후에 다크하우스 봤습니다. 갑자기 트랜스포머가 엄청난 명작처럼 느껴졌습니다.  
20170626,2,제가 왠만한 공포영화는 다 재밌게 보는 편이거든요... 근데 이건 너무 재미없었어요... 초반엔 엄청 무서울줄 알았는데 후반으로 갈수록 점점...  
20170626,10,진짜 상상을 뛰어 넘네요...한 남자로 부터 시작된 잔인한 공포 죽어서 사후의세계를 갔다지만... 물론 절대 악이지만 또 다른 차원이네요... 그게 지옥문... 아무튼 공포영화 좋네요...  
20170626,1,최악^^ 10자도 아깝다  
20170626,9,올 공포영화는 이영화 하나로 끝냄  
20170626,1,관람객sadfasdfsadffdsafsdasdfas  
20170626,8,한동안은 계속 이공포영화가 머리에서 맴돌듯;;.  
20170626,9,영화보다가 갑자기 엄습해오는 공포. 이런공포가 젤무서움 ㅋㅋ  
20170626,10,역시 공포영화 보니까 여름 기분 제대로 나넹 ㅋ  
20170626,1, 차라리단순 연쇄살인사건로끝냈음낫겠다  싶은생각이...여러공포물 요소을  다     짬뽕시켜   너~~무~어수선한   내용    보는내내   집중이안됨  
20170626,1,대세를 따르라 크헴ㄴㅇㅎ  
20170626,4,"감독 뚝배기 깨러 가실 분 모집합니다 :) 참고로 뚝배기=머리입니다. + 경찰 남친 연기 보신분들 ""괜찮아요? 많이 놀랬죠""?  "
20170626,1,진짜 너무 재미없다..  
20170626,1,정말 의미없는영화.돈과 시간 두 가지 모두 버리는영화.'강추'합니다 ㅎ  
20170626,10,초반5분은 진짜재밌어요 그뒤로는 잠자가지고 뭔지기억이안나요  
20170626,1,놀랍다 사람이 만든거 맞냐  
20170625,4,진부하고 지루하고 2003년도 개봉영화 보는줄13고스트도 생각나고 별로임  
20170625,1,이건 좀 아니지 않나..  
20170625,10,OO 새끼들 10점누른새기덜 진짜 어떤 놈들이냐 어마어마하다 자기네들만 죽기싫다 이건가 에라이 퉤 모르겠다 나만 본거도 아까우니까 십점누르고간다 꼭봐라 후회한다  
20170625,4,"관람객임팩트도 없고 무섭지도 않은...공포,호러라기보다는...추리소설같은 영화?  "
20170625,1,1점도 아깝다; 진짜 세상에서 제일 재미없다  
20170625,10,관람객재밌었어요 꼭 추천합니다! 여배우 너무 이뻐요!  
20170625,1,더 말안해요. 똑같은 실수하지말라고 남깁니다.평점알바 지리네요ㄷ  
20170625,1,관람객쓰레기임보지마셈역대급노잼임  
20170625,1,리뷰가 제일 잼나넹 ㅋ리뷰 꿀잼  
20170625,1,평점알바에 속아서 1점 드림..여주남주땜시 암걸릴뻔.. 스토리도 억지스럽고 시간과 돈이 아까웠음!!!!  
20170625,3,관람객안무서워요..재미없어요  
20170625,1,관람객정말 소름끼치도록 재미있네요  
20170625,10,곡성이나 컨저링 보는 기분이였네요. 너무 무섭고 소름끼쳤습니다.  
20170625,1,관람객이상한결말과 알수없는 내용  
20170625,1,0점 주고 싶은데!!!!주제도 스토리도 공포도 없어요방금 보고나왔는데 혼란스럽네욬ㅋㅋㅋㅋ  
20170625,1,관람객정말 최악입니다 돈아깝네요 OO 외국인친구랑봤는데 걔 잤어요 심지어 ㅅㅂ  
20170625,1,절대 돈주고 보면 안되는영화  
20170625,1,영화 끝나는순간 들리던 관객들의 한숨소리와 욕소리..거짓말안하고 영화관안에있던 관객들 나오면서 다들 개빡친다 돈아깝다 조난화난다 등등 상욕남발ㅎㅎ공포영화 마니아인데 살면서 본 공포영화중 젤 노잼인듯  
20170625,1,제가 살면서 본 영화중 가장 쓰레기였습니다  
20170625,1,한사람이라도 더 이영화를 보기 전에 구해내야된다.  
20170625,1,이런걸 수입한 우리나라도 죄다. 영화보다잔적은 처음이다.  
20170625,1,와 이렇게 재미없는 영화는 디워 이후로 처음임 돈 버리고싶으면 봐라  
20170625,1,사람마다 객관적인 입장은 다르지만 이영화만큼은 그런거 관계없이 공포영화라기보다는 정리안된캡처동영상보는 느낌  p.s 이거 평점 후하게준사람들은 기존 유명했던 공포영화들 보긴한건가?이게무서웠다면 주온같은거 봤으면 심장마비왔을껀데;;  
20170625,1,1점도 주기 아까운 영화. 영화 보면서 최악이라서 후유증 있었던 건 이게 처음이었다.자기 싫어도 잠이 오는 영화.  
20170625,1,넘 무서워서 보다가 오줌 지릴뻔햇내~~다들 마니마니 보새요!!  
20170625,1,평점보면서 재밌다 재미없다 엇갈리는게 많아 보러갈까말까  고민하시는 분들. 절대 보지마세요. 제가 영화관에서 본 영화중 제일 최악이였으며 이렇게 재미없게 영화를 만들수있음에 감동받아 눈물이 나올거 같습니다. 장르가 호러영화가 아니고 슬픈영화였네요  
20170625,10,올해 최고의 영화입니다. 어제봤는데 내일가서 또 볼거에요 꼭보세요  
20170625,7,관람객기대는 안하는게 좋을거같아요 ㅎㅎ 영화보면서 뒤로갈수록지루한감이 있었구요 약간 여주가 답답하고 영화가 초반부가 좀 재밌어요 공포보단 스릴러같네요 ㅎ  
20170625,1,알바새키들 다 죽이고싶다  
20170625,1,아진심ㄹㅇ씹노잼ㅡㅡ  
20170625,1, 공포영화 진짜못보는데 처음부터 끝까지 두눈다뜨고봄거짓말안치고 졸았어요 내11000원ㅠㅠ....  
20170625,1,정신병 걸리는줄 ^^ 그냥 아 내가 요즘 너무조증인것같아서 조절필요하다 생각되시는분들은 꼭 보러 가세요^^ 보고 나오면 우울하고 찝찝해죽음  
20170625,10,이야기를 잘 섞어놓은듯해서 지루하지않고 흥미있게 봤어용  
20170625,9,일상속에서 느끼는 공포를 최대한 전하려는 공포영화였어요..  
20170625,10,보러 가면서도 많이 무서우면 어쩌낭.. 하면서 기대반 걱장반 보고왔는데 으어 ㅠ_ㅠ.. 꿈도 이상한꿈 꾸고ㅠㅠ..  
20170625,1,나는 돈을 땅바닥에 버리고싶다 는 분들만 꼭 보세요  
20170625,1,이거 보느니 한숨자면서 꿈꾸는게 더 재미있음 ㅋㅋ  
20170625,9,한동안 계속 생각날 것 같은데요..  
20170625,8,공포영화 좋아하시는분이라면 조금은 추천!!  
20170625,1,10점 준 사람들은 정말 영화 보기라도 한건가???아니면 너도 당해봐라 이생각인가요???아직도 기억이 나네요. 이 영화 엔딩크레딧이 보이는 순간이곳 저곳에서 들리는 관객들의 탄식을!  
20170625,9,이 영화 절대 혼자보지마세요-_-.. 어제 밤에 집에 갔는데 절라 무서웠음  
20170625,9,보면서 얼마나 놀랬는지 몰라여  
20170625,10,보면서 기빨리는 기분이랄까..? 드라마와 미스터리 조합으로 진행되서 잔잔하게 흘러가는데 그 분위기가 더 공포감을 더해준거 같음..  
20170625,10,진짜무섭다ㅠㅠㅠ 요즘 공포영화들 하나도 안무섭길래 기대 안했는데.. 주먹 꽉쥐고봄 ㅠㅠㅠ  
20170625,8,연쇄살인을 추적하는 내용을 담담하게 풀어내는거 자체가 더무섭더라ㅡㅡ  
20170625,9,공포영화는 역시 영화관에서 봐야지?  
20170625,10,완죤 꿀잼입니다^^..  
20170625,10,"제목답게 영화 자체가 다크한 분위기.초반부터 몰입도 잘되고 중후반으로 갈수록 극도로 긴장된다, 공포적인 요소도 충분했고 스토리도 좋아서 한번쯤은 볼만하다고 생각함  "
20170625,10,제목부터무서움..다크하우스 오늘 집에 안갈래  
20170625,1,5명이서 봣는데... 다들 재밋어하네요 꼭보세요나만 볼순 없지  
20170625,9,예고편 그 이상의 공포감. 심야 데이트 무비로 강추  
20170625,10,이런 영화 간만에 보니 진짜 무서웟다  
20170625,10,기대햇는데 역시..최고 예고편 그 이상으로 무섭다  
20170625,9,졸무서움 ㅠㅠ 무서운거 좋아하면 재밌게 볼 수 있을듯  
20170625,8,쏘우 감독 특유의 공포분위기가 사람 미치게하네 ㅋㅋ  
20170625,8,넘나 재밋는것 마지막까지 긴장하면서 봤네요  
20170625,10,명작입니다 꼭보세요!!  
20170625,1,노잼진짜...돈아까웟음  
20170625,1,별 1개도 아쉬운 전개과정 시작하자마자  무슨내용일지 다 예상 가는영화  
20170625,1,무섭지도 흥미롭지도 않다.  어째서 0점은 줄 수 없는가?!!!  
20170625,8,여름에는 역시 스릴넘치는게 제격인듯 보면서 은근 오싹한게 딱 내스타일이야  
20170625,9,ㅠㅠ집에오는데 무서워서 혼낫네..  
20170625,7,"기존 공포 영화들과는 다른 느낌이에요, 추리하는 재미도 쏠쏠합니다  "
20170625,8,소재부터가 흥미진진했음. 귀신나오고 그런 공포영화와는 다르게 심장 쫄깃하게 하는 분위기부터 시작해서 전체적으로 굉장히 사람 조여옴  
20170625,9,심장 쫄리면서 봤다 공포영화는 이런맛에 보는구나  
20170625,10,어제 심야로 보고옴 지렷다 진심  
20170625,7,귀신없이도 심장을 졸이는 영화  
20170625,3,관람객음....봤는데....음....  
20170625,1,고퀄리티 귀신의집...본다고하면 뜯어말리고싶다  
20170625,1,밑의 평점들은 혼자 당하기 억울한 사람들의 쇼입니다.평점에 속아서 보고왔는데 진짜 처음부터 끝까지 ???? 표정으로 보다가 끝나고 남친이랑 마주보고 허망하게 웃고 1분 뒤부터 돈아까움의 분노가 몰려옴  
20170625,1,쏘우감독 이제 믿고 거르기..ㅃㅇ  
20170625,1,잔인한거지 공포영화는아님.보다가 내 정신건강에 너무 해로워서 나옴.  
20170625,1,"졸음,핵폐기물,클레멘타인 성공적  "
20170625,3,와 정말 뭔지...왠만해선 극장가서 영화보며 졸지않는데반이상을 졸면서봤네요. 그냥 tv방송용 영화같네요  
20170625,7,관람객나만그런건가 이해가잘안되고 너무내용이산으로가...  
20170625,1,한개두아까움 공포영화 잘보는편은 아니지만 좋아해서 남자친구랑 기대하고 심야로보고왔는데 진짜..이렇게 안무섭고재미없고지루하기까지...중간에 나갈까..생각도하고 중간에졸리기도하고 영화끝나고 몇안되는관람객이 다같이 실소를 터트림  
20170625,1,너무 재미있어서 1점주고감^^ 돈낭비란게 뭔지 알게해준 영화  
20170625,4,관람객공포영화좋아하는데 이건 별로...  
20170625,1,후기남김. 보면 후회함  
20170625,1,역대급 쓰레기 영화이걸 돈주고 봤다는게 꿈이었으면 했다.  
20170625,1,무표정으로 영화를 본적은 있어도 인상쓰면서 본적은 없는데 이건뭐..개연성 1도없고 여주 고집때문에 죄없는 사람만 죽어나가고...후 역대 최악  
20170625,2,진짜 쏘우 감독은 제임스완이지 린보우즈만이 아니지!! 와 진짜 보는 내내 하품만 나오던데..0점 주고싶지만 그나마 여주가 넘나 이쁘고 린사예 할무니 나왔다는 거에서 2점 준다. 이 정도면 점수 후하게 준거다..  
20170625,1,내친구 와ㅏㅏㅏㅏ 진짜;;;; 남들 다 자는데 혼자 안자ㅋㅋ  
20170625,1,앗....OO.... 공포매니아의 자존심을 걸고 평점을 보고도 일부러 보러간건데...이거 너무 심하잖아.... 쏘우감독에 인시디어스제작진이라길래 기대햇는데....아 너무 하잖아.... 수면유도영화 ...이영화보고 불면증 나앗습니다.  
20170625,10,클레멘타인에 비견될 정도라면 말 다했다 꼭 보자  
20170625,1,유니버설 영화인데 왜캐 b급이냐  
20170625,1,팝콘던졋다는새끼 OO래  
20170625,10,관람객머리가나빠서 무슨내용인지 기억안남  
20170625,10,헐... 대박 공포임 후덜덜 .... 넘나 무서운것 ... 너무 무서워서 못보겠어요 ....  
20170625,1,너무화나서 영화보고오자마자 글남긴다 ㅡㅡ오늘에서야 평점 알바는 존재한다는걸알았고 사람들 다 욕하고나옴 남친한테 화냈음  
20170625,2,화가난다 기대없이 봤는데도 최악인 영화. 무섭지도 않고 재밌지도 않고 깜짝 놀라지도 않음. 어휴 영화관 사람 꽤많이 차있었는데 끝나고 여기저기서 화내는 소리만 들리더라  
20170625,1,OOO 차라리 돈주고 놀이동산가서 귀신의집 직접체험하세요  
20170625,1, 초.중반부엔 나름 스릴있고 어떻게 풀어 나갈까 궁금증도 자아내고 흥미 있었음. 와 근데 후반부에 그 큰집등장 할때부터 막장.. 진짜 쏘우감독 맞습니까? 노답임 그냥 이도저도 아닌 영화. 내 인생 영화관가서 본 영화 중 최악 베스트 1위를 드립니다~~  
20170625,10, 여주인공 외모에 감탄한고갑니다스토리가 하나도 기억안날정도네요!  
20170625,10,많은 사람들이 보고 나와 같은 기분을 느꼈으면 좋겠다ㅎㅎ  
20170625,10,ㅎ 얄미운 사람들...물귀신작전을 쓰다니 고맙소ㅋㅋ  
20170624,4,정신이 좀 피폐해지는 느낌의 영화  
20170624,1,공포인지 스릴인지 뭔지모르겠다 어린애가봐도 웃으면서보겠다  
20170624,1,평점 높게 준 인간들은 너희도 당해보라는 심보냐?  겁나 사악한것들 ㅜㅜ ㅋ술먹고 아딸딸한 기분으로 영화보다거 분노로 열받아서 술기운 다 날라감지금껏 본 영화 중에 제일 쓰레기 영화 아주 개연성이라곤 코딱지도 없고 그여주 내가 먼저 죽였어야 했는데  
20170624,5,관람객기대했던 공포는 없어요 ㅠ ㅠ  
20170624,9,관람객어설픈 귀신영화 보다 훨씬 낫긴한데나름 복잡미묘하다잉  
20170624,1,공포스럽지도 않고 잔인하지도 않은데 왜 청불인지도 모르겠고 진짜 이게 와 평점이 좋은지 모르겠음 노잼..  
20170624,2,지금까지 영화관에서 본 영화 다운받아 본 영화 티비 채널 돌리다가 우연히 공짜로 해주는거 본 영화들까지 모두 합쳐서 내 인생 최악의 영화였음^^  
20170624,1,보다 잤어요 보지마세요  
20170624,2,공포는 니미... 차라리 어린이 공포연극이 어울릴듯..  
20170624,1,공포영화 잘 못보는 사람들도 볼수있는영화. 돈아까움.난 봤지만 왜봄  
20170624,10,진짜 결말보면 대박이다... 컨저링 뛰어넘은듯  
20170624,10,와..이런 상상을 어떻게 하지?  
20170624,1,개연성도 없고 러닝타임을 툭툭 끊어서 만든것같은 그런영화..유령의집 귀신나오둣 뜬금없는 놀래킴..집중안되는 연기..시나리오..웬만해선 집중해서보는데..영화관안이 시원해서 안나갔던 그런 영화..  
20170624,1,내평점이거 별점 1개라도 아까워 죽겠다 돈버리는 희대의 쓰레기 영화~~~약 100명의 댓글알바 벌레들이 있으니 속지마시길~~  
20170624,5,"단순히 깜짝깜짝 놀래키는 공포 영화인줄 알았는데 상당히 오컬트적이면서 반기독교적인 종교 색채가 강한 영화. 많은 의미들을 담으려 노력했단점은 이해가 가나, 대다수 관객들이 의미를 이해 못할거같다. 나 또한 그렇고...  "
20170624,1,디진다 진짜 노잼도 이런 핵노잼이 없음 영화 보러갔다가 여주 때문에 한숨만 존나 쉬다가 나옴  
20170624,3,관람객너무정신사나운 영화였다. 딱히추천하지는 않는다.노잼....  
20170624,1,"세상 어디에도 없는 공포.. 영화에 진짜 공포 없네요.  영화끝나고 관객 모두 웃더라고요. 그리고 나오면서 ""우린 호갱이었어.이 영화를 봤다고 널리 알리자. 나만 당할순 없지""라눈 눈빛을 주고 받으며 나왔어요.  "
20170624,1,관람객무서운거 전혀없음 그냥 나레이션으로 영화봤음;  
20170624,10,무더운 여름을 가시게 해주는 진정한 공포영화의 정석을 보여줬다고 생각합니다 으스스한 여운을 남기며 돈주고 봐도 아깝지 않다고 생각합니다. 후하게 줘서 10점 좀 박하게 주면 8점 짜리 영화라고 생각해요 강추!  
20170624,1,엄청난 공포매니아로서 살다살다 공포영화 보다가 졸아보긴 처음이다..  
20170624,1,진짜 길바닥에 돈 뿌리는게 ㅣ낫겠다 존나 노잼  
20170624,1,더 많은 희생자가 생기기 전에...  
20170624,1,0점은 없나요? 평 안좋아도 공포영화라면 재밌게 보는데 이거 보다가 잘 뻔 했어요ㅎㅎ 보지마세요 진짜..  
20170624,1,"마이너스는 없나요. 인생 최악의 영화네요. 절대 비추..공포감도없고 뭘 표현하고 싶은지, 뭔 의미인도 모르겠고주인공에게 감정이입도 안되고 장면자른부분 막 이어붙여놔서 장면이 뚝뚝끊김...  "
20170624,1,쓰레기영화 무서운거 못봐도 노잼 진짜 더럽게 재미없음 졸다가나옴  
20170624,1,돈을 제물로 바치시려면 보세요  
20170624,1,이딴걸 공포영화로 들고나온 감독 대가리 한대 후려치고싶네  
20170624,1,저희 아빠도 한숨쉬면서 저한테 저게 재미있냐고 그러셨어요..  
20170624,1,공포영화를 워낙 좋아해서 웬만한건 참고 보는 편인데 이건 진짜..끝까지 앉아있을 수가 없네  
20170624,1,진짜 제 댓글을 보시고 보려고 했던 마음을 접으셨으면 하는 마음나오면서 영화관 안에 있던 모든 사람들이 ? 하는 얼굴로 나오며 화를 내며 나갔습니다..공포영화 보면 혼자 잘 때 일주일 이상 잠 못자는데 영화 본 당일 혼자 꿀잠 잘 잠..^^  
20170624,8,또 한번 사람의 무서움에 치가 떨림;  
20170624,8,역쉬 밤에 보니까 더무서운것 같아여  
20170624,2,여기서 제일 무서운 건 이영화를 만든 영화감독인가...  
20170624,9,더위 가시게 하는데 괜찮은 영화!!  
20170624,7,오래간만에 공포영화다운 영화 봤네요~~~^^  
20170624,1,관람객핵잼없음 핵잼없음 핵잼없음 핵잼없음  
20170624,8,다른건 몰라도 무서운 분위기는 정말 잘표현함ㅋㅋㅋ 무서운거 잘봐서 그런지 재밌게 보고 옴  
20170624,8,저예산 영화인거 같은데 이 정도면 훌륭한듯  
20170624,8,공포영화로써 즐기기엔 딱인듯! 오늘 낮에 진짜 더웠는데 다크하우스 보니 좀 괜찮아졌음ㅋㅋㅋ  
20170624,8,와 진짜 공포영화 진짜 오랜만에 보는데 손에 땀 나고 심장 떨리더라ㅡㅡ  
20170624,10,역량있는 감독의 영상미 철학과 공포를 담은 스토리 긴장감의 연속!!!  
20170624,1,심야로 보고왔습니다. 초반엔 흥미가 있었지만 갈수록 떨어지더군요. 진짜 평점 1점짜리도 아까운 괴상한영화였습니다.  
20170624,1,어제보고 자고 일어났는데 아직도 화가난다.. 영화를 같이본 상대분과 가까워지고 싶어서 본 영화인데 이런 망할 영화.. 부들부들  
20170624,10,"인시디어스, 쏘우를 이은 개 띵작이다. 돈이 하나도 아까웠다.  "
20170624,1,평점 10저 주는 알바새끼들 뭐냐 ㅋㅋ 나  졸피뎀 먹고도 잘 못자는데 진짜 잘잤다  
20170624,3,여주가예뻐서3점드림..  솔직히 평점보고기대안했는데 보고나서야 아기대안한겸보지말껄했음..  
20170624,1,놀이공원 귀신의 집보다 안 무섭다. 시간낭비 갑 영화. 핸드폰 통신사 덕분에 공짜로 봤는데도 화나는 영화.  
20170624,10,종말 희대의 명작 시간 가는줄 몰랏다...!!  
20170624,10,진짜 개 무서웠음 진짜 최고의 소름 와 아직도 무섭다 하..  
20170624,1,내생에 이런 망작은 처음본다보고난후 이해를 못하겟다시간이 아까운영화 체감상 원스 어폰 어 타임 인 아메리카 급  
20170624,10,나만 당할수 없다..ㅠㅠ  
20170624,10,남자들끼리보러갔는데 바지에 오줌지리고왔네요 살면서 지금까지 본영화중에 제일 공포영화같았어요  
20170624,1,개노잼 ㅁ^^ㅁ머머나난  
20170624,2,박평식을 제물로 바칩니다.  
20170624,7,10점 까지는 아니고.. 그냥 볼만 했음  
20170624,8,저희 극장에서 이거보다가 한명 기절해서 응급실 실려갔어요. 진짜 무섭더라구요.  
20170624,1,관람객알바 썼나봐....1점도 아까운 영화.  
20170624,1,관람객이 영화를 보고 불면증이 나았습니다.  
20170624,1,진짜 말로만 듣던 덧글 알바가 있구나작년에 미국개봉해서 완전 폭망한 abattoir. 제목바꿔 개봉하면 모를줄 알았나..?  
20170624,1,이 영화무섭다하는게제일무서운포인트....  
20170624,1,마실거 없이 고구마만 먹여놓은듯한 답답함과 반전없는 식상한 결말입니다.공포영화라길래 기대하고 봤는데 실망이 큽니다.차라리 길가다가 고양이가 갑자기 튀어나오는게 더 무서울꺼 같습니다.  
20170624,1,심야로 보고 잘 자다 왓어요  
20170624,10,다시 태어나도 꼭 보고 싶른 명작 극한의 공포  
20170624,1,1점도 리뷰를 쓰기위해서 눌렀다 왜 영점은 없을까영화보다 늦게들어오는 관객 발자국소리가 제일무서웠다누가 보다가 놀라서 팝콘이 사라졌다는데내가봤을땐 걍 뱃속으로 사라진듯못보신분들! 진짜 못본거 후회안합니다저도 못봤던때로 돌아가고싶습니다!ㅎ  
20170624,1,관람객노잼 보다가 나옴 별반개도 아까움ㅋ  
20170624,10,이건 인생영화다 진짜하루보다 재밌음 진짜 개무서워서 중간에 화장실 갔다옴  
20170624,10,10000원 아깝지 않았습니다. 오랜만엔 등에 식은땀 났네요. 가족과 대학 친구들 모두에게 추천하는 2017 올해의 영화입니다. 다크 하우스! 추천합니당!  
20170624,1,별 1개도 아까운 영화 보는내내 지루하고 노잼입니다. 졸려죽는줄 알았고요 여자친구도 재미없다 하고 영화관 안에 사람 다 끝나고 화내면서 나갔어요 ㅋ  
20170624,1,와 내평생이런 영화는 처음본다 무슨 판타지도 아니고 지팡이로 바닥을 찍으니깐 집이움직이네?? 걍 판타지를 만드는게 낮지안을까 싶네요 영화 기대하면서 봣는데 후반갈수록 진심으로 노잼 이 글을보고 이 새끼 알바네 하지마시고 제발이니 믿고 이영화는 진심노잼  
20170624,8,관람객볼만한데 먼가 중요한 부분은 짤라놓고 궁금해지는 부분만 붙여놓은느낌이네여''  
20170624,1,1점도 아깝다 이걸 내 돈내고 보다니ㅋ 인시디어스랑 라이트아웃 들먹이지마라 수치다 나도 영화계 부흥을 위해 감독을 제물로 바치고 싶다  
20170624,9,지금까지 본 공포영화 중 최고의 영상미와 CG  
20170624,10,기저귀 터졌습니다. 꼭 보세요.  
20170624,1,친구랑 심야영화 보러 갔는데 진짜 내가 만들어도 잘 만들정도로 못 만든 영화. 흐름하나 제대로 못 잡고 흐지부지하며 복선도 너무 대놓고 보여줌. 결말은 아내의 유혹 뺨치는 막장 결말로 허무하게 끝남. 결론 노잼! 핵노잼! 절대로 보지말것! 취급주의!!  
20170624,1,하 진짜 하나도 안무섭고 노잼이라 돈이 너무 아깝네요 억울해서 평점 주러 왔습니다  
20170624,10,극장에서 본 영화 중....여기까지  
20170624,8,기존의 공포물과는 다르게 신선했던 공포영화  
20170624,10,기대를 안하도 봐서 그런지 너무 재밌게 봤어여 과연 2탄도 나올까여?  
20170624,7,"관람객일단 여주인공이 되게 예쁘며,,,뭔가 평이 안 좋은 이유는 가뜩이나 공포영화인데 심오하기까지 해서?...  "
20170624,9,무섭지만 재밌었어요~ 오랜만에 공포영화 보니까 너무 재밌네요~!  
20170624,7,혼자 봐서 더 무섭게 느껴진걸 수도 있지만 재미도 있고 무섭기도 했어요~  
20170624,10,"오랜만에 느낄 수 있었던 온 몸에 전율,,,  "
20170624,3,돈주고보기아까움 ㅠㅠ 스토리도 .. 무서움도.. 감동도 .. 재미도없음 ㅠㅠ  
20170624,9,러닝타임도 적당학도 전체적으로 잘빠진것 같네요~~  
20170624,7,관람객더운날에 보기 괜찮은 영화였어요  
20170624,7,"초반부터 진짜 흥미진진해요;; 분위기 부터 시작해서 계속 긴장하게 만드네요, 뒤로갈수록 더 몰입해서 보게 될겁니다  "
20170624,10,반전 대박;; 소름 대박;; 무서운거 잘 보면 보세요..  
20170624,8,스릴러나 공포를 좋아하는 나로썬 굉장히 만족스러웠던 작품  
20170624,10,공포 좋아하시는 분들에게 강추합니다  
20170624,8,흥미로운 공포영화 분위기 자체가 매.우 무서움  
20170624,8,독특한 전개로 흥미롭게 보고나왔습니다  
20170624,8,은근히 무서운 영화였어요 ㅎㅎ 여름에는 역시 공포지  
20170624,1,별 반개도 아까움.. 관람객8점은 뭔가요.. 알바들 오지네.. 라이트아웃 제작진 쏘우감독이라서 봤는데.. 와 .사기당한느낌임. 보러갈려는 사람들 제발 보지마시고 그시간에 다른거 보던지.. 2명이면 치킨사먹는게남... 휴..  
20170624,10,존1나무섭거나 소름끼치는건 아닌데 그럭저럭 볼만함. 킬링타임용으로는 적절함  
20170624,8,꽤나 흥미로운 영화였어요 남자친구랑 같이 봤는데도 무서웟음  
20170624,10,오줌 지리고 왔습니다. 너무 재밌네요..  
20170624,10,아 진짜 잘때마다 생각나서 잠을 못잔다고...  
20170624,1,후기 점수좋은애들 전부다 알바입니다살면서 이런 쓰레기는 처음봐요영화보고 욕나온건 처음이네요 여태까지는 재미없어도 욕나온적은 없었는데 이건 진짜 OOO기 절대보지마세요 진짜 트랜스포머보려다 너무늦어서 봤는데 눈물납니다 진짜 내돈 OO OOO기영화  
20170624,10,와 진짜 역대급입니다 추천  
20170624,10,강추한다는 평점보고 트랜스포머 보고싶다는 남편 무작정 끌고 가보고는 리얼평점에 감탄 오금이 저리는 공포 명작에 감탄우리 남편 '다크하우스' 얘기만해도  자다가도 벌떡  
20170624,8,심장이 쫄깃쫄깃 몸이 오싹오싹 올만에 진짜 무섭고 재미있는 공포영화봤음!!  
20170624,10,난 보고나서가 더 무섭더라ㅡㅡㅋㅋ  이영화보신분들 괜↘찮↗아↘요↗?  
20170624,9,여자주인공 패기 인정 ㅋㅋ나같으면 무서워서 집밖에서 안나갈텐데 범인있는 집을 찾아가다니ㅋㅋ  
20170624,7,"음.. 쏘우처럼 극단적인 장면은 없지만, 영상과 음악만으로 주는 공포감이 장난아님  "
20170624,8,영화 자체의 공포감이 엄청나다  
20170624,9,내가 저 주인공이라면 나는 하루도 못살어 ㅠ_ㅠ 당장 저 집나올거임  
20170624,7,"볼만한 것 같은데요, 재미없진않아요  "
20170624,10,이건한번에 오는 공포가아니라 천천히 공포를 스며들게해주는 영화였다 이게더무섭짜나 ~_~  
20170624,1,와...영화보고 심하다는 생각이 든다...정말정말 허무함  
20170623,1,평점1도아까움 OOO기영화 ㅡㅡ  
20170623,10,감사합니다. 님들 평점믿고 즐거운마음으로 봤다가 제물로 받쳐졌습니다. 미끼를물었네요. 10점만점에 10점드리겠습니다. 꼭보세요.  
20170623,1,진짜 여기서 재밌다거나 평점 5점이상으로 준 사람들 남들 낚을려고 하는겁니다; ㄹㅇ 스토리 개연성 공포성 등 그냥 c급도 아까운 영홥니다 처음으로 네이버 평론가 2점대 점수를 수긍하게 만들어버리네요  
20170623,1,관람객간만에 최악의선택을...  
20170623,1,와나 이건 1점도 아까워요. 예매권 당첨된건데 당첨된게세상 억울해. 그냥 혼자 처볼걸 괜히 같이가신분한테 죄스러움. 감히 여름 공포영화를 이따위로 만들고 홍보를 그따위로 하면 안되죠. 유니크가 다 얼어디짔냐  
20170623,8,공포감이 더위를 이겨버렸네요 오싹한 영화한편 보시길 강추 드립니다  
20170623,10,내가 좋아하는 배우들까지 나와서그런지 영화 괜찮았습니다  
20170623,8,"스토리는 물론 영상,분위기 등등 다 만족스럽다  "
20170623,8,킬링타임용으로는 괜찮은 공포영화라고 생각합니다  
20170623,10,재미있었어요~  간만에 재밋는 공포영화 본 것 같네요 ㅎㅎ  
20170623,8,쫌 잔인하긴한데 그래서 더 무서운것 같아요  
20170623,1,진짜 내가 공포영화 정말 못 보는데 진짜로 딱 한 번 옼! 하고 보는 내내 이게 뭐냐...OOO 뭔 말이야 OOO 이거 왜 봤지 했음 개쓰1레기 영화임 보지마세요  
20170623,10,시간이 지날수록 무서워지는 공포감..  
20170623,8,이건그냥 나도모르게 스윽 찾아오는 공포 악! 내가 썼지만 내글 무서웠다 ㅋㅋ  
20170623,9,한동안은 이영화땜시 방 이곳저곳 한번씩 보게될것같아요 ㅋ  
20170623,8,딱 내스탈임! 귀신도 안나오고 추리하면서 공포주는 그런영화 내스탈~♥  
20170623,10,귀신나오고 이런것보다 이런 심리적인 공포영화가 더무서운거  
20170623,9,이영화 오지네여.. 보는동안 얼마나 긴장했음 손에서 땀이 폭풍임 ㅋㅋ  
20170623,9,와 진심 예고편 볼때마다 더 무서움 인정  
20170623,1,내돈내놔 ㅅㅂ 장난하냐  
20170623,1,로컬 소규모 유원지의 구색만 갖춘 귀신의 집을 들어갔다가 나온 느낌. 무섭지도 놀라지도 재미있지도 않았다. 놀라울 정도로 못 만든 공포영화  
20170623,1,절대보지마세요. 모든사람들이 다 재미없다고 하고 나오네요. 8점이상 준 사람들은 100퍼 알바입니다.  
20170623,7,공포영화는 여자친구 손잡고 극장에서 봐야제맛  
20170623,8,상황을 무뚝뚝하게 풀어나가려는 그런 느낌이 공포감을 더해줬어요  
20170623,10,줄리아 용기 쩌는듯ㅋㅋ나같으면 못가..  
20170623,1,내가이상한가??ㅋㅋㅋㅋ보지마요 나올때 다 한숨쉬면서 나옵니다.보다가 졸았어요.  
20170623,1,알바라는게 진짜 있구나..  
20170623,1,관람객이건뭐죠...핵노잼  
20170623,10,이공포영화는 독특한 전개라서그런지 일반 공포영화랑은 차원이 다르네요  
20170623,1,OOO기영화 돈 존나아까움 보지마셈 알바 존나많은듯  
20170623,1,진짜 1점도아까운영화진짜노잼알바들 고생한다.  
20170623,1,영화관에 돈 기부하기이!!  
20170623,1,OOO기영화 진짜 돈아깝다...  
20170623,1,"제가 평론가도 아니고 어지간하면 그냥저냥 넘어가는데, 제가 제일 좋아하는 공포영화의 첫을 이런 영화로 시작했다는게 너무 억울합니다. 확실히 주제에 맞게 새로운 시도를 한것은 인정하겠는데, 그게 전부입니다. 영화 끝나고 관객들 거의 짜증내면서 나갔습니다  "
20170623,10,굉장히 흥미롭게 보고왔다!! 의외로 악! 이런 공포영화가아니여서 담담하게 보게 되지만 생각하면 생각할수록 소름 돋는다고 해야할까?  
20170623,8,친구랑 보러가길잘한 것 같네요..  
20170623,8,심리적인 공포가 장난아님..  
20170623,10,제친구는 안무섭다고하는데 저는 엄청 무서웠어요-_- 사람들마다 느끼는 공포가 다르니 한번씩들 봐보세옄ㅋ  
20170623,9,"쏘우처럼 너무 잔인하지 않아서 더 좋았던 영화에요, 갠적으론 이런 심리적인 공포영화가 더 무서운것 같아서..  "
20170623,8,막 악!! 놀래키는 영화가아니라 스~윽~ 이렇게 무서운 영화임  
20170623,10,나 영화관에서 볼때는 분명 안무서웠음 근데 잘라고 누웠는데 갑자기 생각나서 잠못잘껄..?  
20170623,9,심장이 쫄아가지구 큰일날뻔 ㅋㅋ 무서운 영화보고나서그런지 밖에 나와도 오싹했음 ㅋ  
20170623,7,어제 친구는 안무섭다고 그러는데 저는 무서워서 눈이랑 귀랑 다 막고 살짝씩보게되더라구여.. ㅎㅎ  
20170623,10,역시 공포영화란 소리빵빵하고 스크린큰 영화관에서 봐야지 제맛이지 공포영화는 영화관에서  
20170623,8,이런공포영화 다른 공포영화들과는 틀린 스타일이였어요! 무튼 재미있게 보고옴!  
20170623,8,나 이영화 어제 혼자보고왔는데 진짜 무서워서 죽는쥴.. 혼자보지 마시오  
20170623,8,지루하지도 않았고 흥미롭게 흘러가는 내용이 좋았습니다  
20170623,8,영화가 너무 재미있어서 무서웠는데도 눈을 못떼고 계속봤다..  
20170623,10,으~ 사람의 심장을 점점 조여주는 쫄깃쫄깃한 공포영화랄까..  
20170623,8,저는 영화도 너무 좋았지만 배우들 보는 재미도 있었네요 ㅎㅎ 특히 여자주인공이 너무 예뻐요 ㅋㅋ  
20170623,10,와진짜 며칠간 잠 못잘듯;;; 진짜 공포영화 본것중에 제일 무서웠음...진심 소름끼치고 무서움 추천합니다....;;  
20170623,10,음 취향차이겠지만! 무섭기도 했지만 그래도 나름 재미있게 보고왔습니다.  
20170623,8,시종일관 놀래킬것같았는데 너무 그렇지않고 추적 스릴러같은 느낌이 강해서더 좋았습니다.  
20170623,7,"라이트아웃,인시디어스와는 또 다른 느낌  "
20170623,10,요즘같은 날씨에 공포체험 하고 싶으면 봐도됨  
20170623,1,관람객노잼입니다 공포영화라고 해서 봤는데 하나도 안무서움 시끄럽기만함 약간 반기독교적인 내용이기 때문에 참고하시길  
20170623,8,아침에 봤는데 더워죽곘는데 생각하면 소름 돋네  
20170623,10,꿈자리 뒤숭숭할거같음 -_-  
20170623,8,쏘우 감독 특유의 분위기가 더해지면 더 소름끼침  
20170623,8,깜짝 놀래킨다기보다 영화 자체가 주는 분위기가 공포..  
20170623,10,다른 공포영화들과는 다르게 심리적으로 다가오게 하는 공포가 대단하다.. 깜짝깜짝 놀래키는 공포영화들은 이제 식상했는데 요즘은 이런 공포영화가 대세인가보다  
20170623,8,어제밤에 cgv에서 보고 왔는데 아직도 소름돋음.. 집에 오자마자 잘라고 했는데 잠안와서 오늘 거의 넋나간 상태로출근ㅋ..에휴ㅜㅜ..  
20170623,9,졸라무섭네 진짜 ㅋㅋ 평별로 안좋길래 우습게 봤는디;;  
20170623,8,은근 보는 내내 심장 쫄리더랔ㅋㅋㅋ  
20170623,8,보는 내내 눈가리고 귀막고ㅜ.ㅜ.. 내가 공포영화를 잘 못보긴 하지만.. 올해 공포영화는 이거 하나만 됬음.. 충분해..  
20170623,10,역시 공포영화는 극장에서 봐줘야 ㅋㅋㅋ  
20170623,10,갑툭튀 없다해서 맘놓고 보다가 갑툭튀 나와서 놀랐고 영화 끝나고 집가다가 쎙얼인데 썸타는 애랑 마주쳐서 개 놀랐다  
20170623,3,애버랜드 유령의 집에 온줄알았다ㅡㅡ  
20170623,8,나였으면 가라 할 때 그냥 갔다  
20170623,1,b급 영화라 아무런 기대도 하지 않고 갔는데도돈하고 시간만 날렸다는 생각을 들게 만든 핵폐기물  
20170623,8,"꽤나 흥미로운 영화였어요, 이전에 나온 공포영화들과는 다른 스타일?? 몇몇 분들은 안좋게 보셨나보네.. 공포영화는 항상 호불호가 갈리긴 하지요;; 저는 굉장히 독특한 전개로 흥미롭게 느껴졌습니다..  "
20170623,7,영화 분위기 자체가 매우 무서움.. 그 집 들어가는 순간부터 졸라 쫄림.  
20170623,10,간만에 제대로 된 공포영화네요 ㅋ  
20170623,10,아.. 아직도 소름 돋음..ㅜㅜ  
20170623,1,정말 공포스러워요 어느부분에서 공포감을 느껴야하는지 모르는게 말이죠.... 돈주고보면 욕나올영화 스토리 개연성 감동 재미 공포 무엇도 못챙긴영화  
20170623,8,올 여름은 다크하우스 하나로 끝나겠네요  
20170623,8,내가 앵간해서는 안쪼는데 오늘은 쫄리드라 ㄷㄷㄷ  
20170623,8,혼자사는 사람들이 보면 밤에 잘 못잘듯 싶다....;;  
20170623,10,다른건 둘쨰치고 무엇보다 심리적 공포를 주네요  
20170623,8,이거 진짜 무서운데?..ㅋㅋㅋ  
20170623,8,집을 소재로 한 공포 스릴러 중에서 가장 탄탄한것같아요  
20170623,9,그 동안 나왔던 맥락없는 공포가 전혀 아님ㅋㅋ 솔직히 기대 안했는데 재밌어서 놀랐고 오늘 밤은 엄마 방에서 자는걸로..  
20170623,10,가족을 죽인 범인을 찾아가는는 과정들이 어찌나 흥미진진하던지 보는내내 심리적인 압박감이 장난 아니였어여ㅠㅠ  
20170623,10,시간대 맞추기가 힘들어서 어렵게 봤어요ㅠ 재밌는데 상영관좀 늘려주길..  
20170623,8,기대 안했는데 존잼 ㅋㅋㅋ 친구가 보재서 공짜로 봤는데 내 돈주고 봐도 아깝지 않았을듯  
20170623,9,"기존의 공포영화들과는 확실히 다릅니다, 집안에서 일어나는 일들을 하나하나 추리하면서 보는 재미가 있어요, 미스터리, 스릴러 좋아하는 분들도 만족할 것 같네요  "
20170623,8,색다른 전개 방식의 공포영화로 신선했던 공포영화 한편  
20170623,1,진짜 영화관에 에어컨도안틀어줘서 사람들 다더워죽을라카는데 영화는 또 드릅게 노잼ㅋㅋ진짜 놀라는장면 1도없고 그냥 9천원 기부한셈ㅋ진짜 더위날리려다가 더위존나게먹고왔네요^^ 영화끝나고 사람들다 재미없어서 욕하면서나왓음ㅋㅋ투니버스 학교괴담이 더무서울듯  
20170623,8,같이 추리하면서 보는 재미도 있고 볼수록 나도 모르게 빠져들게 되더라.. 오랜만에 영화 보고 정신 아득해짐;  
20170623,10,관람객무더위를 한방에 날려버릴것같은 영화네요!!  재밌게 잘보고왔음  
20170623,8,오랜만에 제대로된 공포영화를 본 듯 하다  
20170623,8,"요즘엔 이런 스타일의 공포영화가 더 먹히는듯, 생각하면서 보는?? 나 또한 너무 재밌게 봤음  "
20170623,8,와 여주 용기에 박수 ㅋㅋ  
20170623,10,무섭기만한게 아니라 드라마 요소들도 들어가 있어서 더 재밌게 볼 수 있었던거 같당  
20170623,9,"의외로 재밌네요ㅎㅎ스토리가 탄탄.볼때보다,보고나서 생각해보니 더 무서웠음.  "
20170623,8,흥미진진 그 자체ㅋㅋ 담담하게 진행되는데 무섭기도 하고 긴장감 넘침  
20170623,10,관람객이영화를 당신의 제물로 바칩니다.  
20170623,9,관람객종교 과학이 합쳐진 색다른 공포 영화였던 듯 !  
20170623,8,공포영화답게 분위기를 잘 살려서 만든 영화였습니다 쓸데없이 깜짝깜짝놀래키는 영화가 아니라 주제가 명확해서 그런지 스토리가 이끌어 가는 힘이 상당하더라구요  
20170623,10,우연히 예고편 본 뒤로 기대하고 있었던 영환데 개봉전에 운 좋게 친구 따라 시사회가서 보고 보고 왔는데 졸무섭ㄷㄷ  
20170623,9,어제 심야로 보고 왔는데 스토리도 탄탄하고 긴장감도 장난 아님ㅋㅋ 오랜만에 볼만한 공포영화가 나온듯  
20170623,7,핵꿀잼! 완전 강추! 혼자 보지 마세요!  
20170623,8,스토리도 괜찮고 볼만한 공포영화였다  
20170623,8,여름엔 역시 공포가 답임.. 아침부터 겁나 덥더니 영화보고 나닌까 오싹한게 아주..  
20170623,10,끝까지 긴장감 있는 공포물  
20170623,10,관람객무서운걸 잘 보눈 편인데도 사운드랑 깜짝깜짝 놀라는 부분이 있었음  영화보고 나서도 막 생각나는 것이 포인트 ㄷㄷ 올 여름 공포영화로 추천!!  
20170623,9,꼭 극장에서 보세요 사운드가 지대로 입니다  
20170623,7,무섭기도 하고 짜릿하기도 함 이 영화 진짜 대박임  
20170623,10,보지 않고는 알 수 없는 공포감.. 무서운 영화 좋아면 강추  
20170623,8,기대보다 훨씬 잼있고 무섭네여 역시 이런 영화는 빵빵한 사운드와 큰 화면으로 봐야 제 맛인거 같아여ㅋ  
20170623,10,99분으로 짧은 영화가 더 짧게 느껴졌어요 긴장하면서 잘봤습니다  
20170623,1,이게 호러냐 호러장르빼라ㅡ  
20170623,8,저는 무척이나 무서웠지만 같이 본 사람은 별로 무섭지 않다고..ㅋㅋ 확실히 호불호가 갈리나봐여  
20170623,8,완전 재밌게 봤어요 여름 공포영화 성공이네요~^^  
20170623,1,하 이걸로 돈주고ㅋㅋ진짜 역대 최악의영화ㅋㅋ진짜 웬만하면 보는데앞에 남자들도 욕하면서 나감...  
20170623,8,진짜 여름에 딱 보기좋은 공포영화!  
20170623,1,"이거 완전 핵노잼, 보다가 잠자다가 나왔다. 차라리 13고스트를 다시 보기를 바란다.  "
20170623,10,공포영화 본 것중에서 가장 제 취향ㅋㅋ 기대 안했는데 존잼  
20170623,1,b급감성 없는 b급감독의 c급연출 c급각본 노잼  
20170623,9,미친듯이 무섭진 않았지만 적당한 공포감과 흥미로웠던 스토리 덕분에 재밌게 긴장하며 볼 수 있었던거 같아요  
20170623,8,더위를 싹 날려줄 영화!간만에 쫄깃한 영화 였습니다!  
20170623,10,관람객분위기 개소름 ㄷㄷ그런데 눈을 못떼고 계속 보게됨잼나욤  
20170623,8,진심 재밌고 개무서웠음 굿  
20170623,10,내용 구성도 괜찮아서 가볍게 공포영화로 볼만해여 많이 보세여 ㅎㅎ  
20170623,9,관람객생각하면 더 무서운 영화  
20170623,10,보고나니까 시원한 느낌이 드네요 적당히 공포감 조성하고~  
20170623,10,심장 쫄깃쫄깃하다는걸 경험하게 되는..  
20170623,1,내 갤럭시s8+ 폰카로 영화만들어도 이거보단  재밌게 만들수있음  
20170623,9,호불호가 갈리긴 하지만 저는 많이 무서웠어요ㅠㅠ  
20170623,1,귀신이 나올거면 첨부터 나오던가 아님 끝까지 인간vs인간으로 가던가 그리고 항상 생각하건데 공포영화 장르의 남녀 주인공은 왜 상 빠가들만 존재하는지 이해할수가 없다.c급도 아닌 f도 아까운 영화 그나마 위안은 주인공들의 비주얼은 선남선녀들이긴 하다.  
20170623,10,나는 무서워서 심장 터지는줄 알았는데 같이 본 친구는 별로 안무서웠다고..ㅋㅋ  
20170623,10,관람객클레멘타인급 띵작 돈이ㅇㅏㄴ아까웠다!  
20170623,1,관람객 평점이 9점인건 나 혼자 엿될수 없으니 니들도 보란 의미인가요 ㅋㅋㅋㅋ  
20170623,3,관람객아후...이건아니다 자막도 오타난거도많고 화면도 뭐가안맞고...  
20170623,1,처음부터 끝까지 무표정으로 봤네요 인물 행동에대한 이해를 시켜줄만한 요소도 없고 이유도 있어도 충분하지 않은것 같고 너무 판타지 스럽기만 했어요  
20170623,10,아 진짜 보는내내 심장 두근두근..ㅜㅜ 연쇄살인이라는 설정부터가 무서웠어..  
20170623,9,무더위를 날려줄 공포영화!  
20170623,1,어제 건대 롯데시네마서 후기봣는대 개핵노잼이고 왜 평점이 9점대인지 이해가안갑니다 ㅋㅋㅋ 이게 공포영화안지...전개도 이상하고...쏘우감독이 자다가 발로만든거같아요.. 부르조아 놀이하고싶으면 보세요 ~~!강추드립니다  
20170623,1,친구가 시사회당첨되서 같이 보러 갔습니다. 영화끝나는 순간 제 손이 무심코 친구 멱살을 잡게되는 그런 영화네요.  
20170623,1,공포 영화보면서 졸았던 적 진짜 처음..돈 버림 ㄹㅇ 핵노잼  
20170623,10,흠.. 꽤 볼만한 영화였습니다. 공포영화가 이정도면 괜찮은것 같아요  
20170623,10,관람객무서워하면서 봤는데 집에 올때 더 무섭고 집에와서 자려고 누우니까 더무섭다... 공포영화는 이런맛에 보는거죠  
20170623,10,인시디어스랑 비슷한거 같으면서도 더 강렬하고 잔인하달까? 여름에 보기 좋네요  
20170623,1,알바들 개수작 진짜 극혐이다.. 평점 리뷰보고 어제봤다가 진짜 돈 개날렷음  
20170623,1,평점에 낚여서 괜히 봤네요 하나도 안 무섭고 재미도 없습니다 저처럼 낚이는 분이 있을까봐 솔직한 후기 남깁니다 지루하기만하고 재미없어요  
20170623,10,이제껏 보던 공포영화와는 또 다른 느낌의 공포영화 였어요  
20170623,1,ㅋㅋ알바들 열심히네돈 아까워요 절대 보지마세요내용도 거지같고 영화 끝나고나면볼일보다가 끊고 나오는 느낌이에요결론은 노잼  
20170623,9,이상하게 보는 내내 소름이 돋더라..  
20170623,3,노잼인데 알바 장난 아니네 볼 건 여주 미모밖에 없음 ㅋㅋ  
20170623,10,관람객판타지가 딱 좋게 가미된 공포영화. 마지막은 꽤나 신선했다!  
20170623,10,관람객마지막 반전이 슬프고 끔찍하다... 우째 저런 생각을.. 쏘우 감독의 새로운 공포를 보여줌!  
20170623,3,"와. 진짜재미없어. 어제 시사회로 봤는데 너무 재미없어서 소름. 아, 눈물납니다. 모두에게 피해 가지 않게 해주세요 ㅠ 수입/배급사 너무해요.  "
20170623,10,관람객역시 쏘우 감독과 린 사예 할머니는 실망시키지 않았다!! 반전 대존잼ㅋㅋㅋㅋ  
20170623,10,관람객다른공포영호에비해 색다롭네요  
20170623,1,내용도 없고 공포도없고 본 영화중 최악인듯..  지극히 개인적인 관전입니다. 이런류의 영화를 안좋아해서 그런지 몰라도.. 어제 시자회에서 보고 나가는 모든분들 반응 이렇던데.. 허무.. 시간아까음... 다행인건 여주가 이쁨  
20170623,10,관람객문여는 소리도 무서워ㄷㄷ귀막고 봤어요ㅠㅠ  
20170623,1,와.. 남들 다 재미없다고 해도 웬만하면 다 재밌게 보는편인데 손에 꼽히는 최악의 영화였어요ㅠㅠ 상영도 별로 안해서 시간 억지로 맞춰서 봤는데 완전 후회..  제발 딴거보세요ㅠㅠ  
20170623,10,관람객마지막 반전이 꽤나 신선한 공포였다. 린사예 할머니 이번에도 짱짱 ㅋㅋㅋ  
20170623,1,재미하나도 없음 지새끼들 살릴려고 다른사람들 현혹해서 가족들 받치게하는내용  
20170623,1,일대 관람장이 수면장으로 전락. 다이하우스  
20170623,1,진짜 최근에 본 영화중에 제일 재미없었음..  
20170623,1,숙면하우스 ㅇㅈ합니다  
20170623,1,정신이 아득해지는 삼류 호러물. 아니 삼류 호러물이 아니라 그냥 삼류 영화;; 대체 이런 영화가 어떻게 극장에서 개봉할 수 있는지 참 놀랍고 신기하다. 웬만해선 1점 잘 안주는데 이건 100% 1점!!  
20170623,1,ㄹㅇ내가 영화만들어도 이 영화보다 잘 만들겠다 이 영화볼 돈으로 편의점가서 까까나사먹으세요  
20170623,1,펭귄맨닮은놈이 지팡이를내려치는순간 먹고있던팝콘을 내동댕이쳤다  
20170623,9,실관람객입니다. 꼭 극장가서 보세요... 긴장감있게 흐르는 공포와 깜짝놀랄 반전까지~ 또 보고 싶네요  
20170623,1,1점도 아깝다 졸라 재미없음 무서운 영화 보다 잔거 처음임 핵 쓰레기영화임 알바꺼져라~~~  
20170623,9,임팩트는 확실히 있는듯.. 나도모르게 숨죽이고 보게된다. 특히 집안에서 본격적인 이야기가 펼쳐질떄는 긴장감기 극도로 진행됨..  
20170623,8,오랜만에 긴장하면서 영화 봤네요 ㅋ  
20170623,9,기대안하고 봤는데 올해 공포영화 중 손에 꼽을 정도.. 너무 무서웠다ㅜ  
20170623,10,오랜만에 제대로 된 공포영화를 본 느낌  
20170623,10,아 역시;; 공포영화는 극장에서 봐야함..;  
20170623,1,OO다진짜 작작해라.  
20170623,9,초반부터 긴장하게 만든 영화. 오늘 잠자긴 글럿다  
20170623,9,나도 다크하우스라는 곳이 존재하면 가보고 싶음.  
20170623,10,진짜 무서워요. 섬뜩하다고 해야할까? 연쇄살인범들은 진짜 OO임. 근데 그와중에 여주인ㄱ공 존예 ㅋㅋ  
20170623,1,재미없어요 진짜루... 평점에속지마세요 ㅠㅠ 평론가말이오랜만에맞는영화  
20170623,1,보다나옴 진짜 개 노잼 하... 이거 진짜 10점 준 사람들 알바의심된다 레알  
20170623,1,이런 쓰레기같은 영화를 다 만들어놧어ㅡㅡ 정신이 혼미해지는 영화 보지마  
20170623,8,아 오늘은 아빠랑 자야겠네ㅠㅠ  
20170623,10,처음부터 마지막까지 멈추지 않는 긴장감은 진짜 장난 아니더라  
20170623,1,진심 1점도 아까움 돈주고 보지마시길  
20170623,10,제가 겁이 많긴하지만 진짜 무서웟어여ㅜㅜ..  
20170623,1,공포는 무슨...영화 보면서 잠잔적은 처음이네 댓글알바 적당히 사람들 낚으세요~  
20170623,1,이거 보러가려는 사람들 제발 이거 보지말고 딴 영화보세요ㅜㅜ제발 이거 보지마셈 진짜 너무 시간이 아까워서 억울하고 짜증만 남..  
20170623,1,어쩜 이렇게 지루하고 재미없을 수가 있는지 ㅋㅋㅋ 시시껄렁한 유령의 집  
20170623,1,1점도 아깝다 쓰레기 영화 여친이랑 같이 졸음  
20170623,10,올해최고의 공포영화입니다 집가기너무무서워용ㅠㅠㅠ 저공포영화진짜잘보는데 역대급공포입니다 주의하세요....  
20170623,1,웬만하면 리뷰안다는데.ㅅㅂ...  
20170623,8,기대 안했는데 긴장감..굿  
20170623,1,이렇게 재미없는 호러물은 처음이다.. 이런영화에 돈을 쓴게 제일 호러였다...  
20170623,9,지루하지 않았고 최근에 본 공포영화들 중에 최고 재밌게 봤어요ㅎㅎ  
20170623,1,로그인하게 만든 첫영화다진짜 재밋다는애들 10점준애들 다 알바고공포영화진짜 못보는데 처음에 용접할때 깜짝놀란거 빼고 하나도 안놀랐다 돈아까우면 보지마라  
20170623,1,감독 개실망 믿고 본건데진짜 재미없다 무섭지도안고 잔인한장면 안보여주고 보는내내 지루 비추천합니다 돈아까워요  
20170623,9,은근 긴장하게 하는 무언가가 있음.  
20170623,1,이 세상 어디에도 없는 공포라더니 진짜 공포가 하나도 없었다  
20170623,8,영화가 1시간 30분 정도로 좀 짧은 편이지만 영화보는 내내 긴장의 틈을 놓을 수 없었습니다  
20170623,8,소재도 괜찮고 스토리도 잘 풀은거 같고 연기도 훌륭!  
20170623,10,"이 정도면 볼만한 것 같네요, 초반부터 분위기가 압도하는데 뒤로갈수록 긴장되서 혼낫음다  "
20170623,9,소재 연출 대박! 밤에 보니까 더 소름돋음.. 끝까지 긴장 늦추면 안됨~  
20170623,1,개노잼영화 무서운건 하나도 없음  
20170623,10,당신은 돈을 낸 그 순간 부터 세상에서 가장 큰 공포를 느낄 준비가 된것이다.  
20170623,2,살면서 재미없는 영화 탑 투안에 드는영화.그나마 여주인공이 가슴골 보여줘서 1점드림  
20170623,1,와... 왠만하면 1점 안주는데 개노잼... 쏘우 감독이랑 린 사예 할머니 믿고 보러갔는데 무섭지도 않고 뜬금 없는데에서 사람 놀래키고 무서워서 놀라는게 아니고 황당하기만 함. 사이비에 휘말린 또라이들의 대잔치... 여주가 예뻐서 눈 호강만 했다.  
20170623,1,진짜 OOO기 ;;; 뭘 전달할라는지도 모르겟고 눈감고 잇는게 더 무서움  
20170623,9,무난했지만 공포영화로 즐기기엔 나쁘지 않았당  
20170623,10,처음부터 끝까지 긴장감을 늦출수 없었고 마지막까지 눈을 뗄 수 없었다  
20170623,9,예고편만 보고 기대했던 영화로 개봉 하자마자 봤는데 기대를 져버리지 않았네요^^  
20170623,1,에..?사람들 댓글 알바인가 진짜 진심 재미없구여 어이없는 결말에다가 한개도 안무서워여 ..  
20170623,7,긴장감 넘치는 연출로 심장이 쫄깃쫄깃ㅠㅠ  
20170623,1,아.... 전 영화 원래 다 재밌게보는데요 오늘 결혼기념일인데 오늘개봉한거라고 해서 의미를 두고 봤는데 정말 18181818오랜만에 삐삐용어 써보네요.정말 최악이에요 신랑도 어처구니없어햇어요...보지마세요 ㅠㅠ 돈아까워요  
20170623,8,재밌습니다 공포감 좋아요~  
20170622,8,"스토리 자체는 괜찮다. 근데 공포스러운 게 없는데 왜 공포라고 홍보한 거??? 나만 느낀 게 아니라 같은 관에 있는 사람들 다 그렇게 느낀듯. 공포가 아니라 미스테리, 범죄물로 홍보했어야 해.  "
20170622,1,진짜로 핵노잼이다 공포영화 못보는 여자친구도 졸았다 ㅅㅂㅋㅋ  
20170622,8,더운 여름 날 더위를 날리기엔 괜찮은거 같아여ㅎ  
20170622,1,별점만보고 방금 메가박스에서 봤는데 심각하게 재미없네요..댓글보니까 말투가 하나같이 비슷한게 알바같은거같은데 보고 낚이지 마시길  
20170622,1,평점을 믿고 갔습니다 절대 보지마세요알바가 머리가 좋아지는 시대입니다장담하는데 한 달안에 매체로 올라옵니다영화가 끝나고 모든 이들이 한 마음이 되어 진짜 욕을 했습니다 쏘우 및 인시디어스 제작진에게 진심으로 실망했습니다장르는 로맨스코미디  
20170622,9,다 좋았지만 음향효과도 한 몫 했네ㅋㅋ 아직도 심장 벌렁벌렁  
20170622,1,이거댓글들진짜야머야??이게더무서워...  
20170622,8,너무 무섭기 때문에 추천 안합니다..  
20170622,1,다 알바냐 진짜 1점도 주기 아까울정도로 최악의 영화다 시간 돈 모두아깝다  
20170622,10,정말 간만에 괜찮은 공포영화였습니다 돈과 시간이 아깝지 않아요  
20170622,9,와우 몰입감임ㅋㅋㅋ 보다 보면서 나도 모르게 푹 빠져 있음  
20170622,1,롯데월드 고스트 하우스로 가세요 82728배 더 무섭습니다  
20170622,7,임팩트 있어서 그런지 쫄렸다.ㄷ.ㄷ  
20170622,9,오 심장 쫄깃쫄깃하면서 봤어요  
20170622,1,핵노잼 나만당할수없다  
20170622,1,영화가 끝나자마자 한숨나옴. 동시에 관객들의 황당함을 품은 웃음행렬.아 이건 좀 아니지 않나요  
20170622,1,뭐야... 이건 공포가 아니라 그냥 미스테리쪽 같은데... 어쨋튼 올 해 첫 공포영화 노답으로 시작하네요... 노잼노잼노잼  
20170622,1,1점도 아까워요 태어나서 이렇게 재미없는 영화는 첨..무서운 장면도 하나 없구요 중간 뛰쳐나오고 싶은거 돈아까서 참고 걍 잣네요 ㅡ..ㅡ  
20170622,1,쓰레깁니다. 단언컨데 제 인생 최악의 공포영화입니다.  
20170622,10,최고의 여주 그리고 반전! 보다가 악! 소리가 절로 나옵니다.임산부는 보지마시길!  
20170622,10,곡성 이후로 내생에 최고 반전스릴러!!  
20170622,1,ㅡㅡ 9점?? 장난?? 진짜 진심 잠잘뻔 무슨 내용도없고 메세지도 없고 무섭지도 않고 돈만날렸다  
20170622,1,이건 진짜 아니에요.. 공포영화 무서워서 집에서 혼자 못보고 일부러 영화관가서 사람 북적북적 한데서 보는건데 이건 새벽2시에 불 다 끄고 집에서 혼자봐도 전혀 안 쫄릴거 같아요 공포영화가 이렇게 안 무서운건 처음 봤습니다 보지 마세요 절대 네버 에버  
20170622,1,다크하우스가 아니라 걍 귀신원룸 아니냐 제일소름은 내가 이걸 끝까지 본거다 알바생들아  
20170622,1,돈주고절때보지마세요 진짜 아무리재미없어도 이렇게 영화보다가 뛰쳐나오고싶었던적 처음이에요 ㅁㅊ하  
20170622,1,1점도 아깝다!!!시간이 아까운 영화  
20170622,1,알바한테 속지말자 똥영화  
20170622,10,아만다 탤런 보는맛이 장난 아니네요 영혼조차 움크러지는 미모  
20170622,1,보다가 재미없어 잘라고햇는데 대구롯데시네마는 에어컨도 안틀어줘서 ㅆ... 중간에나옴 여주연기 똥 스토리 똥 인과관계 똥 걍 전체적으로 쉩임  
20170622,8,오랜만에 괜찮은 무서운 영화를 보고 왔다  
20170622,1,진짜 스토리 1도 없음..!왜..? 응..? 으잉.???하다 끝남ㅋㅋㅋㅋ  
20170622,10,보는내내 어찌나 무섭던지ㅠㅠㅠ괜히 혼자 봤어  
20170622,8,긴장감을 놓을 수가 없었습니다 시간되면 한번 더 보고싶어요  
20170622,8,군더더기 없이 쌈박하게 끝내는 공포영화 좋았다  
20170622,1,댓글알바 오졌다ㅋ 진심 우리집 불 다 끄고 돌아댕기는게 더 무섭다는 평점 말 그대로다 보지마라 이 영화 쓰레기다 진심. 반전은 무슨 무섭지도 않고 왜 청불인지 이해도 안가는 영화  
20170622,5,온갖 똥폼은 다잡는데 뭔 소린지 알아들을수없다  
20170622,2,관람객무섭지 않은 공포영화 입니당  
20170622,10,한국 공포영화는 비교도 안된다ㅋㅋㅋ 무서운거 좋아하는데 재밌게 잘 보고 옴  
20170622,10,지금댓글쓰고잇는데도 손떨리네..  
20170622,8,놀라고 소름 돋는 장면들 짱 많음ㅜㅜ  
20170622,9,소름끼쳤어요. 정말로.. 오늘 잠은 다 잤네요  
20170622,10,보는내내 먹던오징어 한시간씹음;;목구멍에 못넘어갈정도로 심장 벌컹벌컹뛰고 난리남..와진짜 나는 23살인데 집가서 엄마손잡고잘거임....여자친구을고블고난리남 진짜 이건영화가아니라 지옥에간기분  
20170622,5,진짜 노잼... 하 내가 이거왜봤을까ㅠㅠ 싶을정도로 너무함컨저링무서워서옷으로 가리면서 보는데 이건 두눈뜨고 봄 진짜안무서워근데 여주인공 겁나 예쁘고남자는 멋있음...  
20170622,8,무섭지만 재밌었어요~ 오랜만에 공포영화 보니까 너무 재밌네요~!  
20170622,10,관람객쏘우 감독은 스릴러는 진짜 잘만드는듯  
20170622,1,시간이 남으시고 돈이 조금 남으신다고 하셔도 가급적 안보시는게 정신에 도움이 되실겁니다.  
20170622,1,내 생애 최악의 영화 진심 영화관 뛰쳐나가고 싶었음펭귄맨 같은 아저씨 개연성 제로 외국인들 발연기 1시간 반동안 감상 고구마캐릭터 뿐입니다  
20170622,1,뭐가 재밌냐 쓰레기영화구만... ㅋㅋ 보다가 영화관 뛰쳐나가고 싶었던 영화는 처음이다 진짜 답답한 캐릭터에 무섭지도 않고 졸림 ㅋㅋ 잔인하기만 하고  
20170622,10,스토리 연출 연기 모두 좋았어요ㅋㅋ 무서운건 물론이고 재미까지 확실히 있습니다  
20170622,9,와 정말 시작부터 끝까지 몰입감 최고!!  
20170622,10,관람객쏘우 감독이랑 린 사예 호러 조합 무섭네..  
20170622,10,관람객볼때도 무서웠는데 극장 나오면서 더 무서웠ㅠㅠ  
20170622,7,"짧은 러닝타임이 아쉬웠지만 잘 만든 영화임이 분명하네요, 볼떄보다 보고나서가 더 소름끼치는 영화에요  "
20170622,10,관람객쏘우 감독이 만든 스릴러는 뭐 믿고 보는 거지  
20170622,10,더울때 볼만한 공포 영화  
20170622,10,오랜만에 공포영화다운 공포영화를 본듯! 만족만족! 생각할수록 오싹합니다  
20170622,8,관람객무서워서 팝콘이 아니라 콜라 쏟음  
20170622,1,여자친구랑 첫데이트로 본 영화인데 완전 노잼....  
20170622,1,남자칭구랑 첫데이트했는데 기대하고봤더니 공포도아니고 이게뭔지.. 완전 노잼  
20170622,8,호불호가 갈릴거 같지만 난 정말 재밌게 봤다 한번쯤은 봐도 좋을듯  
20170622,10,관람객무섭다. 무섭다라는 말 밖에  생각나지 않을정도...ㅠㅠ  
20170622,10,여름엔 역시 공포 영화지ㅋㅋ  
20170622,9,무시무시한 영화.. 기대 안하고 본 영화치고는 굉장히 만족스러움  
20170622,9,공포영화로써 갖춰야 할 요소들은 다 갖춘 듯!  
20170622,10,러닝타임 내내 긴장을 놓을 수가 없었다  
20170622,10,뭐야 이게.. 오늘은 엄마랑 자는 걸로..? ㅜㅜ  
20170622,1,진짜 알바생들 양심이 있냐... 진짜 최악의 공포영화다평점 1점도 아깝다. 영화라고 부르기도 아깝다.  
20170622,1,진짜 1점 주기도 아깝네요 ㅋㅋ 정신만 피폐해지고 스토리가 너무 난잡하고 난해하네요 보지마세요 여러분  
20170622,1,진짜진짜노잼 이네요  돈아까워요 공포영호 모독이예요 그냥 곡성 다시보는게 더낫겠네요~~  
20170622,10,관람객스믈스믈 다가오는 공포! 나름 반전도 맘에 들어서 좋았음  
20170622,10,관람객포스터부터 무서워서 쫄았는데 영화보고 더 쫄음... ㄹㅇ스릴쩔어  
20170622,1,내돈 내놔...노잼 진짜 여주 칼들고 설칠때 답답해서싸대기 날리고싶었음..  
20170622,10,와 진짜재밋네요 반전 ㄷㄷ 돈이안아깝네요  
20170622,1,핵노잼ㅡ.ㅡ 일행에게 개욕처들었다 하품열번함 눈물찍 .. 이게 왜. 청불인지 쩝 에효 포인트로 결제해서 봤기 망정이지 쌩돈내고봤음 진짜 가만히 안뒀다  
20170622,1,진짜 올해 개봉한 영화중에서 제일 끔찍하게 재미 없었습니다. 여름이라 오싹한거 보러왔드만 스트레스 받아서 열만 더 난다 진짜 이거 딴사람이 또 보러 가자하면 소름돋아서 닭살돋을듯;  
20170622,10,관람객정말 반전에 소름끼쳤어요!! ㅠㅠㅠㅠ  
20170622,10,관람객여자친구랑 보러왓는데 엄청 무서워하네욬ㅋㅋ남자인 제가봐도 좀 무섭긴함 사운드 빵빵한데서 보시길  
20170622,10,관람객반전ㅋㅋㅋ대박임 여름 첫 공포영화인데 으스스하니 재밌네요. 소리 공포가 대박 개쩌름  
20170622,10,"관람객어우 간만에 스릴있고 재밌었음!! 낮에봐서 다행ㅋㅋㅋ무서워.,.  "
20170622,10,관람객반전이 대단하네요. 공포도 공포지만 판타지적인 면이 넘나 내취향ㅎㅎㅎ그나저나 여주 진짜 예쁨ㅋㅋㅋ  
20170622,10,관람객올해  첫 공포영화 본건데 기대이상으로 스릴넘치고 재밌었음ㅋㅋㅋㅋ  
20170622,9,관람객생각보다 스릴있고 재미있었어요 여름 더위 날아간 기분..  
20170622,8,마지막 장면 개소름.. 기대 하나도 안했는데 의외의 공포와 재미였음..  
20170622,10,관람객그냥 집이 무섭다. 은근히 무섭다  
20170622,10,긴장감 최고네여 진짜ㅋㅋㅋ 몰입할 수 밖에 없는 스토리 전개에 긴장하며 푹 빠져서 봤습니다  
20170622,1,오늘 개봉이여서 보러갔는데 처음에는 나름 괜찮네하고 보다가 뒤로갈수록 내용이 점점..뭐 그래서 어쩌라고... 무섭지도않고 뭐 어쩌라는건지 답답해지기만하고 어디서 무서워해야하는지 아는분? 재밌지도않고 무섭지도 않음.  
20170622,10,"관람객두근두근하면서  봄 ㅋ  갑툭튀는 아니지만, 은근히 공포심을 몰아가는게 좋앗음  "
20170622,9,오랜만에 보는 공포영화라 그런지 난 되게 무섭던데ㅜㅜ  
20170622,8,와 생각지도 못한 반전에 뒤통수 한대 맞은 기분….  
20170622,10,2017년 올 해 본 공포 영화 중에 최고  
20170622,9,쏘우를 보고 느낀 신박함을 드디어 다시 느낄 수 있게 됬다!!!  
20170622,10,관람객너무 무서워서 눈을 뜰수가 없엇어요 ㅠㅠ  
20170622,9,유니크하고 신선했던  공포 영화  
20170622,10,연쇄살인사건을 바탕으로 펼쳐지는 공포스러운 분위기에 푹 빠질 수 밖에 없었다.. 몇 일 동안 계속 생각날거 같아  
20170622,1,영환내내 욕나옴 뛰쳐나갈려다 끝까지봤지만 돈아까워 절대보지마삼 꽁자로 누가보여준다고해도 안봐야되는 영화 20년만에 욕나옴 돈시간 아까워  
20170622,10,좋아하는 장르라 그런지 전 되게 재밌게 봤네요!  
20170622,10,관람객진짜 간만에 신박한 설정! 살인 현장이 없어진다는 게 대박인듯 생각할수록 소름  
20170622,10,관람객진짜 린 사예 쩐다 공포영화는 린 사예 나오는걸 봐야함 개무섭  
20170622,9,영화 다크하우스 소문처럼 무섭네요.공포영화라 좋네요.  
20170622,8,여른엔 역시 공포영화지ㅋㅋㅋ 오늘 너무 더웠는데 잘 보고 옴  
20170622,10,다크하우스가 주는 공포감은 진짜 압도적이였다 공포나 스릴러 좋아하면 무조건 보시길  
20170622,8,예고편만 보고 잔뜩 기대했던 영환데 정말 너무 무서웠고 쫄깃했습니다  
20170622,10,공포인데 뭔가 아주 색다른 느낌이네요. 막 심하게 무섭지 않고 여성분들 보시기 좋을듯  
20170622,8,포스터보자마자 꽂혔던 영화인데 기대이상이네요  
20170622,10,마냥 무섭기만한 공포영화들과는 다르게 생각할수록 무서운 공포영화랄까?  
20170622,1,ㄹㅇ 알바들 적당히 했으면좋겠다 이딴걸 공포영화라고 만든 제작진이 가히 놀랍다 더럽게 안무섭고 재미없음 차라리 옛날 링 보는게 훨씬무섭겠다  ㅡㅡ  
20170622,1,알바들OO래진짜??진짜최악의영화다 절대 보려거든보지마세요 제가 장담해드립니다.  나오면서 관람객들다 한숨쉼  
20170622,10,아직도 생각하면 소름 돋는다..  
20170622,8,기존 공포영화들과는 다른느낌  
20170622,10,시간대가 별로 없어서 맞추기 힘들었어요ㅠ.. 공포영화 오랜만에 보니까 소름 ㅋ  
20170622,10,"뭔가 쏘우 느낌도 난다 싶었는데 감독님이ㅎㅎ 라이트아웃, 인시디어스 요것들도 잼나게 봤는데 그래서 그런가 다크하우스도 제스타일이네요 잘봤습니당^^  "
20170622,8,무섭지도 않고 몰입감도 없고.. 옆에 아저씨 한숨만 쉬고 ... 그냥 그랬어요..  
20170622,10,흔한 귀신이야기가 아니라 더 무서웠던 것 같다..  
20170622,10,역시 가장 무서운건 사람이 아닐까 싶다  
20170622,10,하..오늘 더위 제대로 식혔다  
20170622,10,거의 반은 눈 가리고 본 듯ㅜㅜㅜ 아직도 심장 두근두근..하  
20170622,9,쏘우를 잇는 어마어마한 공포영화가 탄생했다  
20170622,10,관람객돌아나와 생각하면 생각할수록 으스스하다... 결국 그런 반전이.. 슬프기도 하다.  
20170622,4,초반엔 분위기랑 그 인시디어스에 나오는 특유의 비지엠 때문에 살짝살짝 놀란거 빼고 진짜 한개도 안무섭다 후반부로 갈수록 보면서 정신분열이 올것같다 주제가 뭔지도 모르겟고 무엇을 전달하려고 만든 영화인지도 모르겠다  
20170622,1,반전이란걸 본적이없는데 어느부분이 반전이란거지?영화는 본게 맞나 싶다  
20170622,9,공포영화 판타지가 적절하게 섞여있는 신박했던 공포 영화  
20170622,1,발암 영화... 여주남주 둘다 연기 못하고 하는짓도 자증나고... 글구 극장에서 보는데 자막이 좀 이상해요. 원래 대사가 그런건지 번역을 못한건지...  
20170622,10,쏘우 감독이라고 해서 봤는데 역시나 최고ㅋ  
20170622,10,아무래도 장르가 공포라 스토리는 기대 안했는데 스토리까지 탄탄하고 끝까지 궁금하게 만들더라구요  
20170622,10,더운 날씨와 잘어울리는 공포물... 오랜만에 보는 공포 영화였는데 재밌게 잘 보고 왔음  
20170622,6,스토리 너무 끈다 뭐 그리 대단하다고 인시디어스 진짜 잼있게 봤는데 인시디어스 느낌남 ㅋ 그래디 잘생겼어  
20170622,9,볼때도 무서웠지만 보고나면 더 무서워지는 영화..  
20170622,10,관람객7점 주려고 들어왔는데 평이 짜네;; 그냥 편하게 공포영화 보기 괜찮았는디 와그런댜.... 린사예보러갔는데 여주 미모 감상하고옴 ㅎ  
20170622,1,진심 핵노잼.. 대체 어디가공포영화인지도 모를ㅋㅋ후반부갈수록 졸려서 힘들었다. 개연성도 없고연기들도 내기준 못해서집중도안됨  
20170622,1,이런걸제작하고연출한놈들한테 너무화가납니다  
20170622,3,...조조로 봐서 다행. 제값주고 봤으면 속상했을뻔...외국 공포 영화는 보통 후반부가 ???라는 느낌인데 이것도 후반부에 어이광탈함....문화&정서상의 문제일까요??  
20170622,1,진짜솔직하게공포영화좋아하는데내용도없고무섭지도않고너무지루하고영상진짜어지럽고머리아파죽는줄알았어요  
20170622,1,관람객별하나도.아깝습니다ㅠㅠ 살인도 자극적이지않고... 진짜노잼...하...조조로봣으니 그나마 돈은덜아깝네요...  
20170622,1,삼류삼류하는데 삼류도 아깝다ㅋㅋ 형사만 불쌍한 영화. 여주 하는거라고는 비명지르기. 진짜 야망만 있고 아무것도 없음. 영화도 마찬가지. 이 세상 어디에도 없는 공포영화가 되고싶다는 야망만 있지 스토리. 공포성 아무것도 못챙김.민폐주인공그만나왔으면.  
20170622,9,호러매니아로서 이정도면 충분하다!!  
20170622,1,싫은사람에게 강츄한다고 나만볼수없으니 그도보라고 낚고싶은 영화라고ㅡㅡ그냥 한마디로 구려!!!  
20170622,7,초중반까지는 무서움과 궁금함이 증폭되다가 결국은 실망만..끝부분은 졸았다;;;  
20170622,1,"조조로 봤는데도 돈이아까운게 수입사는 영화관람하고 수입한건지 궁금했어요. 영화가 처음엔 여주남주 옷과 구린차 6,70년대풍 옷 헤어 입에문 주윤발 성냥까지..배경이 1970년대인가했다가 여주언니옷보고 응?했다가 2000년도배경이라는걸알고 기겁했네요..  "
20170622,7,재미있고없고를떠나서 겁나찝찝하네  
20170622,4,귀신의 집을 연상케 하는 스토리~ 유령 좋아하시면 추천!ㅋ  
20170622,10,조조로 보고왔다.공포+판타지가 적절하게 있는 신기한 영화  
20170622,3,우리 집 불 끄고 돌아다니는 게 더 무서움...  
20170622,1,귀신의 집 세트 하나 만들어놓고 그거 홍보하려고 영화를 만들었나...제발 보지마여..차라리 그 시간에 잠을 더 자는게 나아요ㅠㅠ  
20170622,1,10점 주신 분들은 아침에 세수하다가 거울보고도 거품무실려나?어디가 그리 무서우셨는지 진지하게 물어보고 싶네요  
20170622,10,시사회 다녀왔는데완전 반전!! 이건 꼭 봐야대소름 그 자체공포 그 자체  
20170622,1,린샤예 아지매때매 왕십리cgv 시사회로 봤는데.. 초반 10분까진 좋았는데 후반부갈수록 개망. 하나도 안 무섭고 끝에 집 들어간 이후로는 무슨 쓸대없는장면을 뭐 그리 오래 하는지 같이간친구도 똑같은의견이고 여주는 질질짜는거밖에 할줄모름.예고편에낚임..  
20170622,10,보는 내내 너무 떨리더라 그대 잡은 손이  
20170622,10,팝콘먹다 소리한번 질렀는데 팝콘이 사라졌어요 어디간거예요?  
20170622,10,검은 스크린에 비친 자기의 얼굴보다 무서운건 없는듯 하옵니다.공포는 자기가 만들어낸다는 말이 사실이였군요.  
20170622,10,평론가 양반들 평점이 왜 이러실까 그렇게 재미가 없나...?  
