0,1,2
20181021,2,지도에 한반도만 없는 거 실화?!  
20180826,10,도라에몽은 잃어버린 동심을 안겨다줘요..내사랑 도라에몽..  
20180826,8,나름 재미있게 봤던 영화였어요  
20180626,8,내 나이 36. 어렸을 때부터 함께해온 도라에몽은 절대 유치하지 않고 보고 있으면 힐링 그 자체이다  
20180129,10,마지막에 페가가 소리친거 옛날에 공룡 대탐험 에서 본 장면이 연상된다 ㅋㅋ믿고보는 도라에몽  
20171211,10,"진짜 최고에요 엄마에 마음이랑  동물에 사랑을 알게해주는 영화였어요 ㅠㅠ마지막에 울었어요,,, 여러분 꼭보세요 그리고 저기 나오는 남자얘 잘생겼어요 ㅎㅎ//  "
20171004,10,와 서브남주 너무 잘생겼습니다 진짜...너무 잘생김....  
20170805,10,관람객아들이 너무좋아해서 봤는대 어른이보아도 재미잇더군요  
20170802,10,게스트 (?) 남자애 존잘이야...  
20170609,10,너무 재미있어요!!!!  
20170602,10,왜 제목이 <버스 오브 재팬>인가 했더니 그게 일본의 탄생 시기를 다룬<The Birth of Japan> 이었구나~~~  
20170521,10,관람객재밌게 잘봤어요 애들이 도라에몽을 너무 좋아해서  
20170509,10,도라에몽 극장판은 언제나 항상 감동을 주는 영화  
20170507,8,관람객좋아요? 아이들이 봐서 몰라요!  
20170502,10,관람객너무재미있어서 배꼽을잡고 웃었어요!!  
20170423,1,장난치니 영화중간쯤에 지도볼때 우리나라만 쏙 빼놈;  
20170318,9,관람객애들이랑 보기 잼나요 촣아요  
20170310,7,관람객아이가 좋아하네요~^^  
20170223,9,관람객방학을 맞아 아이들과 관람했는데 상상속의 공간속에 감동도 있네요.  
20170219,10,스릴있고 재미있네요!  
20170217,6,관람객많이좋아하는 도라에몽 이지만  조금 지루한감이 있었네요.  
20170216,10,관람객아이들이 재밌게 봤어요  
20170211,10,관람객재미있게 관람했어요~애들이 넘 좋아했어요  
20170211,10,관람객마지막에 진구올때 소오름  
20170202,10,역시 도라에몽! 기대 이상!  
20170201,7,언제나 그렇지만 순수하고 깨끗하다  
20170201,10,너무너무 재미있었어요 다음작품도 기대되요  
20170130,8,동생들이랑 재미있게 봤어요  
20170130,9,관람객아이가 재밌게 봤어요~^^  
20170129,10,관람객애들이 재밌게 봤네요 도라에몬 고마워요 ㅋㅋ  
20170129,10,관람객아이들과재밌게봤어요.  
20170128,2,도라에몽목소리때매 집중안돼여  
20170128,10,관람객언제봐도 재미있는 도라에몽 이번 극장판도 기대를 저버리지 않네요 너무 재밌고 아들이랑 보러 가는것 강력추천할께요!  
20170128,8,다 좋은데 도라에몽 성우가 교체된게 아쉬움..주인공인데..물론 잠깐 적응하면 괜찮긴한데 목소리가 문제가 아니라 말투가 문제. 말끝을 좀 이상하게 흐리는게 불편했음 그외엔 최고  
20170125,6,관람객역시 도라에몽이네요~^^여라가지 창의적인 도구들 신기했어요^^.도라에몽 재미있게 잘봤어요^^  
20170123,10,관람객재밌고 아이들도 장면 장면 많이 기억하고 다시 얘기해요  
20170122,9,관람객10살.6살 남자아이 둘이 봤는데 넘 재미있다고 하네요.  
20170122,8,관람객아이들과 극장에서 봤는데 너무 재미있습니다.역시 스크린이 크니깐 생동감도 너 크고 꼭 그 속에 들ㅇ?가서 보는 듯 하네요.ㅎㅎ  
20170121,10,관람객너무 너무 재미있었던 극장판... 도라에몽  
20170121,8,관람객역시나 넘넘 귀여운 도라에몽!! 강추!!  
20170121,8,관람객살짝 지루하기도 했지만 스토리나 구성은 좋은 듯해요  
20170121,10,관람객애들이 재밌다고 하면 그뿐!  
20170120,10,관람객6살 아들  상영내내 집중해서  잘보더라구요...많이 재미있었다고 담에 또  보자고 하더라구요^^  
20170120,8,관람객아이들이  좋아하네여 굿굿  
20170120,10,관람객아이들이 좋아하네요~~  
20170120,10,관람객끝날때까지 한번도 눈을 안때고 보내고 역시 도라에몽이네요^^  
20170120,10,관람객재밌음. 좀 내용이길음  
20170120,7,도라에몽 목소리가 더 갈라져야 되는데ㅜㅜㅜ 아쉽 ㅠㅠ  
20170120,6,관람객이영화는 어른들도 볼수있게 되있네요아쉬운점 더빙과 자막 두종류로 했음 더 좋지 않았을까하는부족함  
20170119,9,역시도라에몽은 어릴때와 다를것이없다..!! 이번편은 신화동물멋져부려  
20170118,9,관람객핵잼. 딸이랑 봤어요  열자 채우라니 도라에몽 짱  
20170118,10,도라에몽은 말이필요없다..당연히 기대이상  
20170117,10,완전 재밌었어요!!! 여태까지 본 도라에몽 극장판 중 제일 재밌었어요!! 정말 스토리도 탄탄했고요!!이 영화 안 보신분들 한테 꼭 추천해 드립니다!  
20170117,10,관람객오오오오그그그그드드드  
20170116,9,석기시대 남자애 수프를 너무 맛나게 먹더라. 나도 먹고 싶다ㅜㅜ  
20170116,8,관람객좋아요좋아요좋아요좋아요조아요  
20170116,10,진짜 감동!! 다시봐도 또 봐도 슬픈 진정한 도라에몽 영화 눈이 흐리다. 앞으로 도라에몽 기대하겠습니다!! 마음을 울리는 영화!!  
20170115,7,관람객재미는 보통입니다....  
20170114,9,관람객박물관 그편보단 재미없지만~그래도 도라에몽이니까!  
20170114,8,관람객아이덕에 보기 시작한 도라에몽!볼수록 빠져드는 도라에몽!즐겁게 잘 봤습니다.  
20170114,8,관람객아이들은 좋아해요~~  
20170113,10,관람객아주 엄청 대박대박 울트라짱짱 재미있었어요.  
20170113,8,관람객역시 도라에몽 이네요아이가 초집중~^^  
20170113,10,관람객아이가 재미나게 봐서 10점 내용두 좋더라구요  
20170113,10,관람객재밋습니다 애기랑보기좋음  
20170112,10,관람객우리 아이들이 넘 재미있다고 좋아하네요  
20170112,8,관람객잼나요  아이들이 눈물이날뻔했다네요  
20170111,2,도라에몽 목소리 소름끼친다 이러니까 일본원작을 볼 수 밖에 없지 아니한가..  
20170111,8,관람객괜찮게 볼만 했어요. 저도 도라에몽 친구가 있었으면 좋겠네요  
20170111,10,관람객재미있게 잘 봤네요. 아이도 좋아해요.  
20170110,10,도라에몽 굿 오랜만에 감동  
20170110,9,관람객역시 도라에몽~~언제나 참신한 내용이다  
20170109,9,관람객재미있게 보았습니다?  
20170108,10,아주 재밌게 봤습니다역시 도라에몽 시리즈는 볼맛이 난다니까요  
20170108,9,관람객아이들이 너무너무좋아하네요  
20170108,8,도라에몽은 언제나 재밌어요.  관람전 제목만보구  진구의 일본버스???  했죠.ㅋ  
20170108,10,관람객ㅋ ㅋ 애들이랑 재밋게 잘 봣어요  
20170108,10,관람객재밋엇어요...재밋엇어요  
20170108,10,관람객좋았던 영화네요.. 재밌었어요  
20170108,10,마지막 진구랑 헤어지는거 정말 감동적이었다.  
20170107,10,관람객재밋어요~ 아이와재밋게봤어요  
20170107,10,내용이 재미있네요... 그나마 유치하지 않고 감동적이네요  
20170107,10,관람객내용도 알차고 너무 재밌게 봤어요.적극 추천드립니다  
20170107,10,관람객느므느므 좋아 히히히ㅎ히히히  
20170106,10,관람객재미있고내용도좋아요.아이들이좋아할만한도라에몽이에요.  
20170106,10,관람객도라에몽 너무좋아요~  
20170106,4,관람객5세아이가 보기엔 지루한듯해요..^^;;  
20170106,10,관람객완전 재미있었습니다 즐겁게 봤어요  
20170106,10,관람객아이가 좋아하네요 ㅎㅎㅎ  
20170106,10,관람객정말재미있게봤어요애들도넘좋아하구요  
20170106,6,여전히 세대를 아우르는 동화같은 이야기  
20170106,9,도라에몽이 끝에쯤에 이런말을하지 가짜는 진짜를 이길수없듯이 가짜역사로 진짜역사를 이길수없다고 지금의 일본인들이 좀 새겨들었으면 좋겠다 이런좋고 감동적인 만화를 제작하면서 왜 그들은 행동으로 실천을 못하고 거짓말로 정의를 외치나? 손바닥으로 하늘을가려라  
20170106,10,도라에몽 여전히 내 동심을 지켜줘서 고마워.. 미래 내 아들 동심도 지켜주길 바라  
20170105,10,도라에몽 엄청 좋아하는 학생인데옇ㅎ 진짜 너무넘 재밌어요 ♥ 사랑휴ㅐ요  
20170105,7,관람객내용은재밌었지만. . 조금 지루하기도했네요  
20170105,10,관람객아이가 정말 좋아했어요~~  
20170105,10,살아생전본영화중베스트일위 너무너무잼있다이건스크린으로봐야한다!!!꿀잼  
20170105,10,관람객아이들이 엄청 감동적으로 봤다고 말함.  
20170105,10,너무나재밌고 마지막이 감동스러웠다  
20170105,5,더빙을 한명이 하나? 애들 목소리가 다 비슷하다  
20170105,10,역대 도라에몽 극장판중에 BEST축에 끼는 탄탄한 스토리!  
20170105,6,관람객스토리 짜임도 있구  보구나도 어린이 만화영화  같은 느낌이 안드는 어른들이 봐도 좋은 생각을 하게 하는 영화임  
20170105,7,관람객지금까지본거보다 재미는 좀 떨어졌지만 볼만했습니다.도라에몽 목소리가 좀어색하더라고요~~이야기도 좀 약한거같고요~~대구까지 가서 잘봫습니다~~담에는 더 재미있게 만들어주세요  
20170104,9,관람객잼납니다 아이도 좋아하고요 추천드려요  
20170104,5,도라에몽 성우가....ㅠㅠ  
20170104,10,관람객역시 도라에몽은  배신하지 않는다!  
20170104,4,도라에몽...성우가바꼈던데....아...진짜 예전의도라에몽이그리워요ㅠㅠ  
20170104,6,예전보다는 별로..  어린이들이 좋아할만한 내용  
20170104,10,역대급 극장판이 또 하나 나온 것 같네요.진짜 스토리도 좋고 참신하고 상당히 재미있습니다.  
20170104,6,관람객가출이라는 단어에 궁금증유발 아이가 그게 뭐냐는데 이걸 가르쳐줘야하는지  
20170103,6,무난히 도라에몽 생각하면서 볼 만.  
20170103,9,관람객재밌어요! 5세 아이와 함께 봤는데 지루해하지 않고 잘 보더라구요.  
20170103,8,관람객아이들이 재미있어 합니다. 감동도 있고. 재미나네요  
20170103,5,관람객도라에몽 잘 봤습니다.  
20170103,9,관람객아이가 재밌어했어요영화관안에 아이들 모두 신나서 난리 났더라구요상영관이 몇없어 아쉬워요  
20170103,10,관람객정말아이들이 좋아하네요  
20170103,9,관람객아이들이 조기에 좋습니다  
20170103,9,관람객우니 아이는 참 재미있다고 하네요  
20170103,9,관람객너무 재미있고 좋은 시간이었어요~아이와 방학을 맞아 선택한 영화인데집에서 볼 때와 확실히 다르네요~^^  
20170103,8,관람객잼있고 아주 아들이 너무 좋아하네요  
20170103,8,관람객다섯살아들이 좋아했어요  
20170103,10,관람객도라에몽 역시 실망시키지 않네요짱 잼나요  
20170102,10,'만들어진 가짜 역사가 진짜 역사를 이길수는 없어' 도라에몽이 마지막 부분에서 말한 이 대사 한마디로 나는 10점 만점 준다!!  
20170102,10,동생하고 같이 봤는데 재미있었어요.  
20170102,10,안봐도 재밌을거 같은 도라에몽 ~~  
20170102,5,관람객지루함... 더 이상 새롭지않은...  
20170102,10,우리나라 성우들 발전했군요 ㅋㅋㅋㅋ 화이팅하시고 수고하셨습니다.  
20170102,10,관람객아이들이 너무나 재미있었다고 말합니다.  
20170102,10,관람객아이들에게 모험과 협동 감동을 주는거 같아요 저또한 재미나게 봤어요~~^^  
20170102,10,관람객5살 아들과 정말재밌게 봤어요~  
20170102,8,관람객신나고재미있어요.도라에몽과친구들 귀여워요.  
20170102,10,관람객아이들이 재밌어해요~  
20170102,9,관람객평소 도라에몽 좋아하는데 두 아가들만 들어가서 꼬빡 100분을 졸지도 않고 재밌게 봤다고 합니다^^ 엄마도 그 시간 동안 차 한잔 하며 행복했답니다~~  
20170102,9,언제나 내용면이나 아이디어면에서는 도라에몽의 특유의 틀을 벗어나지 않으면서 매번 새로운 모습을 보여줬습니다 도라에몽은 그런데..도라에몽의 성우가 왠지 바뀐거 같아서 영화보는내내 별로 익숙하지가 않았네요 하지만 이번 극장판도 최고 였습니다!!  
20170101,9,관람객잼있고 슬펐다고 히네요~ 딸들얘기~^^  
20170101,10,관람객스토리도 재미있고 캐릭터들이 눈을 사로잡아 긴장감을 주면서 흥미를 주었네요 마지막에 동물 친구들과 헤어질때 우는 장면을 보면서 짠하기도 했답니다  
20170101,10,관람객볼만합니다ㅎ 재밌어요  
20170101,10,도라에몽 너구리 인정!너무 귀여움 그리고 항상 재미있음  
20170101,8,관람객이제 6살 된 아들과 같이 봤는데 잘 보더라구요.재미는 있었는데... 생각보다 너무 길어서 별 점 조금 깍았어요 ㅎㅎㅎ  
20170101,10,관람객신나는 모험이었구요 아이들이 정말 재미있게 봤습니다  
20170101,10,관람객재미있게봤어요 애들이랑  
20170101,10,관람객아이 둘이랑 재미있게 잘 봤어요. 애들이 재미있다고 하네요  
20170101,5,관람객그냥저냥 볼만했어요 늘언제나  
20170101,10,넘 재밌당 에몽이 짱귀여워ㅜㅜㅜㅜ 기대이상!! 넘나 좋은것  
20170101,10,엄청나게  재미있을거  같아요.  
20170101,10,관람객애들이 너무 좋아 했어요^^  
20161231,7,관람객애들하고 보기 좋아요~ 일본색이 많이 있나 하고 봤는데 무난해요  
20161231,8,내용이 길어서 좀 지루한건 있었지만..  나쁜것만은 아니였어요. 아이들이 좋아하는 상상의 동물들이 나와서 지루함을 좀 달랬네요.ㅋㅋ재밌었어요~~~^^  
20161231,5,관람객아이들은 재밌게봤는데 전 좀 지루했네요. 너무 길어요.  
20161231,10,관람객도라에몽을 엄마보다 좋아하는 아들이깔깔깔 웃으며 너무 재미있게 보았습니다.10점만점에 10점~기가좀비가 좀 무섭지만 도라좀비가 이긴답니다  
20161231,10,관람객도라에몽 즐겁게 너무 잘봤습니다 아이들도 좋아하지만 어른들도 재미있게 보는 영화네요  
20161231,9,관람객조카들방학이라  보여줄려고 예매했는데 재밌게잘봤데요  
20161231,10,과거로 돌아간 도라에몽과 친구들이  티비판 도라에몽에서는 볼수 없던 화려한 영상과 액션을 선사합니다.  어른이 되면서 잊고 있었던 감정들니나 감동을 느낄수 있음에 또한 역사공부도 가능하기때문에 남녀노소 누구나 재미있게 볼수있다고 생각합니디 .  
20161231,10,관람객아이들이 재미 있어 하네요  
20161231,8,관람객엄마는 졸고  아이만 잼나게봤네요ㅎ  
20161231,9,관람객아들과 함께 봤는데 재미 있고 좋았어요  
20161231,9,관람객울 아들의 영원한 도라이몽~~!!  
20161231,10,관람객너무 잼있었는데 좀 긴듯 애들이 집중해서 보기엔 약간 길었음 그래도 재밌어요  
20161231,10,관람객재밌습니다 이니들이좋아하네요  
20161231,9,관람객아이들이 잼나게 잘봤다고 하네요...  
20161231,7,관람객아들이랑 봤는데 조금 졸렸네요 ㅎ  
20161231,8,관람객아이는 재미있었다고 하네요  
20161231,9,관람객5살아이와함께봣는데 재밋어여~ㅋ  
20161231,10,관람객재미있고 신나는 영화모험이야기  
20161231,10,관람객울 아들이 넘나 사랑하는 도라애몽..  
20161231,9,관람객도라에몽 최고!영원한 아이들의 친구 극장판으로 만나니 좋네요  
20161231,10,관람객대박재미있고 우리가족 쏙 빠져서 봤어요  
20161231,9,관람객딸이 도라에몽을 넘 조와해서 갔는데   저도 잘 봤어요^^  
20161231,10,관람객재미도있으면서감동도있어서아들이무척좋아했어요  
20161231,10,관람객역시 도라에몽은 정말 남녀노소 어른이고 아이들이고 모두가 함께 즐길수있는 만화인것같아  
20161231,9,관람객도라에몽 좋아하는 아이때문에 잘봤어요  
20161230,10,나는 평소에 도라에몽 을 좋아했는데 이 영화에선 원시시대로 가출을 하고 태양족을 구하기 위해싸우는 모습이 멋져습니다  다음에도 멋진 영화를 만들어 주세요.!!!!  
20161230,8,관람객매우ㅜ 좋앗어요 아이들이무척 좋아했습니다  
20161230,10,관람객아들냄하고 저는 도라에몽 완전광팬!!!♥.♥  
20161230,10,관람객재미있게  봤어요~~~  
20161230,10,도라에몽 신치토세 공항을 지켜줘  
20161230,10,관람객애기들이랑 보러왔는데 엄마아빠가 더 재밌게 보고갑니다  
20161230,8,관람객아들이랑 재미있게 봤네요  
20161230,8,관람객전 좀 잤는데 7세 아들은 엄청 재미있게 보내요^^  
20161230,10,관람객아이랑 재미있게  잘 봤습니다  
20161230,10,관람객아이들의 동심을 자극하는 최고의 영화  
20161230,10,관람객너무 재미있게 봤어요.~^^~  
20161230,10,아주 재미 있었었다. 또 보고 싶다.  
20161230,7,관람객아이들이좋아하는 도라에몽..우리딸이좋아해서 봤어요  
20161230,10,관람객아이도 부모도 재미있게 볼수있는 에니메이션  
20161229,8,관람객아이와 즐거웠다....^^  
20161229,8,관람객잼있었나봐요 먼 내용인지 모르겠지만 ㅋ  
20161229,9,아이들에게 교훈을 줄수있는 애니메이션이였어요 좋아요^^  
20161229,9,관람객즐겁게 보고 왔어요~오늘이 마지막상영이라 더 감동이었네요  
20161229,8,관람객어린아아부터 어른까지 함께 공감할 수 있어요  
20161229,8,관람객늘  집에서 보는 도라이몽이라재밌어요..~^^  
20161229,8,관람객아이들이 재미있게봣네요  
20161229,9,관람객아이들이 좋아해요~ 어른이봐도 잼잇네요^^  
20161229,9,관람객평소에도 좋아하는 도라에몽 100분여동안 맛난팝콘 먹으며 푹빠져소 신나게 관람하고 왔답니다^^  
20161228,10,진구야! 기왕 과거로 가는김에 역사수정좀 해줘라.  
20161228,8,관람객재밌어요. 길지만 지루허지 않아요.  
20161228,10,관람객재밋네요니베299448  
20161228,10,관람객재미있었어요재미있었어요  
20161228,10,"성인되서 극장판으로나온 애니 한번도 안봤는데 도라에몽은 너무 사랑하는 캐릭터라.. ㅠㅠ 이 나이에도 도라에몽 보면서 넘 즐겁게, 또 감동적이게 봤네요! 도라에몽 도라좀비라고 나왔을때 귀여워서 기절할뻔 ㅋㅋ 시간가는줄모르고봤네요! 꿀잼 ㅋㅋ  "
20161228,10,관람객아들과함께 주말에 봤습니다.너무잼있어요. 저는 여기서나오는주제곡이너무 좋아요어른이되면 잊어버리는건아닐까... 이대목이 너무좋습니다  
20161228,9,관람객언제나 상상의 나래를 펼치는 도라에몽이번에는 긴박한 액숀씬도~~영화관 음향으로 보니 더욱 재미있네요.우리 아이가 감동받았다고하네요.~~  
20161228,8,관람객역시..도라에몽은 친구들의우정과의리가 돋보이는 애니메이션이에요~^^  
20161228,10,관람객역시 아이들이 즐거워합니다.  
20161228,10,아이가 재밌다고 하네요 친근하고 좋아하는 만화라 그런지 극장판도 집중해서 잘보더라고요 아이데리고 볼만합니다  
20161227,9,늘 같은 패턴이지만 도라에몽 그 자체를 보면 좋다  
20161227,10,관람객재미있네요.. 애들이랑 잘봤습니다. .  
20161227,10,심형탁은 이것을 과연 볼것인가  
20161227,10,관람객도라에몽이랑   기가좀비가 싸울때  재미 있었어요!  
20161227,10,관람객깨끗하고 좋았습니다 담에 또 갈께요  
20161227,9,관람객도라에몽과 나쁜악당 기가좀비가 싸우는 내용이 너무 재미있었어요  
20161227,9,관람객열 세살 아들이 재미있었다네요 ㅠㅠ  
20161227,8,관람객방학이라 아이들하고 보러 갔다..나쁘지 않았는데..좀 길더라;; 애들 몸 비비꼬고 ㅋ  
20161227,10,관람객아이들이 재밌게   잘 봤다고  하네 요  
20161227,7,역시 도라에몽~장난아니당~ㅋ  
20161227,8,"언제나 곁에 있어줘, 도라에몽  "
20161227,8,관람객역시도라에몽~~~ 넘재밌어용^^  
20161227,10,관람객재밌게잘봤습니다 아들이 도라에몽을조아해서 잘봤네요  
20161227,8,관람객아들이 어렸을때부터 좋아하는 도라에몽입니다.새영화 개봉한지도  몰랐다가 급히 예매하고 보러왔어요..친근한 캐릭터들 반가웠어요.근데 도라에몽 더빙 목소리가...다른 성우분이 하셨나봐요ㅡㅡ그게 살짝 아쉬웠어요~~  
20161227,10,관람객5살아이 2시간동안 푹빠져봅니다  
20161227,9,관람객적절한 로컬라이징은 좋았는데 로컬라이징을 할 거면 제목에서 재팬을 빼도 됐을만했다는 게 좀 아쉽네요  
20161227,10,관람객너무잼나는 애니메이션 ㅋㅋㅋ  
20161227,7,관람객아들이 4학년인데 아직도 이런 만화를 좋아해서 같이 봤어요  
20161227,8,관람객아이가 좋아해서 봤는데 역시나 좋아하네요^^  
20161227,8,관람객잼나요~~^^ 도라에몽귀여옴  
20161226,9,관람객아이들끼리 재미있게 잘 봤다고 합니다~  
20161226,10,울뻔... 임신해서 그런가 딸아이랑 보는데 마지막에 감동이였습니다^^;  
20161226,7,관람객중간에 지루했지만 6세아들은 재밌었대요마지막에 조금 슬퍼서 눈물을 흘렸다네요  
20161226,10,관람객재있어요ㅡ너무ㅡ아이가 좋아합니다ㅡ  
20161226,7,"관람객9살, 7살 아이들 재미있었다네요  "
20161226,10,전  아직  못봤지만  빨리  봐야겠네여~  
20161226,9,관람객아이와 볼만합니다. 재밌게봤어요.  
20161226,8,관람객아가가 도라에몽을 좋아하는 편이라 보러 갔는데 너무 좋아하더라구요ㅎㅎ 재미있었어요ㅎㅎㅎㅎ  
20161226,9,관람객재미있고동심으로돌아간기분이었어요~  
20161226,4,관람객제목과내용이 너무맞지않아요. 도리에몽의 캐릭터파긎효과만노린듯  
20161226,9,잼있어요.다만... 도라애몽 성우가 바뀐게 아쉬움요 ㅎㅎ  
20161226,9,관람객무지무지재및게잘봤어요  
20161226,8,관람객전 재미 있었는데 아이는 좀 지루해 하더군요.  
20161226,1,버스 오브 재팬이라고하니...좀더빙에..안적합..ㅋㅋㅋ  
20161226,9,관람객약간에지루함이이썼으나 재미이썼습니다~~~  
20161226,1,관람객재미없음. 일행중 몇명은 자다왔음.  
20161225,1,영화에 비해 평이 너무 좋은듯... 평점조절좀;  
20161225,1,개인적으로 별로...  
20161225,10,10살.6살 남자아이들 봤는데 재미있었다고 하네요.막내는 시간이 넘 짧았다고 할 정도로 재미있었다 해요.^^  
20161225,4,"도라에몽,퉁퉁이 등등 성우가 바뀐 것 같네요뭔가 기존 짱구성우님에세 11기 짱구성우님으로 바뀐 것 같이 낮서네요..  "
20161225,10,관람객좋아요아이들이 보고 왔는데재밌고 슬프다고 하네요  
20161225,10,"아주 재미있고 신나는 영화 였고,다음으로 보시는 분께 추천해 드립니다.  "
20161225,1,노진구 찌질이여서 1점  
20161225,8,관람객크리스마스에 아이랑 보기좋은영화 잘본것같아요^^  
20161225,9,관람객아이는 좀 지루해 하고 어른들은 잼있게 봤어요ㅋㅋ  
20161225,9,관람객아이들하고 볼만해요 ^^  
20161225,10,관람객온가족이 함께할 수 있는 가슴 따뜻해지는 영화~  
20161225,10,관람객아귀찮아 뭘자꾸 쓰라는거야  
20161225,10,관람객9살 남자아이와 봤는데 기존 도라에몽 극장판보다 이번걸 더 재미있게 봤다고 하네요.  
20161225,10,관람객아이들이 아주 재미있어하네요도라에몽 최고인듯 합니다~  
20161225,1,피카츄 미만 잡인거 인정?  
20161225,10,관람객아이와 재미있고 감동도 있는  좋은 시간이였어요^^  
20161225,10,관람객아이들이 넘 재밌었다고 합니다~~^^ 마지막에는 슬펐다고 또 보고 싶다고 하고~~ 줄거리를 얘기해 주는데 저도 아이들과 다시 보러 가고 싶은 생각이 들었습니다~~  
20161225,8,관람객중반이후좀지루한듯...  
20161225,8,관람객아이들이 재밌다고 좋아허네요.  
20161225,10,관람객마지막에 옆에서 같이 보던 아들이 눈시울을 붉히는 모습을 봤습니다. 도라에몽은 언제나 만족스러워요. 저에게도 아이에게도...  
20161225,9,너무재미잇게잘봣습니다  
20161225,10,관람객아이가 넘 좋아하네요 ^.^  
20161225,9,관람객아이들이 많이 좋아해요  
20161225,10,관람객애들이랑 같이봣는데 제가봐도 잼있네요..애들은 당연 엄청 잼나했어요~~^^@  
20161225,8,관람객초등학교애들이좋아할정도에요  
20161225,9,관람객아이들과 같이봤는데 재미두 있고 감동도 있어서 좋았네요~~~^^  
20161225,10,관람객아이들이   넘  좋아하더라구요 재미있게 잘봤습니다  
20161225,10,관람객넘나재밌게봤어요~ 남편도아이도 웃으며봤네요  
20161225,10,관람객아이들이 정말 재미있어합니다최고에요  
20161225,10,관람객너무 재미있게 봤어요^^  
20161225,9,관람객잘봤어요 잘봤어요 잘봤어요  
20161225,8,관람객모처럼 아이와 함께 좋은시간 가졌네요  
20161225,7,관람객나름 지루하지도않고 어린친구들도 재밌게 봤네요  
20161225,10,관람객딸이 완전 좋아하는 도라에몽~♡♡♡  
20161225,10,관람객마지막 때 진구와 해어지는 장면이 정말 가동이었다  
20161225,10,관람객아들과 아주 즐거운 시간 보냈음생각보다 긴데 그래도 재미있어서 괜찮음  
20161225,8,얘글이 다아니미ㅜ뮤어누  
20161225,10,관람객역쉬  끝에는 감동이군요...  
20161225,8,관람객좋았습니다 ^^♡....  
20161225,10,101010101010  
20161225,9,관람객아이들이 좋아하네요. ..  
20161225,9,관람객도라애몽 극장판중에 재미있었어요 ㅋ  
20161225,10,관람객많이많이 재밌게 봤어요  
20161225,5,관람객너무 무섭게 만들어져 애가 제대로 못보네요 헐  
20161225,10,관람객Touched and warm  
20161225,6,관람객애는 재미 있데네요 어른보기는  아니지만  
20161225,9,관람객아이들이 정말 좋아하네요^^  
20161225,8,관람객너무 좋았어요. 아이둘이랑 크리수마스 영화로 선택했는데.. 아주 굿 입니다  
20161225,10,관람객울애들이 좋아하는 케릭터 도라이몽 올해두 감사^^  
20161225,10,관람객미리 예약이 되어  시간맞추어 가도 기다리지 않고 편하게 볼수 있었습니다  
20161225,9,관람객아이와같이보러갔는데 재미있네요  
20161225,9,관람객아이와 재미게봤습니다  
20161225,10,정말 재미있는 영화였어요!!!그림체가 정말 굿!!!  
20161225,10,관람객재밌어요good ~~  
20161225,7,관람객애들이랑보기좋아요그냥 그럭저럭  
20161225,10,관람객아이들이 확실히 좋아해요  
20161225,10,관람객친구들의 우정과 자연을 사랑하는 마음을 중요시하는 영화  
20161225,9,관람객유치원생 아가들이랑 보기에 관람시간이 좀 길긴 했지만 재미있었다.  
20161225,4,관람객나름 괜찮았는데 돈주고보기아까움  
20161225,9,아니야!!!아니라고!!  
20161225,9,관람객큰아이랑 둘째랑 같시 관람을 했는데..아직 둘짼 영화관이 낯설어서 그런지 무섭다고하고..첫째는 너무 너무 재미있었다고 하네요..다음에 또 이용해야겠어요  
20161225,8,관람객재미있게 봤어요 일본특유의 웅장함이 좋았어요  
20161225,10,관람객재미있게 잘 봤습니다아이가 재미있다고 또 보자고 하더군요~  
20161225,9,관람객아이들이 재미있어 했네요 ^^  
20161224,10,관람객참 재미있습니다.아이도 재미있었다고합니다  
20161224,10,관람객후회하지 않을 도라에몽 명작  
20161224,8,관람객도라에몽은 원래 좋아하는거고 스토리도 아주지루하지않고 괜찮았는데 아이들이 보기에는 좀 상영시간이 길었던것같아요  나중엔 좀지루해했어요  
20161224,10,관람객우리 딸이 좋아하는 도라에몽 둘이서 영화 끝나는 동안 아주 잼있게 잘 봤습니다.  
20161224,10,관람객영화관에서 도라에몽을 본건 처음이었는데 최고였습니다!!! 도라에몽덕분에 즐거운 크리스마스를 보낼수 있어서 행복했어요ㅠㅠ 한번 더 보러 가야지!!!보고싶어하시는분들이 상영관이없어서 못보는데 상영관좀 늘려주세요 !!!!  
20161224,10,심형탁이 추천해서 본 영화♥ 역시 핵꿀잼 극장판 도라에몽♥♥  
20161224,10,관람객재밌게 봤다네요^^ 도라에몽은 역시 실망시키지 않아요  
20161224,8,관람객아들이 좋아하네요 최고였어요  
20161224,10,정말 재밌다! 근데 진구 아빠 성우 이름이 김정은인 거 나만 모르고 있었나?  
20161224,10,관람객아이와 아주 재미있게 봤습니다. 강추!  
20161224,8,관람객다양한 장르가 섞이긴햐도 볼만함. 역사 공부도 되고요 ㅎ  
20161224,9,관람객최신판 인줄 알았더니 옛날 도라에몽. 그래도 역시 재미있고 나름 감동도 있었음. 4살 7살 아이들 데리고 가서 재미있게 보고 왔어요  
20161224,10,관람객애들도 너무도라에몽을 좋아해요. 감동도잇고 재미도잇는 도라에몽~~굿 ~~극장판 나올때마다 보러갑니다.  
20161224,10,관람객아이들이 좋아하는도라에모~~크리스마스를 맞아 아들이 즐겁게보고왔어요~  
20161224,10,관람객아이들이 아주 흥미롭게 보고왔어요.지루해할 틈이 없네요.  
20161224,8,관람객아이들이좋아하는  도라에몽   재미있었습니다  
20161224,10,관람객완전 꿀잼 6살 아들이 보고 감동 해서 울었떠욤!!그모습에 나도 뭉클  
20161224,10,아이가 좋아 하네요~^^즐거운 영화  
20161224,10,관람객도라에몽하고진구가여기에서너무멋있어서너무제밋어여  
20161224,9,관람객조카들 대리고가서 봤는데 재미있어요!  
20161224,9,관람객아이들이너무좋아하네요.  
20161224,4,"되게 ""재밌다"", ""재밌다"" 하면서 긍정적으로 영화를 보는 편인데도 생각보다 많이 지루했습니다ㅠ 그래도 귀여운 도라에몽 보는 맛에 꾹꾹 참았던 .. 애기들 보긴 좋을것같네유ㅠㅠ  "
20161224,10,관람객정말너무재밌게봤어요  
20161224,8,관람객애들이랑 추운날씨에 시간 보내기가 좋았어요---  
20161224,9,관람객내용이길어 애들이 다소 앉아있기불편해했는데 그래도 재미있었다고하네요  
20161224,8,관람객온가족의추천영화임당~^^꼭보셈용  
20161224,10,관람객재미있게 잘봤어요..!  
20161224,10,관람객딸아이도좋아하고 재밌네요  
20161224,10,관람객아이들이 너무 좋아했어요 가슴 찡한부분도 느끼고 좋았어요  
20161224,8,관람객간만에 아이들과 재밌게 잘 봤어요~~  
20161224,8,관람객애들과 재미있게봤어요후반부에 조금무서워했지만 즐겁게 봤네요  
20161224,10,관람객재미있고알차네요아이가좋아해요  
20161224,10,관람객우리아이랑 재미있게 보고왔습니다 ^^  
20161224,10,관람객아이들하고 재미있게 봤어요  
20161224,9,관람객재미있고 감동적인 영화에요 애들도 좋아했구요  
20161224,10,관람객도라에몽은 정말 없는 도구가 없는듯요 ㅋ  
20161224,6,관람객이번시즌 그냥저냥 집에서 보는게 더 나을듯 했군요  
20161224,9,관람객아이가 좋아하네요  생각보다 재미있었어요  
20161224,10,원래 원작은 1989년 개봉했고 이건 리메이크판입니다어렸을때 일본에 있을때  처음 본영화인데 끝부분보고 펑펑 울었던 게 지금도 생각납니다...시간 지난게 씁쓸하기도 하고 기쁘기도 하고 그러네요... 아저씨라 이상하겠지만 다시 보면 또 울거 같네요  
20161224,7,혼자 봐서 그런가 엄청 재미있진 않네요.  
20161224,1,여기 평점에 비해서 생각보다 심각하게 재미 없습니다. 영화관 가서 돈주고 잠만자고 나왓내요...;;  
20161224,10,관람객아이들이 너무 좋아 하네요~~^^  
20161224,3,이젠 그만 먹고싶은 음식.  
20161224,10,크리스마스 이브라 애들이랑 꼭 보려했는데 아침 7시30분 1회상영 끝... 이게 뭐냐?  
20161223,10,도라에몽은 극장판도 좋습니다.  
20161223,10,너무 잼있어요ㅜㅜ진짜 감동과 재미 둘다 합격.아이랑 저랑 시간ㄱㅏ는줄모르고봣어요잘만들어주셔서 감사합니다^^  
20161223,9,도라에몽 성우 목소리 바뀐게 좀 아쉬웠지만 전체적으로 대만족  
20161222,10,에몽아.~도라에몽♡♡ㅎ  
20161222,1,도라에몽 극장판은 항상 같은 패턴의 스토리같다.. 호기심떔애 어디감->부족이나종족에문제생김->해결  
20161222,8,한국더빙으로 나온다는걸보고 일본탄생 신버전하고 구버전을 둘 다 봤는데....난 왜 구버전이 더 재밌는걸까  
20161222,10,이쯤 되면  심형탁이 도라에몽 홍보대사 급이네  
20161222,10,막내가 좋아하니까...  
20161222,1,"애들이 보기엔 8점, 어른이 보기엔 1점대  "
20161222,10,도라에몽이여 영원하라..  
20161221,10,역시 도라에몽 이번 극장판도 기대를 저버리지 않네요 너무 재밌고 아이들이랑 보러 가는것 추천할께요!!  
20161221,8,아들이랑 잼나게 봤어요 ^^  
20161221,10,관람객재미있게 잘봤어요.아이들이 집중해서 보네요  
20161221,9,아이와 간만에 즐겁게 봤어요~만들어진 역사는 진짜역사를 이길수없다는 말에 완전공감했네요~강추입니다~  
20161221,10,사랑해요 도라에몽재미나다 도라에몽  
20161221,10,너무좋아요신나고재미나요  
20161221,10,재미있게잘봤어요~너무좋아요~  
20161221,10,너무잼미있ㅇ닜ㅇ니영왅  
20161221,10,재미있어요너무너무 짱  
20161221,10,넘넘재밌어요또보고히어요  
20161221,10,재미와 동심을 일깨워주는 애니였습니다재미있게 잘 보았습니다^^  
20161221,8,재밌어요 또보고싶어요~~  
20161221,10,최고예요 재미있네요ㅊㅊ  
20161221,10,아이랑 오니 너무 너무 재밌었어요.. 아이가 너무 좋아해요. 재밌다고요.^^  
20161221,10,너무 너무 재미있어요. 어른이봐도 재미있네요.덕분에 아이와 함께 좋은 시간 됐어요. 강추예요! :)  
20161221,10,"제 수준에 맞는 영화였뜹니다,,,!  "
20161221,10,처음으로 접했는데  동심으로 돌아간듯  재미있게 보았습니다^^  
20161221,10,도라에몽~ 원시시대에서의 맹활약이 매우 기대되는 신작이라서 정말 기다려집니다~!  
20161221,10,ㄹㅇ 도라에몽때문에 오질라게뛰엇다ㅠㅠㅠㅠ 겁나힘드네항마력딸리면 못보뮤ㅠ  
20161221,10,아이가 너무 좋아하네요 잘 보았습니다^^  
20161221,10,감동과 재미~~^^  강추강추합니다~~  
20161221,10,아이들이 너무 좋아하고 재미있었습니다.^^  
20161221,10,최고에요 아이가 너무 좋아하네요  
20161221,10,너무너무 재미있어요ㅡ  
20161221,10,너무 재밌어요~^^ 추천합니다.  
20161221,9,넘넘 재미있게 잘 보았어요^^ 도라에몽 넘 귀여워여~~  
20161221,10,엄마는 좀 지루했지만 아이는 무지 좋아했어요^^  
20161221,10,아이들이 처음부터 끝까지 집중해서 볼정도로 재미있게 봤네요  
20161221,10,아이들과 너무.즐거운시간 이었어요  
20161221,10,잼났다고 하네요.11살.6살  
20161221,10,재미있어요..꼭보세요...  
20161221,10,완전 재미와 감동이 있어요~  
20161221,10,너무너무 재미있게 보았답니다  
20161221,10,재미있는 도라에몽과의 신기한 신석기시대로의 여행 너무 즐거울것같아요  
20161221,10,너무너무 재밌었네요.  
20161221,10,도라에몽 재미있어요...  
20161221,10,재미있었다엄청엄청나게  
20161221,10,재미있는 도라에몽 재미나네요화이팅입니다  
20161221,7,재미있게 보면서 아이들에게 공부가 될거 같습니다~~  
20161221,10,너무 재밌게봤어요!!!  
20161221,9,재미있고 감동이였다.  
20161221,10,어른들도 지루하지 않게 재밌게 볼수가 있었네요 잘 봤습니다  
20161221,10,재미있어요..도라존비~~  
20161221,10,너무잼있어요 7살아들이 좋아해요  
20161221,10,아이와 잼나게 봤어요^^아이가 스릴있고  또보고싶데용  
20161221,8,신나고 즐겁게 봤어요^^  
20161221,10,도라에몽 감동적이고 징짜 재밌게 봤네요  
20161221,10,너무재미있어용~~아이랑같이본도라에몽극장판~~짱입니당  
20161221,10,재밌어요~~~~^^  
20161221,9,즐겁고재미있는시간이었어요~  
20161221,10,재밌어요 ㅋㅋㅋㅋ 도라에몽 너무 귀여워요  
20161221,10,아이들과 보기 너무 좋아요!!  
20161221,10,에몽이는 사랑입니다.  
20161221,10,도라에몽 역시나 넘잼나요^^  
20161221,9,스탠바이미만큼은 아니지만 재밌다! 유쾌하고 좋은 애니메이션:)  
20161221,10,역시 도라에몽과 신구의 모험 재미있어요~~~ ^^  
20161221,10,재밌어요 짱짱 도라에몽  재미져요  
20161221,10,기대 안했는데 너무 귀여워요  
20161221,10,우왕 감동 ㅠ ㅠ 도라에몽 도라좀비!!  
20161221,9,재밌고 감동적이에요.  
20161221,10,너무 재미있어영 너무 좋았어영  
20161221,3,또 보고싶네요아이들 볼만해요  
20161221,10,너무재밌어요  꼭보세요  
20161221,9,어린이들에게 꿈과희망을 주는 영화~  
20161221,10,넘재미나요~~♥최고도라에몽^^  
20161221,9,볼만해요 재미있네요ㅋㅋ  
20161221,10,감동적이고 재미있어요  
20161221,10,정말 최고였습니다. 도라에몽. 화이팅!  
20161221,9,극장판이라 더 흥미진진했어요  
20161221,10,보고싶은 내친구♩도라에몽~진구도 재밌었어요~  
20161221,10,도라에몽 너무나 재밌게봤어요.강추!!!!  
20161221,10,모험과 집의 소중함을 다시 느끼는 아이들~~^^  
20161221,10,재밌어요 재밌어요 ^^  
20161221,10,재밌었어요 개봉후에 또 보러 올께요  
20161221,10,너무 재미있어요~^^  
20161221,10,넘 아이들이 좋아했네요  
20161221,10,도라에몽 또 볼래요 ㅋㅋ  
20161221,6,과거와 미래를 오가며 쌓이는 우정을 볼수 있어요  
20161221,5,유치했지만 애들은 좋아할듯  
20161221,10,기대했는데  완전 짱  입니다~~  
20161221,10,너무감동적이어ㅛ어요  
20161221,9,굉장히 유익한 영화입니다..  
20161221,8,아이와 함께봤는데..너무 재미있어해요~어른인 저도 재미있게 잘봤어요~  
20161221,8,도라이몽 극장판 재미있어요..  
20161221,6,버터플 버리는 지우같은 진구.  
20161221,10,ㅋㅋㅋ 재미 있네요도라좀비  
20161221,10,에몽이 너무 감동적!! 이거 꼭 보셔야되요! 도라좀비ㅋㅋㅋ  
20161221,7,도라에멍 갖고 싶어요.ㅇㅅㅇ  
20161221,10,완전 도라에몽 귀여움에 극치 역시 시대를 져버리지 않네 ㅎㅎㅎ어떻케  너무 귀엽짢아 ㅋㅋㅋㅋ  
20161221,6,생각보다는 그냥그러네요.  
20161221,8,재밌게 보다 갑니다! 도라에몽 짱  
20161221,10,넘 재밌었습니다아 수고하세요  
20161221,9,너무너무 재밌고 기대 이상이였습니다!  
20161221,10,너무 재밌고 감동적이예요!! 시사회로 봤는데 또 보고싶어용아이들하고 보면 좋을 것 같아요ㅎㅎ 꿀잼 꿀감동 강추합니다!  
20161221,10,어른인 제가 너무 재밌게 봤어요^^집에서 도라에몽 보는 아들래미 구박했는디 제가 넘 몰입해서 봤네용ㅋㅋㅋ잘봤습니당♡♡♡  
20161221,10,재미있어요!! 또보고싶어요!  
20161221,10,여태까지본도라에몽중에제일재밌고 너무감동적인이야기에요 꼭보는게 완전추천!  
20161221,10,도라에몽을 좋아해서 처음으로 도라에몽 극장판 봤는데 진짜 감동적이였고 진짜 다시봐도 후회되지않을 영화였어요!!! 도라에몽 엄청좋아하는데 당첨되서 꽁짜로 친구랑 보게 되어서 좋았고요 다음 도라에몽 극장판때도 꼭 볼거예요  
20161221,10,재미있어요~ 아들이 좋아하네요  
20161221,10,너무재밌어요감동적이어요  
20161221,10,재미있었고 영원히 기억 할  거 같다  
20161221,10,도라에몽과 친구들이 협동해서 나쁜녀석들을 헤치워요  
20161221,10,신나는영화였어요 최고예요  
20161221,10,도라에몽 너무 재밌네요  
20161221,8,나의 어릴적 추억을 찾다.역시 진구는 ㅋ  
20161221,10,너무 재밌었고 다른 사람에게 꼭 추천해주고싶습니다!!!  
20161221,10,재미있게 잘보았습니다!스릴있었어요ㅎㅎ  
20161221,10,너무재밌고감동적이었어요!!!  
20161221,8,도라에몽 재미있게 보고가요  
20161221,10,완전 재미있어요! 추천합니다!  
20161221,9,도라에몽 극장판  정말 재밌네요  
20161221,10,아이들은 물론 어른들도 보기 좋은 영화에요~^^♡  
20161221,10,페가 도라에몽이 넘 귀여워요.  
20161221,10,도라에몽 시리즈는 언제나 즐거워~^^  
20161221,9,재미났어요...아이들하고 보니 좋네요  
20161221,10,재밌게봤습니다 네네네네  
20161221,8,역시나 귀여운 도라에몽ㅠㅠ  
20161221,10,어릴적 재밌게 봤던 도라에몽의 감동을 다시 느낄수 있었서 좋았습니다  
20161221,10,잼있어요!!!꼭보세요  
20161221,10,감동적이었어요! :)  
20161221,8,건대 롯데시네마에서 관람해싸요. 도라좀비!!! 재밌네요 감동 삐요~~~  
20161221,10,넘넘재미있어요 또보구싶대요  
20161221,10,메인 스토리에 서브 스토리가 연결돼있어서 재밌습니다.  
20161221,10,너무.재밌습니다~^^* 아이도 좋아해요!  
20161221,10,잼있어요.잼있어요.  
20161221,10,감동이 있는 우정이 있는 멋진 도라에몽과 그의 친구들정말 재미있어요 ^^화이팅  
20161221,10,역시 귀여운 진구와 도라에몽!  
20161221,10,재미있었어요~~ 그리고 감동적이었어요!  
20161221,10,역시 도라에몽~!!! 친구들과 함께 과거로~!!!  
20161221,10,도라에몽 극장판 재밌게 잘봤어요  
20161221,10,아이가 지금까지 본 영화중 쵝오라네요..웃음과 감동까지  
20161221,9,딸과 재미있게 보았습니다  
20161221,10,도라에몽 정말 재밌어요!!강추!!  
20161221,10,동생이랑 봤는데 넘 재밌었어요!  
20161221,10,상상의동물들 너무 귀엽다  
20161221,9,좋았어요 아이들과같이보기좋아요  
20161221,10,일본에서 극장판 예고 나왔을 때부터 기다려서 지금에서야 봤습니다. 꽤 괜찮았습니다.  
20161221,10,도라에몽 극장판 많이 봤는데 다른 시리즈보다 잼있게 보고 눈물까지 흘렸네요..ㅜㅜ 너무 무섭지도 않고 아이들과 보기 좋아요! 진구 눈물콧물 흘리며 우는 표정은 항상 잼있네요!  
20161221,10,진구는 역시 무능했다. 그러나 도라에몽의 존재가 그를 밝혀준다. 이는 국민의 힘과도 같다!!  
20161221,10,어른이 봐도 정말 재밋어요 연말추천  
20161221,10,아이들이 너무 좋아해요.  
20161221,10,마지막 장면에 진구가 만든 상상의 동물들에게 눈물겨운 감동의 작별이 인상 깊었습니다.  
20161221,10,너무 재밌어요 어른도 같이 보세요 강추!!!  
20161221,10,도라좀비 짱!!!!ㅎㅎㅎ  
20161221,10,마지막에 진구의 펫들이랑 헤어지는 장면 아직도 여운이 남습니다.ㅠㅠ오늘도 한 극장판을 통해서 도라에몽의 감동적인 매력에 빠져들고 갑니다~  
20161221,10,아이들과 함께 관람하며 즐거운시간을 보냈습니다^^열쇠고리까지 너무감사  
20161221,9,아이들이랑 웃으며 보았네요..역사공부도 조금 되고.아이 친구들이 같이 보니 더 돈독해진거 같아요~~추천^^  
20161221,10,재미에 철학까지 담고 있는 만화영화라니 짱  
20161221,10,아이들에게 꿈과 희망을 주는 영화에요! 강추!  
20161221,10,동심을 찾을수 있어 좋았다  
20161221,10,도라에몽 기대이상으로 잘봣어요  
20161221,10,재미잇엇어요!!!와아  
20161221,5,애들 보기좋은 영화 어른은 동심을 챙기고  
20161221,10,재미있었습니다 여운을 주네요  
20161221,10,너무재밋엇고 그리핀 드래곤 페가수스 대박귀엽ㅎㅎㅎ  
20161221,9,언제나 재밌는 도라에몽  
20161221,10,5살 여아 보고 울었어요 ㅎㅎ 엄청 집중해서 봤구요 ㅎㅎ재밋어요 ㅎㅎ  
20161221,10,너무너무 재밌어요~강추~  
20161221,10,정말너무재밌었어요^^  
20161221,10,잘봤어요 다음에또봐요..  
20161221,10,역시 도라에몽! 웃음과 감동 두마리 토끼를 잡은 극장판!  
20161221,10,너무 재밌어요^^강추해요  
20161221,9,잼나요 나도 식물통조림  
20161221,10,아이들과 아주 재밌어요  
20161221,10,기대이상으로 재밌었습니다!  
20161221,9,신나는 모험이었어요~^^아이가좋아해요  
20161221,9,즐거운 관람이었어요. 행복한 영화  
20161221,9,역시도라에몽은 재미나요재미난 도구 상상력이 자라나요  
20161221,10,아이와 함께 즐거운 시간을 보낼 수 있네요.  
20161221,10,넘넘 재밌었어요! 아이랑 함께 즐겁게봤습니다 꿈과 용기가 가득한만화였어요 ㅎ ㅎ  
20161221,8,아이들이랑보기좋아요!!  
20161221,8,재밌네요~~~강추!  
20161221,10,아이들이방학때 즐겨보는 이유가있네요~~추천합니다~~  
20161221,10,딸아이가 도라에몽 넘 재미있게 봤어요~~ 보는 내내 깔깔깔 하며  즐겁게 봤답니다~^^  
20161221,10,어린 시절이 생각나는 도라에몽옛 향수를 불러 일으키네요.아이 와 함께 보는것을 추천해요.^^  
20161221,10,새로운 모험과 상상속의동물이 정말  재미있었어요.  
20161221,9,역시 도라애몽ㅋㅋ 꿀잼ㅋㅋㅋ도라애몽이 나에게 있으면 잘 쓸 수 있는데..  
20161221,10,상상 사파리월드 가고싶습니다!!  
20161221,10,진구와 도라에몽의 7만년전 여행기~ 모험가득한 즐거운 모험의세계  
20161221,10,정말재밌었고 또보고싶다  
20161221,8,성인도 괜찮게 볼 수 있는 것 같아요~  
20161221,10,재미있었습니다^^ 도라에몽 귀엽더군요ㅎㅅㄴ  
20161221,10,두아들램이랑 완전 잼나게 잘봤어요! 진짜 너무 잼나요  
20161221,10,완전 잼나요 흥미진진!!  
20161221,10,정말 재밌었고 나중에 또 보고 싶다  
20161221,10,정말 재미있었고 다른 형들이 울었다  
20161221,10,색채가 이쁘고 넘 잼나요.  
20161221,10,10점이 아닐수가 없다  
20161221,10,애들이 너무 좋아해요 모험과 우정이 모두 담긴 재밌고 흥 미있는 영화예요~^^  
20161221,9,생각보다 넘 잼났어요.~^^  
20161221,10,기대이상으로 재밌고 감동적이었습니다  
20161221,10,복수하는것이재미있어요  
20161221,9,아이가 재밌게 웃으면서 보았어요!  
20161221,10,너무너무 재밌어요  엄청  완전추천  
20161221,10,역시나 재미있는 도라에몽잼있다  
20161221,10,기대되는 영화입니다 도라에몽 재미있어요  
20161221,10,도라에몽재밌어요!!!!  
20161221,10,너무 재미있어요 강추해요  
20161221,10,보아보다. 도라에몽. 귀여워  
20161221,9,너무 귀여운 도라에몽과 즐거운 시간이었습니다!  
20161221,10,^^  재미있게 잘 보았습니다  
20161221,10,재미있어용 완전 !추천합니당  
20161221,10,도라에몽 도라에몽도라에몽  
20161221,10,언제봐도 도라에몽은 재밌어요!  
20161221,10,도라에몽  넘  재미있어요  
20161221,8,정말 재밌어요!!! 강추합니다  
20161221,10,또보고싶은 도라에몽 ^^  
20161221,10,넘나 감동적이었습니다  
20161221,10,완전 재미나요도라좀비짱아이도 너무 좋아해요~  
20161221,10,아이들과함께  보면서 많은걸 배운고 느낄수있는 영화예요  
20161221,10,잼나요감동이ㅛ고아이좋아해요  
20161221,9,너무너무 재미있었어요  
20161221,7,초반에 지루한데 끝으로 갈수록 재밌어요  
20161221,9,신석기도 배우고 유익한 내용이였어요  
20161221,10,도라에몽 극장판 역시 재미있어요! 기대이상이예요~  
20161221,10,스릴있고 감동있는 영화입니다.  
20161221,8,오랜만에 본 도라에몽 너무 재미있었어요~  
20161221,10,"오랜만에 도라에몽의 활약과 과거, 미래 이야기를 모두 봐서 재미있었어요. ^^  "
20161221,9,색채가 예쁩니다 재밌습니다  
20161221,10,아이들이 아주아주 좋아하네요  
20161221,8,아주아주 재미 있었어요  
20161221,10,어른이봐도 재미나네요  
20161221,10,역시 도라에몽이에요어른도 아이도 재미있게 함께 봐요~~~  
20161221,10,너무 재미있엏어요~~  
20161221,10,스케일이 장난아니네요. 정말 재미있었습니다.  
20161221,10,도라에몽 영화정말 재미있네요  
20161221,8,아이들이 너무 좋어하네요.. ^^  
20161221,9,쿠쿠루 너무 멋있어요!!! 도라에몽 잼잼~~~!!  
20161221,10,아이들 너무 좋아해요 ~~ ^^  
20161221,10,재미있고 감동도 있네요  
20161221,10,아이들이 정말 좋아하네요. 완전 재밌어요.  
20161221,10,완전 대박!! 나도 한번쯤 시간여행에 도전해보고싶다!!  
20161221,10,어른이 봐도 재미있어요  
20161221,10,넘 잼나서 또보러와야겠어요.~^^  
20161221,9,극장판 도라에몽 잼나요  
20161221,10,역시 도라에몽이다~^^올겨울방학엔 도라에몽  
20161221,9,도라에몽 첨봤는데 너무 재밌어요~  
20161221,9,재미있게 보았네요~~^^  
20161221,10,아이랑 같이 보기 좋아요.  
20161221,10,넘넘 재미있어요~~^^  
20161221,10,너무재미나게 잘 봤어요  
20161221,10,두아이도 엄마도 잼나게 잘보게되었어요  
20161221,9,시대를 초월하는 영화! 무엇을 상상하든 그 이상  
20161221,10,스릴도 있고 재미있네여...애들이 너무 좋아할꺼 같은 도라에몽입니다~~^^  
20161221,9,아이들이 너무 좋아해요  
20161221,10,아이들과 정말 재미있게 봤어요. 도라에몽 짱 귀여워요.  
20161221,10,재밌어요 아들하고잘봤어요  
20161221,10,너무 재미있고 상상력 끝내줘요  
20161221,10,아이가 좋아하는 도라에몽 극장판으로 나왔다니 반갑네요 ^^  
20161221,10,도라에몽까지 아이들좋아해요  
20161221,10,너무 재밌어요~~^^  
20161221,10,네살 아이도 한시간 사십분 집중해서 봤어요너무너무 잘 봣어요^^  
20161221,10,역시 감동적인 도라에몽~♥  
20161221,10,정말 재밌네요 ~~강추입니다  
20161221,10,관람객키즈관에서 도라에몽 재미있게 잘 관람했습니다  
20161221,10,아이들과 너무 잼있게 봤어요~  역시도라에몽이네요~~어른이봐도재미있어요~  
20161221,10,아이가좋아하는도라에몽 너무너무재밌어요  
20161221,10,아이들이좋아하는..도라에몽.기대되요~~  
20161221,10,아이가 도라에몽을 너무 좋아해서 보려 합니다 완전기대되네요  
20161221,10,아이랑 같이 도라에몽 영화 기다렸어요 너무 재미나요~~강추  
20161221,10,역시 도라에몽은 최고에요 저 어릴적 만화를 아이랑같이보네요  
20161221,10,에몽이! 격하게 애낀다! 거하게 가출했네. ㅎㅎㅎ  
20161221,10,역시 도라에몽! 좋아요!  
20161221,10,넘나 갖고싶은 도라에몽!  극장판도 역시 기대이상  
20161221,10,역시 도라에몽은 내 동심을 담고있다  
20161221,10,언제봐도 도라에몽은 재밋어요!! 굳굳  
20161221,1,아이들과 보러갔는데 애들이 보기애는 부적절하네요.정말 눈쌀이 찌푸려지네요.  
20161221,1,최악이네요.... 정말 뢔이러는지  
20161221,10,심??: 우와아아아앙  
