0,1,2
20190118,5,내 평점은 죄다 1점 아니면 10점인데 이 영화는 5점을 줄수 밖에 없다. 복선과 플롯이 크게 억지도 없고 적당한데 확 재밌진 않았고 반전도 크진 않다. 연기력은 좋았다. 애매하다  
20190106,8,에밀리 블런트 <3 흡입력 있는 스토리의 영화  
20190101,8,에밀리블린트 이정도의 연기력이었다니...  
20181205,9,에밀리 블런트 연기 실력이야 두말하면 입아프지.. 무튼 가스라이팅 오지다  
20181203,8,생각보다는 평점이 낮네 재밌는데  
20181122,7,재밋어요 여주셋이 넘이뻐서 눈호강하면서 봄  
20181120,9,잔잔한 긴장감이 손에 땀을 쥐게 하는 스토리 정말 신기 손에 땀 났어요 ㅎㅎ나를 찾아줘 제작진이라던데 정말 반전은 기대이상주연배우 연기 좋구 완전 재밌게 잘 봤어요 !!  
20181102,7,나름 재밌네요 딱 킬링 타임용 영화임 집에서 심심할때 보기 딱 좋아요. 반전도 있어서 괜찮네여  
20181020,8,열차에서 평식이 아구지로  
20181012,8,세 여배우의 연기때문에 몰입해서 볼 수 있었어요.  
20181010,10,왜 난 재밋는데 평점 이해안감 ㅠㅠ 긴장감과 말할수없는 그 묘한 슬픈감정.. 잘봣어요  
20180927,10,"완전 명작에 재밌구만, 연출 최고, 연기 최고. 적극 추천함.  "
20180925,6,잦은 시차 편집이 오히려 긴장감을 감소시킨다. 에밀리브론트의 연기는 정말 짱이고 매력적인 배우들을 보는 재미가 있었다.  
20180914,10,ㅋㅋㅋㅋ 개꿀잼!!! 이영화는 한국의 페미니즘관객과 여성혐오관객들을 들었다 놨다 했을듯.  
20180909,1,법위에 사는대부호들도 저딴식으로 막장인생안살겠다.. 개연성1도없는 쓰레기영화..그놈의 페미진짜 추악하네  
20180904,7,생각보단   별룬데  기대하고봐서인지 기대이하 반전만 볼만  
20180817,10,에밀리 블런트여서 너무 좋았다  
20180619,9,레이첼은 더 이상 기차안에서 과거를 바라보지않는다 온전히 자기 자신이 주체가 되는 삶을 찾은 그녀는 이제야 비로소 앞을 바라보며 간다.  
20180617,4,거짓을 보여주다 마지막에 진실을 보여주는 관객을 우롱하는 영화인데다 등장인물들은 하나같이 정상인이 없음  
20180617,8,잼나다잉... 숨은 수작인듯  
20180614,6,책을 보고 영화를보니 책이 훨씬 낫네요영화는 앞뒤 다짤라먹고 영화먼저봤으면 별로였겠다싶음책이 훨씬더 잼나요~  
20180613,7,비혼 권장 그리고 여성연대  
20180609,1,왜이렇게 평점이좋지 에밀리때문에 봤는데 정말 시간 아까웠음여주들 비주얼땜에 참음  
20180523,10,에밀리의 그 공허한 눈빛을 도저히 잊을 수 없다. 그녀가 다 한 영화  
20180522,6,지루하지만 반전과 교훈이있다  
20180505,7,메건은 난잡한 여자가 아니다.  
20180420,7,약간 루즈하게 진행되지만 배우들 구경하는 재미에 끝까지 계속 보게 된다.  
20180416,10,에밀리 블런트 그리고 요즘 최고의 허리우드 여배우들의 좋은 연기들....  짜임새 있는 원작과 명품 감독의 만남~2017년 최고의 작품....한국영화계는 반성을~  
20180323,10,여주인공 연기가 진짜 알콜중독자같아서 몰입도 최고!! 처음 볼때 의도한것처럼 주인공이 범인인줄 알았는데....  반전! 쓰레기가 얼마나 많은 사람의 인생을 망치는건지 보여주네요  
20180316,2,전혀 관련없는줄 알았던 톰이 살인사건 범인이란... 진짜 놀랄만한 반전이네요.  
20180306,10,에밀리 블런트 짱이야 ㅠㅠㅠㅠ 간만에 시간 가는줄 모르고 봤어요  
20180302,1,호러 감독도 자기계발은 필수다.  
20180302,10,기대 안했는데 너무 마무리가 좋네요 ^^  
20180302,10,"에밀리 블런트, 헤일리 베넷, 레베카 퍼거슨.... 다 내가좋아하는 배우들... 이야기도 이 정도면 무난하게 재밌었다.  "
20180224,8,나를 찾아줘의  남편 버전  
20180210,10,지루한 것 없이 집중해서 볼 수 있었어요 강추!  
20180207,10,긴장감.반전 슬프지만 한편 통쾌하기도~여러감정을 경험할 수 있었던 영화  
20180125,10,재밌었음 기대이상입니다  
20180122,9,에밀리블런트 술주정뱅이 어눌한 말투도 연기 잘한다.  책보고 봤는데도 재밌었음  
20180115,7,"계속 보게만드는 몰입감은 있지만, 그동안 뿌렸던 떡밥회수가 2프로 아쉬운느낌.  "
20180114,6,뭔가 있을것같이 굴더니 아무것도 없는  
20180101,9,알콜중독자 연기가 대박  
20171231,5,"약간 아쉬운 파티, 해장이 필요하게 여운이 있다.  "
20171226,7,스토리 전개에 있어 허점이 다소 보임. 하지만 볼만함  
20171219,5,"몰입은 잘 되는데, 이상하게 찝찝해.  "
20171216,6,비정상적인 등장인물들이 누가 더 나은지 대결하는 영화.  
20171215,9,이 정도면 뛰어난 스릴러^~  
20171208,10,인간이 술 먹는다고 개가 되지 않음. 개가 술을 먹으니 개가 되는 거지.  
20171125,7,연기력도 괜찮고 고 내용 구성도 빠지지 않지만 분위기가 너무 정적임.  
20171121,9,진실을 찾는 과정이 팩트처럼 다가오지 않는 점과 그간의 기억이 모조리 블랙아웃 상태로 계속 살아가는 것이 현실성이 있는가에 대한 의문이 남지만 배우들의 연기력이 모든걸 커버할 만큼 재미있게 본 영화이다.  
20171120,8,그냥 보다가 감정선을 충분히 살리는 비범함을 느끼게 된다. 남성 감독이 여성의 감정을 충분히 드러내게 함에 놀랐고 에밀리 브론트의 연기 또한 훌륭하다.  
20171118,3,그리 딱히 미스터리한 스릴러는 아닌듯 싶은데?? 뻔한 스토리인데  
20171112,9,근래에 잘 만들지 않는 주제의 영화였다. 근데  너무 러닝타임이 긴듯  
20171005,2,관객에겐 거짓을 보여주고 후반에 진실을 보여준다. 시간낭비 임  
20170926,4,"예고편을 본 영화는 보지 말아야 한다. 쓰레기 같은 예고편. 기대가 너무 컷다. / 시작은 창대햇으나, 마무리는 허무하다. 개연성이 없다.  "
20170924,8,뻔할 수 있는 내용을 쫄깃하게 잘 담아낸 영화  
20170911,8,여배우 셋다 예쁘고 잘나가는 배우들이라 거기에 루크 에반스까지 연기력 좋았음. 볼만한 스릴러.  
20170904,6,"별 특별할 것 없는 스릴러. 어찌 알콜중독이 되었는지에 대해서, 그리고 술에 취했다고 자기를 패던 남편과의 상황이 어떻게 정반대로 기억될 수가 있는지에 대해서도 충분한 설명과 묘사가 필요한 것 같다.  "
20170827,6,관람객재밌엇어요. 추천해요 ^^~~  
20170826,8,"단순한 스릴러로 보기에는 생각 거리가 많다. 블랙아웃으로 인한 걱정거리 외에도 미디어에 대한 맹목적인 중독으로 인하여 사실과 다른 이야기를 우리 자신도 모르게 세뇌당하고 있지는 않은지, 내가 속고 있는 세 여자 중 한 명이 아닌지 생각해보게되는 영화  "
20170821,10,"약자끼리의 소통은 이래서 중요하다. 적이 같을 때, 대화를 해야 하는 이유. 남녀 간의 권력구도는 노사 간의 권력구도와 그 형태와 양상이 같다. 완성도, 몰입도에서  높은 점수를 주고 싶은 작품.  "
20170819,10,"뻔한 스릴러에 지쳐있었는데 오랜만에 집중해서 봤다. 연출, 연기 다 좋았던 영화  "
20170804,6,"기차 안에서 차창 밖을 바라보는 그런 모습이, 몽환적이면서도 신비로웠다. 알콜중독을 조심해야 한다는 걸 일꺠워 주는 영화  "
20170803,8,생각보다 볼만해요. 좀 찜찜하지만...  
20170730,10,나를찾아줘보다훨잼 !  
20170728,8,개재밌는데ㅋㅋ 에밀리블론트가 고른영화는 다 믿보다~! 주연 연기만으로도 극도의몰입 가능  
20170716,7,사연은 애달픈데 그걸 표현하고 풀어가는 방식이 너무 산만하다.  
20170711,8,몰입감이 장난아님.  반전도 괜찮고 연출도 굿  
20170707,6,에밀리 블런트와는 잘 어울리지 않는 장르.  
20170702,8,"""나를 찾아줘""와 비교하는건 억지다 . 다른 영화다 .  "
20170628,8,다시한번보고픔.나름괜찮은스릴러  
20170627,6,"속도감 있는 영화 좋아하는 내게 끝없이 지루한 영화. 호감가는 캐릭 하나없이 다 짜증남.  알콜중독 무직, 바람둥이 여자둘. 정신적 육체적 폭력쟁이남자 둘. 다짜증ㅋ 알콜중독 연기는 그래도 꽤 괜찮았음. 킬링타임용 영화.  "
20170620,4,"뒤늦게 봤지만 지루했다. 극장에서 안 본 걸 다행으로 생각한다. 크게 반전이랄 것도 없고, 그냥 그런 이야기를 풀어나가는 게 전부였다. 나름 반전이라고 있는 것도 미약하고 너무 루즈하다. 기대가 컸던 탓에 실망도 큰 영화였다.  "
20170619,5,끝까지 보기가 너무 힘들었어요  
20170614,4,정말이지 재미가 하나도 없네요  
20170614,6,뛰어난 에밀리 블런트의 연기력이 돋보인다.나름 나쁘지않은 작품  
20170614,8,에밀리 연기 잘한다 알콜중독여자 그 자체였다몰입감 장난아니다. 미드 압축해 놓은것같은 영화였음  
20170614,7,"나쁜 남자 만나서 인생 씹1창난 여자들이 꼭 봐야할 영화. 남자 하나 잘못 만나면 알콜중독자가 될 수 있고, 살인용의자가 될 수 있고, 살인피해자가 될 수도 있다  "
20170611,9,평점 7점대치고는 괜찮은영화 나름스릴도있고 반전도 있음  
20170609,6,아무리 알콜중독이라지만 자길 매일같이 때렷던 남편을 착한사람으로 생각햇다는게 너무 억지스럽다  
20170604,7,영화초반엔 편견이 생긴다.. 그러나 끝까지 보고나면...  
20170530,10,재밌어요. 원작의 느낌을 그대로 느낄 수 있어서 좋았습니다. 배경이 미국으로 바뀐 건 보다가 한참 뒤에나 알았네요 ㅋㅋ  
20170527,7,에밀리 브런트의 불안정한 심리 연기가 짜증을 유발시키면서도 계속 몰두해서 관람하게 만든다. 결국 여자의 적은 여자고 남자는 나쁜 넘이랑 멍청한 넘 두 종류가 있다.  
20170522,7,늦은시간이라 반만 보고 자야지 하다 그냥 다 봐버렸네. not bad  
20170518,7,지루하지만 재밌었고...볼만했어요  
20170513,5,배우를 받쳐주지 못하는 뻔하디 뻔한 스릴러  
20170504,8,요즘은 영화보다보면 나도 모르게 스킵을했었는데 이 영화는 그런게 없었음 우와!! 재미써!!! 까진 아닐지 몰라도 스킵없이 집중하게 되는 영화임..  
20170502,4,엄청난 스릴러 포스에 맥빠지고 뻔한 결말.. 심심하다.  
20170502,8,예상치 못했다.  여주 너무 불쌍..  
20170430,9,역시 바람핀 놈이 좋은 놈일 수가 없다는 깨달음을 얻은 영화? 왜 바람핀 놈 버리기가 그렇게 어려울까  
20170429,6,특별한 반전이나 스릴은 없다. 걍 무난함. 전부 연기 잘하고.. 근데 주요인물중에 제 정신인 사람이 한명도 없는듯ㅋㅋㅋㅋ  
20170428,10,아일럽 ~~헤일리베넷 ~~~  
20170428,9,몰입도가 있고 스토리도 탄탄했던 괜찮은 영화  
20170426,10,볼만하다. 배우들의 연기도 대단하고 스토리도 괜찮다.  
20170425,10,와 미치겠다. 메간 왜 이렇게 섹시하냐  
20170418,2,알바평점이 많음. 나를 찾아줘와 비슷한 긴장감이 느껴졌다는 베스트평을 보고 알바를 확신함. 실종이라는 공통점(이것도 사실 다름)이외에는 공통점이 하나도 없는 영화와 비교하는 사람은 영화진짜본건맞나.. 결론은 개연성이 떨어지고 지루한 장면이 많음  
20170416,6,블랙아웃을 경험해본 사람은 확 와닿을 이야기..^&^  
20170416,9,잔잔하지만 긴장감있는 나를찾아줘 느낌의 스릴러. 배우들의 연기가  몰입감을 더하고 짜임새있고 깔끔한 반전 좋았음.  
20170415,8,관람객여주인공 답답.. 암유발ㄷㄷ  
20170415,8,2017.03.14 cgv목동  
20170413,6,"중반부까지 너무 지루한 감이 있지만, 나름 스토리도 좋고 연출도 맘에 든다.  "
20170411,10,에밀리 블런트의 엄청난 연기력이 압권...  
20170410,10,진짜 내 인생에서 간직할수 있었던 영화ㅠㅠ 끝나는게 싫었다.  
20170407,1,그냥 쓰레기 영화. 여주인공 하는 짓 보고 있으면 암걸려서 못보겠다.  
20170406,6,관람객매우 지루한 러닝타임 그러나 마지막까지 봐야하는 영화  
20170404,8,주인공의 연기가 매우 좋다. 주인공과 상황이 짜증나고 답답하고 음울하게  느끼며 보지만 그 감정이 섬세하게 느껴지게 해 좋은 영화인 것 같다. 연출도 간간히 스릴러적이고  감각적이어 늘어지는 순간에도 몰입된다. 다만 조금 미드스러운 결말이 아쉽긴 하다  
20170404,5,단순한 플롯을 복잡하게 편집해서 있어보이려고 노력했다. 내용은 흔한 치정살인극. 반전을 위해 주변 사람들 모두를 반정신병자로 묘사했다. 감상 포인트는 치졸한 설정과 편집보다 배우들의 연기. 에밀리 블런트의 표정연기가 볼 만.  
20170403,10,관람객이런 스릴러미스터리류를 좋아하는대 기대이상이였어요'!!!!  
20170402,8,나를 찿아줘보다 더 재미 있네요 여배우들 연기도 뛰어나고 재미있게 봤습니다.  
20170402,6,"흥미로운 소재를 담고 있는데, 생각만큼 긴장감 있지 않고 특히 모든 비밀이 밝혀진 후반부는 매끄럽게 진행하지 못한다. 그래도 주연을 맡은 에밀리 블런트의 연기는 끝까지 몰입하게 만든다.  "
20170402,7,제정신인 여자가 하나도 없는거 같더니만... 헐... 에밀리의 연기가 후덜덜하다  
20170402,8,관람객원작을 읽고싶게 만든 영화  
20170401,5,"무엇이던, 약점을 가진 자를 농락하는 위선자들의 역겨움과 복수의 시원함, 그러나 남는건 쓸쓸함  "
20170331,10,관람객연기력이 훌륭한 영화입니다.  
20170330,9,관람객생각보다 재밌었습니다  
20170328,7,관람객생각보다 별로...남자주인공 극혐  
20170328,6,역시 금발~ 시작부터 졸리고 지루한 전개~ 기대되지도 놀랍지도 않은 반전~ 역시 술이 웬수 ~ 남자는 싸고 그만 ㅎ  
20170327,5,관람객그냥 조금 애매모호했음  
20170327,7,관람객생각보다 몰입감이 좋았어요.  
20170327,9,관람객조용조용 뒤를 따라가다 진실과 마주한 느낌!  
20170326,4,관람객빨리 막내리는이유를 알겠어요..  
20170325,7,"기대감 갖게하는 초반 전개에 비해 중반부분 다소 지루.. 인내심 필요.  에밀리 블런트의 연기력  돋보임. 헤일리 베넷, 매력있음.  "
20170324,7,관람객지극히 여성의 관점에서 바라보고 표현한 영화. 여주인공의 연기도 훌륭하다  
20170323,5,관람객시간 계산을 잘하고 보세요.  뭔가 더 뒤통수치는 반전을 기대했는데 그냥 쫌 나쁜놈이란 느낌이 아쉽네요. 알콜중독 연기는 정말 좋았어요  
20170323,8,관람객음.. 그냥저냥 봤던 영화  
20170322,5,전달하려는 메시지도 좋았고 독특하게 흘러가면서 소재도 좋았지만 다소 많이 허탈하고 지루하다  
20170322,7,"관람객좋은 연출, 시나리오, 연기 3박자가 만나 재미있는 영화가 되었다.  "
20170321,7,관람객원작소설의 복잡한 구성이나 막연한 전개를 잘 풀어냈습니다. 원작을 안 본 사람에게는 지루하거나 내용이해가 안되었을 수도 있겠네요. 여주인공 연기가 좋았어요. 영화 분위기와 어두운 톤 때문에 흥행에는 어려운 듯.  
20170320,9,나를 찾아줘 재밌게 보신분들이라면 좋아할 영화  
20170320,7,관람객적당한 극장용 스릴러 영화 평에 비해 좋게 봤음  
20170320,5,제 마음을 사로잡지 못한 영화... 여배우들의 얼굴말고는 남는게 없어요  
20170319,9,관람객아 이제 술 그만 마셔야지ㅜ  
20170319,10,재밌게 봤다.  헤일리 베넷은 위험할 정도로 이쁨.  
20170318,7,2시간에 달하는 러닝타임이 유일한  흠이기는 하지만 에밀리 블런트의 출중한 연기가 이야기의 흥미를 유지해 가는군  
20170318,8,관람객나를 찾아줘에는 미치지 못하는 몰입도  
20170318,7,애매하지만 볼만한 영화다  
20170317,6,소설을 본 사람이라면 크게 만족 못할 것...비주얼이나 배우들은 상상 그대로지만 스토리 전개가 매우 재미없게 만들어짐  
20170317,6,관람객반전으로 가는 길이 너무 맥빠지는 스릴러  
20170317,7,이 영화의 교훈 - 필름끊길 정도로 과음하지 말자.  
20170317,2,물론 소설이야 좋은 평이니 좋을텐데 영화는 꽝임...겉도는...  
20170317,3,"나를 찾아줘! 생각하고 나름 기대하고 갔는데... 이건 뭥미??  지루함은 기본이고, 뒤죽박죽 꼬아놓은 스토리하며, 반전의 반도 못따라가는 역대급 막장결말의 허무함만 가득한 영화! 반전 생각하시는 분들은 보시면 후회막급 할 영화입니다~ 저는 비추!!!  "
20170317,10,알콜중독에 전남편 집착하는 여자인줄알았다.미안해 레이첼  
20170317,8,관람객재미있음. 이런종류 영화가 다 비슷한 것처럼 집중해서 봐도 반전에 반전이 계속된다. 술 마시면 안되고 여자를 수단이나 도구로 생각하면 안된다  
20170317,8,오늘만 개스통 두번보네  
20170316,6,결국 바람등이 남자의 미스테리 치정 살인극이메요..스토리.전개과정은 볼만했으나 의미없는.노츨신은 영 그러내요...  
20170316,8,이건완전기억조작수준인데?  
20170316,10,"서서히 나도 모르는 사이 이야기에 집중해있었다. 스릴서 소설책을 직접 읽고 있는 듯 영화가 만들어져서 좋았고, 배우들의 연기를 통해 영화에 더 몰입할 수 있었다.  "
20170316,10,관람객구웃구웃구웃굿굿구숛  
20170316,8,레이첼은 타인의 삶을 선망했지만 그 어느 누구도 아름답고 완전하지 않았다.  
20170316,8,관람객원작을 무척 재미있게 봤던지라 보게되었습니다. 상영관이 적어 아쉽네요.  
20170316,7,관람객진부한 결말이 아쉬웠던 영화  
20170316,9,관람객시나리오 연출력이 좋았습니다!  
20170316,6,관람객뭔가 듬성듬성.. 이빨빠진 스릴러  
20170316,8,관람객재미있게 잘 봤습니다ㅡ  
20170316,3,"개인적으로 별로였던 영화였음.  스토리가 나쁘지않고 앞뒤가 맞다고하지만, 영화보는 내내 지루함 감이 없잖아있음. 좋은평 받는 이유는 충분히 이해하지만 개인적 취향에 안맞음.  "
20170316,8,관람객반전이있는영화네요.  
20170316,9,"초반에 전개가 길고, 배우 얼굴이 헷갈려서 지루했지만, 마지막에 생각지두 못했던 반전과 사이다 같은 결말이 마음에 들었고, 재밌었습니다~^^  "
20170316,10,영화 예매권 당첨됐는데 볼 상영관이 없네요..  
20170315,10,"에밀리 블런트의 연기에 감탄하며, 몰입해서 긴장감있게 보다가, 영화를 다 보고나선 개인적으로 느껴지는것들과 얻어가는것도 많은 영화였어요.  "
20170315,9,관람객영화를 보는동안 몰입하지 않을수 없었고  에밀리 블런트의 연기에 완전히 빠져들었습니다.보는 동안 추리를 하느라 시간이 어떻게 지나는지 몰랐답니다.  
20170315,7,괜찮았어요 에밀리 연기짱  
20170315,8,나를찾아줘보다 재밌었다.  
20170315,7,관람객그럭저럭 재밌게 봤어요  
20170315,5,관람객중간까지는 졸리고 마지막엔 좀 반전재미  
20170315,7,몰입감있고 재미있게 봤습니다. 에밀리 블런트의 연기가 좋았습니다  
20170315,8,관람객자기 자신에 대한 의심에 대해 반전을 제시하는 영화....  
20170315,8,"잔잔하지만 지루하지 않고 어두운 분위기가 독특하고 여주의 알콜 중독자 연기가 최고였던,,,나름 재밌다~  "
20170315,10,몰입도 장난아니예요.  
20170315,6,관람객복잡한 관계설정속에서도 빛나는 에밀리블런트의 연기  
20170315,7,"나를찾아줘와는 비교가안됨.초중반지루, 내용전개도 밋밋, 반전도 그닥. 도중에 안보려다 겨우 본영화.호불호가 많이 갈릴듯  "
20170315,10,이런게 스릴러지 해빙과 비교되네  
20170315,7,에밀리에 연기는 끝내줬지만 몰입감이 부족하달까 그냥 예측 가능하고 뭐라 설명을 못하겠는데 나가면서도 뭔지 모를 부족함이  
20170314,8,전반은 6점 후반은 10점  
20170314,9,관람객에밀리의 알코올 의존증 연기는 정말 돋보이는 요소 중의 하나였다. 초반에는 에밀리를 때려주고 싶을 정도였다. 결말이 대충 예상되었지만 짜임새있게 맺어져서 볼만한 영화였다. 다소 초반에 지루하고 잡다한 느낌이 들 수 있다. 여주인공 세명이 나오기때문에;  
20170314,6,알콜 중독자의 주변 탐구생활  
20170314,7,관람객결말이 놀라웠어요. 이야기를 끌고 가는 방식도 좋았고요. 나름 재밌게 봤습니다^^  
20170314,8,데이트폭력의 진면목을 보여주는 영화.  
20170314,7,스릴러를 좋아하지만 나를 찾아줘 1표  
20170314,10,영화를 보고 원작이 궁금해졌음~ 원작에 비해 못만들었다는 평이 있어서 크게 기대 안했는데 굉장히 재미있었음~ 도대체 원작은 뭐 얼마나 더 잘 썼다는 건지?ㅎㅎ 시간가는지 모를정도로 몰입햇서 본 영화  
20170314,8,관람객무서우면서 재밌어요 좀 황당하긴하지만ㅋㅋ  
20170314,9,반전에 스릴감  몰입도 꽤 좋았고 에밀리 블런트의 연기 bb.  
20170314,8,배우자를 잘 만나야 하는 이유  
20170314,6,관람객절주 캠페인 영화로는 역대 최고의 영화  
20170314,7,관람객에밀리 블런트 의 연기는 정말 칭찬해주고 싶다  
20170314,9,(스포일러 있음) 정말 재밌게 봤습니다. 무섭고 스릴넘처요. 나를 찾아줘 보다 훨씬 잔인해서 차마 눈뜨고는 못볼 장면들은 싫었지만 나름 가슴 시원한 결말이 마음에 들었습니다. 하지만 여전히 보고나면 좀 찝찝한 영화네요.  
20170314,9,나는 참 볼만했다 한매력들 하는 여배우가 셋이나 나오고.  
20170314,8,관람객알듯말듯 딱 기대한만큼의 반전.  
20170314,7,"관람객재미도 없는 편은 아닙니다만 보고 나서 영화가 전하고자 하는 메세지가 그저 그래서 멋진 영화라는 생각은 들지 않습니다. 그래도 스토리 전개나 촬영 음악, 구성력 등은 최근 상영중인 한국영화 해빙보다 훨 낫습니다.  "
20170314,10,관람객책보고 더욱 기대되는 작품이었어요!다들 연기도 잘하고 추천드려요~  
20170313,7,여자도 만취하고 돌아댕기는 것도 문제지....남자탓만은 아니야..  
20170313,6,"배댓보고 보고왔습니다만 긴장감도 없고, 스릴감도 없었고 딱히 깊이 빠져들지도 않았네요. 묘한분위기가 시작부터 끝까지 이어지지만 썩 유쾌한 느낌은 아니였고요  소설책 나왔을때부터 기대했는데 영화 캐스팅에 비해서 ..딱 그저그런 정도입니다 ㅡ,.ㅡ  "
20170313,7,긴장감 있는 후반부에 진입하기 전까지 기차가 초중반에 너무 천천히 달린다.  
20170313,10,너무나 통쾌한 결말! 속이 다 후련하다  
20170313,10,세 배우들 연기도 너무 좋았고 반전은 놀라웠음! 긴장감도 있고 잘 짜여진 스릴러인듯!  
20170313,8,"관람객처음에는 조금 지루했는데, 보면 볼 수록 생각지 못한 내용으로 흘러가서 점점 긴장감에 몰입하게 되었어요. 정말 뜻밖의 반전이었어요. 재밌게 보았어요  "
20170313,4,관람객희뿌연 은유속에 탈선해버린 플롯을 메우는건 그나마 빛이나던 여배우들의 앙상블.  
20170313,7,난 괜찮게 봄.. 얼마나 본인은 괴로웠을까..  
20170313,5,"흐지부지플롯을 등지고, 세명의 훌륭한 여배우의 호연 속에 홀로 영롱하게 빛나는 레베카 퍼거슨~  "
20170313,7,관람객책을 먼저 읽고 영화를 봐서 그런지 생각보다 실망스러웠습니다. 연기는 좋았고 책을 안 본 분들한테는 반전요소가 있어 괜찮을 듯 하네요.  
20170313,7,관람객나름 반전도 있고 괜찮았어요. 배우들의 연기도 좋았습니다. 전반적으로 은근히 긴장되게 하는 힘이 있었어요 ㅎㅎ 기대 이상으로 볼만했습니다~  
20170313,8,관람객그럭저럭 볼만한데 다시 볼 맘은 없습니다.  
20170313,8,관람객책 보다 못읽고 그만둬서 영화로 보았는데. 여주인공   연기는 열심히 합니다. 남자하나때문에 여러여자 희생되는 설정은 별ㄹ?  
20170313,9,나를찾아줘 까진 아니어도 꽤 볼만한 스릴러블로그 후기 보고 무작정 안 본다는 사람들때메 평점이라도 올려주려고 씀 ㅋㅋㅋ  
20170313,1,관람객저는이해를할수없엇어요  
20170313,10,이거보면서 미드나잇 미트 트레인이 생각났다  
20170312,7,관람객http://ligas80.blog.me/220955246958 영화는 세 여자의 시선을 번갈아 보여주면서 숨겨진 진실을 쫓는다. 치밀하고 숨 막히는 전개는 한시도 눈을 뗄 수 없게 한다. 이들의 미스테리 한 관계는 미묘한 감정선으로 그려진다.  
20170312,8,평범하지만긴장감있음  
20170312,6,관람객잘나가다가 갈수록 안타까움이 금치 못하게 된 영화  
20170312,2,관람객헤일리 베넷은 이뻤다 음 생각보다 반전을 짜넣은 느낌  
20170312,5,반전을 향해 무수히 던진 미끼들..  
20170312,10,에밀리 블런트 기억 안나는 설정 진짜 잘한듯 긴장감이 너무 좋더라 재밌게 봤음ㅋ  
20170312,10,존잼이예요! 꼭 보세여  
20170312,5,어둡고 칙칙한 배경. SD 저화질 화면에 볼거리 없는 사이코 드라마. 말로만 하고 얼굴만 크로우즈업해서 답답했다. 해빙과 비슷한 영화. 짜증나고 지루하고 본걸후회한다.30년전 영화처럼 빛바랜 듯 저화질 카메라는 버려야 하지않을까. UHD나4D시대에.  
20170312,9,관람객긴장감도 있도 특히 여주 연기가 너무 좋았어요!!마지막 반전도 놀라웠고 ㅋㅋ 돈이 아깝지 않은 영화였어요!!  
20170312,4,해외판 한국 아침막장드라마. 만약 한국영화로 나왔으면 이정도 평점은 유지못했을듯  
20170312,4,기차가 아니라 우주선을 타서 안드로메다로 가버렸다  
20170312,8,관람객괜찮은 스릴 괜찮은 반전살짝 아쉬운 친절함?  
20170312,10,관람객잼있었어요 나를 찾아죠영화도 생각이 나네요  
20170312,10,관람객잔인한부분이 있지만 추리영화로 추천합니다  
20170312,8,관람객괜찮았습니다무난무난  
20170312,8,관람객여배우들의 연기력에 놀랐다.  
20170311,9,관람객연기도  좋고 여배우들 개성도 좋고 몰입감도 좋아요 잔잔하니 끝까지 흥미있게봤어요  
20170311,4,관람객광고와 다르게 지루함 돈주고 보기에는 별로  
20170311,8,"역시 에밀리 블런트. 연기 좋음. 헤일리 베넷, 레베카 퍼거슨도 괜찮음. 오랜만에 리사 쿠드로 봐서 더 좋음.  "
20170311,8,관람객에밀리 블린트의 연기가 인상 깊은 영화 나름 괜찮게 봤습니다  
20170311,1,아니..머 평에 이렇게 스포하는 시키들이 많아!!!  
20170311,7,관람객시간이 거슬러 돌아가면서 이야기를 전개해서 처음엔 어지러웠으나 차츰 이야기의 흐름을 읽고 난후엔 영화에 집중하게 되었답니다.  
20170311,4,나름 재밌게 봤어요 ^^?  
20170311,8,관람객기대 이하였지만 그래도 볼만합니다.  
20170311,6,관람객나를 찾아줘를 따라가긴 아직 한참 모자란...  
20170311,7,"소설은 엄청 성공했다는데, 영화는 결말을 일찍 알려주고, 이야기 구성도 밀도가 좀 떨어지고.  "
20170311,10,예매하기전에는 기대안하고 봤는데점차 보다보니 몰입하고 있는 나를발견함한장면 한장면 놓치지 안고 볼정도로 재밌게 봤어요완전 추천?  
20170311,9,저는 너무 볼만했어요! 부모님이랑 보러 갔는데 야한장면 많이 나와서 넘나 민망했지만...내용흐름상 필요했고 반전도 있어서 흥미로웠어요!헐리웃영화 광팬인데 아이덴티티 같은 스릴러반전 좋아하시면 추천해드려요~!!  
20170311,8,분위기를 참 잘표현하긴했는데 과거로 왔다갔다하는게 좀정신없었음.일부러 관객을 심란하게 하려고 한건지 모르겠지만. 메건예쁨^^  
20170311,7,관람객뻔할수있는 소재를 새로운 시선으로 잘풀어내어 원작을 잘살렸으나 연결점의 끊어짐이 좀 어색해서 지루할수도 있음  
20170311,10,관람객너무 좋은거같아요 최고 입니다  
20170311,10,관람객역시 신선한 반전 길리언플린! 잘 봤습니다.  
20170311,10,관람객진실을 찾아가는 과정의 긴장감이 좋아요.  
20170311,5,제목을 걸온더 보틀로 하는게 더 나을듯  
20170311,5,관람객음...예고만큼 스릴있지않아요  
20170311,3,관람객기대해서 그런지 별로 반전 도 그럭저럭이구 추천은 안합니다  
20170311,8,관람객나를찾아줘 가 생각나는 영화여러번 생각하게 하는 영화에요  
20170311,10,헤일리베넷 엄청 섹시하다.. 레베카퍼거슨도 이쁘다..  
20170311,9,에밀리 브런트의 연기력이 좋았고 끝까지 예상 못한 반전영화.  
20170311,10,"알바 운운하는 사람들은 그냥 그사람 취향이 아닌 영화인거고, 우리는 최근 본 영화중 가장 재밌게 봤음. 책도 봤는데 영화가 더 재밌음. 이런 장르 좋아하시면 강추.  "
20170311,2,반전을 주기위해 설명없이 무작정 전개되는 장면.. 도대체 뭐가 뭔지 고민하다가 따분해져 버리는 영화 였다 ㅠㅠ 예고편보고 기대너무 많이 하지마세요~!  
20170311,8,관람객웰메이드 클래식 스릴러  
20170311,9,관람객긴장감을 놓치 않게 짜여진 탄탄한 시나리오에 놀랐고 주인공의 연기가 마음에 들었당! 반전이 있어서 막판에 후련했다  
20170310,8,엣지오브 투머로우에서 그녀를 처음 만났고 시카리오에서 그녀에게 빠져들었고 걸온더 트레인에서 완벽하게 그녀의 팬이되었다. 나를 찾아줘 이후 볼만한 스릴러를 만났다  
20170310,7,"관람객음습한 분위기,  느슨하지만 시종일관 느껴지는 긴장감 but 뜬금포 반전  "
20170310,6,전개가 너무 답답했음 그래도 스토리는 좋았음  
20170310,6,데미무어 주연의 위험한 상상과 마지막 부분에 오버랩 되는 부분이 있네요.  
20170310,7,딴거하면서 멍하니 보다가 집중하게 만드는 반전  
20170310,10,소설을 잘 재연했네요. 나를 찾아줘만큼 괜찮았습니다~  
20170310,9,관람객묘한분위기가 일단  시선을 사로잡는데 서론이 좀 긴데다 지루한편이긴하나 집중해서 잘봐야 뒷이야기를 머릿속에서 정리가되서 볼수있는작품입니다 기다림끝에 답이있는작품이죠  
20170310,10,최고의 영화 추천합니다  
20170310,10,심장 쪼여서 나올때 부여잡고 나옴 ㅠㅠ  
20170310,10,진짜 보는내내 심장 쫄렸음 끝나고 여운도 남고 복잡한 기분 들게하는 영화인듯  
20170310,10,마지막 반전 진짜 ㅎㄷ ㄷ 통쾌하면서 한편으론 주인공이 짠 했던 ㄷ ㄷ  
20170310,10,와 에밀리 블런트 ㅇㅇㅇ 연기 한번 진짜 감탄함... 믿보배 리스트 넣음  
20170310,10,연기력ㄷㄷ.. 진짜 긴장감..너무 몰입해서 봄  
20170310,10,긴장감 넘치고 스릴있는 분위기가 너무 좋았고 에밀리 블런트 연기는 압권  
20170310,1,"열차에서 달구지로가 가장맞는 평론이다ㅋㅋㅋㅋ미국식 막장드라마 , 사랑과전쟁 스릴러급 스토리는 지저분하게 꼬아놓고 이거보세여 반전쩔져? 하는 유치 개막장 쓰레기영화.. 차라리 토니에드만을보며 정서 정화나할걸 후회감막심하고 나옴  "
20170310,6,관람객ㄴㅈ잘봤읍시린  잘봫어요  
20170310,10,근래 본 최고 미스테리물!!  
20170310,10,좋아요 스릴 로맨스 ㅎㅎ  
20170310,10,답답한 마음이 후련해진 영화였다.  
20170310,10,추천으로 보게되었는데 가슴졸이며 재미있게 잘봤습니다.  스릴러 강추입니다  
20170310,10,이거재밌음 몰입감 좋음  
20170310,10,영화보는동안 스릴있고 긴장되는 영화였습니다!!흥미롭고 신선한 소재로 추천합니다.  
20170310,10,심장이 쫄깃해졌어요!!! 너무 재밌어요>_<  
20170310,10,에밀리 블런트 연기 대박.. 악프다에 나왔던 그 비서라서 완전 놀랐다.  
20170310,10,관람객평에서 호불호가 갈리는건 지극히 개인적인 스타일인듯.같이 본 동생과 저는 잔잔한데 몰입감이 굉장해서 2시간이 금방 흘러갈 정도로 집중해서 봤어요~ 배우들의 연기가 돋보였고 원작 책을 안봤던터라 더 집중해서 볼 수 있었어요~  
20170310,1,뻔하디 뻔한 이야기를  유치하게 꼬아놓구선 있어보이는 척 하는 영화.  
20170310,9,이거 엄마랑 보기 좀 민망할까요? 보신분들 그렇다면 추천 아니면 비추천 눌러주세요ㅠ  
20170310,8,세 여배우의 연기 대결이 지루한 부분마저 매워준다.  
20170310,8,관람객정말 충격적 결말로 다가온 걸온더트레인 이네요 원작소설의 치밀한 스토리와 반전이 제대로 먹힌 영화이면서 잔인하고 끔찍하게 더욱더 처절하게 표현하려고 한듯하다.  
20170310,6,이 영화 보라고 추천하긴엔 꺼림착한 영화 ... 배우 연기력으로 댓글 단것들 다 알바라고 본다.... 그냥저냥 봐 줄만한 영화.. 영화가 임팩트가 많이 약함. 여배우가 혼자 쌩쇼하는것같은 느낌이 드는 영화  
20170310,10,에밀리 블런트의 연기력만으로도 볼만함. 초반부 내용 놓치면 이해하기 힘들어지는 영화.  
20170309,5,관람객졸았다...기대가너무컷나보다  
20170309,9,관람객볼만합니다 배우들의 열연이 돋보입니다 야한장면이 종종 나옵니다^^  
20170309,10,스포일러가 될것같아 말을 아끼지만집중할수밖에 없게 만드는 영화였다  
20170309,2,나를 찿아줘와 비교를 하다니??비교가 될 수있는 영화가 절대  아님~~  
20170309,9,시작은 미약하지만 끝은 창대한영화  
20170309,7,딱 미국식 스릴러 소설 느낌.  
20170309,9,평론가란 양반들 수준하곤.. 영화는 보고 평점 쓴걸까? ㅋ  
20170309,4,이걸 <나를 찾아줘>를 잇는 충격적 미스터리 스릴러라고 하다뉘.. 진심 화난다  
20170309,9,관람객주인공들 연기 정말 좋고 나름 쫄깃했네요  
20170309,8,관람객긴장과 스릴감과 더불어 묘한 분위기까지 느껴지는 짜임새있고 깊이 빠져드는 영화  
20170309,9,"에밀리의 소름돋는 연기가 돋보였다~ 씁쓸하고 슬픈 반전에 놀라기도 했지만, 마지막엔 왠지모를 눈물이..;;  "
20170309,7,뭔가대단한게있을줄알았는데 너무지루하고 그저그랬어요  
20170309,5,느리고 더딘 기억 되찾기  
20170309,10,에밀리 블런트 알콜중독자 연기가 대단했음. 한 남자가 망친 여자가 셋.어쩌면 이보다 더 많을수도 있겠군. 무슨 권리로 남의인생을 짓밟는건지.  
20170309,10,완전 집중해서 봤어요!! 손에 땀을 쥐고 ㅋㅋ 긴장감 최고!  
20170309,10,숨막히게 심장 쫄리면서 봤다! 영화관에서 보는걸 강추 몰입력 대박  
20170309,10,에밀리 블런트 연기는 역시!! 짱이네요 ㅎ  
20170309,2,10시반에서 40분까지 10분짜리 평점올리면 돈주나 보네요 저도 할걸 아쉽ㅎ  
20170309,10,배우들 연기 대박인듯  소설보다 영화가 더 재밌는듯  
20170309,10,에밀리 블런트 연기에 다시 한 번 놀람 ㄷㄷ  
20170309,10,"뻔해보일 수도 있지만, 심장 쫀득하게 전개해줘서 눈뗄수가 없음. 편집 좋았다.  "
20170309,9,진실을 찾아가다 반전에 놀라는 영화. 에밀리 블런트의 연기는 말이 필요 없고~  
20170309,10,스릴 넘치는 영화였네요 ㅠㅠ 여주인공 연기가 대박  
20170309,9,진실을 찾아가는 과정이 굉장히 스릴 넘치네요 오래간만에 여주 영화봐서 좋았음 ㅋ  
20170309,10,진짜 믿고보는 에밀리..연기력ㄷㄷ 이런 심리영화넘나쫄깃함  
20170309,10,완전 몰입해서 봣네...ㄷㄷㄷㄷ심장쫄깃  
20170309,10,복잡하면서도 꽤 좋은 반전 영화 좋았음  
20170309,10,보이지 않는  심리스릴러 시간가는 줄 모르고 봤다  
20170309,1,미로를 헤매다 결국 출구로 나왔지만 기분이 묘상한 영화  
20170309,7,굉장히 복잡한듯 이리저리 포장했지만 사실은 그저 단순한 치정살인... 에밀리블런트의 연기는 정말 좋았다...  
