0,1,2
20190110,1,다운 받은 시간이 아깝다.  
20181014,7,그 말이 기억남는다 절박하지 않았으면 배낭여행으로 만족했을 것을... 몸 건강이 쵝오다  
20181011,10,완전 감동인 영화네요.  
20180921,10,제작하는 기여한 모든 분들 수고 많았다는 말씀드리고싶네요. 49일의 종주가 제 인생 전체를 압축시켜주는 것 같았습니다. 농밀하게 살자고 각오를 다지게 되네요. 감사했습니다.  
20180914,10,한편의 영상으로 삶에 의미를 줄 수 있게 해준 제작자님들 그리고 고 윤혁님에게 감사함을 표합니다.  
20180909,10,이런거보면 사람의 욕심이라는게 참 허무하다는 생각이 든다. 자신의 끝날을 모르고 산다는것도 큰 복인거 같다. 마지막 병원의 모습과 자전거 탈 때의 모습이 대비되면서 울컥하더라..고인의 명복을 빕니다  
20180909,10,나를 다시 돌아보는 내 인생을 생각해보는 그런 영화  
20180730,1,평점 조절... 그렇게 막 감동스럽다거나 그런 건 아님..  
20180629,10,이 감정을 어떻게 말로 표현할 수 있을까?  
20180626,6,주인공이 가지고 있는 소재 자체와 내용은 좋지만...솔직히 영화로써는 전체적인 구성이나 연출이... 자연스럽지 않고 집중 하기 힘들었다.  
20180505,10,"너무나도 당연하게 주어진 하루하루를 소모하며, 빨리 지나가길 바라기도 했는데,  이친구처럼 꿈을 향해 치열하게 살지 않았음을 반성하게 하는 영화네요. 하루를 , 지금을 바라보는 시각을 바꾸게 해준 사람. 고맙습니다.  "
20180504,10,내가 미쳤어~~~~손담비  
20180417,9,우리의 인생을 얼마나 소중히 살고 있는가  
20180412,4,짧으나 멋진 인생을 살다 간 이윤혁  
20180406,10,최고의 영화... 고인의 명복을 빕니다... 그리고 감사합니다.  
20180406,10,힘내서 열심히 살자 ㅜㅜ 하고싶은거다해보고  
20180331,10,삼가 고인의 명복을 빕니다. 당신이 보여준 도전과 투지가 현생을 살아가는 많은 이들에게 용기가 되었습니다. 감사합니다.  
20180330,10,정말최고 남자라면 진정한남자  
20180325,9,처음에는 완주를 응원했지만 시간이 흐를수록 완주를 하지 않았으면 했다.  
20180318,10,다른이들에게 계속 보여졌으면한다...  
20180312,10,감동입니다.  열심히 살아야겠습니다.  감사합니다  
20180311,10,꾸며내지 않은 한없이 아름다운 이야기. 나라면 죽을것을 알면서 저런 각오를 할 수 있을까. 가슴아프지만 병으로 힘들어하는 모든 이에게 힘을 줄 수 있는 영화. 정말 아름답다라고 밖에 설명할 방법이 없다.  
20180224,10,내 인생 최고의 영화..  
20180206,6,나까지 보기가 힘든 몰입  
20180202,10,"영화보다 더 영화같았던 실화였고, 날것 그대로 다가와 날것 그대로 떠나간 한 청년을 보았다.  "
20180202,10,야간 라이딩 때 부모님 생각하면서 우는 장면... 저도 오열했네요...ㅠ.ㅠ 정말 위대합니다. 윤혁씨 저도 힘낼게요!  
20180201,10,다시 태어날겁니다..당신은 멋지고 강한사람 이었습니다.곧 다시 때어나 더 많은걸 누리시길..  
20180129,10,한국 사이클 다큐의 발전  
20180129,10,내게 남은 49년을. 너의 49일같이...  
20180129,10,티비에 나오길래 생각없이 보다가 눈물이...가슴 찐해 지는 영화  
20180129,10,제작진과 고인이 되신 윤혁님께 박수와 찬사를 보냅니다.고맙습니다.  
20180129,10,"가슴 깊은곳에서 부터 뜨거워 지는 열정과 절실함 나는 한번도 이렇게 살아본 적 이 있는가, 앞으로 이렇게 살 수 있을까  "
20180129,10,가슴아프지만  감동이였습니다  
20180129,10,감동이예요...나를 되돌아보게 됩니다  
20180129,10,오십 힘든 고비에 오아시스같은 명작  
20180129,10,감동입니다 대단하셔요 화이팅  
20180117,5,주마등처럼 스쳐 지나가는 인생의 길  
20171215,1,실화가 워낙 대단한 감동 스토리지만.. 영화 자체의 완성도는 많이 떨어지네요....  
20171006,10,삶에 지친 나에게 큰 위로와 용기를 주어서 고맙다고 하고 싶은데 전할 수 없어 안타깝고 슬프다.  
20171004,10,"형, 그 페달 같이 밟아요.  "
20171004,9,참 안타까운 병에 걸렸지만 꿋꿋하게 도전하는 모습이 감동적이었고 주위에 도와주는 사람들도 아름다웠다.  
20171002,9,너무나 감동적이고 빨려들어가면서 재미있게 봤습니다. 어떻게 그 고통스럽고 힘든 상황가운데서 웃음을 잊지 않는 윤혁의 모습이 감동적입니다.  저의 이웃들을 더 사랑해야겠다는 ...  
20170928,10,내가 지금 살아있다는 것만으로도 나는 충분한 축복을 밪고있단걸 느꼈다... 부디 좋은 곳에서 행복하시길...  
20170927,10," 이 영화를 보고 많은 것을 느꼈다. 현재의 삶에 불평 불만 하지말고 내가 정말 원하는 것, 원하는 삶이 무엇인지를 다시한번 생각해보고 당장이라도 실천해야겠다고 생각했다. 한번뿐인 인생 멋지게 살아야지. 윤혁군 삼가 고인의 명복을 빕니다.당신은 최고!  "
20170919,10,아~~~나라면 가능 햇을까~~?  
20170905,10,제가 진단받은 암을 검색하다가 우연히 이런 다큐가 있다는 것을 알았네요. 시간날때 한번 봐야겠습니다.  
20170902,10,사람사는이야기 그 자체로 충분  
20170902,10,사람사는이야기 그 자체로 충분  
20170825,10,"열심히, 즐겁게 살아야 겠다는 생각이 드네요~  "
20170801,10,진정한 감동.. 열심히살아야겠다  
20170729,1,평점 조정이 필요할 것 같습니다.  
20170727,10,감동적인 영화... 주어진 많지 않은 날을 하나의 목표를 위해 열심히 살다간 청년.... 삶은 하나의 목표를 향해 달려갈때 숭고하고 아름답다...  
20170725,10,윤혁아 꼭 다음 생에는 아무 걱정없이 뚜르를 달리자  
20170723,10,관람객그냥 다 대단합니다!!!  
20170718,10,깊은 감동입니다눈물많이흘리고 많은생각하고갑니다  
20170703,10,이런 리얼다큐영화 너무좋다  
20170617,10,보물같은 영화 인생의 전환점이 필요한 분들께이 영화 강추해드립니다  
20170607,6,초반에 갈등부분이 왤케 길게 나오는지 좀 지루했고 영화적 완성도는 좀 떨어지지만 실화의 힘이란... 짧은 생애 누구보다 멋진 삶을 살고 갔던 윤혁은 나태하게 살던 나에게 잠시나마 삶의 의미를 던져주고 갔다.  
20170603,10,큰 힘을 얻었습니다. 감사해요 윤혁이 형최고로 멋있었어요 편히 쉬세요.  
20170601,9,생애 마지막까지 쥐어짜낸 열정이 너무 아름답고 멋있었습니다.  
20170529,9,"비관하지 않고 불굴의 의지로 뚜르를 완주한 윤혁에게 경의를, 또 담담하게 감동을 극대화한 8년간의 편집에도 박수를 보낸다. 부모의 임종을 지키고 싶다는 가슴아픈 대목... 쾌청한 날씨에 안개로 들어가는 엔딩이 윤혁의 인생과 흡사하여 감동이 배가된다  "
20170522,5,"시한부 이윤혁의  뚜르드 완주는 높이 사지만, 영화로써의 재미는 부족하다. 런닝타임도 부족한데, 윤혁의 고생과 성취가 잘 보이지않고, 중반까지는 스텝들의 내분과 갈등이 주를 이룬다. 중반 이후엔 화합해서 윤혁의 완주를 돕지만, 너무 빨리 지나가버린다.  "
20170517,1,왠지 평점 조정해야 될 것 같다.  
20170515,10,"작은 사람들이 모여  이루어낸  슬픈꿈,그 슬픈데 예쁜 꿈을  잊을 수 없을듯해요.슬픈데 예쁜 윤혁형의 한마디 한마디 그게 제 마음에 참 많이 남아요.윤형 형에게 경의를 표함과 동시에 작품을 만들어주신 제작진분들께정말로 감사해요.  "
20170506,10,"남산도 힘들다고 찡찡대던 제가 참 부끄러워지는 순간입니다. 내가 지내는 오늘이 윤혁님이 그토록 그리던 하루였을텐데.... 윤혁님 덕분에 많은 이들이 큰 희망, 그리고 감동을 얻고 갑니다. 하늘나라에선 부디 평안하시길..  "
20170502,10,마음 한 곳에 묻어두었던 작은 꿈을 현실로 만들었다는 모습이 대단한 것 같다.  
20170502,9,This is 굳 스토리. 제가 very very 감동 어었어요. 자전거를 저도 잘 타는 편인데. 이런 코스는 저라면 바로 포기 할꺼입니다. 너무 존중 해요!!  
20170502,8,힘들어도 포기하지않는 모습이 멋집니다.저도 포기하지않겟습니다  
20170501,10,관람객부모님얘기할때눈물찔끔  
20170425,10,감동적이고 대단한 사람이리고  생각합나다.  
20170424,9,생과 죽음의 가로에서 앞으로의 삶을 고민하는 이야기가 가슴에 확 와 닿았습니다.  두려움을 극복하고 도전하는 자세와 정신 . 우리가 앞으로 일생을 살아가며 본받고 배워야함을 느낍니다.  
20170421,10,군가 부르는 장면 그리고 부모님 생각하는 장면에서 너무 눈물이 흘렀습니다. 마지막에 야윈 장면에서도 울었구요 이게 인생인가 싶습니다.  
20170419,1,이렇게 평점이 좋은 이유를 모르겠다.  
20170418,1,평점조절 갑니다 10자  
20170415,10,감사합니다..  고인의 명복을 빕니다.  저세상에서도 꿈을 그리면서 지내길 바랍니다.  
20170412,10,열정에 감동받고 갑니다.. 스스로 반성 많이 했어요  
20170412,9,윤혁님의 마지막 열정 너무 멋집니다  
20170411,10,정말 영화 잘봤습니다 ~!! 눈물이 계속흐르네요..  
20170410,10,최고...열정에 기름붓기 최강의 영화  
20170407,10,윤혁님 대단하심니다... 많이 울고 윤혁님보고 제 자신을 많이 돌아봅니다.. 감사합니다.. 기억에 많이 남을 것 같습니다  
20170406,10,안타까운 영화입니다... 눈물도 계속나오고.. 부디 그곳에서 더 행복하시길..  
20170405,10,용기와 희망을 위한...작품? 넘 멋집니다... 멋지다고 할수 있을지... 감히 ... 반성이됩니다.  
20170405,10,"최고의 날들이 존재함은 한번사는 삶에서 참으로 소중한 기억과 경험이다. 그런 최고의 날들을 보여준 윤혁씨가 정말 대단하다. 투병을 해서 그런마음이 생겼고, 도전을 하는 자체도 대단하다. 후반부에서는 나도 눈물이 멈추질 않았다. 하늘에선 더 행복하세요  "
20170405,10,강추할게요  후회안하실거에요. 그리고 행복하세요  
20170404,10,윤혁 씨 잘 지내고있죠? 고마워요 너무너무...  
20170404,10,너무너무 안타깝고 눈물나요 가슴이 먹먹하네요 행복했으면 좋겠어요  
20170403,10,관람객행복하지 않을 이유보다 행복할 이유가 더 많음을 느낄 수 있는 시간이었습니다.  
20170403,10,요즘 나약해져있던 내인생을 다시한번 돌아보게되는영화였습니다. 의지가 정말 대단합니다.시대가 변해도 영화로 사람들에게 기억이 남을듯 합니다.  
20170401,10,아 .. 울음 계속 참다가 병문안에서 마른모습 보고 진짜 완전 오열했네요  ...  
20170331,10,관람객재밌습니다 슬퍼요....  
20170329,10,억지 감동이아닌 현실적 감동  나 자신을 반성하게 되는 영화  
20170328,10,관람객젊은이들이 뜨거운 열정을 다시 품게할 수 있는 영화  
20170324,10,희망을 잃은 이들에게 힘이 되어주는 영화이길 바랍니다..많은 사람들이 보면 좋을 것 같아요..  
20170323,1,그럼 그렇지 어디서 감히!! 쇼생크 탈출과 1위 2위를 가리며 건방지게 맞설려고 그래 ㅋㅋㅋ  
20170322,1,121212121212  
20170319,10,영화가 끝났는데도 눈물이 멈추질않는다. 생명연장과 자신의 꿈을 맞바꾼 고인의 선택이 헛된 선택이 아니었고 수많은 사람들에게 동기부여가 됐으면 좋겠다.  
20170319,10,"이 영화는 영화가 아니다 현실이다 진짜 미쳤다 와 감동적이다,웃기다 꼭봐야하는 영화  "
20170318,10,누구보다 건강하고 밝았던 윤혁이가마지막에 병상애 누워 뚜르코스를 달리던 모습을 보는데눈물이 왈칵했네요 추천합니다  
20170317,8,인생은 오래 사는 것이 아니라 잘 살다가 가는 것임을 다시 생각하게 해주는 영화  
20170315,9,관람객코스를 완주하는 49일 동안에 벌어진 의욕 침체 헌신 갈등 등 구성원의 이야기가 생생하게 전해집니다. 또 하루하루를 소중하게 보내야겠다고 마음을 다시 잡는 계기도 되었습니다.  
20170314,9,관람객재미있고 감동과 마음의 심금을 울리는영화  
20170312,10,알프스 업힐하면서 엄청 씩씩하게 군가 부르는데 왜 눈물이 나는지... 세상에서 제일 슬픈 군가였다...  
20170312,10,짧지만 결코 짧지않았어 잘했어 토닥토닥  
20170312,10,처음으로 다큐를 찍고 싶다는 생각을 하게 만든 영화!! 음악도 정말 멋졌음!!  
20170312,10, 저도 자전거 타고잇는 고1입니다 자전거를 조금타고 힘들면 빠르게 포기를 하곤 하는데 이영화를 보고나니 이제는 힘들어도 한번더 힘내서 도전하는 마인드로 바뀌게되네요 그동안 포기해왓던 분들께 이영화 추천드립니다 윤혁님 존경합니다  
20170310,10,관람객많은분들이 관람 했으면 좋겠습니다.  
20170309,10,"정말 감동적이고 요즘 20,30대들이 꼭 봐야 하는 영화다.  "
20170309,10,인생의 소중함을 느끼게 해주는 정말 좋은 영화입니다  
20170309,10,많은 생각이드는 영화였구요. 윤혁군의 바램처럼 암환자가 아닌 모ㄴ든사람들에게 희망을 주고 .용기를 주고.배움을 주고 떠난것같아요. 윤혁군 고마워요.당신은 멋진사람이였네요  
20170309,10,열정적으로 살다간 윤혁!그의 도전에 그의 삶에 존경을 보냅니다!  
20170308,10,"""쭉쭉 가! "" 라고 하는 말을 듯고 빨간 불에 달려가는 윤혁의 모습에는 그가 좌절을 거부하는 태도가 담겨있는 것 같다.  좌절속에 희망을 가지고 꿈을 이루는 이는 몇이나 될까, 나는 좌절 속에 어떤 태도를 가졌던가?  "
20170306,10,관람객강추!! 꼭 보세요! 극장이없다면 만들어서라도 보세요!  
20170304,10,정말 위대하고 용기가득 모습이 너무 대단하고 멋지다.  
20170304,10,최고의 영화! 윤혁이 그리고 등장하는 분들 모두 고생하셨고 고맙습니다. 마음 따뜻하게 해주셔서요. 하늘에서 땅에서 서로 추억하며 행복하세요!  
20170303,8,"관람객고인과 고인의 부모님, 그리고 시한부 인생을 살고계신 분들에게 드리는 영화라고 생각한다.  "
20170303,10,관람객휴머니즘가득..합니다 사람사는 얘기  
20170303,1,눈물을 뽑아내지만 그렇다고 솔직히 1등 영화는 아님.  
20170302,1,음...  슬프지만  평점 전체 1등은 아닌듯  
20170302,1,평점을 조정하기위해 나왔습니다.  
20170302,1,주인공은 정말 멋진데 영화 각색이 너무 별로다  
20170302,1,한국 영화에선 이미 하나의 장르가 되어버린 유난히 '감동' 장르 영화일뿐 영화의 기본조건들 자체는 매우 미약함  
20170301,1,다 좋은데 네이버 영화 평점 1위할 정도는 아님  
20170301,10,현실적인 감동을 보았다  
20170228,9,관람객이윤혁님 편히 지내길 바랍니다~  
20170228,10,관람객와우 뚜르 가고싶다 정말 평생소원  
20170228,10,눈물이 범벅 삶의 경이로움을 배웁니다고인의 명복을 빕니다  
20170227,10,"감동이 있을 수 밖에 없는 스토리이지만 이게 바로 현실임을 인정할 수 밖에 없는 영화.그의 열정에 감동했고, 인간이 뛰어넘을 수 없었던 병마의 흔적으로 슬펐다.  "
20170227,10,영화 평을 처음남겨봅니다만.. 처음에 이게 영화맞나 싶을정도로 다큐멘터리식으로 진행이되었는데 서로의 갈등 이라던지 이런것도 꾸밈없이 나오고 마지막 도착지점에서도 아무도환영없는 허무함 아무도알아주지않아도 자신과의 싸움으로 이겨내는 모습들이 와닿았습니다.  
20170226,2,평점 1위 축하합니다.  
20170226,9,진~짜 울지 않는편인데 울었네요..  
20170226,8,관람객너무나 감동적이었어요  
20170226,10,관람객나도 이뤄내야해야  
20170226,9,죽는 순간까지 우리는 죽음이아니라 삶을 생각하면 달리겠죠? 현명한 청년의 멋진도전. 꿈. 박수를 보냅니다.  
20170226,10,마른 몸으로 우는 윤혁이가 눈에 밟힌다.  하늘에 가서 아프지 말고 힘차게 살기를..  
20170225,9,관람객단순히 억지 감동만을 주려하지 않고 있는 그대로를 보여주는 영화..어떻게 남은 인생을 살아야하는가를 되새기게해주는영화..  
20170225,10,잘 보았습니다~!!!  
20170225,10,윤혁님 하늘에서는 아프지 않고 꼭 건강했으면 좋겠네요. 정말 슬프기도하고 너무 기분이 이상하네요 마음이 너무 아리는 영화.  
20170224,10,감사하며 살아가야겠다는 여운과 소중한 사람들 그리고 건강에 유의해야한다는 생각이 듭니다  
20170223,10,자전거 동호인으로서 감상하니 더욱 더 감동입니다... 잘 봤습니다. 감사합니다.  
20170223,10,관람객최근 본 영화중에 가장 큰 울림을 준 영화!!삶에 대해 다시 한번 생각해 볼 수 있는 소중한 시간이 되었다.  
20170223,10,관람객우리나라 실화영화이고 얼마전에 있었던 일이라서 더욱 감동이 컸습니다. 상영관이 아주 적은 것이 아쉬웠는데 그래도 보게 되어 행복합니다. 암 투병 하시는 분들이 꼭 보셨으면 하는 영화 입니다. 영화 보면서 울면서 반성도 많이 했습니다. 강추합니다!  
20170223,10,"삼가고인의 명복을 빕니다. 자전거로 달리는 평지와 오르막길 내리막길이 우리네인생과 같네요. 완주 후 일상으로돌아가야하는데 두렵지 않았을까요울면서 ""형... 형.."" 하며 말을 잇지못하는 그 순간.. 주인공이 하고 싶었던 말은 무엇이었을까요  "
20170223,10,영화지만 현실 실화....보는 내내 주인공이 나인거 같은...혹은 주인공이 나였다면 ....자기성찰의 시간이였던거같다 .재미보단 감동과 내자신에게 큰 에너지가되는 그런 영화인거 같네요...잘봤습니다.  
20170222,10,관람객삶과 죽음의 차이는 꿈과 희망을 위해 도전할수있는가 없는가의 차이이다  
20170222,10,관람객아 정말 긴 여운이 남아요  
20170222,10,관람객가슴 먹먹함이?? 한참을가더라구여?말이필요없는 멋진윤혁이?저세상에선못다한일들 다이루길?  
20170222,10,관람객감동입니다. 인간의 의지로 안되는 일은 없지 싶습니다  
20170222,10,팀원들의 수고가 느껴졋고. 주인공분의 열정에 흠뻑 빠져들어 같이 여행하는 기분을 느낀 시간이었습니다. 뜨거운 삶을 살다 가신 주인공 분께 경의를 표합니다  
20170221,10,"극장에서 얌전히 앉아 보기엔  미안한 영화,  이 영화는 소장해서 가끔 꺼내보고싶다. 함께 본 엄마는 사람은 죽어서 이름을 남긴다더니 정말  크게 이름을 남기고 간 아이라며 마음 아파하셨다. 나는 아픈 마음보단 행복하게  봤다.  고마워 윤혁군!  "
20170220,10,감동의 눈물이 절로 흐릅니다. 영화를 만들어낸 모든 분들께 감사합니다. 삶의 어떤 길을 만나도 포기하지 않겠습니다.  
20170220,8,관람객여러 생각이드는 짠한 영화  
20170220,9,보고나서 잠시 먹먹해지는 영화.암세포가 기회였다는 초긍정의 마인드를 가진 한 존재를 통해 현실을 부정적으로 살고있는 우리들을 반성하게하는영화.  
20170220,7,꿈으로 향한 발걸음이 죽음으로 가는 발걸음이었음을... 보고나서 정말 많은 생각을 갖게 하는 영화였습니다.  
20170219,10,"암이 그대에게 기회였다면, 그대는 우리에게 또한번 파이팅해볼 기회를 준다... 고맙습니다 윤혁씨...  "
20170219,10,관람객인생 제대로 살아야겠어요뚜루 윤혁이 짧지만 의미있는삶  
20170219,10,촤고입니다.... 빛나는 멋진 청년이셨습니다.  
20170219,10,가식없이 사람 냄새 나는 영화 였다 ...  
20170219,10,관람객삶을 반성하고삶을 열심히 살겠다고 동기부여를 해준 영화어바웃타임 영화가 인생 영화라고 말하고 다녔는데오늘부터는 뚜르가 인생 영화입니다.  
20170219,10,관람객정말 감동적인 다큐!!! 인생을 다시 돌아보게 한다  
20170218,10,뚜르를 만나서 다행이다  
20170218,10,관람객정말 좋았다. 영화 내내 그의 용기를 응원하며 보았다:)  
20170217,10,관람객이로인해 다시 살아있음을 느꼈습니다26살의 나를 돌아보고 현재의 나를 다잡는계기가 되었습니다 감사합니다  
20170217,10,관람객감동입니다. 당장 자전거 들고 나가고싶네요.  
20170216,10,관람객최고의 감동 실화 .. 이것이 다큐위 묘미라 느꼇다  
20170216,9,관람객영화관을 나서고도 한동안 감정에서 빠져 나오질 못했다.  
20170216,10,"관람객지금 내가 숨쉬는순간.. 모든 순간들이 윤혁이 그토록 살고싶어했던 그 한순간 이라 생각되었습니다.. 나태했던 날들을 반성하고 세상에 태어난이상 최선을 다해 살아야한다고 다짐했습니다 .. 더 더 많은 사람들이 보고, 기억하고, 새겼으면 좋겠습니다...  "
20170215,10,관람객굿굿   정말라이더로써  잼나게  가슴  아프게   잘  봤습니다   ㅠㅠ  
20170215,10,관람객너무 감동적인 영화....꼭 보시길...  
20170215,8,관람객한사람의  꿈을 위한 도전과 치열함이 열심히 살지않는 저 스스로에게 많은 도전이 되네요  
20170214,10,"영화보다 더 영화같은 이야기 입니다.그는 꿈을 꾸었고,이루었고,지금은 꿈으로 떠났습니다.우리 모두 그 사람을 위해 살아갑시다.  "
20170213,10,"이윤혁님 당신의 용기, 꿈을 향한 열정, 에너지에 경의를 표합니다. 오랫동안  당신을 기억하겠습니다. 끝까지 같이 한 스텝분들 고생하셨습니다.  "
20170213,10,정말 감동적이였고 큰 교훈을 준 영화입니다.  
20170213,10,그냥 얼마전 암으로 돌아가신 엄마생각에 울면서 봤습니다  의학이 많이 발달했다고는 하지만 아직까지도 암으로 많은 사람들이 안타깝게 세상을 떠나고 있습니다  
20170213,10,극장에서 펑펑울었던 적은 이때가 처음이었습니다. 흐르는 눈물을 주체하지 못할 만큼 감동적인 영화였습니다. 행복이란 것도 멀리 있지 않음을 느꼈습니다. 故 이윤혁 군의 명복을 빕니다.  
20170213,10,혼영 보는데 솔직히 심파극 같아서 안보려고 했지만 억지로 짜는 영화가 아니란 생각이 들어요. 보길 잘 했다는 생각이들어요! 저는 참아서 울지는 않았어요 많이 깨닫고 갑니다.  
20170212,8,관람객광활한 자연 앞에 인간은 얼마나 작은 존재인지.. 그 작은 존재가 꾸는 꿈은 또 얼마나 사소한지.. 하지만 그 사소한 꿈이 갖는 힘은 얼마나 위대한지.. 부디 편안하시길..  
20170212,10,관람객삶과 죽음에 대해 다시 생각해 봤네요꿈만 갖고도 희망적으로 살 수 있다는 걸 새삼 느꼈어요  
20170212,10,33살 남자입니다. 그동안 영화관에서 영화보면서 울어본적이 없습니다. 그런데 이 영화를 보면서 눈물을 흘렸습니다. 인생이 많이 남지않은 절박함에서 목표를 세우고달성해가는 주인공의 모습이 너무 아름다웠습니다.상영관이 많지 않아서 아쉽습니다.  
20170212,10,자전거를 타고 가며  오열 하는 모습이 잊혀 지지가 않네요.  
20170212,7,"관람객재미있는데 지겹다. 뚜르 드 프랑스, 꽁따도르!!!  "
20170212,10,자전거 그 이상의 의미 너무 젊은나이에 생을 마감하신 이윤혁씨를 추모합니다  
20170212,10,한마디로  perfect  
20170212,10,관람객울었다. 인간승리에 박수를 보낸다.  
20170212,10,관람객감동적이였어요ㅠㅠ....  
20170212,10,인생 최고의 한국 영화.  
20170211,10,관람객자전거 동호인으로서 감동적으로 관람하였습니다.  
20170211,10,"관람객아... 자전거, 희망, 감동이었습니다. 비교하지 않도될 행복을 느꼈네요.  "
20170211,10,감동 희망 잘봤습니다...  
20170211,10,영화보며 부모님께감사하고  윤혁씨에게 감사함을느낍니다.  꿈을잃고 살아가는 청년들에게 꿈을생각해보며 남자들의우정도느끼는좋은영화였습니다.  
20170211,2,관람객애들에게 인생의 터닝 포인트가 되기를 바라며 강제로 끌고간 보람은 없었다.  
20170211,10,"감히 그의 삶을 제가 함부로 평할 순 없지만,그가 삶을 대하는 방식만으로,충분히 많은이를 울릴 수 있는 감동입니다.어느 라디오에서 들었네요.그가 불쌍해서 그의 삶이 안타까워서가 아니라,그가 너무도 멋져서 내내 눈물이 났더라구요.  "
20170210,10,관람객내가 행복하지 말아야 할 이유는 없다.  
20170210,9,관람객영화보는 내내 제가 자전거 처음 타던 시절이 생각났습니다. 감사합니다.  
20170210,10,상영관과 시간때문에 힘들게봤고 ..관객이 별로 없었네요.하지만 울음과 감동의 도가니였어요. 꼭 봤으면 좋겠어요..  
20170210,10,관람객주인공이  암환자 임에도 마지막 남은 짧은생을 자신이 하고 싶은일에 도전하는 모습이 넘 아름답고 멋있고 그의 자전거 경기 도로의 풍광이 너무 평안하고 멋졌어요 너무 훈훈한 영화 감동 입니다  
20170210,10,"""업힐 할때 내가 살아있는것 같아요 진짜로""  "
20170209,5,관람객술픔의 피에스타... 기타 연주곡 제목이 영화를 그대로 말해준다  
20170209,10,관람객근래에 본 영화들 중 최고였습니다 일찍 퇴근하고 어렵게 봤는데 큰 울림을 주는 영화었어요 좀 더 많은 상영관에서 많은사람들이 봤으면 좋겠습니다  
20170209,9,관람객젊은나이에 희귀암으로 세상을 떠난윤혁이 정말 안타까웠습니다지금도 병마와싸우고 계시는  분들힘내세요화이팅!  
20170209,10,예고편 보고 주인공이 살아있길 바랬는데 베댓에 하늘에서 보고 있을거라는 말에 눈물이 핑 돌았다. 진짜 감동이란 이런 것. 멋집니다.  
20170209,8,한 번 볼만한다. 삶의 중요성을 조금은 느낄 수 있지 않을까...  
20170209,8,관람객감동이 멈추지않는 영화  
20170209,10,"영화에 출연하신 모든 분들, 그리고 제작진분들 감사드립니다. 건강하세요!!!  "
20170208,10,제작자 임정하 감독이 편집을 배워 6년 동안 작업했다던데... 정말 감명깊은 영화였어요. 감사합니다.  
20170208,10,평식님이 안보이네요. 안어울리게 고급진 영화들만 보고 싶었나봅니다.ㅋㅋ  
20170208,10,"윤혁씨를 보며 저의 삶을 돌아보고 저도 더 도전하며 살고 싶다라는 것을 느꼈어요. 그런데 문득 타인의 죽음으로 교훈을 얻는 것이 유쾌한 일일까? 하는 생각에 경건한 마음이 들었는데, 윤혁씨가 우리에게 주는 선물이다, 라는 생각이 들었어요. 고마워요.  "
20170208,10,말이 필요없다손담비 미쳤어 듣고 울수있다  
20170208,9,부모님 임종을 보고 죽는게 바램이라는 말이 가슴을 먹먹하게 합니다..뒤를돌아보게 되는 영화인것 같습니다.  
20170208,10,"병상에도 꿈꾸고, 뜨겁게 이루었죠. 그 삶 참 멋집니다.  "
20170208,10,관람객특히 야간 라이딩 하는 장면에서 저도 따라 울었어요.  감동적이에요  
20170208,10,관람객자전거 타는 사람이면 내가 마치 영화속에서 타는듯한 감정도 느끼고 주인공의 정신력에 그리고 실화라는 소재부터 많은걸 느끼게 햐주는 영화인듯.꼭 보길 잘했다  
20170208,10,관람객최고였습니다. 정말 많은 생각을 하게되는 의미있는 영화였습니다. 촬영하신 분들 너무 고생 많으셨습니다.이 좋은 영화가 늦게 개봉된게 안타까울 따름입니다.  
20170208,10,나도 해야만한다는 생각이 부쩍든다  
20170208,9,관람객아름답고 용감한 젊은 청년의 모습에감동받았습다...  
20170208,10,관람객꼭 돈내고보세요 이런 영화가 한국에서 흥행해야합니다..부모님 보여드렸는데 두분다 자전거 타시는 분들이라 정말 감명깊게 보셨다고합니다뚜르 흥해랏  
20170208,10,많은걸생각하게하는영화였다미쳤어란노래가묘하게귀에잘꽂쳤다.  
20170208,1,국뽕  과  신파극의  뻔한   데쟈뷰  
20170208,10,"내가 헛되이 보낸 오늘은, 어제 죽은 이가 그토록 그리던 내일이다.  "
20170208,10,눈물이 많이 날 수 밖에없는 상황이었는데 다른 여느 영화의 슬픈 결말을 볼때처럼 맘놓고 울 수가 없었어요. 왜인지는 모르겠지만 내친구의 이야기같고 내가족의 이야기같고 내가가장아끼는 어느 한사람의이야기같아서 .. 그래버리면 다른감동실화처럼 잊혀질까봐요.  
20170208,10,"어찌보면 그는 개선문을 계속 돌았던 이유는, 이대로 완주가 끝나버리면, 자기의 인생이 끝날 것 같은 두려움에 계속 빙글빙글 돌고 있던게 아닐까 생각해본다. 최고의 영화.  "
20170208,10,"""쏟아지는 저 별 속으로 빨려 들어가는 것 같아요.""  그의 밤의 라이딩을 오래 잊지 못할 것 같습니다.  "
20170207,10,병원에서의 야윈 이윤혁씨의 모습을 보니 슬픔을 참을수가 없었습니다...  
20170207,10,관람객대박입니다. 주인공의 어려움을 몸으로 느낄 수 있었습니다. 감독님의 편집도 너무 좋았고 이런 영화가 너무 적은 숫자의 개봉관에서 밖에 볼 수 없다는 것이 너무 안타깝네요.  
20170207,10,제 삶의 방향을 정할 수 있었던 이야기. . .  
20170207,1,재주는 곰이 넘고 돈은 되놈이 챙기네.  
20170207,10,관람객감히 '내 생애 최고의 감동' 이라고 말하고 싶네요.  
20170207,10,관람객대한민국에서 뚜르완주를 했다는게 굉장한겁니다.그리고 한가지 평상시나 경력이 풍부한사람들은 도전할만 하겠으나 저같이 초보에소 초급인 사람들은 꿈도 못꾸는 라이딩이네요^-^그러나 굉장하고 또 굉장합니다 ㅋㅋ  
20170207,9,관람객감동적인 다큐입니다.. 멋지게 살다가 아들을 가슴에 품고 살아야 하는 주인공 부모님의 심정에 가슴이 아프네요..  
20170207,10,"저 별,  너 가져          ㅡ                                                       그렇게 그의 인생은 완성되었다.. 뜨겁다..  "
20170207,9,"보는 내내 힘들었지만, 행복했다.  "
20170207,10,관람객내생애최고의영화 당신의 인생에 존경을 표합니다  
20170207,9,오늘 나는 후회없이 살고 있는가. 윤혁씨 마음껏 달리시길.  
20170207,10,관람객잘봤습니다. 그의 삶에 대한 열망을 느낄 수 있었습니다.  
20170206,10,"삶을 다시금 생각하게 하는 2017년 꼭 봐야하는 영화! 눈물이 제 눈을 촉촉하게 했네요(밤에 라이딩하면서 소원 말할 때, 개선문 도착하여 기쁨 나눌때, 병원에서 ), 프랑스 간접 관광, 기타 연주 영화음악도 멋집니다.  "
20170206,10,진실된 스토리란 슬프지만 그어떤 것보다 감동적이네요  
20170206,8,나는 내가 이렇게 잔인한 인간이였나 생각이 들었다. 정말로 행복했을까? 생에 최고의 49일이였을까? 왜 나는 보는 내내 먹먹함가 답답함으로만 영화를 보았을까. 진정 행복하다는 느낌은 영화 중반부에서 왜 느끼지 못했는가.. 그렇게 느낀 내가 죄스럽다.  
20170206,10,너무나 감동적이었고 의지를 가지는 일이 얼마나 대단한 일인지 윤혁씨를 통해 배웠습니다. 너무 멋있었습니다.  
20170206,10,"이영화를 너무 늦게 만난것이 아쉽다. 영화를 보기 전과 다른  삶을, 조금이나마 나은 삶을 살게 해주는 힘이 있는  영화다. 어떤 비싼 특수효과도 없지만, 진실함과 간절함이 이 영화를 최고의 영화로 만들었다.  "
20170206,9,관람객삶과 죽음의 경계에서 꿈을 꾸며 도전하고 살아간다는 것의 의미를 느끼게 해 준 영화.  
20170206,10,나도행복한데당신들이행복하지않을이유가없다...정말 잘 살고싶어졌어요 멋지고아까운사람이네요  
20170206,10,지도하고 싸우든가 자전거하고 싸우든가최고입니다  
20170206,10,이제봐서 너무 미안합니다 ㅠㅠ  
20170206,10,다같이 봐서 봤는데 감동적이었습니다. 많은분들이 보셨으면 좋겠습니다.  
20170206,10,머리아프게 눈물 나는 다큐. 꼭 한번쯤 보시길 권한다.  
20170206,10,관람객놀랍고도 소중한 지금 이순간.윤혁군의 놀라운 정신력에놀랐고 자신을 반성하게 되네요내가 불평하며 낭비한 오늘이 누군가에게는 간절히 바란하루가 될수 있다는것을 기억하며 암환자분들 힘내십시요.  
20170206,10,저 또한 행복해지지 않을 이유가 없네요 용기를 불어넣어주셔서 감사합니다^^  
20170206,10,"바쁜일상속에서 잠시나마 뒤를 돌아보고 앞으로의 발자취에 대한 생각을 하게 한 영화 ""윤혁""분의 도전에 격려와 박수를 보내고 그 꿈을 이루기위해 함께 동행해준 분들에 따뜻한 마음과 의미있는 여정에 눈물을 흘렸다 감동이다!  "
20170206,10,21세기 최고의 영화!! Good!!!  
20170206,10,남들이 말하는 절망속에서도 희망을 품고 살아가는 그 마음으로 만들어간 그 삶에 감사합니다  
20170206,10,삶과 죽음을 생각하게 만드는 가식 없는 영화!!!  
20170206,10,윤혁군의 밝게 웃는 모습이 떠오릅니다. 윤혁군은 안일한 제게 큰 깨달음을 줍니다.. 하늘에선 좋아하는 운동 원없이 하면서 평온하길...  
20170206,10,죽음보다 삶이 더 힘겹고 슬픈 거였어요. 살겠다는 의지의 숭고함. 윤혁이 그걸 알려줬어요. 열심히 살겠습니다.  
20170205,8,"암과 투병하는 과정에서의 뚜르 도전은 감동 그 자체였습니다. 의지, 열정, 투지가 돋보이는 윤혁군! 지금은 비록 이 세상 사람이 아니지만 하늘에서 이 모습을 본다면 너무 좋아할것 같습니다. 뜨거운 박수를 보냅니다.  "
20170205,10,안타깝네요~~이렇게 훌륭한 영화를 ..상영기회에 막혀 많이 볼수가 없네요~~블랙리스트  재 조사 해야 할것 같네요~~  
20170205,10,뚜르:내 생애 최고의 영화^^* 말로는 표현못할 감동을 선물받았습니다.윤혁씨 너무너무 감사하고 고마워요♥윤혁씨의 열정적이고 포기하지 않는 아름다운 도전정신을 보면서 하루하루 살아감에 대해 진지한 고민을 해봅니다.  
20170205,10,관람객값싼 동정심에 호소하는 신파로 풀지않고 담담하게 윤혁군의 삶에 대한 투지와 의지를 보여주었기에 공감했고 깊이 몰입할수있었다 내삶을 반성하고 의지를 다지게 만드는 영화다상영관을 늘려주었으면..  
20170205,10,보는 내내 웃고울었던 영화 내가포기했던일들에 대해 도전도안해보고 포기한건아닌지 반성하게되고 정말 큰 울림으로 온 영화였어요올초에 정말좋은영화를 보게되서 행복합니다 !  
20170205,10,영화 개봉 전 스토리를 알게되었고드디어 영화가 개봉하는구나 하고  별 생각 없이보게되었는데 감동이 계속 전해지네요!아낌없이 평점 10점입니다!진솔하게 도전을 잘 담아낸 영화입니다^^  
20170205,10,희망의 별이 되어준 윤혁에게 경의를 표합니다.  
20170205,10,정말 긴 여운이 남는 다큐였습니다. 눈물이 펑펑 쏟아지는 신파가 아닌 삶과 죽음 그 사이에 꿈을 이야기하는 담담하고 밝은 스토리전개에 높은 점수를 드립니다. 짧은 생이었지만 누구보다 눈부셨던 윤혁군의 삶을 존경합니다.  
20170205,10,관람객내가 살아있다는 것에 감사해야하는 이유를 말해주는 영화엿습니다  
20170205,7,"실화, 실제인물 출연했고 슬픈이야기라서 9점 주는데.. 연출,촬영,편집때문에 6.5점 준다.. 해도 이건 너무했다..  "
20170205,9,영화 잘 봤습니다. 영화 초반은 마치 단편영화현장 같더라고요.  
20170205,10,다큐멘터리에 펼쳐지는 최고의 드라마. 마지막 10분여의 충격은 잊혀지지 않는다  
20170205,10,불평불만이였던 제 자신에게 큰 충격으로 다가왔습니다.  
20170205,10,정말암환자의가족으로가슴에와닿는정말뭉클한다큐였습니다열악한조건에서정말영화보면서많이울었습니다제작진여러분출연진여러분수고많았습니다  
20170205,10,관람객너무 감동적인 영화에요뚜르 드 프랑스 까지는 아니더라도 꼭 국토종주를 해볼거에요  
20170205,9,관람객앵글은 별론데 내용은 재밌음  
20170205,2,평점높아서봤는데 지루하기짝이없더군요  
20170205,10,관람객티켓값이 몇백배의 가치가있는 영화!  
20170205,10,관람객최고의 노력....최고의 처절함....최고의 열망  
20170205,10,관람객진짜 눈물을 흘리게하는영화 삶의 목표를 다시 일깨워주는영화  
20170205,10,관람객너무 감동이에요  눈물났어요  
20170205,10,윤혁이 마지막에 이 영화를 보고 가서 다행이라고 생각했습니다.꼭  보시기를  바랍니다.^^  
20170205,8,아이를 가진 엄마로써 너무 슬펐어요. 그래도 영상으로 아들을 볼 수 있어 조금은 위안이 될듯 합니다.  
20170205,10,"관람객복합적인 감정이 들게 한 작품이었습니다.다른 메이져급 영화에 비해서도 OOO 않는 우리네의 삶에 대해 고찰을 해보게 만들며, 암환자분들께서 조금이나마 희망을 가질수 있다면 좋겠습니다.  "
20170205,10,윤혁군..암투병 중인 나도 행복할 수 있다는 걸 보여주고 싶다고 했는데 ..윤혁군이 경험한 49일의 행복 ...감동입니다~좋은 곳에서 항상 행복하시길..부모님. 너무 멋진 아들 두셨습니다.제작진분들  ..애쓰셨고 감사합니다  
20170205,10,"관람객불가능해 보이는 꿈을 꾸는 것, 그 꿈에 거침없이 도전하는 것, 그 꿈을 곁에서 응원하며 함께 하는 것, 결국 그 어려운 꿈을 이루는 것. 이 모두가 커다란 감동이었습니다. 이윤혁, 뚜르, 숫자 49, 그리고 곁에서 함께 한 사람들을 잊지 않겠습니다.  "
20170205,10,관람객건강함에 감사? 뭐든지 할수 있는데  도전하지 못하는 나약함에  스스로에 실망  
20170205,10,NEVER GIVE UP여운이 오래가는 멋진 영화 잘봤습니다.  
20170205,10,제 인생에서 가장오래 기억에 남을 영화가 된 것 같습니다. 감사합니다. 정말 감사합니자  
20170205,10,관람객열심히 살아야 겠다고 생각했고 자전거로 매일 출퇴근하려고 합니다  
20170205,10,나도 뭔가를 해야겠음~  
20170205,10,정말 자전거를 좋아해서 보았지만 자전거를 접하지 않은 사람도 보면 감명깊고 진짜 리얼다큐 영화꼭 보세요!!  돈이 아깝지가 않네요  
20170205,10,관람객자전거 영화를 넘어서 가장 인간적인 영화뚜르드프랑스 도전을 재촉하는 것 같다.  
20170205,10,억지로 연출하고 스토리 만들어낸 상업영화보다  주인공의 실제 모습을 다룬 다큐멘터리 라서 훨씬  더 가슴에와닿고 느끼는바가 너무많아서 두번세번 보고싶은 영화입니다  이 영화를 개봉까지 이끌어주신분들 너무감사합니다  
20170205,10,최악의 조건에서 최고의 순간으로 꿈 을 이루어 낸 윤혁군에게 살아있는  우리들에게 희망을 던져주어서 감사드립니다. 어디에 있든지  당신의 뚜르드프랑스 완주는 영원히 기억될 것입니다  
20170205,10,재밌었어여 좀 11시에 봐서 지루하긴 했어도 좋은영화라고 생각합니당ㅇㅇㅇ  
20170204,10,"이렇게 길고 깊은 여운이 남는 영화는 정말 오랜만이다.희망,슬픔,아름다움..감정이 교차했다.주인공..윤혁의 모습도 그렇고...윤혁을 위해뒤에서 뚜르 투어..에 함께 했던 여러 파트너..들그들 모두..또한 이영화..의 주인공이었다.  "
20170204,10,간만에 좋은 영화를 보았습니다. 이런 영화의 개봉관이 믾지 않은 것이 아쉽네요  
20170204,10,NEVER GIVE UP  
20170204,10,▶자전거 페달에 인생을 걸다! ▶사실이 주는 감동의 임펙트! ▶행복은 내 안에서 결정된다! ▶주인공이 땀에 흠뻑 젖는동안 관객은 감동으로 흠뻑 젖는다!  
20170204,10,영화보는 동안 60분은 울었던거 같다. 마지막에 안개속을 라이딩할땐 더 울고 싶어도 눈물이 안나왔다. 영화에 아름다운 이의 인생을 담은 양화였다. 올해 첫영화로 이걸 봐서 다행이다.  
20170204,7,뚫훍뚫훍뚫! 뚫훍뚫훍뚫! 뚫훍뚫훍뚫 따다다~! 뚫훍뚫훍뚫! 뚫훍뚫훍뚫! 뚫훍뚫훍뚫 따다다~! 뚫훍뚫훍뚫! 뚫훍뚫훍뚫! 뚫훍뚫훍뚫 따다다~!  
20170204,10,감동과 안타까움이  마음음 먹먹하게  한  영화였다  
20170204,10,오늘 보고 왔습니다. 보고나면 여운이 많이 남습니다. 굉장히 쎈 영화입니다. 많은 사람이 봤으면 좋겠습니다.  
20170204,9,중간부터 겁나 몰입된다  
20170204,10,영화를 잘 즐기지는 않지만 삶이 지친 사람에게 추천한다는 어떤 평론가의 얘기를 듣고 보게 되었습니다상영관도 시간도 없어서 토요일 조조 8시 타임을 보았고요보고 난 느낌은 인간의 도전은 너무 멋있고 아름답다...그는 떠났지만 분명 후회는 없을겁니다  
20170204,10,"사진만  봐도 눈물난다. 아..이 영화를 영화라 부르기에는 이 세상에 존재하는 문화의 장르가 부족하다는 느낌이다.. 한마디로 생은 무엇은지, 어떻게 살아야하는지  되돌아보게  만드는  최고의 걸작이다.  "
20170204,10,... 나를 다시 돌아보게 만들었습니다... 마지막 스테이지 개선문이 보이면서 갑자기 눈에서 물이 흐르는데 주체를 못하겠습니다... ㅠㅠ  
20170204,10,너무나 소중한 시간이었습니다 연초부터 너무 좋은 영화를 보게 해주셔서 너무 감사합니다.  
20170204,10,난 스포가 싫어서 영화내용을 전혀 모른상태로 영화를 보는데 이 영화는 그저 프랑스에대한 추억이 그리워서 스크린으로 여행이나하자는 생각으로 봤으나 주인공의 도전과 짧은 일생의 마감을 보고서 안타까움에 탄식과 눈물이 났다. 평론가들 6점이뭐냐 8점줘라.  
20170204,2,기대가 너무 커서 그런지 실망했습니다  
20170204,10,힘겹게 병마와 싸우다 떠난 분들이 그토록 갈망하던 '내일'을 살고있는 우리의 자세에 대해 뒤돌아보는 기회가 될 수 있었던 것 같습니다 좋은 영화제작에 노력해주신 분들 감사드리고 고 이윤혁씨 하늘에서 부디 행복하시길 바랍니다..!  
20170204,10,이 영화에 등장하는 모든 사람들이 감동이다.  
20170204,10,자전거를 사랑한다면 공감할수있는 영화...  
20170204,10,"잘 봤습니다. 연기와 달리 다큐는 실제 상황이다보니 감동이 더욱 더 크게 다가오네요. 간간히 재밌는 자막과 함께 윤혁씨의 밝은 모습, 프랑스의 멋진 풍경들이 기억에 남습니다. 제작해주셔서 감사합니다^^  "
20170204,10,많은 사람들이 볼 수 있기를 기원합니다. 삶을 대하고 있는 저의 자세에 대해 생각 해 볼 수 있었습니다. 주인공인 이윤혁씨가 너무 안타깝습니다. 지금은 평안하길 기도합니다.  
20170203,3,관람객이미 언론사에서 줄거리 스포 해버려서 크게 와닿고그런건없었습니다 언론이 죽인영화라 할까요 .이윤혁이라는 실인물을 다뤄서 나름 감동이 더한거 같습니다  
20170203,10,감사합니다 윤혁씨. 당신의 정신은 언제고 살아있을 거에요. 세상이 던지는 질문에 당당히 자신만의 방법으로 대답을 한 당신. 정말 멋있습니다.  
20170203,9,삶은 살고싶습니다 고맙습니다 다시 또 일깨워줘서  
20170203,10,"""암때문에 꿈을 이룰수 있었습니다.""개선문 앞에서 삶의 마지막을 흐느끼는 모습이 다시 삶을 생각하게 만드네요...  "
20170203,9,뻔한 다큐라 처음에 생각했는데 그렇지않았다 한사람의 영향력이 돋보이는 영화 그리고 그간에 이러저러 모양으로 함께하는 사람들과의 관계속에 따뜻함이 묻어나는 영화  
20170203,10,오늘 보고 왔는데 진한감동과 이윤혁군의 밝은모습 너무 보기 좋고 멋졌어요~~하늘에서도 윤혁군이 보고 좋아했을 듯 합니다~~  
20170203,10,For cancer patients  
20170203,10,너무  울어서.... 마음이 짠한 영화네요....  
20170203,10,"많은 생각을 하게 해주는 영화였어요나를 가슴 뛰게 하는 일, 행복하게 하는 일이 뭔지 왜 그런것들을 못하고 미루고만 있는지.자전거를 타면서 행복해 보이던 얼굴이 잊혀지지 않을 것 같아요.보는 내내 가슴이 먹먹해지는 영화에요.  "
20170203,8,관람객마지막 순간까지 인생은 선택의 연속. 살아있다는 것에 대해 다시 한 번 생각해보게 하는 영화. 아름다운 청년 이윤혁님 감사합니다.  
20170203,10,현재의 나를 겸손하게 만드는 영화네요. 현실의 작은 행복들이 이토록 감사한지 영화가 가르쳐줍니다  
20170203,9,감동적이고주인공생각이 많이 난다  
20170203,8,다큐멘터리의  아름다움을  재발견  하게  해  준  작품?  
20170203,10,"오늘 이 영화를 보고와서 잠이 오질 않는다... 감동, 여운, 그리고 그의 눈물과 웃음..내 청춘, 내 삶을 어떻게 살아갈지 진지하게, 깊이 생각해보려한다.. 고맙습니다 이 영화를 세상에 내어주셔서.. 고맙습니다  "
20170203,10,"언젠가 몽방뚜를 오르게 된다면, 페달을 밟을때마다 고인을 위해 기도할수 있기를  "
20170203,10,신파 없는 다큐. 억지감동 없는 진짜 인생 이야기  
20170202,10,"죽는 날 잘 살았다고 말할 수 있는 삶을, 해맑은 그의 미소를 통해 배웠다.  "
20170202,10,내 삶의 태도에 회초리를 때리는 영화.윤혁의 완주때 펑펑 울었습니다.아직까지 감동에 먹먹하네요  
20170202,10,"암환자 였던 사람으로서, 사이클인으로서 정말 보면서 동감도 많이 되고 눈물도 많이 흘렸습니다. 많은 사람들이 봤으면 좋겠을 영화입니다.  "
20170202,10,"마지막 몽방투 산을 오르면서 나오는 나레이션에서 눈물이 왈칵 나더군요. ""암이 꼭 나쁜 것만은 아니에요. 암에 걸렸기 때문에 자전거를 타게 되었고... 자전거를 타서 뚜르 드 프랑스에 오게 되었고... 지금 새로운 꿈을 꾸고 있어요.""  "
20170202,10,아 감동의 눈물...자전거의 패달을 밟으며 그 꿈을 이뤘다멋지다 윤혁  
20170202,10,윤혁씨를 보면서 내가 저 상황이었다면 과연 저런 용기가 있었을까 생각해봤습니다  오늘의 제하루를 반성하게되었습니다 감사합니다..  
20170202,10,관람객영화가 아닌 다큐라 더 와닿고 주인공의 진심이 느껴졌던거 같습니다.^^  
20170202,9,관람객영화 보는 내내 어떻게 저런 일이 가능할까 감탄하며 웃으며 때론 웃었다.  
20170202,10,관람객너무좋음감동적  열심히 살아야겠다  
20170202,10,윤혁이형!! 하늘나라에서는 항상 행복하게 아프지말고..  
20170202,10,"윤혁 씨가 정말 살고 싶어했을 미래를 나는 살고 있으니, 대충 살아서는 안되겠다는 생각이 들었습니다. 윤혁 씨의 죽음이 아닌 열정이, 오늘 하루의 의미를 돌아보게 합니다. 잘 살고 싶어지는, 최고의 영화입니다.  "
20170202,10,파리에 가면 자전거를 타고 달리던 모습이 기억날 것 같아요^^  
20170202,10,관람객오랜만에 정말 좋은 영화를 보고 나온 것 같습니다.. 아직까지 그 벅찬 감동과 여운이 남아있어 마음이 뭉클해요..  
20170202,10,관람객힘든 순간에도 희망을 잃지 않고 끝까지 달리는 윤혁군을 보면서 적당히 살았던 제 자신을 돌아 볼 수 있는 시간이 되었습니다. 하루라도 소중히 살아야 겠다는 드는 영화에요 감동적입니다!!  
20170202,10,관람객인생영화! 영화보고 이렇게 펑펑 운 적 처음인 것 같음.. ㅠㅠ  
20170202,10,영화관을 나서면서 또 보고싶은 영화  
20170202,10,관람객이런 큰 감동과 여운을 주는 영화는 정말 오랜만이었습니다. 이영화를 극장에서 볼 수 있는 게 큰 행운인듯  
20170202,10,관람객아 감동적이었어요 뭉클하네요. ㅠㅜ 윤혁이의 모습을 보면서 힘을 많이 얻었습니다!  
20170202,10,관람객영화를 통해 다시 한 번 삶을 돌아보게 만든 작품.. 윤혁군 응원합니다!  
20170202,10,"관람객요즘 이래저래 힘들었는데, 윤혁군 통해서 큰 힘을 얻었습니다! 최근 본 영화들 중에서 제일 감동적이에요ㅠㅠ  "
20170202,10,"관람객올해 본 영화중에서 단연 가장 감동적이었어용,,  상영관이 너무 적던데 ㅠㅠ 내리기 전에 다시 보러 갈래요  "
20170202,10,"관람객영화 보면서 너무나 많은 힘을 얻었어요,, 이 감동은 오랫동안 잊혀지지 않을 것 같습니다.!!  "
20170202,10,관람객어느 누구보다도 힘든 상황에서 윤혁군이 뿜어내는  긍정의 에너지에 가슴이 뜨거웠습니다. 나는 얼마나 삶에 최선을 다했나 반성도 하고 .. 연초에 만난 보석같은 영화였습니다.  
20170202,10,관람객제목이 마음에 들지 않은채 영화를 보러 들어갔는데정확한 제목이었습니다.  
20170202,9,관람객그의  용기를. 그와 함께한 사람들의 우정을...잊지않기를...  
20170202,10,"관람객요즘 너무 사는게 힘들다고 생각했는데, 그럼에도 불구하고 정말 삶에 대한 용기와 애착을 갖게해주는 그런 영화였어요.. 많이 울면서 봤지만 정말 다른사람들한테 추천하고 싶은 영화에요!  "
20170202,10,관람객감동ㅜㅜ 저도 제 삶을 잘 살아봐야겠어요  
20170202,9,"한창 꿈도 많고 하고싶은 것도 많을 꽃다운 청춘에..그힘든 역경 속에서도 꿈을 이룬 당신에게 진심어린 박수를..감동과 깨달음이 있는 다큐 영화, 눈물 쏟으며 잘 봤다  "
20170202,10,자신의 삶을 100% 내어준다는 것이 얼마나 비범하고 멋진 일인가를 알게 해주는 멋진 영화^^  
20170202,10,관람객아직도 인생을 어찌 살아야 할 지 방황하는 이들을 위한 이야기  
20170202,10,오랜만에 영화 보며 울었습니다.2009년이 배경일 줄은... 개봉까지 오래 걸렸네요.관객이 너무 없어 슬프더라고요  
20170202,10,잘 먹고 마시고 페달링 할 수 있음에 지금에 감사합니다 고마워 또 다른 혁아  
20170202,10,울아들이랑 같이 보고 왔습니다.영화보고 아들이랑 많은 생각을 같이 할 수 있는 시간이라 좋았습니다.주인공의 모습에서 나를 다시 돌아보고...부디 천국에서 행복하게 지내시길 빕니다.  
20170202,10,눈물없인못볼듯....  
20170201,10,관람객많은 것을 느끼게하는 영화였습니다. 고인의 명복을 빕니다.  
20170201,10,감동있게 잘봤습니다.  
20170201,10,관람객오히려 제가 더 응원받고 가네요!! 화이팅입니다  
20170201,10,볼만 합니다.  죽음의 의미 그리고 자전거.  
20170201,10,그의 도전이 감사합니다.  
20170201,10,"""내가 헛되이 보낸 오늘은 어제 죽은 이가 그토록 그리던 내일이다"" 라는 말을 머리가 아닌 가슴으로 느끼게 해준 영화. 그의 49일은 인생의 축소판같았다.  "
20170201,10,"관람객연초에 이 영화를 만난것은 행운! 주인공과 함께 울고 웃었던 1시간반, 희망을 보여줘서 고맙습니다!  "
20170201,9,오늘 보고 왔는데 영화 정말 너무 잘봤습니다..마음한켠이 뭉클 했어요 ㅠㅠ..부디 다음 생에 건강하시길 소원합니다..꿈을 이루게 도움주신 그분께도 감사드려요..  
20170201,10,"가슴속 뜨거운 불덩이 하나, 꿀걱 삼킨듯 합니다. 이 뜨거움, 아마도 꽤 갈듯하네요.엔딩크래딧 올라갈때 누가 먼저랄것도없이 박수소리가 .. 당신은 당신의 삶을 온전히 살다갔네요. 당신이 장합니다. 잊지않을께요 이 감동.  "
20170201,10,"관람객지금까지 불평불만으로 가득차 인생을 낭비한 내 삶을 반성한다. 살아있음에 감사하며 윤혁이 못다한 삶을 내가 잘 살아내겠은을 다짐하는 바, 이 영화가 많은 사람들의 인생의 터닝포인트가 되길 기원한다.  "
20170201,8,꼭 보시길 바랍니다!!!  
20170201,10,살아간다는것에 대한 질문을 던지는 영화. 울컥.  
20170201,10,관람객새해에 이런 영화 볼 수 있어서 너무 감사하다 ㅠㅠ 님아 보고 울었던 분들 이 영화도 놓치지 마오 ...  
20170201,10,관람객너무 감동적이네요~ 밝은모습속에 슬픔을 가지고 있는 주인공의 모습과 슬픔을 표현하는 장면에서 정말 울컥하지 않을 수 없었습니다. 이런 좋은 영화가 많이 상영되었으면 좋겠습니다.  
20170201,10,관람객인간의 생명력은 청년의 열정으로 붉게 물들다..  
20170201,9,관람객건강한 몸을 가지고 살아간다는것에 감사하자..故이윤혁 님의 명복을 빕니다  
20170201,10,"오랫만에 감동적인 영화 봤습니다.이태석신부님,님아,워낭...다 봤지만...너무너무 감동적이었어요.죽음 앞에서도 투지를 보인 윤혁군과 친구.의사선생님.동행자.스텝...모든 분들의 하나하나가 감동이었어요.많이 홍보되어 많은 사람이 보면 너무 좋겠어요~  "
20170201,9,'사람들'의 이야기 감동적이에요!  
20170201,10,진짜 보고싶은데  고작 하루에 두번상영하다니... 극장에서 보지마라고 하는거같네... 너무한다진짜 한달 개봉하는것도 아니고 2/5일까지만 개봉하고 ... 에휴  
20170201,10,슬프지만 희망찬 영화입니다. 윤혁군도 영화를 보고 하늘에서 기뻐할 것 같습니다.  
20170201,10,아름다운 청년.. 못다한 꿈을 뒤로 하고 하늘나라로 떠나기에는 너무나도 아까운 젊음이더군요.. 아무쪼록 윤혁님의 부모님 건강하셨으면 좋겠습니다..  
20170201,10,"너무 슬픈영화이고,너무 현실적인 영화에요.현실의 우리에게 ""도전""의 가치를 다시 되새겨 볼 수 있게 해 줍니다!  "
20170201,9,관람객좋았습니다 고맙습니다  
20170201,10,추천합니다개봉당일 바로 봤는데가슴아픈내용..ㅠ자전거를타는 사람으로써 최고의 다큐네요  
20170201,9,"죽음이 앞에서 나를 가로막더라도 꼭 하고싶은 일은 할 수 있을때까지 한다는게 , 건강함의 소중함 많은 것을  느끼게 해줍니다많은 이에게 희망 과 용기를 주었습니다좋은 곳에서 영면하셨을 겁니다  "
20170201,10,아 시사회보고 다시 봐도... 감동은 정말.. 소장하고 싶다!  
20170201,10,최고의 영화입니다. 꼭 보세여  
20170201,10,진심 뜨거운 감동을 느끼게 해주는 영화!  
20170201,10,정말 감동입니다..느끼는 게 참 많았어요  
20170201,9,극장에서 방금 혼자봤는데 눈물이 그렁그렁 삶에 또다른 의미를 부여해주셔서 감사..티슈와 손수건은  필수..  
20170201,10,생애 단 한번이라도 윤혁처럼 밝게 타오를 수 있기를.연기가 아닌 실제로 터져나오는 윤혁의 안타까운 울음에 같이 울었던 영화  
20170201,10,감동적이였어요.  주변 사람들에게 추천해주고 싶은 영화입니다!  
20170201,10,경수님이 봤다고해서 믿고봤는데 역시 재밌었습니다. 내 생애 최고의 49개 영화중에서 하나로 꼽힐것 같네요!! 이런 영화 만들어 주셔서 감사합니다  
20170201,10,자전거 영화라서 봤는데 슬프네요. 열심히 살게요.  
20170201,10,"유쾌하게 진정한 가치를 전달하는 영화, 추천합니다.  "
20170201,10,"이 영화 정말 감독적이에요!! 나홍진 감독님이 추천해서 봤는데, 진짜 추천할만  "
20170201,10,진짜 내삶을 돌아보게 되는 영화...  
20170201,9,"이 영화에는 두개의 뚜르가 있다. 49일만에 뚜르드프랑스 3,500km를 완주하려는 암환자 윤혁의 악전고투 그리고  8년만에 영화를 완성한 제작진의 고군분투. 업힐과 다운힐이 교차하는 건 자전거길만은 아닌거 같다.  "
20170201,10,극영화가 아닌 다큐만이 줄 수있는 힘을 느낄 수 있었습니다 무엇보다도 사람들이 사랑스럽고 재미있네요  
20170201,10,아름다운 영상에 매료되다가 마지막에 눈물이 펑펑..한청년의 도전과 용기에 박수를 보냅니다  
20170201,10,삶을 다시 되돌아보게하는영화ㅠㅠ 가슴이 먹먹해지네요  
20170201,10,관람객가슴아픈내용이네요 ㅜㅜ  
20170201,10,남은 인생이라도 열심히 잘 살아보자..라는 생각이 들게 만드는 영화!!워낭소리나 님아 그 강을 건너지 마오..처럼많이들 보셨으면 좋겠네요..  
20170201,10,"이윤혁 님의 위대한 도전을 영원히 기억하겠습니다 ㅜㅠ 삶에 대한 의지를 북돋아주는, 정말 멋지고 아름다운 영화네요♡♡♡  "
20170201,10,와 이거 죽이네..ㄷㄷㄷ  
20170201,10,희망이 쓰여있는 자전거를 타는 꿈을 가진 청년의 아름다운 이야기. 슬프기도 웃기기도 가슴 뭉클하기도 하는 감동 실화였습니다  
20170201,10,예상외로 엄청 재미있어요. 유럽 풍경 맘껏 볼 수 있어서 좋았구요. 삶에 대한 감동도.. 정~말 사랑하는 사람이랑 같이 보면 좋은 영화입니다.  
20170201,10,잘 죽는다는 것이 무엇인지에 대한 깊은 화두를 남기는 작품이었습니다. 누구도 먼저 가보지 못한 생의 끝을 예견하면서도 자신의 꿈을 불사른 청춘에게 경의를 표합니다  
20170201,10,지금 우리가 살아가고 있는 현실에 대한 불평과 고민들에 대한 윤혁군의 따끔한 한마디 같은 영화...오랜만에 영화 보며 눈물을 흘렸습니다.  
20170201,9,개봉일 2월 1일이 주인공 윤혁의 생일이라고 한다. 하늘에서 내려다보며 흐뭇해하면 좋겠다.  
20170201,10,정말 오랜만에 펑펑 울었습니다. 강추입니다!!  
20170201,10,말로 표현할 수 없을만큼 감동적이다.  
20170201,10,"평소 다큐멘터리를 잘 보는 편이 아닌데, 이 영화를 보고 다큐의 묵직함이 이런것이구나 느꼈습니다. 중간중간 웃기는 부분도 많아서 더 재밌게 관람했던 것 같습니다.  "
20170201,10,와 보면서 진짜 뭉클했다. 신파극처럼 질질짜지 않고 진정한 감동을 전하는 훌륭한 다큐! 불가능한 것을 포기하라는 사람들에게 꼭 보여주고 싶다.  
20170201,10,"한 인간의 순수함과 믿음이 빛나는 시간.한치의 의심없는믿음, 한 팀이 되어 인생의 빛나는 때를 만들어낸 그들을 보라!  "
20170201,10,시사회로 봤습니다. 정말 감동적이었어요 ㅠ 좋은 영화 만들어주셔서 감사합니다.  
20170201,10,오랜시간 영화를 제작해주신 관련된 모든분께 감사드립니다. 윤혁이형 또한번 고맙고 사랑해!!!  
20170201,10,말로 표현할 수 없을만큼 감동적인 영화그러면서 웃을수 있는 영화였어요웃으며 울며 즐겁게 본 영화네요..  
