0,1,2
20190125,1,"팬심으로 봤는데... 힘들었다...돈, 시간, 정신적 피해까지...너무 힘들었다.불면증 환자에게 추천드립니다. + 아! 빡쳐서 증상이 더 심해 질 수 있으니, 멘탈 강화하고 싶으신 분으로 정정합니다.  "
20190113,5,아류들이 개싸움 하다가 끝  
20190103,1,1점도 아까워....이거에 비하면 클레멘타인 영화는 명작이다.... 적어도 원작을 훼손하거나 하진 않았으니까.... 원작 훼손하고 재밌으면 모르겠는데...인물들이 하나 같이 매력 없고... 멍청하고.... 찌질이에 행위도 이해가 안가고.  
20181223,2,더럽게 재미없슴. 난잡할뿐 아무것도 없슴. 만들지나 말지.. 다음 작  만들어도 보기 싫은 마음이 들어버렸슴.  
20181206,6,정말 졸작이고 재미도 없다. 그래도 데스노트에 대한 옛 정을 생각해서 3개 준다...  
20181014,1,캐스팅이아깝다...  
20181006,6,생각보단 킬링타임으로 그냥그냥 볼만했음 류자키역 배우는 항상 비슷한 캐릭터를 연기하시던분이 이런캐릭터도 살릴수있구나 재발견  
20180910,6,데스노트 이름만 빌린 느와르영화군  
20180828,10,재밌었는데 평점 무엇...  
20180813,1,"개노잼진짜루 1,2,3,4 중에 제일노잼  "
20180707,3,그냥 원작으로 마무리하지 왜 만들어서 망치고 있냐?  
20180623,1,불쌍한 마츠다.... 미사...  
20180608,1,원작만화 빼곤 전부 졸작. 라이토 비쥬얼 폭망으로 시작해 단물을 어디까지 빨려는지 스토리 전개는 이제 개나 줘버려네.  
20180412,4,1개의 데스노트를 가지고 풀어냈던 1 편과 달리 여러가지의 노트를 가졌음에도 불구하고 그정도 스토리 밖에 끌어올리지 못한 감독의 역량이 의심됌  
20180409,1,돈내고 봤는데 ㄹㅇ 극노잼;;  
20180325,4,히가시데가 잘생기고 옷빨좋은 영화  
20180318,1,"인터넷상에 댓글 달지도 않는 나지만, 전작을 너무 재밌게 봐서그런지, 그냥 평점을 남겨본다. 일단. 감독은 일부러 재미없게 만들려고 작정한건가?  영화를 보면서 영화가 빨리 끝나기만을 기다렸다. 쓸데없이 런닝타임은 길다. 후속작은 제작 안하셨음 한다  "
20180310,1,퇴물 된지가 언젠데 원작은 레알 명작이어서 아직도 시간 때울때 봄 ㅋㅋ  
20180310,1,"""설명은 생략한다.""  "
20180303,1,류자키 서클렌즈때문에 집중이 안됨...  
20180228,1,아니 미사 라이토죽은거 알고나서 자살했는데 왜 부활?  
20180219,1,별 반개도 아까운 졸작별 반개는 류크라도 나와서준거..  류크 분량도 더럽게 없고두뇌싸움도 없고 그냥 애들 장난에짜집기한 망작 졸작 최악  
20180204,1,할말을 잃게 만드는 영상물...  
20180201,1,졸라망작졸라개망작개망작  
20180118,5,"적절한 아이템 사용과 어처구니없는 연출, 그나마 일본영화중에선 볼만한 졸작 이라는 말처럼 어폐가있는 영화.  "
20171216,10,훌륭하다 매우 훌륭하다!  
20171214,10,아니 왜 평점 왜그래... 반전도 좋고 속편 치고 진짜 괜찮았는데!!!  
20171204,1,서클렌즈 낀 이정 개극혐  
20171126,1,류자키역 너무 오글거려서 못보겠음개그캐인지.. 저번  L과는 너무 비교됨.엘처럼 흉내내는데 어색하고 부자연스럽고 안어울려서 웃김  
20171124,1,텅 빈 노트에 대충 끄적끄적  
20171114,10,"이렇게 평점 낮을 영화는 아님. 원편은 재미 없지만, 미국에서 벌어지는 죽음의노트라는 소재로만 봤을땐 볼만함.  "
20171108,1,씨끄러운 영화다.. 일본 영화는 다 이런 느낌인가?  
20171031,5,지들끼리 쇼를 하고 있네.  
20171029,3,반전에 목숨걸다 남는거 없는 영화  
20171029,2,영화 보고나서 기억에 남는 장면이 없달까 ...전편들은 두뇌싸움으로 우리를 놀라게했다면 이번 편은 정말 개연성도없고 내용전개도 별로고 류자키 써클렌즈만 보임.라이토와 L 서로의 후계자 싸움이였지만 원조가 역시 최고인듯  
20171028,3,마음같아서는 1점박고가고 싶지만 미사 의리때메 3점준다  
20171024,10,그냥 드라마 보는 거 같다 배경이 좋음  
20171024,4,미사가 불쌍해 보인다.  
20171023,3,나오지 말았어야 할 뉴 월드~.  원작의 힘에 기대지도 못하니 한계가 여실.  한가지 위안은  넷플릭스 서양 버전보단 낫다는 점  
20171010,10,같이 사는 둥그런 세상 나만 죽을수 없지  
20171009,10,감동적이고 교훈적이였다 충분히 인생영화  
20171005,8,난 재밋게봄 앞으로영화볼때  평점보고 영화고르면안되겟다  
20171005,5,이건 두뇌싸움이 아니라 총싸움이잖아!  
20171004,1,만들지 말았어야 했던 영화.  만화의 원작이지만 그나마 일본영화중 괜찮은 영화인데 이거마저 쓰레기를 만들더니... 이제 일본 영화는 그냥 바닥 그자체다.  
20170923,3,이시방 포스터보고 바로 범인인줄 알았자나 ㅡㅡ그러고뭔 반전이야  
20170923,8,정말 별로별로라길래 궁금해서 도박해봤는데 생각보다재밌었고 원래 인물들이 나오지 않더라도 데스노트라는 물건의 매력에 빠져서 끝까지 보게 된다.  
20170920,3,데스노트 소재를 가지고 이렇게 밖에 못 만들다니.재미도 감동도 반전도 없는 맹탕.  
20170906,3,유전자 설정과 키라의 후계자고 뭐고 다 억지 설정이다. 차라리 라스트 네임을 이어 억지로라도 라이토를 부활시키고 하는게 나았다  
20170904,1,아니 외전만들거면 애니로 좀 만들라고 ㅡ ㅡ 극장판으로 씨//바 ..좀  너네는 걍 영화만들지마 감독도 배우들도 직업을 없애걍 ㅋㅋ  
20170829,1,그럭저럭 봐줄만은 했던거같은데 후반부에 개똥을 싸놓네.. 후속작 욕심있나본데 양심있나?  
20170829,8,영화내용은 정말 OOO였지만 류크와 사신들의 cg는 최고  
20170829,1,역대급 노잼...1.2편에 비해서 내용부실하고오히려 3편에 비해서도 개연성이 부족그리고 미사가....  
20170828,7,생각보단 괜찮았음 5점대 영화는 아님  
20170827,1,사토 신스케를 데스노트에 적어야하는데  
20170826,8,원작에 비할바는 아니지만 데스노트를 배경으로 재미있는 이야기를 보았다는 것에 만족  
20170824,2,밑에 글처럼 .L과 라이토가 없으니까 전작만큼의 재미가 없다.감독 영화 잘못만듬 ㅇㅈ  
20170819,4,됐어노트.../...  
20170815,5,여섯 권의 데스노트가 군데군데 퍼지고 이야기는 이리저리 엉키고 말았다.  
20170801,1,이걸 본 나 자신에게 별점 10점을 준다.  
20170724,8,관람객괜찮앗다 ..뭔가 부족한 감도 있었지만  
20170724,1,근본없는 스토리에 원작보다 훨씬 못미치는 수준뭘 위해 만든 영화임..? 여자사신은 왜 다 죽는거야..?ㄹㅇ미사랑 류크 보려고 3천원 낸듯  
20170722,1,차라리 L CG랑 라이토 영상만 나오는게 더 재밌었을 수도... 캐릭터들만의 매력이 없었고 반전도 별로... 류자키 써클렌지만 마음에 남는 영화.  
20170719,2,잠 잘잤다.  어떻게 이렇게 지루하게 잘만드는지  
20170715,10,I like all of  the sound tracks!  
20170706,5,일단 어릴적 기억을 더듬으며 토다 에리카를 오랜만에 보려고 봤구요 오랜만에 영화로 봤는데도 예쁘시더라구요. 그리고 뭐 새로운 사신들 비주얼적인 면에서 점수 주고요 배우들 외모로 평가들 많이 하시는데 그건 별로 상관없고 좋은 소재와 시리즈를 말아먹었네요  
20170704,10,기대가되긴되는뎅 그래도 처음께 좋징  
20170704,10,이 영화를 보고 암이 나았습니다.  
20170703,5,나와 류크의 의리로 봤다.  
20170628,1,휴.. 이건 진짜 아니다 무슨 내용인지 하나도 기억에 없고 긴장도 전혀 안됨  
20170627,1,개노답...개연성 전혀없음...진작에 키라는 시작하자마자 데스노트를 만졌는데 마지막에 기억이 돌아온다는 말도 안되는 설정? 이 머지?  
20170626,5,개연성이 너무 억지 수준이다...  
20170625,3,류자키는 L새로운 시작편에서 나온 수학천제 남자아이니어가 나올줄 알았는데 아니네더 뉴월드는 망작인거 이것만큼은 인정합니다  
20170624,7,데스노트 애니빼곤 영화는 전부 실망했다. 볼만한 수준이었고 나쁘진 않았음. 복선이 전작과 똑같긴함ㅋㅋ  
20170623,1,드릅게 못생기고 드릅게 재미없다.  
20170623,9,충분히  2시간동안 두뇌싸움과 재미를 줬는영화인데 잔머리가 두뇌싸움이라고한다면 스토리전개가 2시간동안 끝나지않는다영화는 영화대로 봐줬으면좋겠다 비주월과 컬리티에 다시한번 놀라며.. 연출또한 좋았다.. 사신의 헌신에 한번더 슬펐다  
20170622,5,"No L, No Death Note.  "
20170621,3,4500원 내고 티비에서 봤는데 이야기가 산으로 가네요 억지로 스릴과 감동을 껴놓은 기분ㅋㅌㅋ  
20170619,1,엘후계자는  오사카역노숙자역할하면잘어울릴듯  
20170618,1,고작.. 이 영화를 위해 아마네 미사를 죽엿나? ㅠ  
20170613,1,두뇌로 안되니 하다하다 염력이라니  
20170611,1,이건 뭐...쓰레기네 다운받아서봐도 시간 아까운영화  
20170610,8,내용 실망했지만...데스노트 팬으로써 그냥 시리즈물 나와준것에 평점 드림다.... ㅋㅋ베댓에 미사의 삶에 연민으로 평점 준다는겈ㅋㅋㅋ공감ㅋㅋㅋㅋ  
20170610,5,관람객나오지 말았어야 할 후속작  
20170609,9,"재미 없다고 하는 사람들은 라이토와 류의 심리전과 같은 전개만을 원하는 사람들인 것 같음.데스노트를 리메이크했다는 사실보다 영화 자체로만 보면 매우 잘 만듯 천재적인 작품임..,  "
20170608,3,관람객알바생은 믿을게 없다죠?  
20170606,4,50분정도 까지는 신선하고 좋았다 근데 나머지 데스노트 소유자들을 어떻게 찾아냈는지 그리고 내용에 대한 계연성이 너~무 없다. 2시간 넘는데 나머지 1시간 20분은 전작에 있었던 클리셰 따라하기와 쓸모도 없는 구성으로 버려버렸다  
20170606,6,볼만한 영화 입니다..  
20170606,6,관람객역시 원작은 못따라가네여...ㅠㅠ  
20170602,4,"두뇌 싸움 따윈 개나줘버린, 초반부 분위기를 그대로 가져왔더라면  "
20170601,1,두뇌를 1도안쓰는데 뭔재미로 보는거임?  
20170528,1,"이런거지, 가문의  영광, 조폭마누라 1편은 둘다 너무 좋았다. 근데 돈이 되니깐 주구장창 속편을 찍어 대는데 다 별로지  "
20170527,5,후...이걸 왜봤지라는생각 밖에안듬 결말이 이게뭐죠? 반전도없고..전작을 무시하는 영화네요  
20170523,1,옴니버스 급으로 뚝뚝 끊기는 영화  
20170520,7,"원작을 초월하는 영화는 없다. 아쉬운점은 많았지만 나름 흥미롭게 봤다. 데스노트팬이라면 한번 볼만은 하다 단, 너무 많은 기대는 하지 말고.  "
20170520,1,"이딴게 영화라고 아오 진짜 욕이 막나오네.. 결론이 궁금해서  참고봤는데 정말 괜히봤나싶을정도로 너무 하다,아무맛도 없는 곤약같은영화  "
20170519,1,데스노트 너무 좋아해서 봤는데 보고나서도 무슨 내용인지 모르겠네  
20170519,5,미사때문에 5점준다 0.5점도아깝다 저주인공 크로우즈 익스플로드도 말아먹더니 데스노트도 말아먹네 후속작말아먹기배우  
20170517,1,존나 유치하다. 일본 영화는 이런 식인가.  
20170516,1,ㅋㅋㅋㅋ웃음밖에 안나옴  
20170515,1,어쩜이리 연출을 느리고 재미없게 할 수가 있지  
20170513,1,처음으로 평점을 하네요.... 보다가 두번잠.... 와.. 대단한 영화임 ..  
20170513,1,원작을 완전히 망친영화. 대체 이 영화에 투자를 한 인간들은 무슨 생각을 하고 투자를 한걸까...시나리오 받아봤을때부터 참 쓰레기같다고 느꼇을텐데...  
20170512,10,만화책에선 못봤었는데 재밌게 봤습니다^^http://blog.naver.com/tayul3748/221004404786영화 데스노트 더 뉴월드 후기  
20170512,2,이젠 재밌지도 신기하지도않은 데스노트...거기에 미스캐스팅들 수두룩~  
20170511,9,"라이토와 미사가 다시 나와서 반가웠었다.정말 라이토와 L 두 천재의 싸움은 10년이 지난 지금도 끝나지 않은 것 같다.아쉬 웠던 점이 있었다면 , 명확한 선과 악의 구분이 없었다는 점이다그래도 데스노트 영화 매니아라면 봐도 재밌을 작품이다  "
20170511,1,내평점 완전 작붕입니다 L이라는 이름이 아까울정도의 류자키와 노트주인을 도와주는 류크라닠ㅋㅋㅋㅋ 다른사신에 비해 류크는 절대적인 중립과 자기자신만을 생각하는 사신으로 묘사되는데 감독이 데스노트 자체를 안본듯하네요 재미도 존Lr게 없습니다 시간 아까움  
20170507,6,데스노트팬이어서 볼만했다미사가 라이토이름쓰고 자살할땐 우럭따  
20170507,6,재밌긴한데 원작 데스노트와 다른 영화 같고 원작의 내용 마저 다루려고 했던게 좀 넘쳐났었던 것 같다.  
20170507,1,줄거리를 볼 때부터 개연성이 없다는것을 알아야 했다....진심 유전자파티도 아니고 무슨...덕분에 사신들만 많이 보고가네  
20170507,7,"데스노트 영화화 1,2,3을 이번편에 다 섞어놓은듯한 나쁘게 말하면 막장병맛스토리반전영화. 평점은 고민했는데 설명하기힘들지만 나쁘지않았고""데스노트""자체를 해치지않는 스토리와  거의 잊혀진 데스노트의 향수를 다시금 그리고 다시 새로운시작에 대한 의미다.  "
20170506,10,그렇게 별론가.. 하긴 드라마는 안봐서 모르지만 첨 영화로 나왔던것이 제일 재밌었다...  
20170506,1,집에서 프리미어로 나와서 평점 참고 하고 볼려고 했다가 마음 접게 만든 댓글들 -..-  
20170506,1,ㅈㄴ OOO기 영화 아마네 미사를 무슨 존나 착한애처럼 만들어놨네 원래 2편에서 디젔어야되는거 아님? 사형당해서?? 왜 봐줌ㅋㅋ 미사 죽을때 존나 감동적이게 보일라고 라이토랑 안는장면 왜보여주는데ㅋㅋ 둘다 나쁜새끼들인데ㅋ  
20170506,6,가만보면 전체 스토리 라인은 나쁘지 않다. 하지만 데스노트를 잘 활용하지 못하고 있다.  
20170506,2,"흔한 양산형 후속작,... 문제는 두뇌싸움이 목적인 영화인데 후계자들의 아이큐가 일반인 평균인 100수준이더라... 별 하나는 오프닝 여자애, 또 하나는 미사를 위해 드림  "
20170505,3,"아마는 충실한 친구, 맞지?  "
20170505,6,내스탈아님...악마가 왜  
20170505,1,와 데스노트를 망친 최고의 영화인듯  
20170504,1,이건 정말 답이 없다 미친 내돈  
20170504,5,너무 반전에 반전을 ...쓸데없는 복선도 너무많고그래도 뭔가 전작들이랑 연계시키려는 노력은 많이 보였으나 억지요소가 너무많아서 마블코믹스처럼 다른 세계관을 도입하고 제작해야 할듯...  
20170503,7,외전이라고 생각하고 봤지만 그래도 아쉽다. 반전드라마 찍는줄.  
20170503,10,솔직히 우리 시엔 여전히 존잘 인정하고♡ 오랜만에 데스노트봐서 꾸르잼♡♡  
20170503,7,전개가 너무 억지스럽다..  
20170503,10,"이렇게 평점 낮을만한 영화는 아님 근데 나름 반전이라고 넣은거 같은데 그 반전이 우와 소름이 아니라 근데 어쩌라고,,,? 이런 반전  "
20170503,1,와...막장드라마보다 더 막장임... 레알 시간 존나아깝다  
20170503,2,일본 영화는 한국 영화따라오려면 10년은 더 걸린다는 말이 괜히 있는게 아니란걸 꺠닫게 해준 영화..  
20170502,10,관람객굿짱최고대박열라재밋음  
20170502,1,예전 영화도 원작의 스토리 때문에 그나마 봐준거지 영화 자체는 이 영화랑 다를거 없는 연출 연기였음 일본은 멜로 드라마는 잘만드는데  이런 SF 판타지 물은 초등학교 수준의 연출력이다  
20170502,2,타짜2를 봤을때의 공허함과 일치할듯  
20170502,6,역시 1편의 아성을 넘지 못했다.  
20170501,6,"데스노트  시리즈를 처음봐서 그런지, 그런대로 볼만 했는데.. 이전 것도 찾아서 보고 싶은 생각이 드는군요. 댓글을 보니 이전 것이 더 재미 있는 것 같은데.  "
20170501,2,증말 재미없네....닛뽄영화  
20170501,1,감독을 데스노트에 쓰고싶대ㅋㅋㅋㅋ  
20170430,10, 내인생 최고의 영화 원작따윈 기역도 안날만큼 역작임 근 10년만에 최고의 영화  
20170430,5,전작이 기억이 잘안나는...점점 산으로 가는 느낌이네요  
20170430,1,일본 영화에 크게 실망함..  데스노트라 믿고봤는데..ㅠㅠ  
20170429,3,설정자체에 붕괴 및 미카미의 부재가 밥상을 전부 엎어 벼렀고 유전자라는 말도 안되는 논리로 L과 라이토가 생수충이 되버림.내용 자체는 볼만했으나 유전자 말고 유언이라고 했으면 볼만 했다.  
20170428,3,툭하면 머리에 총 겨누네..웃겼음  
20170428,1,1>2>>>>3...수준.. 차라리 L과 라이토를 부활시키는게 더 재밌을듯  
20170428,3,캐릭터의 매력도 영화의 개연성도..  
20170428,7,모양새만 데스노트를 비틀고 꼬아서 데스노트 후속으로 낸 작품. 노트살인놀음으로 겨룰 뿐이지 '데스노트'로 인정할 만한 치밀함은 전혀 물려받지 못했다. 키라도 L도 후계자를 남기지 못하고 데스노트도 후속을 남기지 못한. 그래도 전작을 잊고 본다면 괜찮다  
20170426,5,일본 박스오피스는 믿을게 못된다  
20170426,1,그래서 L후계자놈 이름쓴 놈 누군데?  
20170425,7,관람객애매합니다ㄱㄷ....  
20170425,1,진짜 터미네이터2 이후로 속편들은 다 저주네!!  
20170424,4,"참 쉽게 찾고, 쉽게 뺏고, 쉽게 죽는다. 특수부대원들이 줄줄이 차례를 지키며 죽는 모습에서 뿜었고, 단 몇시간만에 부검결과가 나오는 혁신적인 일본의 수사에 박장대소했다.  "
20170424,10,꿀잼이다아라다아라다아  
20170423,10,관람객재밋네요 잘봤습니다 또볼께요  
20170423,1,영화를 어떻게 이렇게 만드냐 ㅋㅋㅋ  
20170423,1,영화를 죽이고싶었다 무표정한 배우표정 울부짖는배우표정 OO서 널부러진배우표정이 내얼굴이였다  
20170423,1,스토리와 추리 반전없이 허세만 가득한 캐릭터로 전작 팬들을 우롱하는 영화  
20170423,6,관람객초반에는굉장히좋았으나후반이말아먹음  
20170423,1,데스노트의 소유권을 포기하면 기억을 다 잃지만 노트에 조금이라도 닿으면 다시 기억이 되살아 나는데 저 형사인지 뭔지 저거는 초반부에 노트를 만졌는데도 기억이 안돌아옴 (전 편들을 보면 본인 노트가 아니라도 기억은  돌아옴) 다른 작가가 썼나 괜히봄;  
20170423,10,예전 추억이 떠올라 10점 줍니다.  
20170423,1,친구 때문에 억지로 봤는데 돈 존나 아깝더라 그냥 집에 있을걸  
20170422,2,미사가 데스노트에 쓴 장면말고 볼게없었다.수사관들이 마스크폼으로 쓰고 라이토잡으려 달려가다 쓰러지는거보고 나도 쓰러지게 웃었다  
20170422,1,내 2시간 돌려내라...  
20170422,1,L처럼  자신의이름을 적었다는데 시간 가는줄 알고 봤어  
20170422,1,L처럼  자신의이름을 적었다는데 시간 가는줄 알고 봤어  
20170421,1,정말 기대했었는데 토다 나이든거 보고 우리 아이들 놀라고 정말 그녀가 나오는 장면이 젤 나았고 후지이 미나의 연기는 어색어색(첨에는 반가웠는데)이 영화 4500원 주고 봤는데 100원도 아깝다는게 우리 아이들평이고 동감이다.  평 볼껄..스포땜에..  
20170421,10,난 진짜 재밌게봤는데 내가 영화보는 눈이 낮은건가 물론1 2 편보단 박진감이덜하지만 라이토 안나오는 편중에선 제일재밌던거 같은데  
20170421,5,그 귀엽고 예뻣던 미사가 아줌마가 다 돼서 나오내.... 그리고 아마 죽은건 이해가 안가지만 아마가 젤 매력적인 케릭터이긴했다  
20170421,2,토다 에리카를 위한 2점  
20170421,1,미사가 빻았음 @@@@  
20170421,6,1점줄라다가 토다에리카땜에 6점드립니다  
20170421,6,전혀 매력적이지 않은 스토리와 캐릭터들 오로지 6점은 미사미사를 위해  
20170421,5,"초반엔 뭔가 흥미로운 분위기였은데, 뒤로 갈수록 지루..  "
20170420,3,내용도 내용이지만 왜이렇게 롱테이크가 많냐... 완전 영화 루즈해지네.. 보다가 미사 죽는 장면 아니였으면 잘 뻔했다..  
20170420,1,"감독이 머리가 안되는데 두뇌 싸움 영화 만들기 버거우니까 사이버 해킹, 경찰 총질로 얼버무리지. 원작의 매력은 총칼 없이 사람 죽이고 진부한 해킹같은 수단 없이 키라와 류자키가 서로를 압박한다는 점이 핵심이었는데 다 망쳐놨다. 최악 그냥. 진짜 최악.  "
20170420,1,"데스노트라는 최고의 소재를 시나리오와 연출, 발연기로 어떻게 말아먹는지 보고싶다면 보시기를. 이정 팬도 보세요 이정 나옴  "
20170419,1,일본영화를 데스노트에 적고 싶다.  
20170419,1,"L과 키라는 물론, 개연성이라곤 전혀 찾아볼수가 없는 데스노트. 시나리오를 내가 써도 이것보단 잘쓰겠다.  "
20170418,10,관람객재밌게본거같아요 다른 분들도 꼭 보세요  
20170418,7,데스노트브랜드네임이먹어준다  
20170418,1,이거보다 대출노트가 더 무서움.  
20170418,1,소재는 좋은대 전체적으로 너무 허술하고 좀 억지스럽고 중간중간 어이없어서 웃기긴 하더라ㅋㅋ 연출에 큰 문제가 있어보임  
20170418,1,역시 일본은 뭘해도 안되나보다.. 쓰레기영화 보지마세요  
20170418,1,영화 평 처음 쓰는데 진짜 별로임  
20170418,1,이걸본 내 시간이  아깝다는 생각을 했다  
20170418,2,반전 하나도 없고 기존내용에서 다 끌어오는데 그 내용 조차도 재미없게 풀어냄  
20170418,7,"개인적으로 스토리 2/5 , 연기 3/5  , BGM 5/5 , 연출 2/5  라스트 네임 이후 남겨진 데스노트가 어떻게 사용 되어 지는지에 대한 구성은 잘한듯 근데  아무죄 없는 미사는 왜 죽이고 ㅈㄹ 개패고 싶네 ㅋ 엔딩이 미사를 위한노래같다 끝  "
20170417,1,오랜만에 평점1짜리 영화를 보았다. 이러지말자 응??  
20170417,9,전작은 만화보고 봤고 현작은 보지않고 봤다.. 댓글보니 내가 이상한거같다 꿀잼이었다. 오히려 전작은 다들연기도 못하고 재미도없었는데 이번꺼는 반전도 많고 이야기도 재밌었다.  
20170417,3,공책따먹기를 하고노네  
20170417,7,새로운 두 남자주인공들 덕에 신선한 맛은 있었음. 그치만 내용은 허술하고 막판은 지루 ㅋ  
20170416,4,"말로 싸우는지 쓰잘데 없는 대사가 너무 많고, 연출도 별로고 궁금해서 봤지만 시간이 아까웠던 영화  "
20170416,1,뭐가 이렇게 안이어지죠? L후계자 집에 데스노트 오덕이 잠입했는데 노트 만지지도 않았는데 어케 사신이 있는걸 알죠? 쓰레기를 만들어도 이런 쓰레기를 만드네요. 내용 하나도 안이어지고요. 평점 7점대인게 놀랍네요  
20170416,10,류자키 ~ 커여웡~ㅋㅋ  
20170416,1,이 데스노트는 10년 전에 끝났어야 했다  
20170416,1,별루다... 류자키 렌즈 좀 빼내고 싶다  
20170416,10,미나는 오늘도 이쁩니다 아아마도 이쁩니다 그래서 10점  
20170416,1,별 기대없이 봤는데 더 별로다더이상 데스노트를 모독하지 마라  
20170416,1,어떻게 말로 형언할 수 없을 만큼 망했다  
20170416,4,이정 노래만 잘하는줄 알았더니 연기도 잘하네초반부터 어디서 본 얼굴이다 싶었는데 ㅎㅎ  
20170416,1,감독 사토 신스케 2017년4월20일 새벽 3시 복상사..  
20170416,1,진심 개 노잼ㅡㅡ심각하게 노잼이에여별점 주고싶지도 않음 진짜 영화보면서 개짜증났음노잼이라 올해 본 영화중에 제일 노잼  
20170416,5,데스르트는 애니가 진리!!  
20170416,7,일본 특유의 과장이 거슬리고 스토리도 영이지만.. 과거의 기억을 떠올리게 해줘서 7점  
20170416,6,원작가 말고 다른작가가 스토리 쓴거같은데 완전 코메디가 따로없네 ㅋㅋㅋㅋ  그리고 일본영화 퀄리티가 왜이렇게 떨어지는거지 이영화만 그런건가  
20170416,6,미사를 다시 볼수있어서 좋았어 ㅜㅡㅜ 또 3명의 남주들 드라마보다가 괜찮다고 생각했던애들이라서 좋았엉 ㅋㅋ근데. 원작보다 좋은 후작은 진짜 만들기 힘들지. 키라랑 L은 역시 원작애들이 쵝오였어.근데..사신도 나이먹나봐 류크도 10년지나서인지 늙었어  
20170416,6,미사미사 하고 사신들봐서 6점 솔직히 엘만 잘생겼어도 10점줬다  
20170416,1,진짜 최악이다 와 중후반쯤에 남주가 범인이였다!! ㅅㅂ 이래놓고 앞부분에 전혀  복선따위도없고 남주가 범인이였고 범인인 남주는 범인답게 행동도안하고 친구챙긴다 말이되냐 진짜 그냥 원작의 망신이다  
20170416,1,유전자 설정은 너무 했다고 본다... 억지 스고이~  
20170415,1,토다에리카가 10년이 지나도 예쁘다는거 빼곤 대 실망이다. 라스트네임 까지가 진짜 데스노트 나머지 후속작은 데스노트 이름 빼라  
20170415,2,갑자기 오빠드립은뭐지....실망만남았다....  
20170415,5,데스노트가 재밌었던 이유는참신한소재도 있지만L과 라이토의 두뇌싸움이다.친구이면서도 적인 그두명의 갈등때문에 재밌었다.(그래서 개인적으로 원작에서 L죽고나서 재미없었음.)그러나 이영화는 그냥 단순무식하게 노트교환뿐.  
20170415,6,미사가 나와서 좋았다는거빼곤...딱히 좋을게없었음  
20170415,6,가장 매력적이던건 허연사신이고 그외의 캐릭터들이 전작에 비해 매력이 별로 없음..류자키는 써클렌즈밖에 기억이 안남음.  
20170415,1,오글오글오글 유치 난잡 오글오글 끝.  
20170415,5,그냥 손대지 않고 그대로 명작으로 남겨두는게 나았을 법한 영화 토다 에리카랑 스다 마사키 때문에 본 영화게다가 6권이라면서 사신은 3명밖에 안나오고 뭐하는거지  
20170415,5,관람객그냥저냥 볼만한 영화 !  
20170415,1,원작 보게만들려고 영화를 일부러 엉망으로 제작한거임 분명  
20170415,1,평점이 낮지만 그래도 혹시나... 라는 반전따위는 없었다.  
20170415,1,이영화를 보고 암이 나았습니다. 근데 눈이 멀었네요 .  
20170415,5,종합 평점은 5점 드립니다.  
20170415,1,긴장감 드럽게 없네; 10자  
20170414,5,딱 5점이 정확함 1점은 너무 극단적이고마지막에 후속편 암시하는거 같은대 다음작품은 잘만들어주시길  
20170414,1,트렌스포머 영화가 갑자기 또봇으로 바껴서 영화출시된느낌?  
20170414,1,제가 한국 영화 빠여서 그런지 보는 내내 한국 감독님들이 다시 각색해서 만들어주시면 재밌게 볼거같다 라는생각이 보는 내내 들었습니다.... 솔직히 요즘은 헐리우드 영화봐도 한국영화만 못한거 같아요...(B 급이라도..) 애니는 넘사벽인거같은데...  
20170414,1,관람객너무 노잼이다 그돈을 아껴서 밥한끼사먹고싶네요.  
20170414,1,도대체 엘의 후계자라는 한 것이 무엇인가...'난 엘 후계자다'라며 시종일관 가오 쳐잡고 바이크 몰고 깝치고 돌아다니다 결국...절대 비추입니다. 성숙해진 미사 보고싶으시면 잠깐은 뭐..  
20170414,6,두뇌싸움은 사라지고 악당미화까지 시키더니 유전자와 시답잖은 반전에 원작캐릭터파괴까지. 초반부분은 생각보다 맘에 들었는데 정말 현실적이었고 근데 그게 끝. 두뇌싸움은 개나 줘버려  
20170414,5,데스노트 팬들에겐 싱거운.. 번외의 속편을 계속 만들어내기 위한 목적이 뻔히 보인다.  
20170414,1,데스노트는 그냥 애니나 만화책 으로만 봐라  특히 애니 강추  
20170414,1,김밥천국가서 김밥 2둘 포장하고 남은 3천원 지하철 거지한테 던져줘라 훨씬 유익한 하루가 됄듯  
20170414,1,초반10분만 흥미로움. 그리고 L 후계자는.. 그 어설픈 허세 연기때문에 거북했음..  
20170413,1,???? 이게 도대체 뭔결말이여 ㅋㅋㅋ 왜 L후계자가 키라를 살려주고 대신죽어 ㅋㅋ  
20170413,1,다운받아서도 보지마... 차라리 공부를 해... 그게 더 재밌어...  
20170413,1,류자키 역 배우 키 작고 동남아스러운데 멋있는 척 오져서 1점  
20170413,1,최악이다 반전드라마 억지 반전에 억지 스토리 전계 머리 두뇌를 쓰는게 아니라 억지를 부리고 땡깡을 부리는것 같은 스토리 라인 내 두시간 내놔라 두시간 동안 우린 감독의 데쓰노트에 죽어 있었다  
20170413,10,별로라고 기대안하고봤다가 재밌게봤음  
20170413,10,류크때문이라도 준다...  
20170413,8,마지막에 예상치 못한 반전에 반전은 뜻밖이었다. 반전의 진수를 보여준다.  
20170413,10,류자키 넘나 매력있음!!! 굿굿  
20170413,10,난 재미있던데 ㅋㅋ 오랜만에 데스노트 반가웠음  
20170413,10,관람객사스가 데스노트! 그 명성이 어디 가질 않네요!  
20170413,1,류자키 보는데 자꾸 슈퍼맨이 돌아왔다 설아 생각남  
20170413,10,관람객오랜만에 극장에서 본 데스노트 너무 재미있네요!!  
20170413,10,관람객역시 데스노트는 데스노트. 오랜만에 봐도 재밌다  
20170413,1,결론:사신의눈을 가진 키라에게도 총과 마스크만 있으면 어쩔 수 없다  
20170413,1,진짜  일본에서도    연기  더럽게  못하는  배우들만  모은건가;  
20170413,3,한국영화에서도 종종 얼굴을 비췄던 후지이 미나의 반가운 모습과 아무로 나미에의 엔딩곡 제외하고는 이 영화의 가치를 도저히 찾아볼 수 없는 졸작 중의 졸작. 시리즈물 중에 가장 최악을 꼽으라면 단연코 이걸 꼽겠다.  
20170413,1,"저도 귀찮아서 정말 평점 잘안남깁니다만...하ㅋㅋㅋ평점보고 재미없을꺼란걸 알면서도 궁금해서 혹시나해서 봤는데 이건뭐ㅋㅋㅋ정말 다른분들 말씀처럼 1,2편 모욕하는 수준이네요 ㅋ궁금해도 꾹참으세요 제발  "
20170412,1,캐릭터들도 딱히 정이 안 가고.. 연출이 문제인건지 시나리오가 문제인건지.. 아니면 6권이 문제인건지... 게다가 유전자는 진짜 무리수... 시나리오 작가가 데스노트 한 권으로는 에피소드 못 만드니까 6권으로 스토리 이것 저것 대충 버무린듯한 내용..  
20170412,10,미사를 보기위해 9천원을 내고 보러갔다. 미사가 죽고 나도 집으로 바로갔다. 아 미사 ♥  
20170412,1,마지막에 시계 종이에 키라이름 적었는데 왜 안죽음?  
20170412,1,이름쓰는 속도 장난아니네 ㅎ 총쏘는것보다 더빨라~ ㅋㅋㅋ  
20170412,6,"여러권의 데스노트, 여러명의 사신.. 얼기설기 꼬여버린 실타래가 마지막에 풀려버리고 결말에 이르기 전까지는 너무나 지루하다.  "
20170412,1,쪽바리 성향을 잘 나타내 주는 영화...나쁜짓을 해도 어떻게든 정당화시킨다.  
20170412,6,L집에 왠  크고 하얀 바퀴벌레 한마리가 서식하냐  
20170412,1,"데스노트 1,2편도 그리 잘 만들어진 영화는 아니었지만, 이건 뭐 OOO기 영화를 만들어놨으니 .. 참 골때리는 영화임  "
20170412,1,"데스노트 1,2도 원작에 비하면 별로였는데 이번에 비하면 잘 만든 편. 류자키는 L 같은 신비스럽고 소름 돋는 느낌도 없고 키라의 후예도 수준 이하. 스토리도 빈약하고 만화 원작 같은 흥미진진한 스릴과 긴장감은 없다. 역시 실사화는 다 망한다.  "
20170412,1,반전 넣으려고 혈안이 되어서 이리꼬고 저리꼬고 하려다가 존나 조잡한 스토리가 되었음.  
20170412,1,데스노트다운 머리싸움도 없고 전에는 라이토 못생겼다고 미스캐스팅이라 난리였는대 이번엔 류자키 후계자 무슨 찐따 같은 새끼 캐스팅 해놨네...  
20170412,5,초반: 올~ 재밌어지겠네                   중반: 뭐지.. 이 막장은                   후반: 다음 시리즈 나오겠네~                        마지막:계획대로다.  
20170411,10,"미사, 미나 예뻐요. 류크 반갑고 새로운 사신들 신기했음ㅋㅋ 중간에 라이토, L 나와서 기뻤음!  "
20170411,1,보다 중간에 그만 뒀다.. 어휴 ㅋㅋ  
20170411,6,허튼데 돈 쓰지 말고 스토리를 보강하는게 낫지 않을까  
20170411,1,영화내용은 뭐할말없는데 좋아하는 이정씨가 일본어도 잘하길래 1점줌ㅋㅋㅋ첫등장 후 십분까지 진짜긴가민가했다  
20170411,1,아니 ㅋㅋ 마지막에 모자는 사신이 벗기면서 왜 데스노트에 적어서 소멸하는거야 ? 그냥 뒤로가서 총 뺏으면 소멸 안하는구만 ㅋㅋ  
20170411,2,"개노답 영화 기존 데스노트1,2가 진짜 개명작임을 보여준다  "
20170411,1,거의 병맛영화 수준.. 원작 내용을 다무시했다..  
20170411,1,반개도 아깝다. 새벽에 이거안보고 그냥잘껄 오늘 개피곤하겟네 ㅅㅂ  
20170411,1,데스노트는 두뇌놀이지 우정놀이가 아닌데;;  
20170411,1,"한마디로 지루하다.배우들의 연기는 좋다, 다만 류자키 맡은 배우의 렌즈가 부담스럽다.  "
20170411,4,억지반전에다가 스토리도산으로감  
20170410,1,내가 좋아했던 데스노트를 이렇게 골로 보내다니ㅎㅎ그래도 미사는 반가웠다  
20170410,1,후계자란녀석들이 다 돌대가리였다. 치밀한 두뇌게임을 기대했다면 비추.  
20170410,4,"절대적이고 매력적인 욕망의 산물을 다루기엔, 너무도 허접하고 무능한.  "
20170410,1,감독 바뀐 건가요?? 완전 다른 영화네.  데스노트 엄청 좋아하는데 애니 영화 두세번  봤는데 . . .  이 건 최악임  ㅡ.ㅡ 데스노트 명성에 똥칠을 하네ㅡ.ㅡ  
20170410,1,일본은 제말 영화를 좀 영화같이 만들어봐라. 아님 만화만 그리던가.  
20170410,7,데스노트를 10년만에 부활시킨 노고에 1점 더 준다.  
20170410,6,"그저. 만화책완결 이후로 나온다면 어떻게 될까? 로만 본다면 나쁘진않았다. 허나 중간에 지루한러닝타임이 있었으며,마지막엔 정말 여태 했던 영화를 망쳐버리는 이상한 결말..초반까진 좋았다. 허나 거기까지였다.  "
20170410,3,어거지로 규칙을 깨부수다니  
20170410,7,새로운 부활을 알리기에는 매끄럽지 못한 스토리가 아쉽다.  
20170410,1,역대급 쓰레기영화. 시간낭비 할 사람만 봐라  
20170410,5,미사가 나온것은 좋으나 스토리가 꼬임.거의 스토리가 막장 드라마급 스토리 전개 그러나 왠지  다음편이 궁금해서 5점 드립니다.  
20170410,3,"L의후계자라는 사람은 왜 출현한건지 의문이고 딱히 한일이라고  첫공포탄,죽은척 이끝이다... 쓸데없이 오버하는행동 등 L에 너무다르고 L의빈자리를 채우기엔 매우부족해보였고키라였던경찰도 반전이라고 한건지.. 보는내내 L이랑 라이토가 보고싶었다..  "
20170410,4,"전작에 상관없이 보더라도 군데군데 설정 구멍이 많다. L과 키라측 모두 허술하다. 원작이나 전작의 팬이라면 특히 미사의 팬이라면 팬심으로 꾸역꾸역 볼 수는 있지만, 역시 내내 욕을 하며 보게 될 것이다. 대신 나름 향수만 느낄 수 있다.  "
20170410,1,개노잼 추리따위는없고 땔치아라  
20170410,2,왜케 연기 못하는 놈들만  캐스팅 했을까? 쯧쯧.  
20170410,1,아오이사쿠라 넘 빨리 죽인 거 아니에요?ㅠㅠ 보는내내 사쿠라밖에 생각이 안났음 영화는 개 노잼  
20170410,4,어떻게든 죽어버린 내용을 다시 살릴려는 의지에 4점을 주고 싶다... 만화를 영화화 하기에는... 참 모든게 어설프다...  
20170410,1,역시 라이토 와 엘이 빠진 데스노트는 앙꼬 없는 찐빵이였어..졸작 ..이렇게 해놓고  후속작 나올듯...  
20170410,1,토다에리카 얼굴만 보는 영화  
20170410,6,L은 개나소나.. 두뇌싸움이 없는 데스노트는 데스노트가 아님  
20170410,1,"기대하고 봤는데 정말 별로네요.. 많이 지루하고, 좀 영화같지 않다는 따분함이 너무 많았어요. 일본역화 특유의 '하지마' '안돼' 같은 언어에서도 좀 기본적인 정서가 안맞은듯.. 추천하지 않습니다.  "
20170410,1,"데스노트라고 해서 뚜껑을 열어보니, 왠 드래곤볼?  "
20170410,1,이걸 봣던 제 자신에게 자괴감이 느껴지네요.  
20170410,1,감독의 계획대로? 나는 졸아버렸다.  
20170410,1,왠만하면 1점까진 안주는데...전작을 너무 감명깊게 본터라 배신감을 느낀다  
20170410,1,감독 집주소 삽니다  1818  
20170409,6,차라리 드라마로 나왔으면 .... 영화로 보기에는 깊은 내용이 없네요  
20170409,10,"와 지리네요.. 그리고 마지막에    ""계획대로다"" 라고 밀한것은 5번째도 나온다는거죠??.. 나오면 좋겠당..  "
20170409,1,"아,,,정말 설정붕괴 오졌고....미사는 사신눈 거래 3번씩했는데 아직도 살아있으며,,,ㅠ 두뇌싸움도없고 애들이 전체적으로 너무 막나가며,,,ㅠㅠ 원작팬으로써 정말 개실망이 아닐수없는... 마지막으로 토도에리카의 예전모습이 그리움  "
20170409,9,나름 잼있어요 머가 노잼인지 ㅎ 난  전작보다 잼낫음  
20170409,10,나만 당할순 없다.~~  
20170409,3,사람들이 보지 말라고 할 땐 보지 말았어야 했다.ㅋㅋ  
20170409,1,엔딩 쿠키영상이 반전요소인가요??소오름돋게 노잼  
20170409,1,망했네 전작보다 아니 그냥 영화자체가 수준이하다.외모는 더나아졌지만 퀄리티가 떨어지네 1점은 외모때문에...  
20170409,1,개연성이란곤 눈꼽만큼도 찾아볼수 없는...완전 최악  
20170409,7,관람객데스노트 l후계자가 너무 아쉬움이남아요  
20170409,1,돈주고보기아깝다....  
20170409,4,미사 때문에 의리로 4점준다여러분 데스노트는 만화책이나 애니로 원판을 보세요~  
20170409,10,와 시간가는줄 모르고 봤어요!  
20170409,10,데스노트 팬이면 꼭보자 ^^  
20170409,1,쪽발국 영화에 굴하지마라.  
20170409,2,원작자 이상에 내용은 나올수 없는건가? 하...  
20170409,7,영화라기 보다는 드라마의 단축본. 전편의 아성에 후속편이라는  타이틀을 갖기  버거운 영화였다. 아쉽다.  
20170409,10,관람객토다에리카 카메오수준 이었지만.. 좋았음  
20170409,1,너네들왜그러세요.. 끊을때 좀 끊자... 어떻게든 후속작만들려고 스토리만들지말고좀..~~~~  L새로운시작은 데스노트랑 전혀연관성없는 얘기를 쓰질않나...  
20170409,1,세상 1점도 아까울판인....데스노트 원작을 붕괴시켜도 유분수지...데스노트 전매특허나 다름없는 두뇌싸움은?? 주거니 받거니 오가는 팽팽한 감각은??? 우와 진심 어떻게 저런걸 생각하지..라는 말을 하게하는 놀라움은?? 어 어따 팔아쳐먹음?  
20170409,4,관람객중간에 잠듬. 뜬금포 전작 주인공 킬이나 스토리에 맞지않는 전개....명존쌔. 뭐 머리싸움이라도 하나? 생각했는데 ㅋㅋㅋ 뺨때리고 싶음.  
20170409,7,관람객재밌었어용~ 중간에 자버렸지만ㅋㅋㅋ  
20170409,1,1점이 최하라 어쩔수없이 1점을 준다 데스노트의 명성을 깎는 저질영화  
20170409,6,시리즈의 확장을 위한 제법 그럴듯한 설정  
20170409,5,영화 자체는 나쁘지않지만... (나름 재밌게 보았음) 다만 추리보다는 너무 액션에 치우쳐 액션스릴러에 가깝게 된 그런느낌.. 기존 데스노트 시리즈와 너무 다른 분위기가 영화를 보는데 많이 부족하다고 생각될정도  
20170409,1,예전의 내용과 집중력... 에휴 ㅜㅜ  
20170409,8,평처럼 그정도는 아닙니다 나름 반전도있고 생각보다 볼만했습니다.  
20170409,4,관람객하...데스노트를 환타지로 만들었다  
20170409,1,"일본만의 특유의 연기 진짜 혐오스럽다.. 류자키인가 뭔가 오버하는 표정, 탈춤추듯 뛰어다니는 행동.. 모든게 극혐이었다.. 일본은 진짜 영화 만들지 마라.. 차라리 그 돈을 주고 한국에 만들어달라고 해라.. 그게 돈 아끼고, 돈 버는 법이다..  "
20170408,6,모든 면에서 전보다 나아지고 있다. 기존의 저렴한 시리즈로부터 벗어나 새로운 세계로 나갈 수 있을 것 같은 느낌이 든다.  
20170408,10,너무 낮다 열자열자10  
20170408,1,엘후계자 죽고 봉인도못하고 ㅋ이게왠개 OO핵노잼  
20170408,1,유치함/지루함/전편과비슷/발연기..최악중에 최악  
20170407,9,L이 없는것 아쉽지만 그래도 재밌다 ^^  
20170407,10,관람객아 키라!!! 완자ㅡㅓㄴ 강추  
20170407,5,관람객이고저도아닌영화...  
20170406,4,류자키와 알마에관에서라도  좀더 넣었다면...  
20170406,10,관람객아마가 기억에 남는 영화  
20170406,1,개빡치네. 원작 훼손을 넘어 살인했다  
20170405,1,전작때문에 봤는데 국장서 보다가 나온적은 첨이네  
20170405,10,"이번건 1,2,3, 꺼 안보면 이해가기가 정말힘들듯 하지만 데스노트 팬으로서 이해가 잘가서 잘보고왔어요 ^^ 재미있어요  "
20170405,1,관람객원작에 대한 모욕...  
20170405,2,설정파괴가 보여준 영화파괴 대체 무슨 생각으로 저 배우들을 가지고 이런 망작을 만들었는지 참으로 궁금해지는 영화  
20170405,7,"이미 3편에서 기대도를 0에 가깝게 만들었기에, 재미없을거라 생각하고 보면 생각보다 재밌게 볼 수 있다.  "
20170405,3,관람객개연성 없는 신파 속 주인공은 누구인가  
20170405,1,원작을 이렇게 망쳐놓을거냐  
20170405,1,메가박스 큰 영화관에서 나혼자 봤다ㅋㅋ 러닝타임은 긴데 아무도 자기 캐릭터를 보여주지 못한건 아이러니.  캐릭터마다 족족 임팩트있는 장면없이 사라져갔으며 사신마저... 그나마 신선했던건 흰색옷 입고 나오는 젊은 키라가 차라리 주인공으로 이끌어 나갔으면  
20170405,1,올해 나온 모든 영화들중 단연 압도적 쓰레기. 좋은 작품들 때문에 일본영화에 대해 존경심이 들다가도 이런 영화 보면 역시 쪽빠리는 쪽빠리지 싶다  
20170405,1,쳇 가루바나나가 아니잖아  
20170404,10,잼씀 역대급 시리즈인듯  
20170404,1,이영화를 보았다 재미없다.  
20170404,3,미사만 봐서 그런지 내용 모름  
20170404,3,관람객다소 어두운 전개 그닥 재미는 없었어요 배우들이 넘 못생겨서 몰입도  안되공  
20170404,10,와 정말로 핵꿀잼이네욫 빵빵터져요.  
20170404,6,"이전의 1,2편의 영화와 만화를 짬뽕시켰다는 생각밖에 안들었음.더 뉴월드만의 새로움이 아니라 그냥 10년전 영화와 만화버전 추억팔이하는 내용...마지막에도 또 후속작의 떡밥을 던졌지만 주워먹는 바보가 있을까 싶다  "
20170404,9,알바 아니고 난 원작팬이지만 재밌게 봤다. 잘보면 설정이 원작을 오마쥬한 부분이 많고 초중반부까진 흥미진진했다. 후반부 10분쯤이 개연성도 없고 특히 헬기는 갑자기 왜튀어나오는지 이해할 수 없었지만 결말은 좋았다. 쿠키를 보면 결말이 뒤집힘.  
20170404,7,그냥 데스노트 배경 아시는 분들 새로운 얘기로 볼만한 영화 미사가 매우 성숙해짐  
20170403,2,"토다 에리카, 후지이 미나 이뻤다. 이상, 끝.  "
20170403,7,기대를 안하고봐선지 생각보단 나았음. 연출이나 조명 음악 전작보다 나은데 좀 개연성 없음. 근데 일단 일본영화치고 좀 덜 오글거림 여전히 만화같은 오버스런 캐릭터는 나오지만 그리고 류자키 살빠진 국중록 닮음 미시마는 윤균상 키라의 사자라던 애는 김경록  
20170403,4,근데 이거 L후계자는 니아로 정해진거아니야??근데 무슨 유전자??하면서 다른놈이 나타난거야.  
20170403,10,데스노트를 좋아하는 사람으로써 엄청 재미있게봤습니다!  
20170403,3,데스노트 원작이 안나왔으면 그냥 너네도 하지말았어야했어.. 그래도 난 원작팬이니깐 3점줌  
20170403,9,"팬의 입장에서는 나와준것만으로도 감사ㅠㅠ객관적으로는 7점정도지만...신작, 사신 아마 때문에 +2...  "
20170403,10,관람객기대이상입니다... 크게 기대를 안해서 그런지 즐겁게 봤습니다..엔딩 쿠키영상까지 ㅎㅎ  
20170403,1,두뇌싸움 하나도 없고 반전이랍시고 억지로 짜집기 해놓고  스토리가 아주 형편없음!! 무엇보다  류자키 연기가 엄청거슬림ㅡㅡ 완전 노잼 다신 데스노트 안볼란다  
20170403,1,삼류 쓰레기 영화 ...배우연기부터 스토리까지 매우 엉성함 ㅜㅜㅜ  
20170403,10,기대하고봣는대  재미있네요 다들 한번씪곡보세요  
20170403,9,관람객ㅎㅎ그냥... 봤는데 배우들이 좀 아쉬움  
20170403,10,관람객생각보다 재미있어요  
20170403,10,관람객역시 류크! 데스노트 팬으로써 넘나 반갑다 진짜!!  
20170403,10,"관람객시리즈가 완전히 새로운 방향으로 나아가는 단계인듯, 스다 마사키가 생각 이상으로 괜찮았음~  "
20170403,9,관람객미사미사는 더 이뻐지고 류크도 반갑고 반전도 충격적!  
20170403,5,많이 지루하지는 않아요 초중반에 긴장감도 있구 근데 설득력 이나 개연성 부족 .. 마지막은 이해불가 .. 그래도 데스노트의 키라와의 의리로 봄 ㅎ  
20170403,1,와따시와 짜가 에르데쓰  
20170403,1,보면볼수록 참... 터무니없는 전개에 반전에... 억지로  스토리를 끌고가는 느낌(?)이 들었네요..  
20170403,3,"관람객만화책, 전 영화에 비해 많이 아쉬움  "
20170403,1,영화보다가 재미없어서 중간에 나온적 처음이다평점도 처음써본다 얼마나 재미가 없었으면  
20170403,1,데스노트 더 뉴 월드! 정말 정말 엄청나게 재미있지 않은 영화네요! 0점을 못줘 속이 탑니다  
20170403,2,이번에 L은 우리동네 파출소수준이다. 머리보단 몸을 써야지~ 암~~  
20170403,3,전작에 먹칠을 하는구만... 오랜만에 토다 에리카 본건 좋았다  
20170402,7,관람객전작이 너무 재밌어서 기대를 많이 하고 봐서 그런지 많이 재밌진 않았어요스토리가 너무 빨리 진행되다보니 뭔가 억지스러운 면도 많았어요처음 보는 사람이라면 어떨진 모르지만 저같은 팬으로써는 실망감이 조금 있어요  
20170402,6,씨 ㅂ노잼은 아니고 그냥  데스노트팬 서비스? 시간 때우기좋은?  
20170402,10,원작파괴잼 이긴 한데 재밌는데요?  
20170402,6,개봉관이 왜이리 없냐? 볼수가 없네ㅋㅋ  
20170402,7,"다른 사람들의 평점에 1점이 많아서 안보려고 했는데 동생이 스다 마사키 봐야된다고 끌고 갔는데 스토리나 반전, 결말이 생각보다 나쁘지는 않았습니다. 하지만 반전 이후에 너무 전개가 어수선하고 결말 직전까지 좀 어색합니다. 아무튼스다 마사키씨 잘생김  "
20170402,10,관람객생각보다 괜찮았습니다.  
20170402,5,관람객지루해요 보다가 잘뻔함..  
20170402,1,솔직하게 재미없어요..  
20170402,5,쉴드치고 싶어도 답이 없다  
20170402,10,옛날에 봤던 데스노트 영화에 나오는 인물들이 다 바꼇어... 그리고 라이토랑 L 죽었다면서 등장인물에 류자키 역할 하시는 분이 나오는데.. 뭐지... L의 가명이 류자키인데? 어라..?  
20170402,3,관람객흑 기대햇는데 졸앗네여ㅠㅠㅠ  
20170402,1,막눈일수도 있지만 내가 생각하는 L은 저렇게 감정적이지 않다..  
20170402,10,관람객원작의 2프로 아쉬웠던 결말을 마무리한 느낌  
20170402,1,"재미없는 영화 보고 ㅋㅋ 이거 재미있음  하는 사람은 어떤 영화든지간에 재미있음 , 영화 보는 시각 에서 차이가 나니까 그게 나쁘다는건 아니지만 요즈음  음악미술영화연극등 각종 문화예술분야에 easy listening적 요소가많은거같아 안타  "
20170402,7,개연성은 확실히 없으나 참고 그냥 볼만했다  
20170402,8,관람객스토리괜찮으나 전형적인 속편 냄새 ...하지만 재미지네요  
20170402,9,관람객재미잇엇음. 별하나 깍은건 그냥 기대많이 햇는데 뭔가 아쉬웟음..  
20170402,1,쓰레기를 돈주고 보지 마세요  
20170402,7,관람객볼만했는데 극장에 아무도 없었음ㅜㅜ  
20170402,8,"내용, 영상미 모두 괜찮았습니다.류자키의 캐스팅이 살짝 미스인듯 합니다.데스노트의 룰과 캐릭터의 행동도 이해 안가는 느낌이 약간 있었습니다.  "
20170402,5,관람객대체적으로 재밌는데 끝마무리가 아쉽네요  
20170402,10,관람객스크램블 무차별 살인씬 좋았음  
20170402,7,관람객어떻게 후계자가 생기고 키라후계자가 어떻게 L후계자와 만나게됐는지 등 인과관계를 제공하는 이유는 나오지가 않아서 굳이 다음 속편이 나오려면 더뉴월드에 대한 프리퀄이 나오고 나서 나오면 좋겠습니다  
20170402,5,관람객많이 기대하고 봐서 그런지 많이 실망스러웠어여 ㅠㅠ무리하게 전편 특정캐릭터를 따라할려한거같아아쉽습니다 ㅠㅠ  
20170402,6,그냥그랬음... 남자들 잘생긴거 보는맛? 데스노트는 만화책밖에 안봤는데 그냥저냥 나쁘진않았음. 근데 일본애들은 왜케 연기할때 소리를 질러대  
20170402,3,관람객다른 시리즈들은 정말 좋아해서 기대햇는데 ㅠㅠㅠㅠ 너무 기대햇나보네요 ㅠㅠㅠ  
20170402,1,데스노트 좋아하시는 분들이라면 다들 빅실망하실듯... 모르고 봐도 허점이 너무 많고 설명이 안되는 부분이 많아서 마지막으로 갈수록 볼맛안남  
20170402,8,관람객반전잇는듯 설마 키라일줄은 몰랏다  
20170402,3,영화 보다 너무 재미없어서 도중에 나옴  
20170402,6,관람객초반에 스토리가 늘어져 지루하였으나 반전이 있었음  
20170402,5,관람객타짜 2 보는 느낌???ㅋㅋㅋ  
20170402,1,진짜 영화보고 빡친적은 첨이네데스노트 팬으로써 진짜 하 노답그냥  
20170402,1,관람객오랜만에 영화보다가 나가고싶음  
20170402,10,데스노트 이번편 보고 미시마에게 빠졌네요  
20170402,10,난 진짜 만족하면서 봤음.진짜 이케마츠 연기력 짱임.다연기잘함.소름돋음.대박났음좋겠당  
20170402,3,댓글로 스포하지마 니들만보면 다인줄아나  
20170402,5,관람객데스노트 팬인데....돈아깝다 노잼 ㅠㅜㅜ  
20170402,2,추억보정 때문에 1점 주려다가 2점. 영화가 끝난 지금 기억에 남는 것은 류자키의 개눈알 같은 써클렌즈 뿐.. 미사가 나이를 많이 먹은게 세월이 흐르긴 흘렀더라. 더 망치지 말고 속편은 여기까지만 해줬으면 하는 마음이 든다.  
20170402,9,데스노트를 좋아해서 그런지 재밌었음특히 브금이 멋짐!  
20170401,1,멍청한 L과 답 없는 키라. 머리가 아닌 총을 쓰는 싸움.노트 왜 있니?  
20170401,1,진짜개재미없다 자다가나왔네 ㅋㅋㅋ  
20170401,5,취향탓인지 나에게는 이 영화의 내용이 전혀 흥미롭지도  재미있지도 않아서  스릴보다는 지루함의 135분이었음  
20170401,1,이건 무슨 배우 연기도 발연기고 내용도 내용대로 별로고 진짜 데스노트 매니아시면 보지 마세요 ㄹㅇ 망작에 막장에 졸작 반전도 없고 전작에 비해 영... 진짜 겁나 재미없음요  
20170401,4,소재는 괜찮았으나 이건 좀 그래..  
20170401,1,요새 일본영화 다 왜이러냐  
20170401,3,영화 솔직히 엄청 재미 없어요. 류자키 존재감도 없고 스토리 엄청 빈약하고 참고들 하세요  
20170401,10,엔딩크레딧 쿠키영상도 있네요!  
20170401,1,b급중에 b급 개연성 전혀없고 배우들 연기도 몰입 하나도 안됨.  
20170401,1,1점도 주는것도 죽을정도로 아까움.  울화가 치밀고 쌍욕이 나올정도로 짜증나기는 처음.영화라고 말하고 싶지도 않고 데쓰노트고 뭐고 필름도 다잘라 불태우고 싶다 이걸 보는게 죽음으로 가는길 같음진짜 최악임.  최악도 아까움.  
20170401,9,저는 반전에 정말 ㅋㅋ 재밌었습니다.  
20170401,6,배우는 잘고른것같은데 L후계자는 좀...이영화보기전에 프리퀄드라마3편먼저보고보세요그래야 볼때 이해가 잘가요애니결말만 알고 보면 안되는 영화입니다.반전이 있긴했지만 내용이 좀 산으로 가는것같아서 그냥그랬어요..  
20170401,4,관람객수습 불가능한 유전자 배틀물. 모든 별점은 미사의 삶에 연민으로 드린 것이다.  
20170401,5,관람객개인적으로 그냥 그럼..  
20170401,10,오랫만에 만나는 데스노트  명성을 잇다...  
20170401,8,억지로 끼워마춘 스토리 그러나 데스노트팬으로써 데스노트라는 소재로 영화를 본게 오래간만이여서 무척 좋았습니다  
20170401,9,관람객마지막 반전이 좋아요 미사가 나와서 너무 좋아요 아까운점은 .... 단역이라는거 미사(토다 에리카)  
20170401,10,개띵작입미다 개연성 완볃하고 연기도 너무좋네요 두번보러오고싶습미다^^  
20170401,7,관람객반전이 나름 흥미진진했지만 내용이 조금 난해했다  
20170401,10,관람객졸라잼있음 한번보세요  
20170401,5,데스노트가 그간 흥한 이유는 치열한 두뇌공방전 끝에 오는 짜릿한 반전 때문임을 모르나? 그저 데스노트라는 아이템에 숟가락 얹고 개봉한 느낌이 든다..  
20170401,10,관람객영화 보는동안 모든 전개가 예상됬다  
20170401,1,"관람객1,2가 재밌어서 기대하고 봤는데 돈아깝네요. 너무 재미없어요  "
20170401,1,너무 충격입니다... 창의성과 논리가 중요한 영화인데 기본적인 개연성조차 갖추고 있지 않습니다. 영화내내 집중하려고 노력을해도 힘들었네요.. 저는 후회만 남네요...  
20170401,8,"관람객우선 데스노트 새로운 시리즈가 새로 나왔다는것에 너무 반가웠고 설렜다. 하지만 전작에서 볼수있었던 등장인물들간의 대립이나 심리,두뇌싸움은 찾아 볼수없어서 아쉬웠고 스토리짜임새도 솔직히 별로였다. 미시마가 주인공으로나오는데 썩어울리진않았다.  "
20170401,1,긴장감 제로에... 스토리도 별로고... 두뇌싸움같은거 뭐 나오지도 않고.. 그냥... 그냥 다 별로에요 ;; 차라리 이거 볼 시간에 원작을 보세요ㅠㅠ 데스노트 애니를 보세요ㅜㅜ  
20170401,10,재밌는데? 이참에 전편도 다시봐야지!!!  
20170401,10,관람객가족끼리 보셔도 좋아요  
20170331,3,양꼬치 엔 칭다오와 오늘도 평화로운 중고나라...  
20170331,8,전작 안봣어도 이해에 무리없었습니다. 처음부터 끝까지 지루함없이 재밌게 잘 봤습니다 ㅋ 토다 에리카 얼굴이 예전 리즈시절로 많이 돌아온듯! 예뻤다ㅠ.. 히가시데 잘생김..생각보다 연기도 잘해서 놀람. 전작안봐서 비교는 못하겠지만 그래도 보세요 재밌음  
20170331,8,관람객기대하고 봤지만 조금 아쉽긴했어요.  
20170331,5,관람객류크사신~  왕의자리 차지하세요계획되로.~  
20170331,10,"오늘 4시거봤는데 1,2탄을 보신분들이라면 꼭 봐야합니다. 전작에서 연결되는 부분들도있고 스케일도 크고 재미있어요 10년만에 3탄이 나와서 너무 반갑습니다  "
20170331,5,저는 영화를 오랜만에봐서 그럭저럭봤는데약간 잠오더라구요 그리고 다음 시리즈를 또 만들기위한 선행편인듯합니다 그리고 뭔가 허무하기도 하네요  
20170331,1,제발 데스노트 좀 가만히 놨둬라 만화였을 때가 제일 명작이니까  
20170331,4,"기대 안하고보니 오히려 킬링타임용으로 볼만하단 생각은 들었다. 미사가 오히려 반전이었고.. 그리고 여운도 남는다. 아쉬움의 여운.. 꼭 결말을 그렇게 그려야했나란 아쉬움.. 컨셉도 일치가 안됐다. 완전한 추억팔이도, 신규스토리도 아닌 어중간함이 아쉽다  "
20170331,1,"쓰레기, 전작의 미학 다 개갖다줬다. 데스노트 조금이라도 좋아하는 사람은 절대 보지마라  "
20170331,1,진심 돈아까워요 영화보는 두시간내내 지루하고 스토리 예상되고 복선은 엄청쉽고 같이본친구랑 절교함 류자키 연기 개빡침  
20170331,1,이때까지 나온 데스노트 영화 중에 역대급이다 지금 3번 영화관에서 보고 왔다 돈이 안아깝다 어떻게 설명 해야 할지 모르겠다  각본 연출 음악 뭐 하나 빠지는게 없다 최고의 작품 !  
20170331,1,"만화책, 애니, 영화판 데스노트까지 다 본 팬으로 저는 정말 재미없었어요. 사람마다 느끼는 재미는 다르겠지만 데스노트의 재미 중 하나는 인간끼리의 심리전인데 긴장감 하나도 없었고 추리도 없었으며 대결구도도 매우 아쉬었어요ㅠㅠ 그냥 류크와 미사 보는 맛  "
20170331,10,엄청 제밌는데 재미없다고 한새기들 뭐냐  
20170331,9,관람객생각보다 너무 괜찮은 작품이었다고 생각한다. 엔딩 크레딧까지 끝까지 보고왔는데 세심한 연출이 맘에 들었다. 개봉 당일 봤고 이 영화 소식은 작년부터 들어서 기다렸는데 만족한다.  
20170331,7,교도소라는 색다른 환경. 액션이 재미있었네요  
20170331,1,쓸데없는 장면들이 많았음 초반( 도입부분이나 특공대경찰들이 난입하는 부분) 또한 L의후계자를 만드는 컨셉인데 후계자를 키라로 잡는 설정이 이전 작품과 대비되어 연장선의 작품으로 보기에 부족함. 캐릭터 설정도 부족함  
20170331,5,속편은 사신판 플래티넘 엔드?  
20170331,7,"사골게리온의 실사영화판인거냐?원작자 토리야마 아키라가 참여하지 않은,드래곤 볼 수퍼만큼이나 답없는 작품이다.차라리 울트라맨해와  "
20170331,2,우와 이정도일줄은...  완전 비추...  
20170331,1,10년을 기다렸는데10분만생각하고 만든영화였다....  
20170331,5,관람객오래 기다린 영환데 스토리도 엉성하고사신의 위압감도 낮네요.  
20170331,10,관람객생각했던 거 이상은 했! ; 끝난 줄 알았던 이야기가 끝나지 않았는데 오 볼만했어요  
20170331,10,관람객대박이다정말 good  
20170331,1,개봉아침 평점보고왔더니 속았다 바로 내려왓네  
20170331,4,설정 오류가 너무 많음새로운 노트를 만지지도 않앗는데 다른 사신이 보인다던가L의 후계자라던지 라이토의 유전자라던지.. 등등 류자키역도 별로 였고 결말도 이상했음 두뇌싸움 같은거도 없었고  
20170331,1,L 과 라이토가 없는 데스노트는 데스노트가아니다.  
20170331,5,라스트네임 때까지의 전작들이 두뇌싸움이었다면 뉴월드는 허세싸움같... 새로운시작도 번외편이랍시고 봤을때 당시에 똥같았는데 이번엔 더한 똥을...심심해서 심야로 봤는데 그냥 집에서 쉬다잘껄그랬다...딴거 다 치우고 토다에리카땜에 5점줌...  
20170331,7,초반에 좀 지루한거 빼고는 볼만했음. 전작 L이 너무 캐릭터가 강해서 이번 L이 빛을 못받았음. 데스노트 6권은 너무 남발한 느낌. 6권을 보내 이유도 너무 황당했음;  
20170331,9,"전작처럼 두뇌싸움이 팽팽하지는 않지만, 데스노트의 세계관이 뚜렷하며 전작의 인물들도 나와 전개를 이끌어주니 반가웠다. 반전도 마치 전편의 라이토가 하던게 떠올라서 임펙트있었다. 후속작이 나온다면 데스노트 세계관 그대로 2편을 제작하면 좋을거같다.  "
20170331,5,기대를 하지 않고 보는걸 추천 이전편과 비슷한전계로 지루한감이 없지않았습니다 2시간....  
20170331,10,관람객전 너무 재밋게 봤습니다 ㅎㅎ  
20170331,6,1~2편을 수십번을볼정도 팬었고 개봉소식에 매우기뻤다.개봉전일에 1~2편을 한번더보고 예매를했다.어라? 개봉일인데 상영횟수가 3회? 음....나혼자 전세내고봤다.결론은 개봉당일 상영횟수가 3회인 이유가있었어 ㅠ.ㅠ  미사에게 별3개줍니다.  
20170331,2,추리를 하지 않을거면 L을 등장시키지 말았어야했다. 각본을 누가 썼는지 이야기가 억지로 맞추어 끼워넣어서 개연성이 너무도 없다. 일반인들이 수사관과 키라를 하면 벌어지는 일을 묘사한건가  
20170331,1,내평점 1점 주기도 아까운 영화..진심 한시간 동안 지루한 전개때문에 졸려서죽는줄..6권이라해서 기대했고 새로운 사신이 6명이등장할줄알았는데 류크포함 셋뿐이 안나옴..그냥 난 류크보러다녀온거임...핵노잼...진심 돈주고보기 아까움...  
20170331,10,여섯 권의 데스노트가 등장하는 만큼 스토리 흥미진진했고 배우들의 연기도 좋았다. 후지이 미나짱 아름답고 하얀 사신 아마도 매력 넘쳤다. 속편이 또 제작되길 응원한다.  
20170331,9,난 재밌게 봄ㅋㅋ 마지막 엔딩곡도 좋으니 꼭 다 듣고 나가길  
20170331,10,"재미없을거 알지만 보러간다. 데스노트 왕 팬이니까. 단, 혼자 보러간다. 누군가에게 추천해주고싶지 않다.  "
20170331,2,이 영화는 추리로 깔 게 없다. 왜냐하면 추리가 없거든. 1점 주려다가 후반부 개그로 웃겨서 2점 드림.  
20170331,10,재밌네요 옛날 추억도 느껴지고ㅎㅎ  
20170331,1,감독을 데스노트에 쓰고 싶어지는 엉화  
20170330,8,보는내내 시엔밖에 안보였다시엔이 제일 스마트함  
20170330,3,관람객내 류자키...류자키가...류자키 캐스팅 한거 누구냐 진짜 거기다가 써클렌즈도 너무 큰거 껴서 보는 내내 렌즈밖에 안보임  
20170330,10,데스노트... 추억에 잠긴다  
20170330,10,미나님  팬이라 10점주지만 영화는 별로입니다.. 전작 향수는 많이 나오는데 원작외에 새로운 수법이 없고 짜집기같음...  
20170330,8,아미가 갓이였고 아미가 최고였으며 아미뿐이 생각이 나지않는다.  
20170330,10,이전 데스노트랑 같으면서 색다름 ㅎㅎ 매니아라면 무조건 10점 줄듯  
20170330,8,관람객반전이 조금 아쉬웠어영  
20170330,6,생각보다 괜찮다고 해서 보러갔다. 아니다.. 나만이 없는 거리 보단 재미있다. 근데 그것보단 조금 재미있다.  ㅠㅠ  
20170330,1,최악의 OOO영화 어오 욕나와  
20170330,10,관람객구웃꾸르잼잼나이스와우내돈!!!!  
20170330,8,"관람객번외편으로 생각하고 본다면, 긴장감이 없는 편이 아니니 봐 줄만 하다. 다른 것 보단 반가운 마음이 더 강했다.  "
20170330,10,재밌긴한데 약간 부족하진안았나 아쉬움과 결말을 바꾸었면 참좋았을덴데 아쉬움만남습니다  
20170330,10,마지막에  엔딩크레딧 끝나고 라이토 나오는데  사람들 안보고 나가내ㅋㅋ 쿠키영상은 봐줘야지  
20170330,10,새롭게 시작하는 데스노트 응원합니다~!  
20170330,10,더욱 강력하게 돌아온 데스노트...최고네요.  
20170330,10,데스노트 매니아에게 최고의 선물!  
20170330,10,관람객전작이랑 비교해도 재밌네요  
20170330,8,반가운~시리즈물^^어떤이야기로~또!우리를 긴장하게 만들지!!기대기대!!!  
20170330,7,전편까지는 오리지날 스토리를 각색해서 뭔가 딱딱 맞았는데... 이번은 좀 아쉽긴 함... 다음작이 기대되긴 함 ㅋㅋ 휴간데 회사 전화와서 엔딩롤 못보고 나왔는데.. 쿠키영상있다니 ㅠㅠ  
20170330,3,관람객스토리가 너무 뻔했습니다.  
20170330,4,스로리도 외모도  캐릭터의 포스도 전작에 비해 별루임  
20170330,8,"데스노트 팬으로써 개봉은 늘 반갑지만 감독이 달라서그런지 전작들과같은 재미는 느낄수없었네요 분위기도그렇고 bgm등 기대를 못미쳤어요ㅠㅠ특히 키라는 악, 엘은 선 이라는 선악구분이 주던 팽팽한 배틀이 없고 이도저도 아닌느낌이라 그리운배우들보는재미로봤어요  "
20170330,10,과거에 정말 좋아했던 시리즌데... 부디 후속작도 나와주길..  
20170330,6,미사 떄문에 6점 주는지 알아라 이게 재밌다고 ?? 알바좀 작작해라  
20170330,7,너무기대를해서그런지 계속보다가 점점 산으로가는느낌이랄까...차라리 배우를 데스노트일드배우를뽑지  
20170330,9,관람객기다렸는데 역시 반전ㅎㅎㅎ전 재미있었습니당ㅎㅎㅎ  
20170330,8,관람객끝부분에서 전개가 빨라진 느낌을 받은 거 빼고는 괜찮았어요  
20170330,10,관람객반전도 괜찮고 볼만 하네요.  
20170330,10,오늘 조조로 봤습니다 재밌네요 미사 진짜 이쁘고 그때랑 틀림 류자키 어색; 빠른 전개와  스토리는 마음에 들어요  데스노트 영화 작품중에서 제일 낫네요 ㅎㅎ 약간 한국식 비슷합니다  속편이 더 암시하는 내용도 나오네요 데스노트 빠로서 무조건 영화관에서  
20170330,1,진짜 진심으로 보지마세요..전편을 너무 잼있게 본 사람으로써...이번 건 정말 짜집기에 지루하고 연결 끊기고연기도 너무 못하고..집에서 티비로 보기도 아깝습니다!  
20170330,5,ㅎ.. 류자키 연기가 영화를 망침  
20170330,7,관람객볼만하네요 ㅋㅋ킬링타임용  
20170330,10,꿀잼요! 멋모르고 보기에는 노잼일거같고 앞전스토리를보고이해하신분들은 엄청재미있게보실듯해요! 짱잼 L사신죽는거 까비ㅠ  
20170330,7,"전작에 비해 두뇌싸움도 없고 그냥 데스노트 쟁탈전이랄까.  그래도 마츠다와 미사,  또한 영상으로라도 나온 라이토와 엘도 너무 반가웠다. 근데 마지막장면을 보고 마치 속편이 나왔으면 하는 바람이 들었다.  "
20170330,1,졸작이다 원작망신시킨 졸작이다  
20170330,6,영화 전체가 그저 일본으라는 틀에만 국한된 영화인듯. 극 초반에만 신나고 후반으로 갈수록 만족도가 떨어짐.  
20170330,9,데스노트가 6권이래서 엄청 치열하게 싸울 줄 알았는데..기대에 미치진못했지만 재미는 있었어요 오랜만에 전작 배우들 봐서 반가웠음ㅎ  
20170330,5,관람객오글거리네요 걍 c급 영화  
20170330,1,정말 보는 내내 지루했음. 원래 영화가 원작보다 개연성이나 치밀함이 부족하다고 해도 이건좀 심함. 그냥 원작 두번보는게 더 나은듯.  
20170330,8,관람객재미는 있었다.아아아  
20170330,10,엔딩크레딧 꼭 보세요 마지막 반전입니다  
20170330,7,관람객조금 아쉬운 영화 류자키는 또 죽네요...  
20170330,10,데스노트를 죽이는 목적 외에도 다른 규칙을 잘 활용한 이번편  
20170330,8,"아마네 미사, 라이토의 품에서 죽다  "
20170330,10,관람객재밌네요. 완전히 새로운 얘기.  
20170330,4,류자키  써클렌즈밖에 안 보임  
20170330,1,"문화의 날이라해서 5000원에봤는데 왕벌식당가서 돌솥비빔밥이나 먹을걸 나댔다. 아 어지간해선 평점 등록 안하는데 이거뭔,  남자친구랑 보러갔다가 코미디인줄앎. 라이토와 L을 모욕하는 시나리오. 주인공들의 두뇌싸움은 1도안나온다.  "
20170330,8,꽤 잘 만들었고 일본 영화 특유의 느낌이 덜 났어서 좋았음  
20170330,2,관람객데스노트 덕후님들 유전자이야기 원작에도 나와요? 아무리생각해도 말이않되서 ;;  
20170330,10,그 데스노트와 이어지느건가  
20170329,10,데스노트 영화 2006년에 나온것만 봐서 (그것도 얼마전에!) 난 재밌게 잘  봤음. 다른 배우들도 물론 연기력이 대단했지만 이케마츠 소스케의 연기가 특히 대박적이었음.그리고 마지막에 엄청난 반전이 있음^^ 문화의 날이라 싸게 잘 본거같다 . 난10점  
20170329,10,쓰레기 치고는 정말 잘만들엇네요  
20170329,9,관람객데스노트유저라면 흥미롭게 감사했을듯마지막에 반전~  
20170329,6,"관람객그럭저럭,,, 역시 시리즈는 1편이 최고,,,,  "
20170329,10,"실사영화는 여기까지. 데스노트 영화 전편들 생각해서 기대치가 많이 낮았는데  충분히 명예회복했다는 생각이 들 정도로 재밌었음. 원작 데스노트 특유의 두뇌싸움은 없지만 , 영화 내 떡밥+회수, 개연성, 반전까지 모든 내용을 깔끔하게  잘 정리했다.  "
20170329,10,류자키 처음보다 볼수록 좋은캐릭터인듯캐릭터별 개성도볼만했고생각치못한 전개도 재미있어요아 그리고영화끝나고 바로 나가지마세요막판에 결말에 대한 힌트있어요  
20170329,10,엄청 재밌다.. 진짜 마지막 반전보고 깜짝놀란다...근데 데스노트 2006 떡밥들이 죽는게 좀 아쉽다 ㅠㅠ또 나왔으면좋겠당!! 미시마 화이팅!  
20170329,10,관람객장르를 뭐라고 말하기가 ㅋㅋㅋ  
20170329,8,1점 평점 많아서 좀 걱정했는데 생각보다 볼만합니다. 구성이 엉성해서 생각을 많이 하면서 본인이 이해하면서 봐야되고요. 후속편은 이제 그만 ㅜㅜ 암튼 토다 에리카 예전 모습이 너무 그립습니다....  
20170329,8,관람객생각보다 재밌게 봤는데 너무 길었어요 그래도 그 전편보다는 재밌으니까 추천할께요 !  
20170329,8,잼잇기만 하구만  에초에 원작과 다르게 스토리 짠 오리지널인데 악평하는 사람들은 원작 제데로 안보거나 데스노트 자체ㅡ제데로 안봣구만 그리구 반전도 꾀잇어서 볼맨함  실사랑 원작 둘다본사람은 꼭보세요 2도 나올거같음 열린결말이라  
20170329,6,글쎄 전작 부분부분 짜집기 해서 붙여넣은 부분도 많고 반전도 진부하고 팬이라서 개봉일에 봤는데... 흐 실망이네요 데스노트 원작 특유의 반전이나 치밀함은 느껴지지 않고 전개도 그냥 제멋대로인듯  
20170329,1,억지설정 오지고 연기는 다들 중 2병인것마냥 허세장난아님. 보다가 스토리에 어이 없어서 5번 정도 웃음. 당분간 일본영화는 안봐야겟네요  
20170329,1,아는 형님이 추천해줘서 봤는데 보다 잤습니다. 진짜 지루하고 종이인형 연기 꼴볼견이에요. 연출 좀 제대로 했으면.. 문화의 날이라 오처눤에 봤는데 오천원도 아까운 영화였습니다. 정말 보지 마세요. 시간과 돈을 버리는 아주 좋은 방법입니다.  
20170329,1,감독 데스노트에 적고싶다 진짜 영화관을 숙면관으로 만들어버리네;  
20170329,5,괜찮으면 두번 세번 네번 봐야지했는데 내용전개 걍 그냥 좀 그랬음. 한번보고 봤다는 것에 의의두고 끝내기로. 그렇지만 사신이 참 예뻤다. 이거하나만큼은 좋았음  
20170329,8,관람객사신이 멋있어서 볼맛이나는듯  
20170329,1,"관람객알바 아니고 너무 재미없다.... 데스노트 1,2 생각하고 가면 잠자고 온다 애들아 ...개연성도 형편없고 존나 반전 같지도 않는 반전만 나온다 ㅋㅋ  "
20170329,10,별점은 후하게 주지만 영화관을 나올땐 슬펐다 어린시절 좋아했던 만화가 다소 실망스런 영화로 나오게 되서  
20170329,10,오늘  데스노트 더 뉴월드를 한다고해서 보았는데 키라가 미사미라니 거기다 맨마지막은 미사미가 류자키가 되고 이거영.. 뭐 더이상 스포는 안하지만 오래간만에 아마네 미사보아서 좋았네 다만 예전모습이랑 다르네.  
20170329,8,관람객전작에 비해 스토리가 빈약하고 개연성도 없음 기대보다 별로였다  
20170329,7,관람객예전 편들이 더 나았어요 ㅠㅠ  
20170329,8,관람객조조로 영화 봤는데 생각보다 재밌네요... 속편이 만들어 진다면 좀 길게 했으면 좋겠네요^^  
20170329,10,오늘 쿠키영상 못 보고 나왔는데 4월 1일에 다시 가서 볼거임 봐도봐도 제미 있다 난 애니 말고 영화로 밖에 안 봤는데 라이토랑 L이 조금은 나와서 반가움 시리즈 다 재미있는데 이번엔 더 재미있는듯 다시 극장가서 봐야지  
20170329,7,쿠키영상있어요 데스노트 시리즈 다 보고 봤는데 괜찮게봤습니다 기존 데스노트스러웠던 영화에요 다음편 또 나오겠네요 의리로 또 볼 듯  
20170329,9,관람객진짜 재미 있다 기대 안했눈데  
20170329,8,먼저 나온 3편의 드라마를 보고 봤는데 나름 볼만 했어요. 새로운 설정이 생겨서 조금 혼란스러울 수는 있지만 데스노트 팬으로서는 다음 후속편이 나와주길 바랄 뿐이에요. 이대로 끝나면 너무 어중간하니까. 저는 쿠키영상 못봤는데 보고 나오세요.ㅜㅜ  
20170329,1,관람객어수선  재미없는복잡함  지루  실망  
20170329,10,와 난잡할거같았는데 정말 기대이상으로 재미있었다! 마니아층으로서 너무너무 좋앗다. 화장실땜에 디어다이어리만 듣고 쿠키영상 못봐서 ㅂㄷㅂㄷ중.  
20170329,1,"일본, 홍콩 영화계는 TF팀 구성해서 전부 바꿔야 할듯. 이걸 돈내고 본다는게 신기함  "
20170329,1,1달 뒤에 평점 5~6점대 예상한다 어휴 어휴 퓨우우우  
20170329,1,댓글알바들 수고가 많다 이거볼 시간에 데스노트애니를 봐라  
20170329,9,전편들 보다 훨씬 좋네요.일본은 애니를 영화화하는 능력이 한참 떨어지는거 같은데 이번작은 단독으로 나온 영화라 오리지널 만화책에 얽매이지 않는 설정이어서 더 재미 있었네요영화 자체로만 본다면 7-8점 사이지만 후지이 미나 나와서 플러스 1점 ~~  
20170329,5,관람객그저 그랬던거 같다ㅋㅋ  
20170329,7,미시마는 조정석 닮았고 뉴키라는 아이언 닮았고 L후계자는 정준영 닮음 -끝  
20170329,6,생각보다 재미나 ㅋㅋㅋㅋ남주 존잘  
20170329,5,음...오....아....예  
20170329,8,관람객역시 데스노트! 볼거리는 더 풍성해지고 스케일도 커졌다!  
20170329,10,오리지널 스토리라 만화스런 분위기도 없고 잘만든 미스테리물 느낌이 나서 좋았습니다.  
20170329,8,그럭저럭 볼만은했다전편과달리 범죄자만죽이지않고 무차별로죽인다미사가 잠시나와 너무나반가웠다 류자키는 음 L과 다르게 사람약올리는행동을해서 예전L이 그리웠다긴장감은없고 두뇌싸움도없어 뭔가시시한정도?  
20170329,8,관람객생각보다 재미있는데 시간가는지 몰랐음  
20170329,9,관람객괜츈하네요. 시리즈의 새로운 시작에  걸맞는 작품같음. 추천!  
20170329,9,꽤 재밌네요 ㅎㅎㅎ 볼만합니다.  
20170329,10,꼭보세요! 데스노트 명작! 캬!! 재밌게봤습니다.  
20170329,10,최고의영화 BESTNO.1을 선사할것입니다  
20170329,10,관람객ㅠㅠㅠㅈ류자키ㅠㅠ 스틸만으로 취향저격이었는데 진심.. 영화에서도 취향저격.. 미친 캐릭터 최고.. 류자키때문에 한 번 더 봐야겠다  
20170329,8,영화는 나쁘지않으나 너무 긴 러닝타임이 마이너스..엔딩에 쿠키영상있으니 끝까지 보세요 ㅋㅋ  
20170329,10,관람객기대 1도안했는데 생각보다 중후반부터 달려서 나름 잼게 봄 씨지도 옛날처럼 거슬리지않고 딱 팝콘무비!!  
20170329,7,툭하면 권총들고 L 후계자는 후계자답지않음 결론은 미사이쁨  
20170329,10,"관람객꿀잼, 생각없이 보다가 다가온 반전에 띵!  "
20170329,10,"관람객Good movie, awesome CGI work  "
20170329,10,관람객전작과 다른 배우들이라 새로운 이야기인듯한 느낌  
20170329,5,방금 조조 보고 나와서 평점 남깁니다 ㅠㅠ... 기대를 많이 했던 탓인지 실망이 큽니다  
20170329,10,"관람객친구가 아침부터 끌고가서 본 건데, 아침부터 보고 온 보람이 있었습니다. 미시마 너무 멋있어 ㅠㅠㅠ  "
20170329,10,관람객류크랑 미사 다시보니 너무 반갑다:D  기대보다 재밌었다  
20170329,10,관람객데스노트는 사랑입니다  
20170329,10,"관람객조조로 보고 옴, 확실히 업그레이다 돼서 볼만함!  "
20170329,10,관람객역시 기대를 져버리지 않는 데스노트! 기대보다 더 좋았음ㅋㅋ  
20170329,10,관람객조조로 관람했는데 생각보다 너무 재미있는데요!  오랜만에 꿀잼 영화 관람했네요~  
20170329,10,관람객오랜만에 보는 데스노트 예전 기억이 새록새록 재미있어요 ㅎㅎㅎ  
20170329,10,관람객히가시데 마사히로 넘나 멋있고 오랜만에 류크 보니까 반갑네요! 즐겁게 관람했습니다~  
20170329,10,관람객만화책에서 볼 수 있던 숨막히는 긴장감이 영화관에서 나의 심장을 폭행했습니다...긴장을 느껴 보세요. 후지이 미나...팬으로써 강력 추천 입니다  
20170329,10,관람객조금 더 세련되진 비쥬얼에  전작들의 데스노트이 겹쳐지면서 추억도 새록새록...지난편보다는 더 재밌게 봤어요~^^  
20170329,10,관람객히가시데 너무 잘 생겼네요 ㅎㅎ  
20170329,10,관람객못가서 못봤는데 슬프다  
20170329,10,"관람객이전과 다른, 새로운 데스노트.. 내용 캐릭터 신선하고 재밌었음. 마지막에 쿠키? 비스무리한 장면 있습니다.  "
20170329,10,아침에 보고 왔는데 재밌는데? 1점 줄건 없다ㅋㅋㅋ  
20170329,10,관람객옛날 캐릭터 만나서 좋았고 데스노트여섯권이라서 어케 전개될지 궁금했는데 생각보다 흥미로웠다 볼만함  
20170329,10,배우들 팬이라면 꼭 봐야함 미사미사 오랫만에 봐서 좋았음  
20170329,10,돈이 아깝지 않다. 신고질라보다 더 낫다  
20170329,9,작년 10월 일본에서 보고옴. 이정도면 깔끔한 수작임. 전편이 망쳐버린 시리즈를 다시 부활시킨 작품이랄까. 근데 난 류크CG는 예전꺼가 더 나았다... 적응이 안되더라  
20170329,10,생각보다는 재밌음~ㅋ  
20170329,10,ㄱ 냥그러타 댓글채우기  
20170329,10,정말 재밌게 잘 봤습니다.  아이 엠 어 히어로 감독 특유의 코드가 있어서 좋았어요.  
20170329,10,재밋겟다웅아아아아!  
20170329,9,6권의 데스노트... 아무르미에 노래 후지이미나 다  좋다.  
20170329,1,개연성이 전혀 없는 영화;스토리도 구리고 필요없는 전개 다 쑤셔넣음; 새로 나온 류자키는 매력도 전혀 없고 말빨 좀 세고 약올리기 잘하는 꼬맹이 같고 주인공은 발휘하는 게 전혀 없음 두놔싸움과 추리를 기대한다면 절대 보지 말것. 허세에 가득찬 영화다  
20170329,1,B급영화도 아닌 C급영화  
