0,1,2
20190114,10,참신하며 명료하다 전문가 평점은 좋은걸 좋다고 말하지 못하는 위선  
20190114,7,평점  낮게 준 놈들은 인종차별까지해대네   몹쓸놈들...  
20181218,1,내가 본 영화중에 워스트3에 든다  
20181105,10,엠마왓슨때문에봄ㅇㅇ  
20181104,6,SNS 로 인한 디스토피아... 역시 SNS 는 인생의 낭비다.  
20181010,5,음  영화가 끝나고 나면 이게모지 ?  할겁니다.  
20180926,8,IT 시스템과 사생활 침해의 상관관계를 생각해 보게 된다.  
20180925,1,엠마왓슨의 지루한 책연기  
20180828,2,큰 기대를 하지 않고 봤는데 정말 기대하지 마라  
20180809,4,큰기대 안하고 볼영화그냥 그럼  
20180808,1,상식이 없는 멍청한 영화  
20180808,1,몰입이 일도 안되는 영화.. 배우도 몰입 못하는거 같고 내용도 전혀 공감이 안가는데 당연하다는 듯이 전개되는 불편한 영화.  
20180806,1,이건 뭐....엠마 왓슨이 나와서 봤더니 그게 다인 영화.. 결말도 뭔헛소리인지 모르겠고 타이는 중요한것처럼 나오더니 비중은 그냥 관객3정도.. 일단 저 사이비 회사가 불편해서 영화보는 내내 인상 찌푸리고 볼 정도였다.  
20180806,4,마무리가 왜이래..이거..ㅡ.ㅡ  
20180806,10,다단계 집단 보는 느낌 ...영화관이랑 ocn 편집됐네요~..엠마왓슨 더서클서 밉상  
20180806,8,인간의 본성에 대해 알아볼 수 있고 서로가 서로를 감시하는 사회가 인간과 얼마나 맞지 않는 정책인지. 민중주의가 얼마나 안좋은 것인지. 왜 많은 사람들이 자유주의를 선택한건지 이해할 수 있다  
20180806,9,서클의 생활은 마치 사이비 종교를 보는듯했다. 마치 무언가에 홀린 것처럼  
20180722,6,많이 문제화되는.그래서 조금은 상상하기도  한 주제를 다름 재밌게 풀었다.하지만 아쉬운 부분도 있다. 보예가의 역할이 마치 앙꼬없는 빵처럼 느껴졌고 마무리도 찝찝했다.  
20180717,2,친구 애니는 갑자기 왜저러는건데요..ㅋㅋ 뭐 유추해보라는겁니까 진짜 별로임  
20180712,9,마무리 모호함..이런거싫어하는데..그래도앞부분이 흥미로워서 봐줌  
20180610,8,지나치게 표현한 SNS의 단상~  
20180607,8,Circle이 보편화될 세상은 불과 몇 년 남지 않아 보인다. 원작 소설과는 다른 결말로 제작되어서 그런지 결말 부분이 좀 어수선해진 것이 아쉽다.  
20180606,7,짐 캐리의 트루먼쇼라는 옛날 영화도 떠오르네요  
20180605,1,소름끼치는 소재. 처음부터 끝까지 발암유발 영화. 스트레스 100퍼  
20180603,8,저런 실시간 카메라가 하나 있었으면 좋겠다. 나를 괴롭히는 아줌마들 할머니들 영상 찍어 올리게... 아줌마들 할머니들이 좀 젊은 남자라면 얼마나 껄떡대는지 모른다... 정말 스트레스다..그들이 제발 빨리 죽기를 바란다.  
20180525,8,뭔가 급하게 마무리한감은 있지만 대체적으로 재밌음  
20180524,2,억지스럽다. 저렇게심한 사생활침해를 제재없이 동의하는사람이많다는게. .배우들이아깝다.  
20180519,2,주제와 배우가 아깝다.  
20180430,10,현재 일어나고 있는 일들과 다가 올 미래에 대해서 생각해 보게 하는 영화. 추천합니다!  
20180424,10,남 사생활 관심 많고 관심이라며 피해 주는 사람들. 내 사생활 sns에 공개하며 좋아요로 먹고 사는 사람들은 영화보고 느낀 점이 있길~  
20180421,4,톰 행크스와 엠마 왓슨 캐스팅해서 만든 영화가 이 따위라니... 참 나... 너무하네.  
20180410,10,sns 중독자가 아니더라도 사생활을 강제로 공개 당하는 사람도 있다 저를 감시하면서 수집한 데이터는 다 어디로 가나요  
20180410,7,너무 열린결말로 가지않았나싶다~ 좋은 재료였는데 맛이 좋지않았다.. 뭘 말하고자 하는지는 알겠지만 감독의 본심이라도 제대로 보여줬으면어땠을까 싶다. 결말이 분명했어도 어차피 판단은  관객이 하는건 똑같으니까  
20180409,6,흥미돋게 시작하다가 마무리가 흐지부지라 아쉽다  
20180405,8,Not bad .... !  
20180403,7,"엠마왓슨의 심리변화에 촛점을 맞추어 보게 되는 영화. 주인공이 대체 왜 저러지? 싶을 때가 있긴 했지만, 전체적으로는 볼만했던 영화  "
20180331,6,"용두지미(용의 머리, 지렁이의 꼬리)의 전형적인 예  "
20180329,2,좋은 배우를 납두고 내용이 너무 어수선하다 집중이 안되  
20180325,3,영화를 찍다 만 느낌이다. 결말이 허무하다. 엠마 왓슨은 매력적이다.  
20180319,10,내여친이 sns 중독인데 이거 일부러 보여주고 싶다 ...  
20180314,1,벌렁까지 코구멍 연기 못하는 깜디세기왜 자꾸 나오는지 모르겠메  
20180311,6,소재는 흥미로웠으나 결말이 시시껄렁했다. 스티브잡스의 연설을 보는듯한 느낌이 들어 멋있었다.  
20180308,6,무엇을 말하고 싶은건지 확실한 포인트가 없다. 메이의 주변인물들은 사생활 침해로 인한 피해를 보았는데 정작 메이는 사생활이란 없다라며 주장하고 있으니 아이러니 하다. 다만 영화의 구성은 괜찮았다. 후반 급마무리가 예산이 딸려서 그런지 아쉬웠지만  
20180305,1,수업 시간에 초딩들한테 이 영화 보여 주고 뭐가 잘못됐는지 가르쳐 주는 식으로 써 먹으면 그나마 이 영화가 생산적으로 쓰이겠는데 딱 그뿐임 초반부터 전개가 너무 예상되고 유치하고 회사가 무슨 사이비 종교 집단같다 왜 다같이 박수쳐 ㅋㅋㅋ 수준낮아 진짜  
20180227,8,보는 내내 소름이 멈추질 않는다 공포의 요소를 넣지 않고도 엄청 공포로 다가왔던 영화다 영화에서의 이야기가 현실이 된다면 생각만 해도 소름이 돋는다  
20180223,1,답도 없는 영화...무엇하나 제대로 설명하지 못했다..  
20180218,10,지금 볼겁니다 선추천후 영화감상 ^.^  
20180209,8,마무리가 시원치않은게 함정  
20180206,2,근데 그래서 결말이뭐에요? ㅡㅡ 결말이 왜이럼  
20180204,5,"광고보고 흥미가 생겨서 봤는데 그게 재미의 전부였다. 생각보다 무게감이 있었는데, 풀어가는 과정에서 거부감이 느껴져서 괜히봤다 싶은 영화.  "
20180129,8,주제에 연기에 다 좋은데..진짜 껄끄럽네ㅋㅋㅋㅋ 특히 소울서치 부분에서는 그냥 그만 보고싶었음  
20180129,10,정말 생각을 많이 해주게 하는 영화다..  
20180122,4,엠마왓슨은 착각하지말길!  그대가 해리포터의 아역이 아니고 성인연기자로 데뷔했다면 비급영화의 주연급도 보장못하는 페이스임!  자꾸 그지같은 영화에 출연하면서 자신이 셀럽이나 되는 냥 굴면 금방 망할거임!  
20180114,5,하고 싶은 말은 많고 대충 무슨말을 하고 싶은 지도 알겟는데 결말이 어리둥절했던 영화. 좀 이상;;;  
20171229,1,처음으로 영화 평점 올린다. 영화를 보면서 화난 적은 처음이다. 관객을 바보로 아는 것인가?  
20171227,7,공유란 이름으로 성장하여 새로운 사회적 부조리를 낳고 있는 플랫폼기업에 대하여 이제는 다른 시각에서도 접근해야할 때다.  
20171226,7,너무 많은 것을 담으려다 모두 놓치고 만  
20171224,1,현실적인 문제를 지적하는데 영화 속 세상이 현실적이지 않다..  
20171223,2,배우와 소재 다좋은데 그걸 풀어내는 법잎잘못된느낌  
20171214,5,"이게 무슨 내용인가 싶다가도 갑자기 집중이 돼었던, 사생활과 개인정보는 불가침영역이라는 걸 강조하는 영화.  "
20171210,7,흥미로운 주제였고 엠마왓슨의 매력이 대단했다 톰행크스가 조연인걸 크게 신경쓰지 못할정도로. 정보독식의 주제는 흥미로웠으나 한편의 기승전결이 끝난거 같은 느낌은 들지 않는다. 문제 제기 정도로 그친 영화였다  
20171203,1,영화 보다말고 평점남긴다 욕쟁이로 만들래?  
20171111,3,"세상이 당면한 문제를 꼬집는 영화를 자처하면서 사유와 성찰의 깊이가 얕다면, 그것은 비웃음의 대상이 되어 마땅하고, 좋은 배우와 고급진 화면, 음모와 서스펜스의 연출로  그를 어떻게든 팔고자 하기까지 한다면 그것은 비난과 기피의 대상이 되어 마땅하다.  "
20171108,3,"개연성도 떨어지고 주인공 연기도 고등학생이 학교생활 하는거 같고. 친구 애니는 왜 갑자기 멀어진건지, 주인공이 주목받게 되고 나대는 상황 전개도 어설프고. 말하고자 하는건 알겠다만. 어설프다.  "
20171104,7,스마트 기술의 편리함과 사생활 문제를 아슬아슬하게 줄타기 하다가 막판에 끊어져버린다. 초반엔 뭔가 그럴 듯하게 진행하다가 결국 마무리가 아쉽다. 이런 문제를 제기하는 내용이 좀 식상하다고 느끼는 이유도 있고..  
20171101,5,좀 억지스러운 설정과 결말이 좀 아쉽네요.  
20171030,4,뭘 말하려는지 알겠지만 어수선하고 허술하다  
20171030,5,보는 사람에 따라 평점이 갈리는 영화입니다. 영화를 보고 해석하는것을 좋아한다면 좋아할 내용과 마무리 입니다..만 그렇지 않다면 비호. 엠마 왓슨이 처음부터 끝까지 화면가득 나오는점에서 4점 추가합니다.  
20171029,6,지겨운 주제로 치부하기엔 절실히 많은 대화가 필요한 주제다.  
20171027,2,진수성찬 차려놓고 시리얼을 말아먹는 영화. 철학적 사유가 필요한 부분은 다 건너뛰고 단순한 대사와 사건만 보여준다. 흡인력도 없고 재미도 없다. 전개나 결말도 모두 엉망. 빅브라더와 광장과 인간소외를 설명할 능력도 자세도 안되어있다.  
20171022,1,영화같은 선전영화...  구글 페이스북 등이 좋아합니다  
20171014,7,소재는 괜찮은데... 마지막에 너무 후다닥 마무리 됐고 뭐가 어떻게 해결된 건지 모르겠음. 타이 라피트의 존재는 뭘 위한 건지.  
20171010,5,소재는 괜찮은데 전반적으로 지루하게 진행되다가 시시하게 끝나버림.  
20171010,1,0점이 없다는 게 통탄스러울 따름  
20171009,6,마무리가 아쉬운....톰행크스에 너무 많은 기대를 한 영화ㅠ  
20171008,10,IT 시대에서 살고 있는 우리들에게 미래에 분명히 일어날 일들을 미리 고민할 수 있는 기회를 준 영화 같습니다.  
20171008,9,저는 갠적으로 흥미롭게 봣네요~ 현대과학이 예전이 비해 많이 발달하였고 앞으로도 발달할것이고 공유하는 세상에 살고있어 SNs등 너무 보여주기식으로하다보니 본인의 삶이 점점 없어지는이 아닌가 등 내용을 전달하려는것 같네요  
20171008,7,"완숙과 미숙의 사이...그 어디쯤인데, 그래도 볼만은 하다.  "
20171007,5,경고는 좋으나 구성을 아마추어처럼 잘 못했다. 이것저것 생각은 많은데 짜임새를 갖추지를 못하는 듯. 비행기에서 중간에 끌 뻔  
20171003,5,비호감 극혐 여주..그냥 보기 불편한 스토리에 짜증났던 영화  
20171003,8,결론이 먼가 아쉽네요.. 영화가 하다가 중간에 끝난 느낌~  
20171002,7,진짜 무섭다.원하던 원하지 않던 나의 모든 것을 타인과 공유하며 살고 있다니.효리네 민박이 떠오르는건 왜 일까?  
20171002,1,급마무리. 이걸 볼 바에야 차라리 블랙미러 영드를 보세요. 비슷한 주젠데 훨씬 잘만듬.  
20171002,1,"알바가 너무 많아 보여서 보다 못해 평가 남깁니다.진짜 최악의 영화입니다.요즘같은 시대에 꼭 필요한 주제였고, 충분히 참신하고, 아주 현실적으로 공포스러울 수 있게 다룰수 있었음에도..이영화는 최고의 소스들로 똥을 만들어냈어요.  "
20171002,2,사이비나 다단계 집단 이야기인 줄...주인공은 끝까지 정신 못 차린 것 같은데 정말 말하고자 했던 게 이런 건가?  
20171001,10,재미없다는 후기가 많아 기대 없이 봤는데 현실적으로 충분히 일어날 수 있는 이야기에 몰입했습니다전 사생활 노출이 싫어서 소셜미디어를 하지 않는데 그래서 더 공감돼고 재밌게 본거 같아요  
20171001,10, 와... 영화 끝나고 한동안 멍하니 있었습니다. 써클 sns로인한  최대 피해자는 우리 주인공의 친구 머서였네요. 연출력 끝내줍니다.  
20170930,1,급진적인 건 위험하다.  
20170924,7,"먼 얘기를 하고 싶은지는 알겠는데 풀어내는 과정과 마무리가 너무 엉성하다. 실시간 sns, 방송은 결국엔 독이 될 것이다. 지금 당장이라도 컴퓨터와 폰을 놓고 자유롭게 살아보길  "
20170922,8,대체적으로 나쁘지 않게 봤다. 개인적인 생각으로 엉성한 부분도 있고 급하게 마무리 하는 느낌도 받았지만.. 그냥 미래에 대한 영화가 너무 좋아서 좋게 본걸지도 모르겠다..  
20170918,5,"재밌는데 재미없는 영화. 막이 내린 직후 내가 느낀 점은.. ""대체 내가 뭘 본거지""  "
20170917,5,뭔 말도 안되는 쓰레기 영화네  
20170915,10,정답없는 삶... (현타)  
20170904,8,"현대사회의 폐해를 잘 담았다. 원치않는 개인정보 공개, 6초에 한 번씩 찍히는 CCTV, 사생활 인권침해..이 영화는 극단적 상황에서 초래할 수 있는 위험성을 단적으로 담아내려 했다. 상상만으로도 끔찍한 세상이 아닐 수 없다.  "
20170903,5,극단적으로 상황을 몰고갔음에도 지금같은 세상에선 더이상 놀랍지도 신선하지도 않은 이야기.   마무리는 뭐..  
20170901,9,2017년판 트루먼 쇼  
20170827,2,R.I.P. 팩스턴...ㅠ  
20170823,10,"영화는 제법 많은 내용을 은근히 내포하고있다. 집단지성 또는 광기의 폐해부터 시작해서 대중, 간접 민주주의  에 대한 생각까지 누군가들에겐   매우 불편할수있는 그런느낌이  들게할수 있는 영화.  아는만큼 보인다.  "
20170823,1,뭘 말하고 싶은지 결론도 감동도 재미도 없는 영화 시간 아까운 엉화  
20170822,7,"딱 설정까지만 좋았던영화 초중반의 루즈함 , 떡밥회수도 재대로못한 결말 여기서도 엠마 왓슨은 이쁩니다 ♥♥♥  "
20170821,6,굉장히 애매한 영화.. 메시지는 알겠으나 전개과정이 매끄럽지못하고 비현실적이다 그리고 메시지를 표현하는 방식도 너무 극단적이고 단순하다 이 분야에 관련된건 한국영화 소셜포비아를 추천  
20170821,8,앞으로 발생될 수도 있는 상황인데 IT 기술이 장점만이 아닌 단점도 있다는 것을 잘 보여준 영화라 생각합니다.  
20170821,1,화법이문제야 화법이...  
20170819,6,"플롯이 매끄럽지 못해서 마치 편집본을 보듯 이야기가 뚝뚝 끊기곤 한다. 여러가지를 욕심내는 바람에 깊이는 얕고, 일관성이 떨어진다. 기술에는 죄가 없다. 방법의 문제일 뿐  "
20170819,4,초반부터 너무 지루함이 집중력이..  
20170818,7,SNS의 순기능과 역기능을 보여주는듯 하나 개인사생활까지 강제로 공개당하는 입장에 있을땐 엄청난 스트레스일듯.. 프라이버시존중은 인간이면 기본적으로 갖춰야할 예의다  
20170817,5,IT에 먹혀버린 캐릭터들  
20170817,7,관종놀이도 좋지만 자기도 모르게 남에게 피해를 주는 경우가 많다  
20170815,3,말하고자하는 것은 많았지만 다소 현실성 떨어지는 과한 전개와 매우 합리성이 부족한 연출. 영화속 현실에선 사람들의 사리분별력이 굉장히 수준 떨어져 보이며 애매모호한 엔딩은 더욱 충격적이다-- 감독이 말하고자하는 요지가 무엇인지 도무지 알수가 없다.  
20170815,9,엠마 왓슨 연기에  몰입한 영화~ 그리고 이쁘다..  
20170815,8,영화 줄거리는 좋았는데.. 결말이 아쉬웠던 영화  
20170812,7,말하고자 하는것은 좋았으나 급한 마무리.... 아쉽다  
20170812,8,"서클의 중견진들은 다단계를 보는듯했고, 직원들은 사이비 광신도들을 보는듯했다. 인류의 미래가 이런 방향으로 흘러가지 않기를...  "
20170812,9,이 영화가 이 영화에게 하고싶은 말이네요 ㅎ  
20170812,1,모든 청년들을 의무 가입하게 해야 한다네..  다단계 전자요 가 생각났다.  그런식으로 생각하고 그것을 옮긴 영화.  
20170811,5,"소재는 좋았다. 다만 마무리가 많이 아쉽네요.정작 잘못은 시스템인데 경영진에 부도덕으로 몰고 가서 끝내는 권선징악에 루트를 밟으면서, 진짜 잘못은 누구가 아니라 시스템이라는것을 말하지 못한다.갠적으로 엠마왓슨이 연기한 샘 정말 극도로 혐오스럽다  "
20170811,5,아쉽네요..비슷한 소재지만 전혀 다른 내용의 디스커넥트를 추천합니다^&^  
20170809,5,유행에 뒤늦은 영화ㄷㄷ  
20170808,3,용두사미가 저절로 생각나는 영화였다  
20170807,8,진짜 sns중독은 독이다 과장이 많이 되었지만 현실은 sns 중독자가 너무 많다  
20170806,5,뻔한 소재를 겁나 지루하게 늘어놨다가 쌩뚱맞게 끝냄..여주가 극과극의 가치관을 넘나드는것도 개연성없고...배우들 이름값만 없었으면 존재감도 없었을 영화..  
20170805,4,현시점과 맞지않는 영화같은데.. 저런 논란은 몇년전에 있었고 법은 사생활보호쪽으로 많이 생기지 않았나?? 물론 엠마스톤같은 연예인들은  많이 공감하면서 찍었을거같긴하지만  
20170804,5,모든 사생활을 공유하는데 대중이 찬성한다는 우스꽝스러운 기본 발상 자체가 리얼리티를 떨어뜨림..그게 장점이 되는 부분을 부각시키려 했지만 역부족..상식을 뒤집는게 핵심 소재가 되어버리니...  
20170803,5,주제는 뚜렸하고 분명히 이야기하고 있지만 중간 마다 개연성 없는 전개로 영화보는 내내 의아했어요 밤에 카약타러 나가는 장면이 특히 그랬습니다. 스토리전개부분에서도 10%부족한 전재인거 같네요  
20170802,9,근래에 봤는 엉화중에 제일 재밌었음  
20170802,6,"재미는 없고,  그냥 빨간사람들 결말 ㅋㅋㅋ 저기 나오는 사람들은 수입소고기 사태의 어떤 나라 국민들 같음 ㅋㅋ 선동되고 후회하지만 다시 선동되는 안타깝다 ㅋㅋ 교훈 있어서 6점  "
20170802,1,진심 지루함의 끝판왕이네..엠마왓슨 이뻐서 30분은 진짜 참고봤다  
20170801,10,사생활이 없어진 사회가 가장 이상적인 세계일까?  
20170731,7,흥미로운 소재였으나 소재를 살리기 위한 설정과 전개가 지나치게 억지스럽고 단순했다. 유명 배우들과 특수 효과로 과대 포장한 기대 이하의 범작.  
20170730,5,의도는 알겠는데 현실성이 너무 없다.  
20170730,10,빅브라더 두려워할 거 없다. 너희들이 빅브라더니까.  
20170730,8,누가 봐도 구글이자나.  
20170729,8,예전  ms의  빌게이츠를  안좋게  묘사한  패스워드란  영화가  생각나네..시대가  바뀌니  모델이  바뀌고  
20170729,6,"급한 결말이 아쉽지만, 우리가 귀담아 들어야 할 경고.  "
20170729,5,사이비 종교 느낌 낭낭. 머서가 제일 불쌍함  
20170728,7,영화 전체가 독재정치가 합리화 되어지는 과정을 보여주고 있다 더서클의 최고 관리자 마저 시스템의 적용 대상이 된순간 시스템은 목적이 사라지고 모두에게 규칙을 부과하는 존재가 되었다 이영화는 미디어를 신으로 만들었다  
20170728,10,보는내내 기분이 좋지 않았네요. 뭐랄까 누군지도 모를 사람들에게 감시당한다는게..  
20170727,6,너무 억지스럽지 않나?  
20170727,3,억지설정에 공감도 못이끌어냄..예상가능하고 촌스러운 연출.  
20170727,8,"일단 엠마왓슨 예쁘고.. 나를 돌아보는 계기가 됐다.. 요즘 너무 PC,폰,태블릿을 달고 살았던거 같은데 줄이고 자연을 느끼고 살아야지..  "
20170727,7,배우들의 이름값에 비해 영화는 기대 이하지만 현대사회 또는 가까운 미래에 일어날수 있는 주제를 다루고 있어서 한번 생각해 볼만한 가치는 있다.  
20170726,10,sns 의 무서움을 제대로 표현한 영화  
20170726,7,사생활이 보장 안된다면... 무섭다... 재미 보다는 앞으로 다가올 미래  
20170725,1,서클 직원들 볼 때 사이비 집단 보는 듯한 느낌.  
20170725,9,시사하는점이 아주 크다  
20170725,9,다가올 미래에 내 사생활이 전부 생중계된다면?? 끔찍하다.. 영화는 재밌게 잘 봤어요.  
20170725,10,극강의 관심종자들도 결국에는 미쳐버릴수있을만한 세상이군  
20170724,4,뭔가 영화가 보다만 느낌? 머서때문에 충격적이었음  
20170724,10,이 열화는 그 어떤 영화보다 소름끼쳤음 실제로 안일어났으면 함.  
20170723,1,이딴걸 영화라고 만든 감독 대단하다 진짜..ㅋㅋㅋㅋ톰행크스가 아깝다  
20170723,1,1점도 아깝닿ㅎ 리얼팩트  
20170723,5,영화설정 자체가  오바  그러다보니 스토리가 극단적으로  가고  스토리가  무리수마치  중딩이  시나리오를 쓴 느낌  
20170722,2,영화보면서는 핵 노잼인데 보고나서 여운 많이 남음  
20170722,10,SNS의 폐해를 알리는 초등생용 홍보영화  
20170721,1,망상가가 글을쓴듯... 개연성도 없고 재미도 없고... 현실성도 없고 더더군다나 재미는 더없고... 당신의 시간 도둑이 되어드릴겁니다  
20170721,8,미니홈피 시절부터 우린 이미 자발적으로 공개하고 있었다....  
20170721,7,뭘 말하고자 하는지는 알겠는데 전개가 좀 이상함 중반까지 중요인물로 나오는 사람이 후반에는 구경꾼이 되어버리고 이야기가 갑자기 마무리 지어지는듯 함  
20170720,5,관종들에게 바칩니다.  
20170719,5,출발 비디오여행 내용이 영화의 전부였어... 약간 평범하고 지루할 수 있는 영화  
20170719,1,근래에 본 최악의 영화입니다  
20170719,2,아.. 엠마왓슨 연기 스타일 너무 불편해.. 미녀와야수랑 이거.. 대체 언제까지 헤르미온느 오바 표정 연기..  
20170719,5,"메세지는 좋고, 소재도 좋고, 출연진도 좋고, 하나 하나 보면 좋은데, 합쳐놓고 보니 '별로네'  "
20170719,7,이래서 sns충은 거른다;  
20170719,7,엠마 왓슨의 개인방송을 보고 싶어하는 이들을 위한 영화.  
20170719,7,근 미래에 일어날 만한 내용이라 재미있는 소재였는데..후반부 민간 추적과정과 급 마무리는 이야기를 하다 말아서.. 좀 허탈하다.  
20170719,8,뭔가 있겠지 하는 기대심리를 만들어 주는데 중간중간 지루함은 그렇다 치고 영화가 아니라 학습영상 본 느낌. 영화가 주는 메세지는 관객에게 적당히 찾아가라는 식인듯. 그리고 그 구슬캠 국회의원 뱃지 대신 그거 하나씩 달자.  우리세금으로 뭐하는지 알권리  
20170718,1,"넷플릭스 빠들아, 알바들아 양심좀 있어라, 넷플릭스 제작 영화는 믿고 거르는거다. 반전 감동 하나 없이 배우들만 버린 영화.  양심좀 챙겨라, 나만 당할수 없어서 10졈주려다 내 양심을 못버리겠다. 엠마왓슨 몸매조차도 여긴 없다.  "
20170718,2,"서클의 개발진은 서클의 위험함을 널리 알리려 하지만 끝으로 갈 수록 그 의미는 혼탁되어버린다. 특히 엠마왓슨이 맡은 역이  의미가 알 수 없다, SNS의 안좋은 점도 죽음도 맛봤지만 그녀가 마지막에 선택한 결말은 어이없을정도 골빈 SNS 홍보대사 일뿐  "
20170717,1,영화상에 세상은 너무 단순해서현실성이 너무 떨어지네요.. 현실적으로는 매사에 다 반대급부가 엄청 강하기 마련인데.. 너무 일방적인.. 사람이 죽어나갔으면 응당 메이는 재판중이거나 감빵가야될 사안인데.. 그런거 없음..그리고 복수라고 하는것도 황당하고.  
20170717,10,"너무 무서운데, 한편으로는 또 공감되는 비밀이 없는 세상  "
20170717,6,"돈 좀 더 써서, 블록버스터급으로 만들지 그랬냐?!  "
20170717,9,나는 개인적으로 굉장히 인상깊게 봤음 현시대를 살아가는 현대인들에게 한번 꼭 보기를 권하는 영화  
20170717,7,급하게 마무리 하는게 아쉬움. 현재 우리시대의 sns문제점을 콕 집어 지적하는 영화이다. 드라마로 길게 나왔으면 재미있었을듯  
20170717,9,"극단적이었지만, 교훈적이었던 집중력있는 영화였음.  "
20170717,8,영화를 보는내내 머지않아 이런 현실이 오겠구나 란 생각을했다.사생활 구분없이 모든걸 오픈 하는 생활은 그야말로 끔찍하지만또 모든걸 오픈해야 비밀이 없어지고 비밀은 곧 죄다.란 시도는 일리가 있어보인다.공정한 정치를 위해 필요할지도..  
20170716,2,초반에 흥미진진하게 가다가 중후반 똥덩어리로 끝남 결말도 개똥 그자체  
20170716,5,sns의 무서움?을 나타내고자했지만기승전만있다  
20170716,3,미xx...죽마고우 친구까지 잡아먹고 뻔뻔하게 회사생활 졸 잘하네. 이게 상식이 있는 영화냐 ㅋㅋ초딩들 보는 오락영환가 어휴...  
20170716,7,블랙미러 시즌3.5 입니다  
20170716,1,그냥 엠마왓슨 세워놓고 흥행좀 해보려던 핵노잼 영화. 꺼버리려다가 엠마왓슨때문에 끝까지 봄.  
20170716,10,마무리가아쉬웠지만 몰입도도좋았고 명작이라고생각함  
20170716,2,결말은 어리석은 중생의 진정한 자기반성없는 그냥 복수극 그리고 끝  
20170716,6,"엠마 왓슨 나오는 영화치곤 괜찮았다. 해리포터 제외하고 하도 망작만 찍어대서 나름 평작으로 보인다. 실제라면 영화처럼 사생활을 모두 공개하자고 동의하는 이는 북한빼고 없겠지만, 저런 발상도 나름 괜찮았다. 민주주의를 표방한 독재시스템을 보여준 영화.  "
20170716,5,서론과 본론은 있지만 결론은 없다.  
20170716,10,"엠마왓슨, 톰행크스 믿고 보는 영화. 보고나면 정말 생각이 많아진다. 영화 끝나고 나선 엠마왓슨도 배우가 아닌 일반인일 때 사생활이 다 노출되었을거라 생각들었다. 데이트 장면까지도 사진이 찍히고 그걸 소비하는 사람들이 있으니.  "
20170716,3,사생활 침해의 위험성이 산재함. 근데 결말은 우리 모두 다같이 사생활 오픈합시다로 끝남. 결국 이렇게 되기 싫으면 sns적당히 합시다인가? 공익광고를 표방하려거든 조금 더 친절하게 만들었다면 좋았을듯.  
20170716,7,7점.. 잘 풀어낸 영화는 아니고 결말이 허무함. 사생활 침해를 꼬집지만 정반대로  흐르는 결말.. 대체 뭘 말하고 싶은거지?  
20170715,6,있을법한 스토리   다소부족한 연출  
20170715,10,영화가 끝나고  난 후 많은 생각을 하게되는 영화 였어요  
20170715,3,"이전에 단 한 번만이라도 '현대사회의 사생활보호'에 대해서 생각해본 사람이라면, 이 영화가 얼마나 일차원적으로 만들어졌는지 알 수 있을 것 같다. 물론 한 번도 생각해보지 않았다면 생각해볼 기회정도는 줄 수 있을 것 같지만.. 개인적으로는 유치했다..  "
20170715,9,"초연결사회의 시작단계에 한 단면을 잘 보여 주었다. 누가 어떻게 하던지, 올 수 밖에 없는 미래의 사회라고 단정지은 것에 놀랐다.  "
20170715,5,퍼거슨 할배의 명언이 생각나는 영화. SNS는 인생의 낭비  
20170715,6,논란 거리를 가져와선 논란 그자체로 만들어놓고 끝내는 느낌  
20170715,6,톰행크스를 쓰기에는 많이 아쉬운  
20170715,10,역시 엠마왓슨은 옳다!!!  
20170715,8,sns와 현실 사이를 잘 표현한 드라마. 멀지않은 미래에 그런 일들이 일어난다면 어떻게 하겠는가를 마지막에 질문하듯이 엔딩을 넣은듯한..  
20170714,9,이걸 단순히 SNS의 문제로만 본다면 자신의 무지를 드러내는 꼴이다. 이 영화는 보다 본질적으로 인간 사생활의 영역을 공개하는 것이 합당한지에 대해 공익과 사익을 저울질하고 물음을 던진다.토론하기에 좋은 영화다.  
20170714,8,신선했음.. sns의 양면성이 맞는듯ㅋ  
20170714,2,개인정보 수집 vs 사생활 침해에 관해 이렇게 거창하면서도 텅 비고 뻔하게 만들 수가  
20170714,2,맛이간 영화같다스토리가 너무사생활침해가 많은것같다  
20170714,6,우리는 우리 스스로 트루먼쇼의 트루먼이 되길 자처하고 있다...  
20170713,8,1984의 현대판. 투명성이라는 허울로 둘러쌓여 사생활이 없는 감시사회 속에서 과연 정의가 존재하긴 할까? 비밀은 거짓이다 라고 했지만 비밀 없는 자아란 존재할 수 없다. 이 영화가 SNS의 BM이라고 누가 그랬지만 bullshit !  
20170713,5,기술의 진보가 행복을 보장하는 않는 이유  
20170713,1,"전문가평점이 바닥인 이유를  알겠다. 감독이 주제를  딱 정해놓고 거기에 캐릭터를 끼워박은 느낌.  캐릭터의 입체성, 개연성은  시작부터 없었다.  서클직원들이 무슨 북한공산당원 마냥 아무비판 없이 박수치는 걸 보고 난 이 영화의 수준을 알았다.  "
20170713,1,똥을 덜 싼 느낌의 쓰레기 영화 여주가 핵멍청이  
20170713,1,내용이 좋고 시도도 좋은데 너무기대를 햇나 마지막결말 진짜....관객을 이해시킬 생각이없음 마지막 개연성이 쓰레기...대체 어떻게 임원들 해임시켯는지도 없고 ...대체 이영화뭐지?   생각할수록 물음표만 떠다님  걍 인터넷은 사생활침해  이것밖에안남음  
20170713,7,2%부족하지만 충분히 재미나다...  
20170713,10,사이버상으로 인기가많다고 좋아할게아니다  
20170713,1,쓰레기영화. 엠마왓슨을 앞세워 흥행하려고한듯. 이 영화를보고 엠마도 싫어짐. 결국 사생활을 공개하는게 해답이라는결론. 미친 영화  
20170713,7,무엇을 의미하는지 모르겠다...런닝타임동안..뭐지?이런생각햇음..후반부 너무 빨리 끝마침...  
20170713,10,대박..소름 현시대의 문제점을 잘 집어낸듯. 뭐든 적당한게 최고 !!!  
20170712,3,할말이없게 만드는 마무리네... 도대체 엠마왓슨은 이 작품을 왜 선택한거야..  
20170712,1,멍청한년 때문에 친구 하나 죽은 걸로 끝나서 그나마 다행. 지구인 다 노예 될 뻔 했네. 물론 영화가 말도 안 되는 이야기라 1점 준다.  
20170712,7,어차피 다가올 미래. 피할 수 없으면 즐겨라인가? 사생활 공개에대한 깊이있는 성찰보다는 거기서 오는 폐해에 더 집중한 영화인것같다 어떻게 보면 무서운영화. 바꿀수 있을거라 믿는 메이가 젤 무섭다 어차피 해결책은 없는데  
20170712,4,미래의 관심종자들에게 바치는 수위 낮은 경고  
20170712,5,"인스타,페북이랑 이 영화랑 비교하는 ㅅㄲ들은 뭐냐;; 현 시대 sns는 괜찮은데 영화처럼 막 사생활 원치 않는데도 노출되고 이러면 심각해지지 영화라서 다행이지 과학기술이 저정도로 발달했어도 사람들 생각이있는데 절대 상식적으로 저런 시스템은 불가능함  "
20170712,10,인류가 멸망한다면 그것은 기업들 때문이다.  
20170712,3,이 영화는 5분짜리 공익광고를 100분으로 늘려본 기분이다  
20170712,1,지루하다가 이제 좀 시작되나 했는데 갑자기 끝남. 뭘 말하고자 하는건지. sns? 카메라 도촬? sns 팔로워 많은 관종이 24시간 실시간 방송. 뜬금 머서는 왜 죽인겨? sns 관종이나 별창 bj ㅅㄲ들 길거리에서 아무렇게나 방송하는거 패죽여야됨  
20170710,7,발달하는 IT와 연계된 개인사생활과의 수위  
20170709,5,뭔말하려는진 알겠는데 그닥.. 솔직히 재미없고 지루했다. 단순히 헤르미온느와 재미를 위해 보려고 한다면 비추.  
20170708,3,정확하게 어던 메세지를 주려는건지결말이 급급함  
20170706,1,스토리가 별로네요....엠마 왓슨만 보러 왔다갔네요  
20170705,7,2017년 버전 트루먼쇼를 보는 느낌이었다 그러나 그만큼에 개연성이나 이해력이 부족했다  
20170704,6,쓸쓸한  미래의 이야기...  
20170704,10,트루먼쇼와 유사해보였다. 마치 지금의 아프리카 TV와도 비슷해보였다. 엠마 왓슨은 후레..라는 표현이 아까울 정도로 부모님에게 폐를 끼침...존 보예가가 답답한 마음으로 처다볼 때 공감됐음덤으로 카렌 길리언 연기가 좋았다.  
20170703,5,글쎄요... 엠마왓슨과 톰 행크스를 출연시켜서 만든 영화 치고는 실망스러운 수준. 마지막 부분은 너무 시간에 쫓기듯 터트리는 바람에 무슨 내막이 있는지도 잘 알지 못하겠음.  
20170703,2,뭔말을 하려는지는 알겠으나 너무 이것저것벌려놓았고 매끄럽지못했음 그리고 초반부의 지루함이...넘나심함..  
20170702,1,근데 영화가 망했네?ㅜ  
20170702,1,"돈과 시간남아돈다면 추천, 차라리 리얼이 날듯  "
20170702,2,엠마왓슨때문에 2점 드림  
20170702,8,스토리 전개와 주인공의 대사는 뻔하지만 영화가 나타내고자 하는 의미가 깊네요. 오늘 부로 카톡을 제외한 모든 SNS를 탈퇴하였고 카톡 프로필도 사진 및 개인 정보는 삭제했어요.. 한번쯤 볼만한 영화라 생각합니다.  
20170702,1,"껍데기만 있는 영화, 뿌려둔 떡밥을 제대로 줍지도 못하는 결말이 극혐이다.  "
20170701,7,"주제의식은 창대했으나 그것을 풀어내는 방식은 진부하고 고루하다. 이 좋은 재료들을 가지고 왜 그랬을까 생각해본다면, 그것은 아마도 너무 진지한 태도 덕분일듯. 이것은 디스토피아를 향한 우화가 되었어야지 현실사회를 비판하는 다큐가 되어서는 안되었다.  "
20170630,8,내가 SNS를 안 하는 이유. 이게 미래라면 정말 끔찍하다.  
20170630,10,꽤재밌다 연기도좋고ㅋ  
20170630,8,후반부 내용전개가 아쉽지만 전반적으로 재밌는 영화였습니다! 뭔가 몇년 뒤에 중학교 고등학교 교과서에서 SNS의 부작용에 대한 영화로 소개될듯한 ㅎㅎㅎ 또 영화 보고 감상문 작성하겠지..화이또미래중고딩들...☆  
20170630,1,알바들때매 평점너무높아서 평점작업  
20170629,6,하고자 하는 이야기는 알겠지만 그걸 풀어나가는 과정이 썩 논리적이지 못하고 캐릭터들을 활용하는 방법도 허술하다.거기다가 클라이막스도 너무 급작스럽고 임펙트가 없었다. 그나마 배우들의 연기는 좋았고 좋아하는 소재여서 다행이다.  
20170629,1,리얼대신 이걸봐버렸다...  
20170629,9,아무생각없이 SNS 사용하면 안 된다  구글과페북이 매우불편해할 영화...  
20170629,3,"전형적인 용두사미 영화,  "
20170628,8,이렇게 폭력이없고 피도없는 잔잔한영화가 불쾌한거면 감독은 무엇을말하고자하는지 정확하게 전달한것같다.마지막에 그 복수도 감독의 의도가 보여서 좋았지만 이것도좋고 저것도좋으니 장점만 모으자는 세계관은 현실적으로 유토피아에불과한결과같아서 아쉽다  
20170628,5,별로예요 스토리가 너무  
20170628,10,이 배우진에 소재에 데이빗 핀처가 감독했음 쩔었을 영화  
20170628,8,열린 결말...이 아쉽  
20170628,9,뻔한 스토리이나 몰입도있게 봤네요  
20170628,8,서클 = 구글 + 아마존 + 페이스북  
20170627,9,"볼만한 것 같아요. 엠마왓슨과 톰행크스가 선택한 이유가 있었네요, 시간가는줄 몰랐습니다^^  "
20170627,3,영화에 돈을 너무 아낀듯..재미있는 소재를 너무 진부하게 다룸  
20170627,10,인류문명의 편리함과 인터넷의 무서움을경고하는  새로운 현대의 병페를 미리 보여주는것 이다. 정말로 재미있고 현대 살아가고있는 사람들에게 경각심을 미리 알려주는것이다.인간들이여 부디 무분별한 난개발과 문명의 편리함이 재앙의 전조를 랄기바란다.  
20170627,8,"집중해서 볼 수 밖에 없는 영화, 너무 현실적이라 더 와닿은 것 같네요.  "
20170627,10,최근 나온 영화들 중 제일 재밌게 봤습니다  
20170627,10,기대없이 봤는데 SNS을 즐겨하는 나에게 너무나 충격적으로 다가 왔던 영화ㅜㅜ  
20170627,10,사생활을 보호 받는 것과 모든 것을 공유하는거 중에서 어느게 더 행복한지 생각해 보자  
20170627,10,장단점이 있겠지만 무서운 세상이 올 것이다… ㅜㅜ  
20170627,10,곧 우리에게 닥칠 무서운 이야기  
20170627,7,기승전결이 괜찮은 영화는 아니었지만.... sns중독증에 빠져있는 사람들을 위해 있어야 할 영화 엠마왓슨은 언제 뻣뻣한 연기에서 벗어날 수 있으려나?  
20170627,8,세계를 하나의 시스템화하는것은 멀지 않은 미래에 보게될 일이다... 이 영화는 그런 과정의 시작을  그린 영화이자 소개영상이다  
20170627,1,명백히 못만든 영화다. 머서의 연기는 너무나 어색하고 애니는 왜 미쳐버렸는지 설명도 없고..  
20170627,4,무슨 말 할려는지는 알겠는데 전개가 왓다리 갓다리하고초반 개지루함결말도 뭔가 시원하지 않음네명이서 봤는데 네명다 졸 뻔  
20170626,10,현실과 맞닿아 있는 주제로 인상 깊게 볼 수 있었습니다  
20170626,8,sns의 위험성을 제대로 보여주는.. 후덜덜하다잉..  
20170626,10,언젠가 이런일이 아니 지금도 일어나고 있을지도 모르는 이야기ㅜㅜㅜ 생각만 해도 끔찍  
20170626,4,혼자서 뭔가 있는척하기는  
20170626,7,2편이 나왔으면 좋겠다/연출력이 아쉽다/음악이 좋다/사생활침해와 알권리 라는 중요한 주제를 다뤄서 좋았다/이런소재의 영화가 더 많이 나왔으면 좋겠다/댓글이 알파벳어와 한자만 있는것이 아쉬웠다. 한글과 아랍어 또 일어도 있었다면 더 사실감있고 좋았겠다.  
20170626,6,"ㅋㅋㅋ다시 10점 남발하시네평이 하도 안좋아서 정말 아무 기대없이봤는데 그렇게 생각하고보니 그냥 무난했던영화. 긴장감이나 박진감을 기대하고 볼 영화는 아니고, 영화가 주는 메시지, 생각해 볼 거리들을 건져간다면 그럭저럭 만족할 영화.  "
20170626,8,참신한 영화~ 현실적인 이야기라 한번쯤은 보고 생각해 봐도 나쁘지 않을듯~!  
20170626,10,기대 안했는데 재미도 있고 의미있고 잘 보고 왔어여~~  
20170626,8,언젠가는 만나게 될수도 있어서 그런가 곰곰히 생각해 보게 되더라구요..  
20170626,10,SNS 시대에 살고 있는 우리들! 많은 사람들이 한번쯤 꼭 봤으면 좋겠어요!!  
20170626,10,영화가 끝나고 나서도 더 서클이라는 영화가 주는 메시지가 강력하게 남아 있다  
20170626,8,우리의 현실을 한번 돌아 보게 하는 영화  
20170626,9,소셜 미디어의 무서운 실체를 잘 보여준 영화라고 생각함  
20170626,10,영화가 주는 메시지의 의미는 정말 좋았습니다!  
20170626,10,섬뜩하고 금방이라도 벌어질거 같은 스토리였는데 나는 영화를 보고 또 SNS을 키고 있더라.. 진짜 끊던가 해야겠다ㅜ  
20170626,9,기대 안했는데 주제도 스토리도 연기까지 너무 너무 좋았음  
20170626,10,흥미롭지만 무서운 이야기  
20170626,10,탄탄한 스토리와 배우들의 실감나는 연기로 너무 재밌게 봤당ㅋㅋ 강추!  
20170626,10,영화 속 내용이 우리 사회에서 충분히 일어날 수 있다는게 소오름..  
20170626,10,생각보다 심오한 영화였네여 SNS의 어두운 단면을 잘 보여준거 같아여  
20170626,8,언젠가 실제로 일어날지도 모르는.. 무섭다ㄷㄷ..  
20170626,8,신선한 소재에 있을 법한 스토리로 집중해서 볼 수 밖에 없었어요  
20170626,10,오랜만에 영화를 보고나서 많은 생각을 하게 된거 같아요 좋은 영화 잘보고왔습니다  
20170626,10,보는내내 무서웠고 마지막은 완전 통쾌ㅋㅋ  
20170626,10,소재 자체가 굉장히 특이해서 그런지 색다르게 볼 수 있었습니다 러닝타임 두시간이 금방 지나가더라구요  
20170626,9,폰만 들고 쫓아 다니는 사람들의 모습이 어찌나 섬뜩하던지ㅠㅠ  
20170626,10,SNS 시대에 생각해 볼거리를 던져주는 영화였어요  
20170626,10,재미는 물론이고 잔인하면서 신선하기까지~ 오랜만에 의미있던 영화가 아니었나 싶다  
20170626,10,재밌고 가능한 일이라서 그런지 더 몰입해서 볼 수 있었던거 같습니다  
20170626,10,기대 안했는데 지루하지도 않고 진짜 재밌었어요!!  
20170626,10,보면서 소름 돋고 섬뜩하고..ㅜㅜ  
20170626,8,요즘 시대를 아주 잘 표현한거 같아용ㅋㅋ SNS을 하고 있다면 한번쯤은 꼭 봐야 할 영화가 아닐까 싶습니다  
20170626,10,머지 않은 미래라는게 너무나 현실적이었고 소름 돋더라  
20170626,10,감동 슬픔 통쾌 등 많은 감정들을 느낄 수 있었던 영화  
20170626,9,스토리는 탄탄하고 배우들 연기도 훌륭!  
20170626,10,저런 세상에서 살면 얼마나 소름돋을까사생활없는 세상이라니  
20170626,10,재밌네요 머지 않아 이런 세상이 올거라고 생각하니 무섭네요  
20170626,9,내가 이래서 시간 낭비 서비스를 안하는거임ㅋㅋㅋ  
20170626,10,이 시대의 편의와 문제점을 동시에 보여주는 현실감 넘치는 영화  
20170626,1,왠지 삘이... 다운로드 각인가... 엠마왓슨은 해리포터 외 몇몇 영화를 제외하곤 솔직히 영화를 볼줄 아는 안목이 부족한거 같음....  
20170626,2,평점보고 봤는데 평점이 반전일 줄은 정말 몰랐네.  이렇게 잔잔한 쓰릴러는 처음보네. 엠마 미모 때문에 1점 줄 것 2점 준다.  
20170626,9,SNS에 대해 다시 생각해 보게 되는 영화  
20170626,10,이미 벌어지는 있는 우리의 현실을 보는거 같아서 안타깝고 걱정도 되고 그랬네요 개인적으로 SNS는 사라졌으면 좋겠습니다  
20170626,9,sns라는 신흥 종교의 사이코 교주가 더 심한 사이코 신흥 교주한테 털리는 이야기... 근래 본 어떤 영화보다 더 소름끼침  
20170626,3,난 악녀가훨 낫다 ...아 ㅈㅈ 파일노리에서 다운받아도 아까운영화  
20170626,10,보는내내 소름 끼쳤음.. 장르가 괜히 스릴러가 아니였군..  
20170626,4,지루하지만 주인공은 볼만함  
20170626,10,내가 예상하지 못했던 결말이라 그런지 마지막까지 신선하게 느껴지더라  
20170626,9,의의로 잼났어요 마지막이 좀아쉽지만우리에게 경각심을 주는 영화인것같아요  
20170626,10,생각할 거리를 많이 주는 영화였고 재미까지 있다  
20170626,9,인터넷의 폐해지 이런게ㅋㅋ 현재 일어날수도 있는 상황임  
20170626,9,처음부터 끝까지 너무 인상 깊게 봤습니다  
20170626,8,나로 인해 누군가는 원치 않는 사생활이 노출되면서 피해를 줄수 있구나 하는 교훈을 얻었지요.  
20170626,10,마지막에 완전 통쾌ㅋㅋ sns을 하는 모든 사람들이 꼭 봤으면 한다!  
20170626,1,SNS 사이비집단의 느낌을 전달하다가 마지막에 읭??  
20170626,9,몇OO 뒤에는 우리나라도 저렇게 될까봐 무섭다ㅜㅜ  
20170626,10,타인의 사생활과 비밀에 열광하는.. 사이비 집단 같았어..  
20170626,10,현실 가능성이 있는 영화라 그런지 좀 무섭넹..ㅜㅜ  
20170626,10,다가 올 머지 않은 우리의 미래를 한 눈에 보여주는.. 왠지 소름이다..  
20170626,10,개봉전부터 너무 보고싶었던 영화였는데 주말에 드디어 보고 왔네요ㅎㅎㅎ 생각했던거 보다 재밌었고 메세지도 잘 전달된 영화였다고 생각합니다!  
20170626,10,엠마왓슨의 신비함은 여러모로 재밌다^^  
20170626,6,"트루먼 쇼, 2번째 버전.  "
20170626,1,주인공에 도저히 공감 할수 없었다.관객들이 납득하기 어려운 전개가 연속된다.너무 망상적이고 겉멋만 잔뜩 들었다.SF와 사회문제 비판 둘 다 잡으려다 오히려이도저도 아니게 된 영화.  
20170626,10,진짜 감동을 주는 영화 이네요...  
20170626,10,엠마왓슨의 지적인 캐릭터가 돋보입니다. 재미적인 요소보다는 앞으로 가능한 sns의 부작용에 대해서 과장되었다는 평도 많지만 충분히 생각해볼 문제라고 생각합니다. 앞으로는 모든 사람들이 연예인처럼 공인이 되는건가요?  
20170626,10,"흥미로운소재, 시간가는줄 모르고 집중  "
20170626,9,마지막 메이의 한방은 통쾌했지만 그 직후의 씬들은 무섭도록 이질감이 들었다.  
20170626,10,굿..상영관이 별로 없어 아쉽네요ㅠ  
20170625,8,현실 가능성이 있는 영화라 그런지 좀 무섭넹..ㅜㅜ  
20170625,9,처음부터 끝까지 너무 인상 깊게 봤습니다  
20170625,10,언젠간 일어날수도 있는 일이라고 생각하니 소름 돋는다ㄷㄷ  
20170625,8,몇OO 뒤에는 우리나라도 저렇게 될까봐 무섭다ㅜㅜ  
20170625,1,배우가 무척 아까웠고 고구마 200개 먹고 나온 기분이었다. 소재는 좋았으나 이렇게 별로인 전개는 올해 처음  
20170625,3,음..그닥 재미가 없다  
20170625,2,그냥 재미없어요. 좀만 재밌었어도 이렇게 댓글 안달았을텐데..  
20170625,10,생각많이하게만드는 영화내요..  
20170625,4,재미 있게 보던 도중에 끝남... 영화보면서 찝찝하게 끝난 영화라고 그래도 나는 못느꼈는데 처음 느껴본다. 급하게 끝내놓았다는 느낌이 너무 강했다. 영화가 말하려는 의도는 두드러지게 나타나 있어서 전달력은 오케이. 조금만 더 신경썼더라면 괜찮은 영화.  
20170625,7,상황에 대한 개연성이 부족하고 다 어설프게 연결돼서 훅훅 넘어가는 게 아쉬웠음. 근데 내용 자체가 생각해볼만한 이야기라 그럭저럭 나쁘지 않음.  
20170625,8,미디어의 순기능과 역기능을 잘 풀어놓았네요. 뭐든지 지나치면 아니함만 못하지요. 이 영화의 주제를 4글자로 하면 '과유불급'으로 표현할 수 있겠습니다.  
20170625,1,어려워보이는 영화에 호평 박아놓으면 지가 천잴줄아넼ㅋㅋ이거 보기전에 로튼토마토에 먼저 검색해보시길ㅋㅋ  
20170625,5,전달하려는바가 명확하나...문제의 심각성에 비해 스토리도 연출도 빈약했다.이 주제에 이정도밖에 뽑아낼수없었나 싶을정도.이대로 끝나나? 했는데 정말 그대로끝났다.  
20170625,9,섬뜩한 영화였다 어떤 호러보다 호러스러운 기분 엠마왓슨이 맡은 캐릭이 뭔 생각을 하는지 하나도 모르겠다 ㅋㅋㅋ  
20170625,10,몇OO 뒤에는 우리나라도 저렇게 될까봐 무섭다ㅜㅜ  
20170625,10,요즘 같은 시대에 꼭 봐야 할 영화 더 서클  
20170625,8,이런 잔잔한 영화 좋아하는데 잔잔하면서도 흥미롭고 느끼는 바도 많았음!  
20170625,10,생각할거리를 많이 던져주는 영화였어요! 추천할게요!  
20170625,10,그 어떤 좋은것들도 양면성이 있다는..ㅋ  
20170625,9,정말 많은 메시지를 담고 있는 영화였어요 재밌게 잘봤습니다  
20170625,10,현실이 될까봐 무서운데 곧 현실이 될 것 같다..ㅜㅜ  
20170625,10,정말  재미있습니다^^  
20170625,10,트루먼쇼2017 이라고 해도 될 듯 하네요~ 잘보고왔어요~!  
20170625,8,앞으로의 세상을 미리 본 듯한 기분..  
20170625,10,엠마 왓슨 연기 너무 잘하고 영화 너무 재밌게 잘봤어요 ㅠ ㅠ  
20170625,10,어쩌면 현실에 있을 법한 이야기  
20170625,10,마지막까지 밝은척 하는거 진짜 소름  
20170625,8,분명 곧 만날게될 미래의 모습인거 같아서 그런지 씁쓸하네요  
20170625,1,A story where the main character doesn't learn anything from what she did wrong.  
20170625,7,스노든에 이어 디지털의 개인생활을 침해에 대한 내용은 흥미롭습니다. 그러나 주인공 메이를 보며 화가 나더군요. 디지털의 문제도 있지만 자신에 의해 이용된 친구에 대해 '자기 잘못이 아니라 시스템'으로 몰고가는선 책임회피라고 보였습니다.  
20170625,8,사생활은 보호 되어야 합니다ㅜㅜ  
20170625,9,많은 걸 시사한다. 곧 다가올 미래에 대한 청사진? 경고? 여러가지 의미가 담겨있는 것 같다. 물런 받아들이는 사람마다 반응은 다르겠지만.  
20170625,8,역시 SNS는 인생의 낭비야  
20170625,8,이거 보니까 페북이랑 인스타 하기 싫어짐ㅋㅋㅋ  
20170625,10,개인 사생활은 보장 되어야 한다! 더 서클 재밌었어요!  
20170625,10,소셜빅브라더 세상 너무 무섭다..ㅠ  
20170625,10,개인의 사생활이 없는 세상이라 너무 끔찍하잖아ㅠㅠ  
20170625,9,무섭고 마지막에 완전 통쾌ㅎㅎㅎ  
20170625,10,취지가 굉장히 좋았던 영화ㅋㅋㅋ 보고나면 많은 생각을 하게 된다  
20170625,9,과유불급ㅋㅋ 뭐든지 적당히가 좋은 법  
20170625,10,미래에는 설치된 카메라만 남아 있지 않을까 하는 생각을 하게 됬음….  
20170625,10,엠마 왓슨이랑 톰행크스 볼라고 본 영환데 신박한 스토리에 더 빠져서 본 것 같아요!  
20170625,10,좋은 사람들과 함께 할 수 있는 삶이 진정한 행복이지 싶다  
20170625,7,실제로 논란이 되는 문제를 주제로 삼은 점은 좋았지만 연출이 이를 못 따라간다.  
20170625,7,"SNS의 위험성과 사생활의 중요성을 잘 표현한 점은 좋았으나, 뭔가 중간중간에 엉성함과 지루함이 느껴졌다. 그리고 두 주연의 연기력은 정말 최고였던 점에 반해 조연들의 연기력은 부족하게 느껴졌다. 어중간한 끝마무리 또한 많은 아쉬움을 남기는 영화다.  "
20170625,10,"요즘 청소년에게도 꼭 필요한 영화!!정보의 공유 의 무서움 , 악성 댓글 의 현실을 돌아볼수 있는 영화!!  "
20170625,1,이 영화 망했다.  1주안에 내린다에 올인.  
20170625,9,기술의 발달이 인간에게 미치는 폐해를 잘 말해주는 영화결말은 급하게 마무리되고 떡밥이 완전 회수되진 못했지만 그래도 볼만하다  
20170625,1,머서 귀여움 아아라라라아  
20170625,1,"말로 형용하는 것 조차 아까울정도로 최악인 영화. 몰입을 하려고 노력해도 소용이 없는 영화. 사라진 개연성, 공감이 전혀 안되는 전개. 전혀 안느껴지는 긴장감.  "
20170625,1,오우.... 심각하게 뻔하고 재미없다.1분짜리 공익광고면 충분할 듯.담배피면 암에 걸린다는 사실을 영화로 만든 수준  
20170625,10,"호기심이 많은 나에게 '여러가지'를 보여 준 흥미로운 영화,처음에는 한명으로 시작해서 마지막은 수 억명으로끝나서 더 소름끼치는 영화,영화는 마지막에 '정말 세상의 모든 일들을 알고싶은가'라는 질문을 던지고 있다.  "
20170624,7,억지스럽고 부자연스러웠지만 어쨌든 주제는 전달되었다...근데 엠마왓슨 연기 왜그래;;  
20170624,10,전 개인적으로 정말 재밌게봤습니다많은 생각을 하게되는 영화네요  
20170624,10,기대안하고 봤는데 진짜 재밌었음 생각할꺼리도 많이 던져주고... 근데 평론가란 인간들 점수 왜 저따위임?  
20170624,8,전반적 스토리는 약간 일반 적으로 생각 힐 수 있는 내용 이지만 머지않은 미래인것 같아 소름이 돋았습니다.아니 현재 진행형 일수도 있지 않을까요..?? 과학기술의 발달에 대해 깊이 생각할 필요가 있지 않을까 생각해 봅니다.  
20170624,2,내 낮은 평점의 이유는 작가가 잘 알것이라고 생각한다. 개인적으로 다음 전개가 너무 예측이 잘됐고 사실상 우리가 알고있는 수준내의 상상력이였다. 여운보다는 더 좋은 답을 내놓거나 토의할 내용을 더 풀어줬으면..이라는 아쉬움이 남는 영화.  
20170624,3,진부한 전개 급마무리 ..배우들이 아깝다  
20170624,7,그럭저럭 고만고만. 후반부가 아쉽다.  
20170624,8,평론가 영상에 대한 지식은 있나? 진짜 볼만 했다 급전개긴 하지만 교훈도 있었고 여운도 있었다 무얼 하든지 그의 대가는 찾아오기마련이고 하지 말아야 할것은 하면 안된다 현세계와 미래의 세계가 모두 볼수 있었던 영화였다 적극 추천합니다!  
20170624,10,악녀 보다 10배는 더 재미 있고 볼만하다. 그래서 10점이다  
20170624,1,졸린거 겨우 참고 봤더니...그냥 잘껄 후회함  
20170624,7,초반부터 중반까지 졸았다.. 중반부터가 핵심이다. 모두의 인정과 관심은 정말 유익한 것인가. 기술의 발달로 점점 사적영역이 좁혀지고 축소되는 흐름에 지혜롭게 처신할 필요성을 강하게 던져준다!  
20170624,2,제작진들도 만들면서 아 망했는데 라고 생각했는데 투자사들눈치보면서 억지로 만든것같다 진짜 감정선도 내용 전개도 구려  
20170624,9,"SNS의 악용사례, 비슷하다.가짜인생을 사는 사람들, 열광하며 뒤돌아서면 잊어버리는잔인성. 범죄, 경고의 메세지 볼만하다.  "
20170624,6,1236547893ㄱㄹ  
20170624,8,머지 않아 펼쳐질 미래의 이야기  
20170624,9,소셜 과학과 인간의 감성 사이. 기대 이상으로 재밌게 보고 옴.  
20170624,8,소셜미디어의 세상이 편리하긴 하지만 분명 안좋은 점이 더 많다는거..!  
20170624,10,정말 현실감있고 공감되는 영화였음  
20170624,4,누구나 생각할 수 있는 SNS의 문제점... 굳이 돈 주고 볼 필요가 없다.  
20170624,8,앞으로 다가 올 우리의 미래  
20170624,10,현실에서도 충분히 일어날수 있는 이야기라 그런지 더 몰입해서 본 듯  
20170624,9,앞으로 다가 올 우리 생활에 대해 다시 한번 생각하게 된다  
20170624,9,스토리가 흥미로워서 그런지 109분이 정말 짧게 느껴지더라구여ㅋㅋ  
20170624,9,씨즈브이에서만 상영하는게 너무 아쉽다 진짜  
20170624,8,엠마왓슨 톰행크스 연기 정말 잘하네요^^  
20170624,10,SNS의 양면을 보여준 영화 많은 사람들이 보기를  
20170624,9,정보 공유와 사생활 보호의 갈등을 다뤘네요 색다르니 신선하고 좋았어요ㅎㅎ  
20170624,10,곧 다가 올 미래를 보는 듯한.. 소름 돋긴 했지만 현재 시대에 맞는 영화가 아니었나 싶어요  
20170624,9,만일 내가 저런 상황이라면 정말 끔찍할듯  
20170624,8,"기술 악용에 관한 스토리는 다소 허술하고 식상하지만 엠마 왓슨과 톰 행크스, 기타 배우들 보는 재미가 쏠쏠~♬  "
20170624,10,"왜 꼭 평점 쓰는란에 ""영화 보면서 자 보긴 첨이예요""와 같은 글은 빠지지 않는 걸까...  "
20170624,10,그냥 기대안하고 캐스팅만 보고 본 영환데 대체적으로 나쁘지 않았다  
20170624,3,주제는 확실히 신선했지만 정작 핵심적인 메세지는 빠진 느낌.. 주인공 행동변화에 근거나 계기도 부족하고 무엇보다 개연성도 빈약하고 결말도 의아했음 배우들 연기에 비해 연출부족이 극심..  
20170624,1,"대놓고 비꼬는 영화. SNS를 어느 정도 하는 사람에게는 참 당연한 내용밖에 없다. 비꼬는 건 좋으나, 그 외에는 아무것도 없다. 개연성없는 사건들의 연속이며 현실성이 없다. 무엇보다, 재미가 없다  "
20170624,2,앞으로 배우만보고 영화 안보려구요  
20170624,1,뭐랄까...내용이 꼬여서 마지막에 마무리를 못한 느낌...?  
20170624,8,엠마 왓슨 연기 너무 좋았음!! 이번에 편안하게 연기 잘한듯ㅎ0ㅎ  
20170624,10,결말이 확실하지 않았던건 관객에서 스스로 답을 해보라는 뜻이 아니었을까?  
20170624,9,기대보다 괜찮아서 당황했다;; 연기와 스토리가 좋았고 던지는 메세지 또한 무거워서 많은 생각을 하게 만든 영화 TED 같은 느낌도 나고.. 그리고 엠마 왓슨 정말 예쁘다ㅋㅋㅋㅋ  
20170624,1,진짜 개재미없네요 진짜 급식들이나 쳐 볼듯. 현실감도 없고 재미도 없고  
20170624,10,SNS 버전의 트루먼쇼~ 굉장히 볼만함!  
20170624,8,개인 사생활의 중요성을 다시 한번 느낄 수 있었고 마지막에 반전은 진짜ㅋㅋㅋ 개사이다  
20170624,10,과장이 있짐나 충분히 현실적이였던 문제가 아닐까  
20170624,10,신기하게 봤는데 점점 무서워짐ㅜㅜㅜ  
20170624,10,생각지도 못한 반전은 진짜 끝내줬다ㅋㅋㅋ 감시 받는 세상.. 넘 무섭잖앙  
20170624,9,SNS의 장단점을 생각해 볼 수 있었지만 SNS가 없어졌으면 하는 바램ㅠㅠ  
20170624,10,재미를 떠나서 많은 생각을 하게 하는 영화였음  
20170624,10,IT쪽에 있는 사람으로써 정말 재밌게 본 영화입니다  
20170624,8,사생활을 중요성을 재인식 시켜주는 영화… 많은 사람들이 봤으면!  
20170624,10,영화의 주제가 굉장히 좋은거 같아요 주제 자체는 생각해 볼만한 가치가 확실히 있네요  
20170624,10,나도 하고 있는 SNS지만 무섭다..  
20170624,8,더 서클은 현실입니다!!  
20170624,10,재미있는 주제에 흥미로운 전개~~  
20170624,10,훌륭한 배우들의 연기와 치밀한 스토리에 푹 빠져서 볼 수 밖에 없었당  
20170624,9,생각할 거리를 많이 던져 주는 영화랄까? 한번쯤은 봐도 좋을 듯!  
20170624,8,솔까 재미는 그닦없어요다만 현재 sns가 발달되는 아주 가까운 미래상의 부작용에대해 한번생각해볼수잇는기회가 되었고여주인공이 똑부러지게 이쁘고 연기를 잘해서 볼만합니다  
20170624,10,무엇이든 지나치면 독이 된다는거  
20170624,10,너무나도 현실적이라 보는내내 소름이..ㄷ ㄷ  
20170624,10,어릴적 전자기기에 얽매이지 않았던 시절이 더 좋았던거 같음ㅠ  
20170624,10,가까운 미래에 일어날 수 있는 일들에 대해 경각심을 일깨워 주는 영화  
20170624,8,잔잔하지만 곧곧에 스릴러 요소들이..ㅎ  
20170624,6,미래가 아닌 지금의 현실을 그린영화. 팩트폭행.  
20170624,10,소재 좋고 연기 좋고ㅋㅋ 마지막이 좀 아쉽긴 했지만 그래도 훌륭한 영화가 아니였나 싶다  
20170623,10,진짜 영화 보는내내 놀람의 연속.. 소름도 돋고..  
20170623,10,곧 다가 올 우리 미래의 사회를 먼저 체험해 보게 된 영화ㅋㅋㅋ  
20170623,9,주제의식이 정말 좋았던 영화!  
20170623,10,발전하는 네트워크 기술에 경각심을 일깨워주는ㅠㅠ 안타깝지만 무섭기도ㅠ  
20170623,10,보면서 섬뜩하고 소름 돋았지만 그래도 생각해 봐야 할 문제를 영화로 잘 풀어서 보여준거 같네요!  
20170623,8,기억에 남는 장면도 기억에 남는 대사들도 정말 많았음ㅋㅋ 특히 미래는 기다려주지 않는다라는 대사가 제일 기억에 남고 마지막 장면이 젤 기억에 남음  
20170623,10,사생활이 공개되는 세상.. 끔찍하다ㅜㅜㅜ  
20170623,10,별로 안좋은 글을 보고 가서 봤는데 생각보다 너무 괜찮은 영화였다 SNS에 대해 다시 생각해 보게 될 수 밖에 없는듯  
20170623,10,알면서도 가야하는 미래.. 예측되는 미래..  
20170623,8,SNS는 시간 낭비지ㅋ 그냥 없어졌으면 좋겠음ㅋㅋ  
20170623,9,현실에 이미 일어나는 일들 !  
20170623,3,솔직히 최근 본 영화중에 단연 최악이었다일단 주인공 심리가 이해가 안가고사람들 정신상태도 좀 이상해 보이고사생활에 대한 고민같은게 존재하지 않는건가?그나마 좋은 점은 sns를 되돌아 볼 수 있다는 점 정도.영화 내용이랑 구성  개연성은 최악  
20170623,10,현 시대에서 충분히 앞두고 있는 소재로 보고나면 많은 생각을 하게 하는 영화더라구여 별 기대 안했는데 되게 인상 깊게 봤어여  
20170623,9,머지 않아서 우리에게도 일어날 수 있는 문제라 그런지 깊게 생각하게 되네요..  
20170623,8,무엇이든 과유불급! SNS 하시는 분들은 꼭 보시길!  
20170623,10,새로운 소재의 영화라 그런지 결말이 어떻든 너무 흥미롭게 보고 옴 ㅋㅋ 솔직히 아쉬운 부분도 있었지만 전체적으로 굉장히 볼만하고 재밌었다  
20170623,10,SNS로 세상과 소통하는 아이들에게 꼭 보여주고 싶은 영화입니다  
20170623,10,인권과 사생활에 대해 깊게 생각해보게 되는 계기가 됬네요^^  
20170623,8,곧 이런 세상이 올거라는 확신 때문인지 오히려 흥미롭게 잘 보고 왔음  
20170623,10,겉모습은 그렇지 않지만 보다 보면 섬뜩한 부분이 한두군데가 아니였다ㄷㄷ  
20170623,10,요즘시대에 꼭 맞는 흥미로운 주제로 재밌게 볼 수 밖에 없었네요ㅋㅋ보면서 소름 돋는 부분도 많았다는  
20170623,10,몰입가 좋네ㅋㅋㅋ 처음부터 끝까지 눈을 뗄 수 없을 정도  
20170623,9,흥미로운 시대적인 영화  
20170623,10,악마처럼 변해가다가 마지막에 인간으롣 돌아와서 얼마나 다행인지…  
20170623,10,그 동안 보지 못한 색다른 스토리지만 현 시대에 꼭 맞는 영화라 그런지 되게 의미있게 본 듯  
20170623,8,이거 보니까 스노든이라는 영화가 떠올랐네요.. 스노든을 본 사람들은 더 인상 깊게 보실 수 있을거 같아요  
20170623,10,미래는 기다려주지 않는다  
20170623,10,현 시대에 맞춰 한번쯤 생각하고 고민해볼만한 문제가 아니였나 싶다  
20170623,8,편안했던 엠마왓슨의 연기에 편안하게 볼 수 있었어요ㅎㅎ 영화 자체도 굉장히 볼만합니당  
20170623,10,SNS의 문제점을 상기시키는 주제로 SNS에 빠져있는 모든 사람들이 보고 깨달았으면 좋겠음  
20170623,10,모든지 적당히 적당한게 좋은거다  
20170623,10,다른건 몰라도 영화의 내용 자체는 정말 좋았어요  
20170623,9,보는내내 눈호강 시켜주다가 마지막엔 서늘하네…  
20170623,8,말하고자 하는 이야기도 잘 전달 됬고 무엇보다 영상과 연출이 딱 내 스타일!!  
20170623,8,손목으로 부터의 아프리카 TV  
20170623,10,sns의 심각성을 제대로 보여준 영화였네여ㅋㅋ 미래적 관점 좋았어여  
20170623,3,정말 보면 후회할 영화임. 처음 로그인하게 만드네  
20170623,10,익숙해서 몰랐던 중요한것들을 되새기게 해주는 영화였던거 같아요 보고나서 많은 생각을 하게 되었습니다  
20170623,9,기대 안하고 본 영환데 진짜 느끼는 것도 많고 생각할 것도 많이 던져주는 영화였음 이런게 진짜 수작이지  
20170623,10,편리하지만 무섭고 소름 돋는 디지털 세계ㅠㅠ  
20170623,10,사생활 침해와 사생활 보호에 불분명한 선에 대해 생각하게 만드네요 현 시대를 살아가는 사람으로썬 꼭 추천해주고 싶은 영화입니다  
20170623,8,배우들의 인상적인 연기에 푹 빠져서 볼 수 밖에 없다는ㅋㅋㅋ  
20170623,10,전하고자 하는 이야기를 잘 전달해준 영화! 인상 깊게 잘 보고 왔습니다~!  
20170623,10,다시 한번 나를 돌아 보게 하는 영화였고 더 서클이라는 영화를 보고 나면 많은 생각을 하게 될 것  
20170623,9,sns를 안하는거에 대해 다행이라고 생각한…  
20170623,2,"엠마왓슨에게 정말 미안하지만, 개-쓰레기같은 영화였다. 주제는 방대한데, 그것을 풀어가는 진행과정이 똥같았으며 급작스러운 엔딩부분과 결말은 경악할 수준, 더군다나 SNS에 미친 사람들의 역겨운 모습들을 영화 내내 봐야해서 정말 짜증났다.  "
20170623,8,몇OO 뒤에는 우리나라도 저렇게 될까봐 무섭다ㅜㅜ  
20170623,10,진짜 인상 깊게 보고 왔어요~~ 기회되면 원작 책도 꼭 읽어 봐야겠어요ㅎㅎ  
20170623,10,제목이 영화의 메시지를 축약하고 있네ㅋㅋ 생각보다 재밌어서 놀람  
20170623,10,현대인들이 꼭 봐야 할 영화가 아닌가 싶습니다  
20170623,9,"그 어떤 공포물 스릴러물 보다 섬뜩함,,,  "
20170623,10,현대판 트루먼쇼라고 불러도 아깝지 않을듯  
20170623,10,아무기대없이 갔더니 볼만함내용 다 필요없고 영어공부하기에 최고인 영화배우들이 거의 presentation 위주로 말해서 발음도 깨끗하게 들리고 좋은 표현들 많음  
20170623,8,잔잔하게 조용하게 소름 돋는 더 서클.  
20170623,10,인간의 소통과 편리성으로 모든걸 공유하는 문제에 대해 다시 한번 생각해 보게 되는 영화였습니다..  
20170623,10,sns가 발달한 현 시대에 굉장히 잘어울리는 영화  
20170623,9,Is it so important to be connected?  
20170623,10,"평론가평점은 왜저럴까. 이유가 궁금하다. 그저 한 문장 써놓고선 3,4점 주고 끝내네. 저런 한 문장은 누구나 쓸 수 있을 것 같은데, 예를들어 '원안에선 누구나 평등해야한다' 라고 말하고 10점주면, 평론가 당신들은 이를 이해하겠어요?  "
20170623,9,현재 우리가 생각해 봐야 할 주제  
20170623,8,sns속 우리들을 돌아 볼 수 있었던 영화  
20170623,8,얘기하고자하는 것을 푸는 과정을 잔잔하게 잘 풀어낸듯ㅎㅎ  
20170623,10,나의 모든 일상을 모든이와 공유하고 싶진 않은데.. 현실은 그러하네요  
20170623,1,엠마 왓슨에게는 미안한 얘기지만 올해 외화 중 쓰레기 탑3 안에 들어감..  
20170623,9,소재도 좋았고 그 소재를 풀어나가는 방식도 훌륭했음  
20170623,9,재밌었지만 이런 세상은 안왔으면 좋겠다.. 이미 왔는지도..?  
20170623,3,엠마 왓슨이 예뻐서 3점  
20170623,10,영화의 주제성도 좋았고 무엇보다 나오는 배우들의 연기가 정말 정말 좋았다  
20170623,5,"메세지는 좋으나 연출은 별로, 만들다가 만 영화같다.  "
20170623,9,이런 현실적인 영화 너무 좋다.. 왠지 정말 있을 법하구  
20170623,8,엠마 왓슨 연기 물 오른듯ㅋㅋㅋ연기 왜케 잘해  
20170623,10,엠마왓슨은 예쁘다. SNS에대해 생각해볼수있는 영화  
20170623,9,소재와 설정을 현대적으로 잘 표현해서 지루하지 않게 잘 보고 왔어요~ 한번쯤은 봐도 좋은 영화인거 같네요!  
20170623,10,넘 재밌게 봄ㅎㅎㅎ 엠마왓슨은 사랑입니다.♥  
20170623,7,sns에 대해 다시 한번 생각하게 하는 영화  
20170623,8,뭐든지 과하면 부족한만 못한듯 하다..ㅋ  
20170623,10,소재 좋고 연기 좋고! 재밌게 보고 왔어요!!  
20170623,10,SNS의 폐해를 단적으로 보여주는ㅋㅋ SNS을 하는 모든 사람들이 꼭 봤으면 좋겠음  
20170623,10,엠마왓슨이 나오고 소재자체가 끌리는영화네요.시원하게 극장나들이나 해야겠어요  
20170623,9,엠마 왓슨의 연기는 너무 좋았음 무난한 연기였는데도 극의 전개를 괜찮게 펼쳐 나감..굿  
20170623,10,꿀ㅋㅋ 보면서 섬뜩한 기분 들었던건 나뿐?  
20170623,10,소재와 설정이 신선해서 기대했던 영환데 기대한 만큼 재밌게 보고 왔어요^^  
20170623,10,확실히 볼만한 영화인듯 엠마왓슨 넘 좋음  
20170623,7,보면서 소름 돋는 부분도 있고 나름 만족하면서 봤당ㅋㅋ  
20170623,9,잔잔하게 흘러 가지만 현실적인 이야기에 빠져 들 수 밖에 없었네요  
20170623,8,모든 것을 공개하거나 공유할 것을 요구하는 세상이 온다면 정말 무섭겠지ㅠㅠ  
20170623,9,영화의 진행이 다소 극단적인 면도 있었지만 결국 우리가 가게될 모습이 아닐까 싶다....  
20170623,8,조조로 혼자 보고 왔는데 혼자 보기에 잔잔하니 좋았던거 같아요  
20170623,8,있을 법한 이야기라 그런지 공감도 가고 생각할 거리도 많아지는ㅋㅋㅋ  
20170623,10,우리가 누리는 자유의 소중함을 일깨워주는 영화  
20170623,9,잔잔하면서도 내용있는~ 이런 영화 좋아요~!  
20170623,10,시대를 앞서가는 스토리와 배우들의 멋진 연기에 푹 빠져서 관람  
20170623,10,보고나면 생각을 많이하게 하는 영화네요 인상 깊게 보고 왔습니다~  
20170623,10,현실적인 문제를 다루는거 같아서 더 이입해서 볼 수 있었음  
20170623,9,"SNS와 사생활 침해에 관한.. 생각할거리를 주는 영화,  "
20170623,8,그 동안 보지 못했던 설정과 소재의 영화라 그런지 신선하게 느껴졌다  
20170623,8,인스타그램이나 페이스북을 애용하는 사람들은 무조건 봐라  
20170623,10,과감하게 용감하게..! 사생활은 보호 되어야 한다!  
20170623,9,아쉬운 부분도 있었지만 전체적으로 되게 재밌게 봤어요  
20170623,10,sns에게 빠져 있던 나에게 많은 생각들과 심호흡을 하게 해준 영화랄까? 되게 심도 있게 본 듯  
20170623,8,구글은 이영화를 싫어합니다  
20170623,1,"얘기하고자한게 뭔지 알수없는 영화. 보고나오면 ""이게뭐람?""하는 얘기가 절로나오는...소재가 좋았던데 비해 모든것이 아쉽네요.  "
20170623,5,주제는좋았는데 너무많은걸 담으려다가 이상하게된듯  
20170623,9,"진짜 생각없이 가서보면 생각없이 나오는 영화지만, 그만큼 생각할거리가 많은 영화에요. 전체적인 연출은 루즈하지도 않고 적당해요. 조금 임팩트를 더 줬어도 좋을거 같지만요. 솔직히 7점영화는 아니라고 봐요. 트랜스포머도 봤는데 그거랑 같은 점수라니...  "
20170623,10,SNS 사생활... 투명한 사회에 대해 생각해 보게 하는 영화 랄까...섬뜩하네...  
20170623,10,앞으로 미래에 실제로 일어날수있는 영화 추천합니다  
20170623,5,그냥 SNS를 다루는 미국다큐 한편 본느낌이였어요.. 스토리도 이해안되고 결말도 뭘 얘기하려는건지 모르겠고 그냥 오징어만 씹다가 나왔네요  
20170623,4,신선했다.. 점점 갈수록 썩혀질 뿐...  
20170623,10,이런 영화도 있어야할듯  우리의 가까운 미래에 벌어질 risk에 대한 영화.엠마왓슨이나 톰행크스가 달리 보여지네요!!이런 영화에도 출연하고^^♥  
20170623,8,그냥 엠마왓슨이쁘다만 외치다나왔다....  
20170623,5,어...걍 집에서 봐도 좋은 영화;;  
20170623,5,"주제는 크게 잡아놓고, 쓸 말은 한 페이지도 안되는 영화. 고인이 된 빌 팩스톤의 유감스러운 유작.  "
20170622,1,감독이 스티브잡스 빠돌인지 프레젠테이션 장면만 존나나옴. 쿨한 아이티 회사의 근무환경 이라는 고정관념을 확인하는 것 외에 이 영화를 볼 이유는 없음.  
20170622,1,제가 태어나서 영화관에서 자본적 처음이예요..  
20170622,10,"개인적으로 영화가 전혀 루즈하지 않았고, 굉장히 흥미롭고 공감이 가는 내용이었다. 장르는 스릴러라고 하긴 좀 애매하다. 스릴러 팬이 아니라 현대 사회와 기술발전, SNS등에 관심 많은 사람들이 보는 편이 이 영화를 즐기는데 좋을듯 하다.  "
20170622,1,정말 구린 영화. 관객이 바보인 줄 안다.하지만 엠마 왓슨은 이뻤다ㅠㅠ  
20170622,1,엠마왓슨 톰행크스 데리고 진짜 뭘 한건지;;;  
20170622,3,과유불급 마지막 한방이 부족했다  
20170622,10,"◇섬찍하다! 예리하게 도려낸 아픈상처를 보듬듯... ◇사정없이 냉혹하게 현실을 파도들때는 긴장감이 최고조로 올라간다... ◇기술과 인간의 삶을 이토록 명쾌하고 쉽게, 재미있게 풀어갈수 있는것도 혁신이다! ◇마지막 통쾌감은 두뇌를 시원하게 풀어준다!  "
20170622,10,나만 잼나게봤나요?;; 난 가까운미래에 있을법한 얘기라 잼나던데ㅠ  
20170622,8,초반의 루즈함과 후반부의 급한듯한 마무리는 아쉬웠으나 대체로 괜찮은 편이다 무섭지 않으면서 무서운듯한 영화...지금 sns 중독자들에게 근미래에 일어날 수 있는 경고라고 생각한다 프로그램하나로 전세계의 모든 사람들의 개인생활감시 어찌 나답게 살겠는가  
20170622,9,꼭 관람하여 한번쯤 생각해봐야하는 영화  
20170622,10,배우들이 실망시키질 않네요! 재밌어요 ㅎㅎ  
20170622,10,엠마왓슨 이쁘다~~~~  
20170622,10,현 시대를 살아가는 우리에게 많은 생각을 하게 해주는 영화  
20170622,10,엠마 왓슨 변신이 참신해요~  
20170622,6,영화가 보다 만 느낌입니다.  
20170622,10,"Internet of Things, Cloud Computing, Big Data and Privacy .... IT 백그라운드 지식과 미래 SNS비즈니스 모델에 관심이 많다면 최고의 영화  "
20170622,7,처음엔 괜찮더니 급작스럽고 어이없는 결말.. 전형적인 용두사미 영화  
20170622,10,엠마왓슨 너무너무 좋아요~  
20170622,10,"의외로 볼만한 영화, 주제도 그렇고~  "
20170622,10,"꿀잼,  연기력 대박, 그리고  sns에 대해 많은것을 생각하게 만든다  "
20170622,10,엠마왓슨 역시 이쁨.. 생각보다 볼만하고 배우들 보는 재미도 있었다  
20170622,10,엠마왓슨짱 ㅎㅎ전 의외로 내용이 좋았던 느낌 앞으로 우리의 소셜네트워크에관한 정의와 피해에 대해 한번더 생각해보는 영화라 생각합니다  
20170622,9,배우들 연기보는 재미 쏠쏠  
20170622,4,도대체 장르가 뭔지 모르겠음.  스릴러? 드라마? 짬뽕의 결정체. 게다가 어이없는 결말은 덤  
20170622,1,하고 싶은 말은 많지만 써놓고 보면 무슨말을 하는지 모르는 내가 쓴 과제 같은 영화  
20170622,4,아무생각없이 봤는데 아무 생각없던 영화 친구랑 보고 ? 끝이야? 하고나옴  
20170622,7,The Circle..  
20170622,1,"소설 원작이 베스트 셀러인데... 톰 행크스, 엠마왓슨 데리고 이렇게 밖에 못 만드나 싶다... 감독 역량이 부족한 부분인지 출연 배우 작품 선택 안목이 부족한 건지... 엠마왓슨 팬이라 봤지만 영화 정말 별로였다.  "
20170622,7,"""Early Paul, late John.""  "
20170622,6,음 뭔가 주제는 좋지만 이게 몰입이 잘 안되고 뒷 마무리가 말끔하지 못한 이 뭔가... 애매해  
20170622,10,"지금 인스타, 페북을  놓지 못하는 당신에게 바칩니다  "
20170622,1,"이거 볼 시간에 차라리 엠마왓슨 화보집 보시는 게 당신의 통장, 정신, 시간에 이롭습니다.  "
20170622,8,발달하는 기계화가 무서운 메세지를 준다. 따뜻한 인간미가 더더욱 그리워졌다  
20170622,10,일단 엠마왓슨 너무 이쁘다  
