0,1,2
20190117,7,"재미가 있는건 아니지만 좋은 연출, 연기와 좋은 내용이다. 방황, 인생은 다른 사람의 상황을 이해하면서 느끼게 된다. 그리고 각자의 길을 걷는다.  "
20181202,6,좋은 영화이긴 한테 글쎄... 나하곤 좀 안 맞았다. 따분하다는...  
20180928,2,지루함 보다가 포기했어요  
20180901,9,많은걸 깨닫는 좋은 영화입니다. 20세기 여자들인데 왜 우리의 20세기로 한건지 한심합니다.  
20180901,4,이미지와 갬성만 남은 영화. 간간히 나오는 귀여운 장면들 때문에 2시간 참고 봤다.  
20180828,10,서로를 이해하려는 그들의 시도가 아름답다.  
20180821,7,"우리 영화로 따지면 아니 드라마 ""응답하라""의 미국판  "
20180727,10,엄마 역할 맡은 분 삶의 관록이 묻어 나오는 성숙한 연기와 아들 역할 배우의 방황을 연기하는 눈빛이 정말 아름다웠다.  
20180701,8,최근 본 영화 중 최고다....  
20180615,1,17분까지 보다가 삭제했음  
20180610,10,영화를 보는 동안 마치 그들 삶에 들어간 듯한 느낌이었습니다. 기억에 남을 영화..  
20180516,10,다시 보고 싶어요. 계속 생각나는 영화  
20180515,9,평범하면서도 진리인 한 마디.  Life is so big and unknown.  
20180513,10,"21세기의 나는 항상 20세기의 그들을 동경했다. 담배를 피우는 것이 하나의 멋으로 치부되던 그시대.하지만,결국,그들도 이름모를 신에 의해 만들어진 인간일 뿐이다.그들은 '쿨함'이란 그저 삶의 '무력감'일뿐이다.이 영화는 내내 그것을 말하고  "
20180512,10,제목은 20세기 여인들이 더 좋았을 것 같았다.영화 정말 의미도 깊고 좋았습니다.  
20180501,9,"시대와 인간, 그 풍경과 온도를 정확히 잡아낸 영화.  "
20180501,9,캐릭터 하나하나에 공감하며 본 영화.  
20180426,8,"세대 차이, 남녀 차이 항상 갈등을 존재한다. 그것을 극복하려는 대화와 노력이 아름답다  "
20180413,9,결국에는 만들어진 가족.  
20180406,7,여성을 들여다 보는 작은 거울  
20180405,8,관람객여자들이여 괜찮아괜찮아  
20180402,8,관람객야호! 나는 지금 내 시대의 내 인생을 살고 있구나  
20180402,8,관람객자기만의 세상을 만들고 유지해가는 것  
20180326,8,마음따뜻해지는 영화. 마이크밀스의 전매특허 감각적 영상은 덤  
20180321,10,관람객행복한지를 따지는 건 우울해지는 지름길이야  
20180319,9,관람객보기드문  재미있는  영화입니다  
20180311,10,잔잔하게 아름다운 영화  
20180305,10,서로 경험하는 세계가 달라도 이해하려는 노력이 아름답다  
20180303,10,관람객배우들 연기가 너무 좋습니다! 특히 아네트배닝은 목소리가 매력적! 엘르패닝도 재발견입니다  
20180303,10,관람객21세기에 만난 그들의 사랑스러운 20세기 이야기  
20180228,10,관람객뭔가 가족들의 쿨하고 화평한 분위기가 너무 좋았어요  
20180225,8,우린 서로를 이해할 수 없어 이해하려고 노력하겠지만 이내 다시 이해할 수 없을 것이다  
20180224,10,한 지붕 다섯 명의 따로 또같이- 나이가 몇살이든 제각기 성장하고 있다. 각자의 방법으로 각자의 미래를 향해..겪어보지 않았지만 마냥 그렇게 살았던 그때가 부러운건 지금에서는 찾을 수 없음때문일까..제이미를 둘러싼 모두의 성장담  
20180216,4,이 영화를 이해하지 못하겠는건 내 안목 부족이겠지...  
20180206,9,관람객그림이 이뻤습니다. 한국 제목도 원작 제목도 모두 어울리는 영화  
20180204,7,"이런 영화가 오히려 깊게 다가오는 나이가 되었음을 깨닫고, 내가 웃어야 할 지, 울어야 할 지. '아들을 세상 속의 한 사람으로 보려 노력하기. ' 어릴 때 예상했던 것만큼 행복해? 사람들한테 그런 거 물어보는 거 아냐'  "
20180204,10,소설같이 텍스트가 중요한 영화. 대사로 세대간의 삶을 들여다보기  
20180201,6,사실은.. 나도 너처럼 오늘을 겪는게 처음이라 낯설고 어떻게 대처해야할지 모르겠는거 투성이라 매순간 오늘을 발판삼아 어떻게든 성장하고 있단다.  
20180201,6,무엇이라 형용하기 어려운 독특한 영상미와 화법의 영화. 어리지만 현실적인 제이미의 심리상태에 대해서만 공감이 간다. 나머지 여주인공들은 확실히 다른 세기에 살고 있었다. 그들이 같이 어울려 별탈 없이 지내 는 것은 어쩌면 요원한 일일지도 모르겠다.  
20180122,9,관람객제각각 다른  색깔을 지닌 개인들이 함께 살아가며 성장하는 이야기  
20180118,9,"관람객아주아주 좋은 영화. 조금은 지루할 수 있지만, 보면서 많은 것을 느꼈다.  "
20180117,9,관람객마이클 밀스가 삶을 기억하는 방식은  늘 따듯하고 아름답다.  그러나 추억은 아름다울수록 멜랑콜리하다.  
20180113,9,"관람객지금의 우리, 지금의 나를 보는 거 같아 인생영화였습니다.  "
20180109,6,관람객그럭저럭 괜찮기도 안 괜찮기도 한  
20180108,10,이런 글 잘 안남기는데 이 영화 너무 좋네요... 위로받은 느낌입니다.  
20180107,10,나도 내 자식에게 할머니를 제대로 묘사하지 못 하리라  
20180102,8,꿈처럼 몽몽하게 과거를 그려낸다. 캐릭터 짙은 배우들의 자연스러운 명연기들이란.  
20180102,7,"나는 왜 우리 부모님 세대인 저들보다 자유롭지 못한 것일까더 많이 느끼고, 생각하고, 행동하고, 자유하고싶다. 그럴 것이다.  "
20180101,4,아이하나를 키우기위해서는 마을전체가 필요하다 그리고 어른이 성장하는 데도. 정서적으로 내용이 다소 이질감이 있어 우리 나라의 괜찮은 감독이 리메이크 하면 좋을 것 같음  
20171231,10,관람객역시 마이크 밀스영화 재밋다.  
20171231,9,관람객영원히 기억에 남기고 깊은 우리의 이야기들  
20171227,10,관람객천천히  흘러가는 삶이  관람하는 사람으로써 현실로 와닿음  
20171227,7,관람객너무 솔직하다 너무 적나라하다  
20171225,5,"아날로그와 디지털, 부모와 자식의 세대차이갈등, 불안.. 그런 감정들? 속 각자의 사연들.글쎄, 보고서 기분이 좋아지는 영화는 아니었다.  "
20171216,9,관람객잔잔하게 공감가는 영화  
20171215,10,관람객Life is big and unknown.  
20171209,10,관람객좋았어요 20세기 영화!  
20171209,8,관람객행복해지는 방법은 따로 없다.  
20171208,7,마지막 경비행기 타고 해변 위를 나는 모습이 정말 눈부시게 아름다운..  
20171207,8,"관람객현명하게 문제를 해결해야한다는 강박을 가진 사람들이 보면 좋을듯..도움이 필요할때는 다양한 경험 자체가 인생의 가이드가 되고, 그것을 수용할 지세만 있으면된다  "
20171204,10,관람객귀엽고도 감동적이에요ㅎㅎ 마음을 맑게 해주는 영화네요~  
20171204,10,관람객좋은 영화. 아네트 베닝은 아름답다. 행복하냐고 묻지마~  
20171203,7,"관람객영상미, 그들의 20세기로 돌아보는 우리의 21세기  "
20171203,8,귀엽고 웃기고 공감되고 모욕적이었던 영화.  
20171202,10,관람객너무 좋았어요... 배우들 연기도 짱  
20171130,10,관람객아주 잼있게 봤습니다.  
20171129,9,"관람객서로의 관계속에서 모두가 아름답게 선명했던 ,1979년 산타바바라,너무 좋았어요, 다시 보고싶은 영화예요.  "
20171128,9,"영화속 모든 케릭터, 모든상황속에 빠져든다  "
20171126,10,관람객우리 삶에 대해 생각해볼수 있는 영화스토리고 좋고 영상도 좋고 모두 좋아요  
20171124,10,"관람객아들 ,아니 자녀를 키우는 부모들이라면 ,,꼭봐아야할..  "
20171122,8,관람객영상미 좋고 배우들 톡톡 튀고  
20171122,10,관람객매우괜찮은영화였습니다 연기자들에감탄합니다  
20171122,10,관람객나는 엄마를 몰라요내가 엄마가 되면 좀 알까요어쩌면 더 모를지도  
20171122,9,관람객이번달 본 영화중 최고!  
20171118,8,관람객나의 21세기는 어떨지 잘 모르겠네요  
20171118,8,"크게남는것은 없어도 영화보는내내 몰입도는 상당함...엘르패닝,아네트베닝  "
20171117,10,관람객너무너무 재밌게 봤어요.  
20171117,7,관람객색감이 정말 좋은 영화입니다 킬링타임으로 좋아요~  
20171116,10,"관람객감독이 여성들에게 바치는 영화, 나도 아직 우리 엄마를 완전히 이해하지 못했구나..  "
20171116,8,"관람객미국의 혼란스러웠던 20세기를 관찰할수 있어서 재미있고,흥미로웠어요~애비역할을 맡은 여배우가 참 매력적이였습니다!  "
20171116,2,뭐이리 인생을 복잡하게 사는지 답답했다ㅋㅋㅋ 씨빠꺼 걍 섹수하고싶으면 분위기에 따라서 섹수하면되는거고 뭐이리 페미니즘 들먹이면서 고민을 해. 콘돔끼고하면 되잖아 ㅋ  참 거창하게도 생각한다.  
20171115,9,관람객20세기 여자들. Art fag!  Talking Heads  
20171115,9,관람객우리 “여성”들의 이OO기  
20171113,7,관람객색감도 말하고자 하는 것도 좋았으나 왜 제목을 이렇게 지었을까 하는 의문점이 떠나지 않는다  
20171112,9,관람객제이미가 성장해서 얼마나 멋지고 자상한 남자가되었을지 궁금해요  
20171112,9,관람객영화재밌게봤습니다 의미있었어요  
20171111,10,"관람객등장인물의 대사 하나 하나 정말 와닿았고, 요즘 살아가는 우리에게도 공감이 정말 될 아름다운 영화였습니다. 마지막 쯔음에 눈물이 났어요. ㅠ  "
20171111,6,"관람객너무 신변잡기적, 산만..  "
20171111,10,  아무것도 하지 않거나 숨기는 아들보다  표현하고 간섭하게 하는 아들이  다행스럽지않은가!  
20171111,8,관람객감독이 한 가지 문제는 잘 풀었다  
20171111,8,관람객재미있게 보았습니다.  
20171111,10,관람객이 아 우 오 아 나 맙 다 아 아 처 모 큐  
20171110,8,음악 좋고.... 내 삶을 뒤돌아 보기도 하고... 앞으로의 남은 삶은 어떻게 살아 갈지고민하게 되는 영화네요.... 조금은 서글퍼 지는 좋은 영화 입니다.  
20171110,8,관람객도로시아는 충분히 멋진 어머니였다.  
20171110,10,관람객기대 이상으로 많은 느낌을 준 영화  
20171110,7,관람객주인공 소녀의 미소만큼 상큼한 청춘영화  
20171109,9,관람객재미잇어요 재미있어요  
20171108,9,관람객두번보고싶습니다 인생영화!  
20171108,9,"관람객사람과의 관계, 여성의 삶에 대해서 생각해볼 수 있는 영화였다  "
20171106,7,관람객영화보는 내내 지금 젊은 세대들 이야기처럼 들렸어요  
20171106,8,"1979년을 배경으로, 어른의 씁쓸한 지혜와 젊은이의 어리석은 열정이 뒤섞여 나아가는 개인의 삶과 역사를 그린다. 뼈 있는 대사를 포장없이 직설적으로 계속 내뱉어서 명언집이나 지침서 읽고 온 느낌...담배는 20세기의 유물이니 21세기에는 조금만!  "
20171106,10,관람객Fun fun fun fun must watch  
20171106,9,"관람객살갗으로 느껴지는 생경한 삶을 어떻게 견뎌내는지를 묘사하는 것이 성장소설이 수행해야하는 역할이라면 이 영화는 그것을 아주 잘 해낸 셈이다. 삶은 누구에게나  낯설어서 아름다운 것이다. 살아갈 이에게도, 죽어갈 이에게도. 어둠 속의 셔터씬 미쳤다  "
20171106,8,관람객각자의 인생대로 keep going!  
20171105,9,관람객두번째 봤는데 좋았어요. 여성문제에 관심있는 분께 추천  
20171105,7,관람객사실 조금 지루하기는 했습니다. 무슨말을 하고싶은지는 알겠으나 그 무슨말이 두시간동안 큰 감흥 내지 여운으로 남지는 않습니다.  
20171105,9,관람객구성과 이미지 좋네요..  
20171105,10,관람객두번 봤습니다 dvd 구입각  
20171104,10,"관람객영화분위기, 연기, 스토리, 연출, 메세지 모든게 완벽했다.  "
20171104,6,관람객세여자에 휘둘리는 제이미  
20171104,7,관람객하나하나 캐릭터가 분명한 영화나도 저런 엄마 있었으면 마마보이 됫게ㅛ다  
20171104,8,관람객어렵지만.. 유쾌한 영화  
20171104,10,관람객장면 하나 대사 하나 가슴을 쿡쿡 찌른다. 나로썬 조금도 상상할 수 없는 엄마의 삶그리고 점점 벌어지는 삶 사이에 멋진 세상을 보여주고 싶은 마음...  
20171104,8,관람객감독이 똑똑합니다.  
20171103,8,관람객조금 어렵긴 했지만... 나중에 다시 한 번 더 보고 싶은 영화였습니다.  
20171103,10,관람객한뼘 더 자유로워지는 영화  
20171103,1,관람객원제가 20세기 '여자들'인 이유가 있었다.우리의 20세기라는 제목에는 빵점짜리영화.20세기 여자들이라는 제목에는 쏘쏘.  
20171103,7,관람객아네트베닝의 연기를 오랜만에 보게되고 삶에서 고민되는 이야기를 진솔하게 풀어가는 스토리였다  
20171103,8,관람객정말 쵝오이무니다!!  
20171103,10,"관람객20세기 중반에서 21세기의 초반까지를 살아가는 나의 삶을 돌아보게 된다. 시대적 상황에 따라  삶의 모양이 달라지는 건 어쩔 수 없지만 내식대로 , 주체적으로  살려고 노력해야 하는 건  인간삶의 필수요소이다. . 근대 여성의 특징은 주체적 삶.  "
20171103,7,관람객음흠.... 미성년자의 입에서 나올수 없는 언행(흡연/섹스)이라  불편하긴 했지만  혼자 보면서 생각좀 하게하는  스토리입니다.  추천해요  보세요  
20171102,9,관람객생각과 여운이 많이 남는 영화  
20171102,4,관람객어머니랑 봤는데 너무 난해했어요...제가 문학이나 이런 감성을 못 쫓아가는건지 중간에 나가고 싶었습니다. 평점이 너무 좋아 어머니 모시고 간 것인데 어머니도 저도 난해했습니다.  
20171102,10,관람객좋은 영화입니다....  
20171102,8,관람객우리가 내가 되어 함께 방황하며 위로를 얻었다  
20171101,7,관람객우리 중에서도 여성에 대한 이야기가 비중 있게 다뤄지는 아주 희귀하고 가치 있는 영화 20세기의 여성과 21세기의 여성의 삶이 그리 다르지 않다는 점에서 자꾸 영화 제목을 잊어버리게 된다 우리의 '20세기'라는 것을  
20171101,8,관람객세상을 동시대에 살아간다는거슨..  
20171101,7,"관람객잔잔하고, 현실적이고, 감동적인 영화  "
20171101,8,관람객귀엽고 사랑스러운 등장인물들.  
20171031,8,관람객생각보다는 지루했던거같음  
20171031,8,관람객우리라는 단어가 적절하다  
20171031,6,관람객지비빅비그늳사븍즠스  
20171030,8,관람객우리의 21세기는 어떻게 기억될 것인가  
20171030,9,관람객기분이 좋아지는 영화에요  
20171030,9,관람객한번인 삶이 그 미숙함이 아름답다.  
20171030,8,관람객지금이나 그때나 마음대로 되는 건 없지  
20171029,8,관람객어느 방향에서 보아도 참 많은 생각거리를 던져주는 영화. 등장하는 인물들 모두가 사랑스럽고 안쓰럽고 귀엽다. 특히 아네트 베닝의 범접할 수 없는 아우라!  
20171029,9,관람객삶은 계속 흔들린다. 그게 지극히 당연한 것이다.  
20171029,10,관람객다시 또 볼 얘정.. 충분히 이해 필요해요  
20171029,9,관람객재밌었어요 의미 있는 영화  
20171029,8,재밋네여ㅋㅋ 남주도 잘생겻  
20171029,9,"관람객누구나 조금씩은 외롭고 부족하다. 개인의 삶 하나하나를 가장 가까이서 들여다보는 느낌. 모두가 하나같이 아름답고, 소중하다. 영상미도 예쁘고 패션도 굿!  "
20171029,6,복잡한 현대 사회에서 이렇게 난해할 필요 있냐?? 뭔소린지 모르겠다.  
20171028,8,관람객1979년기준의 각각의 세대가 보여주는 모습들이 2017년에 비추어봐도  비슷한 모습들이 보인다. 이런저런 생각이 드는  영화  
20171028,9,관람객간만에 은은한 감동을 느낄 수 있었던 영화  
20171028,7,관람객청춘에는 나이가 없다.  
20171028,10,관람객그 시절 우리들의 모습!!!!영상과 스토리의 완벽한 조화  
20171028,10,관람객최고의 영화였어용♡♡♡♡  
20171028,9,"관람객캐릭터들이 모두 생동감있어요~ 일상적이고 따뜻하면서 쿨한 영화에요. 페미니즘적이라던데 그건 사실 잘 모르겠고, 인간답고 유쾌했어요. 대사 하나 하나 아름답고, 색감도 너무 예쁘고. 기억에 남는 즐거운 영화 입니다:]  "
20171028,9,관람객존재의 무게에 대하여..  
20171028,9,관람객조금은 지루하지만 찬란한 우리의 20세기  
20171027,9,관람객예상했던대로 좋네요.  
20171027,10,관람객스토리 영상미 음악 디자인 모두 취향저격 당했다.올해 본 영화중 최고.  
20171027,9,'20세기 여성들'!! 너무 좋았습니다  
20171027,8,관람객20세기 미국에 대해 잘 몰라 낯설긴 한데 재밌음  
20171027,8,관람객음악도 화면도 배우들의 연기도 좋고 인물들의 이야기가 다채롭다  
20171027,7,1979년이면 내가 태어났을 떄인데 미국 이야기인데도 뭔가 공감이 가네 나는 저들의 현제에 태어난....  
20171027,10,"관람객좋았습니다! 과거, 현재 그리고 미래  "
20171027,10,관람객베리굿 ! 아네뜨베닝 역시~~~ 크~~~  
20171026,7,관람객20세기는 이러했다고 보여주는 영화. 그 자체로도 가치가 있고 보고나면 기분 좋은 영화지만 그 이상은 없는 듯.  
20171026,7,"관람객각자의 이야기, 각자의 삶. 그러면서 같이 살아가는 것  "
20171026,9,관람객각각의 생각차이와 갈등과 풀어가는 과정영상미와 음악들 눈과 귀가 즐거웠습니다  
20171025,8,관람객영상미가 좋은 영화 제이미가 귀여웠다  
20171025,8,관람객한 번더 봐야겠다 색감 좋고 대사 좋고  
20171025,7,그 안에서 다시 태어나다.  
20171025,7,"관람객부모세대를 이해하가 한다. 하지만 동시에 종교, 인종, 국가는 뛰어넘어도 세대를 뛰어넘긴 어렵다는 이야기를 들려준다  "
20171025,9,관람객내가 나이 들었을때 다음 세대들과 어떻게 지내고 있을까  
20171025,9,관람객그땐 그랬지~  생각나게하는공감되는 영화였네요  
20171024,8,관람객마냥 웃다가 먹먹해지는 영화  
20171024,8,모든 독백에 깔리는 음악이 너무 좋았다. 모호한 내용이었지만 마지막에 코끝이 시렸고.. 끝나고 나니 20세기가 너무 그립다.  
20171024,9,관람객지루한듯하지만 좋은영화  
20171024,6,"관람객진부한 신파, 눈물이 나긴 나지만 그때 뿐  "
20171024,9,"관람객유쾌하고 따뜻한 영화, 다양한 매우들의 멋진 연기  "
20171023,8,관람객영화너무좋았어요ㅋㅋㅋ  
20171023,10,관람객불안한 마음에 보면 좋은 영화  
20171023,7,관람객우리는 어떻게 지금의 자신이 되었는가. 그리고 어떤 사람이 되고 있는 중인가.  
20171023,8,관람객70년대 미국의 분위기를 느낄 수 있었어요 !! 추천  
20171023,3,"관람객아네트 베닝의 줄담배연기만 기억난다.참 좋아한 배우인데, 미국식스토리는 주변의 평과 제목에 비해 감흥이 적었다.  "
20171023,10,관람객좋은영화입니다 감성이 너무 좋아요  
20171023,9,관람객우리는 서로를 이해할 수도 설명할 수도 없겠지만 사랑할 수는 있을거에요.  
20171023,10,관람객좀더 많은 상영관에서 많은 분들이 보셨으면 하는 영화였습니다.  
20171023,9,관람객현재 내 삶에 대해 돌아볼 수 있는 영화  
20171023,9,"관람객사려깊고 아름다운 영화이자, 동시에 그 자체로 훌륭한 심리학 텍스트. 종종 꺼내보면 길잡이가 될 만한 영화.  "
20171023,10,관람객이런 현실적인 영화 넘  좋아요  
20171022,9,관람객너무 좋았어요! 많은 생각이 드는 영화에요. 애비 캐릭터가 너무 마음에 들고 좋았어요~~!  
20171022,9,관람객대사 하나하나 주옥같았던 영화  
20171022,10,관람객너무 좋았어요. 기회가 되면 다시 보고싶어요.  
20171022,8,관람객잘 봤어요. 재미있었어요!  
20171022,8,"관람객대부분 영화 속 인물들의 숨겨진 상처와 감정에 집중해서 보는 편인데, 신기하게 이 영화를 보면서는 그런 면들 보다는 단순히 대화에 끼고 싶다는 생각이 많이 들었다.  "
20171022,10,관람객칠아웃하기 좋은 영화였다. So refreshing and relaxing  
20171022,9,"관람객한 번 더 보고 싶은 영화. 처음엔 예쁜 색감, 여러 장르의 음악 그리고 엘르 패닝이 보였는데 점차 캐릭터들의 대사, 행동 그리고 결과(혹은 미래)에 대한 생각으로 머리가 가득 찼다. 제대로 이해하기 위해서라도 한 번 더 보고 싶은 영화.  "
20171022,7,관람객아네트베닝 그레타거윅 엘르패닝 아름다운 세 여자  
20171021,7,관람객변해가는 세상에서 중심 가지기... 조금은 지루하기도  
20171021,8,관람객커다란 사건은 없지만일상생활에서 생기는소소한 일들이 많은 생각을  하게 합니다  
20171021,10,관람객너무 좋은 영화인데 제목이 아쉬워요.. 그냥 20세기의 여성들이 나았을 거 같아요  
20171021,6,관람객잔잔한 감동이 있고 무엇보다 아네트 배닝 연기가 인상적이었어요  
20171021,7,관람객인생은 복잡하고 복잡하다.  
20171021,7,관람객끝날때.. 모지?? 하게되는 영화.. 그냥 흐름따라 공감라며 보는 그런..  
20171021,10,관람객적당한 영상미도 있고 교훈도 있고 사람들이 알면 좋을 것 같은 내용도 있어요 저는 또 보고 싶을 것 같아요  
20171021,10,영화가 끝난 후에도 곱씹으며 여운이 남는 강인한 여성들의 이야기  
20171021,10,모두가 보았으면 하는 영화  
20171020,10,관람객재밌었어여 우연히 봤는뎅 볼만해여  
20171020,10,관람객굿굿입니다다진짜너무말고안되는  
20171020,8,관람객음 뭔가 음... 재밋었어요  
20171020,8,관람객저는 개인적으로 her보다 좋았어요.  
20171020,8,관람객소소한 재미. 90년대 티비서 많이 방영하던 미드보는 느낌  
20171020,8,관람객괜찮습니다. 추천하는 영화입니다.  
20171020,10,여성으로서 사랑을 하는 한 사람으로서 누군가의 자녀로서 참 좋았던 영화. 제목에도 20세기라는 시대적 배경이 들어가고 작중에서도 굉장히 강조하지만 그 시대를 잘 알지도 못할 뿐더러 우리나라의 20세기와는 많이 다른 것 같아 그 부분은 공감이 안 됐음  
20171019,9,관람객보면서는 조금 지루하기도 했는데 극장을 나서고부터 여운이 길게 남아요.  
20171019,10,관람객너무 너무 좋았다. 내 인생 통틀어 가장.  
20171019,7,관람객영상이 예뻤어요 영화에는 빠져들듯말듯  
20171019,8,관람객전혀 알지 못하는 음악이었지만 미친듯이 춤추고 싶었다  
20171019,8,관람객가족의 소중함을 다시금 깨닫게 하는 좋은 영화에요  
20171019,10,관람객많은생각을 하게하는 영화입니다.  
20171019,10,관람객꼭 추천하고싶은 영화입니다  
20171019,9,관람객도로시아는 결국 어른이었네.  
20171018,9,관람객괜찮은 영화였어요. 인물 초점으로 관람하시면 좋을 듯  
20171018,9,"관람객튀려고 하지 않는, 잔잔한 영화. 이야기를 풀어나가는 방식이 좋았다.  "
20171018,4,소재는 좋았는데....너무 여성편향적인 시각과 대화 ..어리둥절한 감수성이 집중하고 공감하는데 힘들었던 영화..좀 아쉬웠던 영화...  
20171018,10,관람객산타바바라이길래 또 가고싶겠구나 했는데저 여자처럼 살고싶어졌다너무 멋있다  
20171018,1,메퇘지 영화 ^^     메갈들이좋아하것다  
20171018,10,"관람객.,.,.,.,.,.,.,.  "
20171017,10,관람객언뜻 예고편을 보고 끌려서 보게 된 영화. 말로 표현하기 어렵게 좋았고 인생 영화 리스트에 올랐습니다. 영화 속에 각기 다른 여자들과 남자들이 살아있었습니다. 더할나위없이 현실적이어서 그 속에 내가 보이지만 그게 전부가 아니라 꿈을 꾸게한달까 완전추천  
20171017,10,관람객향수에 취해 각자의 인물에 빠져 들었던 시간이였습니다.  
20171017,7,그럭저럭이라고 생각해요.  
20171017,9,관람객좋은 영화....그러나 마무리는 살짝 아쉽네요  
20171017,7,"관람객""행복한지 따져보는 건 우울함의 지름길이야""  "
20171017,8,관람객내 삶을 대입하다보니 약간 두통이 찾아왔다. 부모 자식 관계는 참 어렵다.  
20171017,4,뭔가 독특하고 신선한 전개방식 그리고 오묘하면서도 영상미가 뛰어난다  
20171017,8,관람객20세기보다 21세기에 더 오랜 시간 살고 있는 나에게 이 영화는 참 묘했다. 아날로그 세계의 사람이 디지털 세계에 살고 있는 내게 전하는 편지같으면서도 그 시절의 고민과 현시절의 고민이 크게 다르지 않음을 보며  사람 사는게 다 같은거구나 싶었다.  
20171017,7,관람객잔잔하지만 다시 생각하게 하는 대사들이 좋았다  
20171017,10,관람객사소한 일상이지만 사오하지 않을 수 있는 일상.  연휴에 조용히 혼자 보기 좋았어요!  
20171017,7,관람객삶의 모든 면들을 포괄하는 한 단어란 없다. 다만 그 삶이란어떠한 것을 이해하는 과정 속에 있거나 그 과정들이 누적된 것이라고 설명하는 게 최선이 아닐까.  
20171017,9,관람객재미있게 잘 봣어요 추천해요  
20171017,9,관람객시선처리가 잘 된 영화. 그리고 각 시점에서의 대사들이 정말 감정을 잘 드러냈다. 조금은 복잡할 수 있지만 각자 인생의 가치관들이 어우러져 좋은 시너지를 냈다.  
20171017,9,관람객그들의 20세기가 지금 우리들의 세기에 위안이 된다  
20171016,5,나랑 다른 생각을 하는 영화다..표현 방식이나 언어의 선택이나..모두..젠장 영화보면서 두번자기는 올만이다..비추입니다  
20171016,8,관람객정말 좋았어요! 관계 속에서의 존재의 의미를 찾아나가는 과정을 같이 겪는 기분이었어요  
20171016,9,관람객큰 기대 없이 봤는데 지겨움 없이 잘 봤습니당  
20171016,6,관람객생각보다 각인물들의 깊이를 헤아려야했던 쉽지많은 않은 영화.곱게 나이든 그녀를 볼수있어 좋았다.러브어페어의 그녀~  
20171016,6,관람객볼만했어요 우리세기를 생각해보게되더라구요  
20171016,8,관람객성장기에서 보이는 소년의 고군분투  
20171016,9,관람객살아간다는 것은  일상의 반복 같지만 잘 들여다보면 언제나 새로운 상황과의 만남이며 어찌할 바를  모르게 하여 또 깨달아 알게 한다. 감상하는 내내 스스로를 돌아보게 하는 속 깊은 영화라는 생각이 든다.  
20171015,10,관람객제목을 우리의 20세기로 바꾼 것이 유일하게 맘에 안드는 영화  
20171015,10,관람객잘만든 감동적인 영화스러운 영화  
20171015,9,관람객abcdefghijklmnopqrstuvwxyz  
20171015,8,"관람객평이 좋은 듯 하여 보러 왔는데 괜찮은 영화였다배우들의 연기도 너무 좋았다 그리고 제이미, 어학연수 때 옆 반 남자애랑 닮았다 뭔가 그 애 생각이 나서 좋았다  "
20171015,7,관람객아름다운 색감과 절제된 카메라 움직임으로 정성스럽게 담긴각기 다른 세대들의 성장일기그렇게 우리는 서로를 알아가고 서로에게 배우고 서로를 바라보며 성장한다  
20171015,9,관람객요즘 날씨에 어울리는 따뜻한 영화  
20171015,7,관람객너무 즐겁고 유쾌하고 사랑스러운..  
20171015,5,관람객기대했던 것 보단 별로에요  
20171014,9,관람객소장하고 싶은 영화 !  
20171014,8,관람객좋았습니다....여운이 오래토록 남아있습니다  
20171014,10,"관람객10대와 20대 50대를 아우르는 우리모두의 방황하는 청춘이 21세기와 다르지않다 그리고제목은 원제처럼 ""여자들""이 들어갔어야했다 주인공임이확실한데 왜의도적으로 물타기하냐  "
20171014,8,"관람객잔잔하지만 싱겁지는 않은, 우리의 청춘  "
20171014,8,관람객어떻게든 웃고 울고 함께 또 따로 살아가는 이야기  
20171014,10,관람객넘 좋아요~~~^^ 또 보고싶은 영화!! 추천추천!  
20171014,10,"관람객계속되는 20세기, 21세기 여성들의 이야기에 귀기울이도록  "
20171014,8,"관람객도로시아-""행복하려고 집착하는 것은 우울함의 지름길이다""  "
20171014,7,관람객인생살이의 녹록치 않음과  그것을 견디어내고 이기는 것은 역시 sharing임을 느끼게 해준 영화.  
20171014,10,"관람객""넌 나보다 행복했으면 했어""  "
20171014,6,관람객잘봤습니다~~~~!!  
20171014,8,관람객Beautiful  Shit  
20171014,9,"관람객어머니와 봤는데.  저는  괜찮았는데, 어머니는 직설적인 말들이  불편하셨데요  "
20171014,10,관람객인생은 계획처럼 되지않는다.  
20171014,10,관람객재미있어요 ㅇ ㅇ ㄴ ㄹ ㄷ ㅇ  
20171014,10,관람객올해 가장 기억에 남을 영화..  
20171014,7,관람객재밋엇어요재밋엇어요  
20171014,6,관람객시대적 공감과 구성이 새롭긴 하지만 큰 감동은 없는 좀 아쉽다...아네트 베니의 연기에 박수를 치긴한다  
20171014,7,관람객엘르 패닝이 조금나와서 별점 하나 뺌  
20171014,10,관람객또 다시 보고싶은 영화!  
20171014,10,관람객색이 너무 이뻐서 보았다가 생각을 많이 하게 하는 따뜻한 영화  
20171014,8,관람객완전한 공감은 못했지만 가족간의 소통을 개개인의 이야기로풀어가는 과정이 매우 흥미로웠던  
20171014,10,관람객주옥같은 대사들~ 솔직한 삶의 대한 그들의 시선~시원시원해요~  
20171014,8,엘르 패닝 많이 컸다싶고남주 나름 참 잘 자란다 싶고20세기 저런 일들이 있었고 저런 것들이 유행이었구나싶음.시간 많고 잔잔한거 좋아하시는 분만 보세요~  
20171014,10,관람객생각을 많이 할 수 있는 유쾌한 영화였습니당  
20171014,7,관람객혼자보기 추찬합니다.  
20171014,9,"관람객자극적일수 있는 내용들을 유머를 곁들여서 편안하게 잘 보고 갑니다 무엇보다 중간중간 흑백 사진, 영상이라던가..제가 살아보지 못한 세대의 패션, 감각 등의 멋스러운 매력도 조금 엿볼수 있어서 좋았어요. 세대간 갈등의 원인도 잘 표현해줘서 공감됐어요  "
20171014,8,관람객70년대 말엽의 시대상과 시대를 살아갔던 인간군상.  
20171014,8,관람객이해하긴 어렵지만 좋은영화!  
20171014,9,관람객모든 세대에는 그들 각자의 낭만이 있다. 남성의 서사가 아닌 여성의 서사로 그려낸 우리의 이야기.  
20171013,9,관람객많은걸 생각해 볼 수 있었던 영화  
20171013,8,"관람객내마음대로 되는건 아무것도 없어, 그래도 주어진 동시대를 관통하며 답도 모른채 각자 생긴모습대로 살다가 마감되어진다.헛되지는 않다. 그런데 그냥 존재가 다 쓸쓸하다.지금의 나는? 하고 질문던지는 영화다.  "
20171013,10,관람객21세기 여자가 봐도 공감할 수 있는 20세기 여성들의 삶그때나 지금이나 사람 사는건 그리 다르지 않다누구나 한번쯤 봤으면 하는 영화영화 속에 사람이 가득하다  
20171013,8,관람객친구한테 추천 받아서 봤는데 좋다  
20171013,8,관람객너무 앞서서 자식걱정 안할래요~~^^  
20171013,8,관람객모두 자기관점에서 보는 '옳음'이 제일 옳다고 믿는다.이해하려고 노력하는 것이 쉽지 않은 일이라는 걸 현실감있게 잘 보여준 것 같다.(내 기준)좀 뜬금없다고 생각되는 부분도 있지만 이마저도 인생일거라고 생각하면 무리가 없다.음악이 열일한 영화.  
20171013,8,관람객생각외로 진지하고 생각외로 유쾌하다. 관통하는 메시지는 불편할 수 있으나 무겁지 않다  
20171013,8,관람객감성돋는 영화였습니다  
20171013,10,"관람객주인공들의 개성도 돋보이고, 스토리도 좋아요. 이번년도 최고의 영화  "
20171013,8,관람객형성된 커뮤니티의 중요성  
20171012,8,관람객여성과 사랑 그리고 엄마와의 관계회복을 향한 제이미 혹은 우리 삶에 대한 지속적인 고민  
20171012,10,관람객많은 걸 생각해주는 영화  
20171012,9,관람객인생에 대해 가족에 대해 생각하게 해주는 영화  
20171012,10,관람객조금 지루한면이 없지않아 있었지만 전반적으로 좋은영화♡  
20171012,10,"원제대로 20세기 여자들에 딱 맞는 내용...   배우들 보는 재미, 흥미로운 이야기.  "
20171012,8,관람객세대간의 공감대를 위해 노력하는 엄마 아네트배닝~아들을 위한 사랑이 어떤식으로 나타나는가...또한이를 어떤 마음으로 받아들이며 큰사랑을 느낄수 있는지 .우리와는 다른 사고 방식의 그들을 엿볼수 있었다  
20171012,10,"관람객올해의 영화. 삶과 인간을 바라보는 관점, 결국 희망.  "
20171012,8,관람객20세기를 21세기의 어떤 영화보다 더 세련되게.  
20171012,7,루즈한감이 없잖아 있지만 잔잔하게 인생을 얘기하며 되돌아보게한다. 그리고 엘르패닝은 예뻤다  
20171012,8,인생 마음대로 안 된다. 그게 인생이다.  
20171011,7,관람객보기에 좋다 많은 이야기가 있지만 거슬리지 않고 힘들게 하지도 않는다  
20171011,9,관람객타인과 살아가며 주체성을 상실하고그럼에 주체성과 희망을 얻게된다.  
20171011,10,관람객약간은 난해하지만 공감되고 여라가지의 상황에 처해 있는 주인공들과 그들의 관계를 보면서 이 영화에 빠져 들었다. 기대를 안하고 봐서 그런지는 몰라도 참 괜찮은 영화를 본 것 같은 느낌을 받았다.  
20171011,10,보는 내가 다 행복해진다  
20171011,10,"관람객상영관 좀 늘렸으면 , 제목에 원작을 더 살렸으면.  "
20171011,10,관람객나를 돌아보게 하는 영화. 너무 좋았습니다.  
20171011,9,관람객주인공들의 삶에 완전히 동화되었던 두시간!  
20171011,8,"관람객서로에 대한 이해, 그리고 소통이 우리들의 삶을 얼마나 값지고 의미있게 만드는지에 대한 가르침을 주는 영화입니다.  "
20171011,10,"관람객큰 사건이 터지는 것도 아니고, 그들 각각의 삶을 이야기하듯 풀어내는데, 서로 위로가 되고 성장해나가고 하는 모습이 감동적이었습니다.  "
20171011,10,관람객비기너스 못지 않은 감독의 차기작!!  
20171011,7,관람객시간이 해결해 주는 많은 것들  
20171011,6,관람객20세기에 추억을 가지신 분들만 보시길  
20171011,10,"관람객그들의 20세기, 우리와 별반 다르지 않다.  "
20171011,10,몇번을 더봐도 좋을 영화  
20171010,9,처음에 지루하려다가 계속 울컥울컥했다. 페미니즘에 관한 영화이거나 우리들의 엄마들에 대한 영화이거나.  
20171010,9,관람객재미있게 잘 봤습니다. 러닝타임이 생각보다 길어서 별 한개 뺏고..개인적으로 영화에서 언급된 책도 읽어보고싶네요  
20171010,6,일상의 영화...그래서 나른하고 지루하다  
20171010,10,관람객끝나지않길바라면서봤어요 강추합니다  
20171010,8,관람객재미있었어요. 우리나라와 정서나 그런것들이 사실상 많이 달라 나에게 또는 내 주변에 완전히 대입시켜볼수는 없었지만 행복에대해 생각을 하는순간 줄행해진다던  그녀의 말에는 깊은 동감을 했어요. 재미있었습니다  
20171010,8,담담하게 자기 어머니를 그리며 시대를 그려낸 영화. 영화 제목은 복수가 아니라 어머니 단수.  힐링같은건 크게 안되지만  79년과 현재를 비교해보면서 음미하면 생각할게 아주 많다.  
20171010,8,관람객변화하는 세상에 맞춰 나름대로 열심히 살아내려는 여인들의 멋진 이야기  
20171010,10,관람객보고나서 마음이 참 좋았습니다. 많이들 봤으면 좋겠는 영화  
20171010,8,관람객실수와 오판과 불투명으로 이어지는 삶 속에서 우리가 만난 사람들이 우리에게 미치는 영향에 대해...생각해 보게 됨.  
20171010,6,관람객아들 캐릭터가 정말 좋았다  
20171010,4,"관람객좋은 배우들의 좋은 연기 잘 봤습니다만, 감독이 소주제에 집착해서, 큰주제가 흐려지는 느낌이었어요..  "
20171010,10,관람객루카스가 나온 영화라길래 그거 하나만 알고 보러갔는데 정말 많은 걸 배워온 영화 페미니즘에 대해 다뤄준 점이 매우 좋았음  
20171010,7,관람객재밌었네요 처음엔캐릭터들의 성격이 이해안갔지만 후엔이해가가게되더군요  
20171010,8,페미니즘이 뭔지 알고 더 찾아보게 해준 영화네요  
20171009,9,관람객모든 처음에 혼란스러워하는 나같아여여  
20171009,8,관람객배우들 연기가 좋아요~제이미의 10년후가 기대됩니다!  
20171009,10,관람객잔잔하게 삶응 돌아볼 수 있는 영화. 그레타 거윅은 여기서도 최고다  
20171009,4,관람객중간중간 마음에 와닿는 대사들도 있었지만...영화가 좋은지 나쁜지는 잘 모르겠다...  
20171009,9,관람객지금 시대를 살아가는 지금의 세대들에게 전달되는 묵직한 메세지들.  
20171009,10,관람객부모님이랑 혹은 애인이랑 함께보면더 좋을 영화입니다  
20171009,10,관람객아이를 낳아  키우면서 공강되는  대사가  너무나도많아서..우리의  20세기  대본을  읽어보고싶다   정도..내마음의  명대사 적어볼라구요;;;;  
20171009,8,관람객언제나 모두가 생각하는 청춘에 대하여.  
20171009,7,관람객더 좋을 수 있었는데 조금은 지루했다  
20171009,10,관람객영화가 너무 좋았어요 추천합니다  
20171009,10,관람객오랜만에 본 따듯한영화 사소하지만 사소하지 않은 갈등  
20171009,8,관람객20세기의 시간을 찾아보게 하는 영화..  
20171009,7,관람객잘봤어요 여저와 세대간 차이 가족에 대한 이야기입니다  
20171009,1,지금 보고 있는데 격하게 나가고 싶다  
20171009,7,관람객누구에게나 처음 사는 인생은 어렵고 시행착오가 있을 수밖에 없다는걸 생각할수 있었습니다. 배우들이 담배피는 장면이 굉장히 빈번하게 나와요~  
20171009,1,판타지영화임에 틀림없는....  
20171009,7,관람객나의 20세기에서 우리의 20세기가  되어가는 과정  
20171009,9,관람객20세기를 살아가는 다양한 연령층의 여성들의 이야기중간중간 페미니즘 다루는 이야기도 나와서 좋았습니다  
20171009,8,관람객살짝 지루한 감이 있어서 빨리감기하고싶단 생각이 들긴했는데 전체적으로 좋았어요. 영상미가 이뻐요. 엄청 스타일리시하거나 과하지않게 빈티지스러워서 좋았어요.  
20171009,8,관람객영상미가 돋보인다. 주인공들 저마다의 삶을 들여다본다.1979년 미국 문화를 담고 있다. 그 외에는 잘 모르겠다ㅎ  
20171009,6,관람객영상과 무드 정말 좋았어요.  
20171009,7,관람객20세기 여자들의 이야기.  
20171009,8,나를 아는건 나뿐이다. 모든 삶은 각기 다른 행복을 쫒는다. 다름 사이에서도 같음이 있다.  
20171009,8,관람객딱 기대치만큼 보여준 영화  
20171009,10,"관람객우리의 21세기도,우리의 22세기도ㅡ이 영화에-!  "
20171009,10,관람객영상미가 좋고 다양한 사람들의 이야기가 눈에 띄었다 그리고 그 이야기들이 매우 친숙하고 잔잔하게 다가왔다  
20171009,8,관람객잔잔하니 괜찮은 영화였던것 같아요. 화면이나 음악도 좋았고 ㅎㅎ  
20171009,9,관람객엄마의 쓸쓸한 면으로 엄마를 안다고 생각했던 게 미안해지는 영화였어요  
20171008,10,관람객대사 한마디 한마디가 명대사 입니다  
20171008,10,관람객Menstruation!!!!  
20171008,8,관람객걱정하는 부모도 이해가 가고 스스로 답을 찾아가는 아들도 기특하네요 일어나지 않은 미래에 우리는 미리 겁을 내네요 미래는 현제에 거울이래요  
20171008,5,관람객졸았어요..그래서 잘 모르겠어요..영화가 재미없어서 존게 아니라 피곤해서 존거에용..ㅜㅜ  
20171008,9,관람객다른 문화와 환경이 다소 생경하긴 하지만 인간의 본질은 같을듯  
20171008,6,관람객20세기를 사는 사람의 이야기...언제나 세대간의 차이는 생기기 마련이지만 또 어떻게든 극복해 나간다는...  
20171008,7,관람객공감이 갈듯말듯한 내용  
20171008,7,관람객한번 볼만한 독특한 영화  
20171008,9,"관람객부모님과 함께 보면 좋을 듯하다. 우리는 가끔 사랑하것들에 대해 과한 보호를 할 때가 많다. 그러나 알고보면 그들도 나처럼 잘 지내고 있다는거. 어쩜 내가 잘 지내지 못해 다른이를 걱정하는건 아닐까 ? 누군가 걱정된다면, 나부터 돌아봐야겠다.  "
20171008,8,관람객묘해서 두번 세번 보고 싶은 영화나도 염색이 갑자기 하고싶어졌다 ㅋㅋㅋㅋ  
20171008,10,관람객인생을 받아들이는 세대간의 모습울 느낄 수가 있습니다  
20171008,9,관람객제이미뿐만 아니라 모두가 성장하는 영화  
20171008,8,관람객조금 난해하기는 하지만 생각할 수 있는 공간을 만들어 주는 영화.  
20171008,5,관람객세상에 이런 난감을 영화를 보았나..문화적으로 너무 안맞아 전혀 공감되는않는 2시간 힘든 싸움 ㅠㅠ꼭 볼거면 혼자보시길 ㅜㅜ  
20171008,7,관람객세대차이극복프로젝트 !!!  
20171008,10,사랑하는 이를 포함해 타자를 어떻게 바라 보아야 하는지에 대한 따듯한 시선.  
20171008,10,관람객친구와 같이 가서 봤는데 혼자 가서 또 보고싶은 영화!  
20171008,10,관람객산타바바라를배경으로한 위트가 넘치는 가족영화^^재미있게잘봤어용  
20171008,9,관람객삶의 무게는 그때나 지금이나 마찬가지이지만그래도 살아가고 살아낸다는 울림을 주는 영화~~  
20171008,7,좀난해하다는느낌이등  
20171008,9,관람객이세상 모든 어머니들에게 추천합니다.  
20171008,8,관람객나를 포함하여 누군가를 이해할 수 있을까?  
20171008,9,관람객사춘기 아들을 가진 엄마라면 꼭 보시길  
20171008,9,관람객이런 게 영화지. 감독이 무엇을 보여주는지 잘 보인다  
20171007,8,인생은 한 치 앞도 내다 볼 수 없다. 그렇다고 인생을 흘러가는대로 내놓아야 하는가? 아니다 우리는 순간순간 해답을 찾기 위해 끊임없이 고민해야 한다. 고민하다보면 어느 순간 인생은 우리 앞에 짠 하고 펼쳐져 있을 것이다  
20171007,9,관람객차분하게 흘러가는 내용이 좋았습니다. 뜻깊은 내용이었어요  
20171007,10,관람객옛 시절 특유의 향수가 잘 녹아있는 영화 :)  
20171007,8,난삽한 퍼즐들이 어느새 기묘하고 너그럽게 짜맞춰지는 따뜻한 과정을 보는 재미가 있다. 공동육아 금연 세대갈등 페니미즘 향수 뭐로 읽어도 좋을 이야기들이 웃음을 가끔 자아내다가 방심한 새 울컥하게도 한다 배우들의 비주얼과 연기도 일품  
20171007,1,예고편보고 내가좋아하는류의 영화라생각해서 일부러 상영관도 몇개없는데 멀리까지가서봣어요 저는 너무 지루했어요 평점 높은거 이해안감..교훈도 느끼는바도 감동도 없고 웃긴게 영화 내내 엄마는 담배만 줄기차게 펴대고 섹스이야기만 나와서 너무실망했어요  
20171007,9,관람객연휴때 엄마랑 같이 봤는데 재밌었어요! 가족이랑 같이보면 따뜻하고 괜찮은 영화!  
20171007,9,상영관 너무 적어서 1점 깎음;; 그래도 버스로 왕복 2시간 걸려서 보고 왔는데 재밌습니다  
20171007,8,관람객20세기와21세기 사이를 살아가는 그 순간들을 되돌아 보게된 영화였다.  
20171007,8,관람객아넷 베닝을 보는것만으로도 즐거웠지만 결말없는 전개는 좀 아쉬웠다.  
20171007,10,관람객세대를 가로질러 모두가 처음 살아가는 시간 속에 나날이 새로운 '나'와 마주하면서 언제나 새로운 시간을 살아가는 법을 배워가는지도 모른다.  
20171007,7,관람객자식 키우는 고민은 어디나 같다  
20171007,7,관람객생각보단 지루했습니다  
20171007,7,관람객가볍게 이야기 듣듯이 보다 보면 각자 하나 둘 드는 생각이 있을법한 영화  
20171007,8,관람객부모라면 한번쯤 고민하게 되는 내용이 잘 담겼어요. 정답은 없지만 답을 찾아가는 과정에 공감할 수 있는 영화였습니다.  
20171007,10,"동시대를 살아가는 우리 모두의 꿈과 사랑, 인생에 박수를 보낸다.  "
20171007,9,어려웠다. 하지만 좋았다.  
20171007,10,관람객의도했던 의도치 않던 간에 우리 모두 주위 사람들의 영향을 주고받으며 살아간다.  
20171007,1,재미 없는 것 같습니다.  
20171007,7,관람객유쾌한 내용은 아니지만 볼만한 영화네요  
20171007,10,"각 캐릭터들이 당시의  세대의 특징을 반영하고, 특정 사건들을 바라보는 관점이 제각각 인 것이 드러나는 것이 인상적이었습니다. 세 명의 여성 캐릭터가 어린 소년의 성장과 맞물려 흥미로웠습니다. 사건 자체로 마무리 됐지만, 한 편의 예술작품 같았습니다.  "
20171006,10,인생영화 같아요. 별 생각없이 보러 갔다가 여운이 진하게 남아서 돌아옵니다  
20171006,8,관람객저마다 자기의 시대가 있다. 그 앞뒤를 들여다보기란 얼마나 쉽지 않은가. 그래도 보고 싶어지게 북돋는 영화. 배우들의 열연  
20171006,7,관람객각자의 입장이 다 이해가 되는..  
20171006,7,관람객제목이 약간 아쉽다... 원제는 20th century women 이던데.. 인상깊었던 명언 하나 ! 얼마나 행복한지 따지기 시작하면 불행해지기 시작ㅎ나다.  
20171006,9,관람객인생은 yes or no  
20171006,10,관람객20세기 미국과 여성 그리고 현재진행형  
20171006,8,"관람객나를 키운 여자들, 그녀들을 생각하는 시간  "
20171006,10,관람객30대 여성으로써 와닿는바가 큰 영화였습니다오랜만에 너무 좋은영화였습니다♡  
20171006,9,변화를 이해하려고 노력하는 기성세대는 귀찮으면서도 멋있다  
20171006,1,따분하고 재미없어요.  
20171006,7,관람객나도 그 하숙집에 들어가 살아보고싶다  
20171005,8,"관람객나이, 성별, 살아온 배경과 관계없이 살아있는 모두에게 삶은 처음이라는 걸 새삼 깨닫게 한 영화. 때론 시행착오가 있을 수도 있고 내 맘 같이 전개되지 않을 수도 있지만, 그러한 불완전함마저 사랑스럽고 가치있는 것이라는 따스한 시선이 좋았다.  "
20171005,10,관람객삶에 대한 물음표가 이 영화를 통해 나만의 느낌표가 되었다.  
20171005,9,관람객오랜만에 시네큐브에서 보게된 영화 :) 좋았습니다  
20171005,7,관람객뭉클하고 그 시대를 함께한 느낌  
20171005,10,캐릭터들이 모두 사랑스러워요~ 자연스럽게 미소가 지어집니다. 음악과 영상미도 좋네요 ^^  
20171005,6,관람객여자들끼리도 소년을 잘 키울 수 있다는 사실!!  
20171005,10,관람객사랑스런 영화짱짱짱!!  
20171005,10,"여배우들 연기 너무 좋았습니다. 어머니, 고모, 숙모님들과 함께 한번 더 보고 싶은 영화에요.  저는 케빈은 12살 성인버전 비슷한 느낌도 들고 그랬구요 아무튼 추천하고 싶습니다.  "
20171005,10,관람객영화 속 세 여자의 여기저기에서 내가 보인다. 공감하며 맞아맞아 하다가 어느 순간 팡팡 웃기도 하고. 일단 도로시아의 옷과 집이 너무 예쁘다.  
20171005,10,"왜 마이너 영화가 된지 모르겠고, 진짜 좋은 영화. 페미니즘을 위한 영화이기도 하고 많은 걸 되새기고 싶은 영화.  "
20171005,10,재밌었어나는재밌었어  
20171005,10,관람객영화느낌이 독특하고 좋네요근데 저의 이해력이약해서 ...살짝 어렵네요 ㅜ  
20171005,8,관람객예매해놓고 못봤다 길버트 나와서 8점 줌  
20171005,10,관람객지나온 흔적들 내가 지나갈 이야기들 그리고 모두의 이야기들 서로의 결핍때문에 우린 앞으로 나아간다 이야기는 그렇게만들어진다 우리모두의  
20171004,8,관람객그레타거윅의 캐릭터가 굉장히 매력적이었던  
20171004,7,관람객우리 모두 이번 생은 처음이기에  
20171004,10,관람객이 영화를 보고 난 훨씬 더 자유로워졌다.  
20171004,8,관람객스토리는 정신없었을지 몰라도 마음은 이미 같이 가고 있는..  
20171004,9,"관람객<우리의 20세기>가 아니라 <20세기 여성들>, 잊지 못할 사람들  "
20171004,9,관람객엄마와 아들. 사람과 사람 그사이의 이야기  
20171004,7,관람객감각적인 연출과 아네트베닝의 연기가 돋보이는 영화  
20171004,10,관람객화려하진않지만 대사한마디한마디 너무 좋았어요  
20171004,9,관람객월플라워보다 깊고 좋다  
20171004,8,혼돈과 방황 속에 묻어난 인생의 미학. 좋은 배우들의 멋진 연기에 감탄했습니다 ^^  
20171004,6,관람객복잡하지만 시대와 가족의 이야기를 잘 담았다  
20171004,7,관람객우리의 어제 오늘 그리고 내일  
20171004,7,잔잔한 인생 이야기. 내가 이해못하는 세상이라도 계속된다는것. 삶의 의미에 대해 생각해 보게 하는 영화.  
20171004,9,1960년대가 갖고 있던 에너지들이 어디론가 사라지고권태와 좌절이 지배하던 1970년대를 담담히 응시하는 영화. 되바라진 그녀들의 태도가 설득력을 갖고 있던 시대. I love 70s.  
20171004,8,관람객아날로그 감성의 뮤비~아네트베닝의 현실감있는 연기와 세월앞 자연스러운 모습을 보면서 여배우의 연륜과 당당함이 느껴짐.  
20171004,10,관람객굿. 올해의 영화입니다  
20171004,9,관람객1970년대 한 소년의 성장기가 잔잔하게 보여주는 영화  
20171004,8,관람객한 번 더 보고싶은 영화. 한 시대를 살아가는 다양한 연령과 취향의 사람들이 자유롭게 소통하는 것이 유쾌하달까  
20171004,8,관람객20세기를 살아보지 못한 나 또한 그때를 추억할 수 잇게 해주는 좋은 영화  
20171004,8,관람객보고싶던영화를보게되어좋았습니다  
20171003,8,현재 우리에게 얼마나 변했냐며 물음을 던지는 페미니즘영화.  
20171003,9,"관람객모두를 위한 성장을 담고 싶은 영화.  어리던,  늙었던,  우리 모두는 그렇게 견디고 아프고 울고 살아간다는 그 명제  "
20171003,6,관람객 사진들의 의미는 알겠는데 대학졸작 같은 이 느낌?  
20171003,9,관람객볼만했습니다 ㅋㅋㅋㅋ  
20171003,10,관람객올해본 영화중에 가장 좋았던 최고였던 영화  
20171003,10,스타일리시하면서도 따듯하다 -담백한 유머 감각까지!  
20171003,8,관람객20세기를 살아가는 우리들의 이야기를 진솔하나 다소 길게 풀어낸 영화. 영화를 봤다기보다는 주인공 각자의삶의 디테일을  읽은 느낌. 그러나 역쉬 중요한 것은각자의 관계. 영화의 엔딩부분은 앞으로 우리의 삶의 모습이 미지의 것임을 암시한다.  
20171003,6,잘 모르겟어요 확실한 건 줄리는 나쁜뇬?  
20171003,8,관람객문득 어머니가 생각나는 영화.  
20171003,10,"관람객가족이란 뿌리, 내 또래의 세계, 내가 살아가는 시대, 그리고 타인들의 세계가 충돌하는 장이 펼쳐진다.  "
20171003,10,모두에게 인생은 처음이니깐- 좀 서툴 수 있지  
20171003,9,관람객페민이라고 읽지 말고 성장이라고 보자  
20171003,8,관람객지난 세기에 대해 가장 거부감없이 젖어들 수 있는 좋은 영화  
20171003,8,관람객제목을 원제 그대로 했으면 더 좋았을 듯  
20171003,7,"관람객가족이여도 다 알 수는 없는, 타인보다 가깝지도 않음, 어려움  "
20171003,7,관람객21세기를 살아가는 우리에게  
20171003,8,관람객대공황시대 태어난 주인공. 이혼후 아들을 혼자 키우며 문화적 격변의 20세기의 변화를 체험하고 아들과의 관계를 회복한다. 아네트 베닝도 세월은 못이기는가 보다.  
20171003,10,관람객엄마와 언니와 친구들과 다시 보고싶은 영화  
20171002,1,관람객좋아하는 배우가 나와 보러갔는데 이렇게 지루한 영화 오랜만입니다.거기다 너무 미국정서라 전혀 공감 및 와닿지 않습니다. 저는 중간에 나왔어요.  
20171002,8,독특한 서사가 돋보이는 영화.  
20171002,8,관람객공감하고 이해하고 배우고 생각하고 이야기 한듯  
20171002,9,관람객인간은 죽을때까지 변하고 성장한다  
20171002,9,관람객많은생각을하게하는영화  
20171002,9,관람객제목 20세기의 여성 그대로 해도 좋았을듯. 그땐 서툴러도 서로를 이해하려 노력했네.  
20171002,10,생각보다 웃긴 장면도 많고 아네트 베닝 너무 귀여움기회되면 한 번 더 보고 싶은 영화  
20171002,9,"관람객엄마 도로시아는 담대해 보이지만 늘 아들 뒤에 서 있고, 아들 제이미는 보드를 타고 늘 위태롭게 곡선을 그리며 달려간다. 엄마는 아들을 ""바깥의 사람으로 볼 수 없다""는 말, 조금은 공감.  "
20171002,10,관람객새로운 시각으로 그린 성장 스토리.  
20171002,8,보이후드 만큼 강렬하지는 않지만 79년의 미국 문화를 돌아보는 재미만으로 충분히 즐거운 영화. 스토리텔링보다 몽타지나 다큐의 느낌  
20171002,8,관람객영상미가 기억에 남는 영화  
20171002,5,관람객네네이버영화관람잘했다  
20171002,10,관람객너무 좋더라고요미??  
20171002,1,별로임 ; 생각보다 너무 지루햇음 .. 보기전에는 완전 재밌을거라고 생각햇는데 ..  너무너무 아들 챙겨주는거밖엔 ..  
20171002,8,관람객음.. 여러 가지 생각을 던짐.  
20171002,7,관람객아들이 사춘기라서 공감되는 부분이 있어 가끔은 먹먹하기도 하고 했어요하지만 미국과 우리나라의 정서차이가 있어서 조금 거리감은 있는 내용이 있었기도 했어요여배우의 완숙미있는 연기는 좋았구요  
20171002,7,관람객모든 인생은 아름답다?그치만 조금 지루했어요  
20171002,9,그들의 인생론. 우리들의 인생론. 우리나라보다 한참 앞서있는 개방적인 시선. 빨간머리 매력터짐. 느낌아는 영화. 음악.영상미.연출 모두 훌륭하다. 좋다.  
20171002,10,관람객20세기의 모호함 속에서 서로를 이해하는 방법  
20171001,7,조금씩 영향을 받으며 앞으로 나아가는 지나간 연대.  
20171001,9,"생각하게 하지만 너무 무겁지 않고 편안해요. 멋진 배우들의 연기, 공감가는 인생 대사도 good~  "
20171001,10,나만 당할 순 없지ㅋㅋㅋ  
20171001,8,관람객20세기 그시절의 본인의 앞날도 몰랐고 여성으로서 겪는 고민마저도 많았던 그들의 아름다운 미래와 꿈을 위해 치열하게 끌어안고 앞으로 나아가는 포근한 이야기 그 당시 살았던 사람들의 생활상이나 생각들을 알수 있는부분들이 디테일하고 다양하게 표현 되어있다  
20171001,6,관람객음 분위기만...있는 느낌  
20171001,5,글쎄...너무 좋다는 평을 봐서 그런가.. 영화내내 담배피우고 섹스 얘기만 주제로 하다보니.. 가족간에 다른 할 얘기도 많을텐데 ... 담배피우는 모습이 역겹기도..그닥 아름답다고 느껴지는 영화는 아님  
20171001,10,관람객서툴게 살아가고 있는 우리 모두의 이야기들.  서로 다른 삶을 사는 각각의 캐릭터 모두에게 공감을 느낄 수 있어 더 와 닿았습니다.  영상미도 너무 예쁘고 편안히 집중해서 볼 수 있는 영화. 몇번이나 다시 볼 것 같습니다.  
20171001,8,관람객우리의 20세기에 멋진 어른은 없었다. 멋진 어른이 되기 위해 노력하는 어른들이 있었을 뿐. 그거면 충분하지 않나 싶다.  
20171001,10,인생에 대해 알려주는 영화 영상미 대사 음악 뭐 하나 맘에 들지 않는 장면이 하나도 없었다..  
20171001,8,관람객나의 20세기도 그러했나 생각했어요  
20171001,9,"관람객중2딸과 함께  보았습ㄴ디ㅏ.엄마는  공감이가는부분이 많았는데..중2딸은  이해가 잘 안간다구.,아네트베닝은  너무 이쁘다구,누구냐구 자꾸 물어보았답니다^^  "
20171001,8,관람객연기가 참 자연스럽고 대사가 콕콕 박히는게 유독 많아서 좋았네요~  
20171001,10,겉모습이 요란하지 않아도 집중할 수 있는 영화였어요며칠 후 다시 한번 보기로 합니다 ~ 최고  
20171001,8,잔잔한 영화그러나 사실 고통이 충만한 인생사를 다루고 있다.  
20171001,9,관람객군더더기 없는 깔끔한 영화였습니다. 꾸민듯 안꾸민듯 담담하게 20세기를 표현했다는 느낌을 받았어요. 그녀 제작진 답게 영상미 또한 훌륭했습니다.  
20171001,10,15세 치곤 선정적인 면도 있었음. 그리고 뭔가 액자식으로 천천히 진행되다가 급전개로 의외의 결말이 나는데서 놀랐음  
20171001,7,관람객영화 어땠냐 무슨 내용이냐 물어보면 답해줄 답 딱히 생각나진않지만 그저 공감이 갔던 영화..  
20171001,10,와.. 여주 이쁘드라...  
20170930,10,"행복한가를 따지는 그 순간부터 우울해지는 거라는 말,  너무 와닿았네요. 어느하나 주인공 아닌 사람이 없었던 영화. 툭툭 내뱉는 대사 하나하나가 너무 멋졌습니다. 다시 보고 싶은 영화에요.  "
20170930,7,관람객빈티지한 세트와 잘 재현된 당시의 배경과 패션과 여러 유행들은 매우 예쁘고 보기 좋았음. 내용은... 마치 20세기 배경에 23세기 사람들이 와 있는 것 같다.  
20170930,4,관람객볼만한 영화였어요재미있숩니다  
20170930,10,정말 잘 만든 영화..아넷베닝 역시..  
20170930,5,인생이란 그런거다 라고 얘기하고 싶은 것 같긴한데 솔직히 잘 모르겠다. 몇살만 더 어렸더라면 지루해서 도중에 나갔을 듯... 엘르 패닝만 보임  
20170930,8,관람객캐릭터들이 전부 매력있었어요  
20170930,10,억지로 맞출 필욘 없어 자신이 좋아하는 대로 흘러가는대로 살아가면 되  
20170930,8,관람객인생이란 거대하고 알 수 없는 것  
20170930,8,관람객아침에보기좋은영화입니다  
20170930,10,굉장히 몰입해서 봤다. 그렇게 된다.  
20170930,8,"관람객여자, 여자이기에 우리가 아닌 사람이기에 우린인  "
20170930,10,마음이 따듯해지는 시간이었습니다  
20170930,10,누가 누굴 돌보냐 싶지 않나요?  
20170930,4,정서의 차이인가. 다소 유치하고 피곤한 영화였다. 막장 미드 압축판이랄까. 숨막히도록 끊임없는 담배 씬 연출도 반댈세. 문득 생각나는 트레인 스포팅은 정말 잘 만든 영화였군..  
20170929,8,20세기에 50여 년을 넘게 살아온 나의 20세기는 어떠했을까? 반항과 열심히 살아온 죄밖에 없는 거 같다.  
20170929,6,관람객무슨 내용인지 모르겠다;;;; 일종의 성장영화라고 볼 수 있을거같은데 그래서 무슨 의미인지 도저히 ㅠㅠ  
20170929,7,관람객잔잔하면서도생각할 거리를 많이 남기는 영화. 잘 봤읍니다  
20170929,10,관람객영화 너무 괜찮았네요.기대이상이었어요.  
20170929,7,관람객바다를 보는것 같은 영화. 줄리 X같은년.  
20170929,7,관람객완성된 삶은 없다 완성해 가는 것  
20170929,6,"서양의 20세기 페미니즘 여성들, 그녀들과 함께하는 한 소년.. 그들의 이야기 그 자체  "
20170928,9,"70년대가 배경이지만 미래적인 느낌도 나고, 향수가 느껴지지만 또 세련됐다. 좋은 대사가 많았는데 빠르게 넘어가서 또 보러 갈 참.  "
20170928,7,"20세기와 21세기 세대 갈등만이 아닌, 20세기 안에서도 세대 갈등이 있었다는 것을 보여줌. 한국인의 시각보다 미국인들이 당시 살았던 사회상을 이해해야 이 영화를 이해할 수 있을 것. 색감이나 음악은 영화 '그녀' 제작진 참여로 좋았던 것은 분명.  "
20170928,5,비기너스보다 약한 듯... 늘어지는듯한 전개.. 엄마역할 배우의 명예남성같은 면모에서 세대를 느꼈음  
20170928,9,신나지도 않지만 지루하지도 않은 인생이야기...내맘대로 되면 어디 그게 인생인가.  
20170928,8,관람객I didn't happen to you  
20170928,7,"월플라워 같은 느낌인데 월플라워만 못한,,, 뭔가 아!스러운게 부족했지만 연출ㅇ 워낙 좋아서 볼만은햇어용 ㅎㅎ  "
20170928,8,관람객21세기의 우리가 보는 20세기의 그들  
20170928,10,관람객왠지 모르게 슬퍼지는 영화  
20170928,10,영상 음악 배우 대사 스토리 연출 그 무엇하나 빠지지 않고 유려하다  
20170928,9,오랜만에 너무 마음에 드는 영화를 발견했다  
20170927,10,관람객Nobody knows what will happen tomorrow!  
20170927,9,유머러스하고 멋진 영화  
20170927,8,미국은 역시 개방적인듯.. 여러가지로 놀라운 영화였다  
20170927,1,여친이랑 갔는데 지루해서 죽을뻔했다. 1시간 지나고 여친이 중간에 가자고 옆에서 할때 그래도 결말보려고 끝까지 봤는데 여친말 들을껄. 최악임. 차라리 다큐 3일 보는게 교훈있고 시간 안아까움 예술도 교훈도 놓친 상업도 아닌 애매한 영화  
20170927,8,관람객오랜만에 좋은 영화를 봤습니다  
20170927,10,이런 영화 상영관 좀 늘려라;  
20170927,9,관람객다루기 힘든 소재들이었음에도 유쾌하게 잘 풀어냈다  
20170927,10,"서로 다른 갈래에 있고, 서로 생각한 것과 다르게 전개되는 길. 지금  너와 난 인생을 말하고 있는거야.  "
20170927,10,"작은 연대가 주는 힘, 아날로그 시대를 살았던 세대가 디지털 시대를 살아가는 세대에게 들려주는 따뜻한 이야기  "
20170927,10,내가 정말 1979년에 살고 있는 듯한 ㅠㅠ 뭉클한 감동까지.. 영상미도 너무 좋다  
20170927,8,인생은 절대 마음처럼 흘러가지 않아.  
20170927,9,"요즘 좋은영화 많이 만나네..약간 어렵고 난해할수 있지만, 생각하게 하고 깨닫게 하는..여운도 남는다  "
20170927,10,영화의 모든 요소가 보면 볼 수록 심적으로 편안해진다.  
20170927,10,20세기에 보내는 감독의 애정이 고스란히 느껴진다  
