0,1,2
20190127,10,앤해서웨이 이쁘다♡ 꿀잼영화^^  
20190126,6,중반부터 이해 안되는 장면이 많이 나왔습니다.. 특히 오스카... 설정은 좋으나 결말이 찝찝한 느낌. 그냥 킬링 타임용으로는 볼 만해요 너무 기대는 하지 마세요.(해서웨이 덕분에 끝까지 봄)  
20190126,7,내용이 좀 황당하지만 그럭저럭 깔끔한 엔딩도 있고 재밌네.  
20190126,8,한국이 어떻게 나오나 이런건 딱히 상관없는정도인데앤해서웨이 데려다가  무슨이런영화를ㅋㅋㅋ  
20190125,1,거지같다 장난하나..  
20181228,10,한반도가 美에서 中에 넘어가자 日은 영해 영공 독도에 대해 심각성 제기! 영일동맹강화 미일호인태라인 구축 등 中의 대양진출 집중견제! 짱을 배신하고 부짱에 붙어먹으려 할 때 어떤 일이? 빠져나간 美우방자본 中자본으로 메꾸면 우린 영원히 中의 노예?  
20181222,10,여주가 사랑하는 대상을 인질삼고 쥐락펴락하는 남자들의 세상을 부수는 감동적인 영화!!! 페미니즘 영화  
20181221,10,"단순한 sf액션 영화가 아닌것 같은데 ,,,신선하고 기발한 시도도 좋았고  잘 생각해보면 느껴지는 메세지도 좋았음!소소한 느낌과 블록버스터 느낌을 이렇게 뭉친게 신기했다  "
20181201,10,티비서봤는데 엄청 잼있네요 대박  
20181201,6,문재앙 출현설....  
20181201,10,이건 절대로 10점이 아니다. 0점을 주고 싶은 내 마음이다.  
20181112,1,쓰레기영화 내밑에 씨부린놈은 짱갠가보다. 한국인이라는 주체성은 코빼기도 없는 '그' 성별 ㅋㅋㅋ 본인이 한국인이면 기분나쁜게 정상이고 아 밑에 여성의 개성화개소리하니까 기분잡치네 '그'성별은 어디가서나 젖ㄹ이구나  
20181105,10,여성의 개성화 과정을 그린 秀作  영화는 여러 상징성으로 여성의 홀로서기와 자기완성을 그리고 있다. 영화의 장르를 액션과 SF에 주목하도록 마케팅을 해서 관객들의 주목이 어긋나도록 만들어 평점테러를 당하고 있지 영화 자체로는 완성도가 높다  
20181027,5,자기가 굴복했던 거대함을 어린아이의 유치함에 비유했지만 결국 그걸 이기려 자신도 더 큰 거대함에 기댄다. 유아기적 힘의 논리에서 단 한발자국도 벗어나지 못한 내용. 갈등구조의 연결도 굉장히 서투르고 표현도 매우 유치한 수준. 주연급 배우의 연기는 볼만  
20181014,5,참 괴이한 설정이다. 인물 행동이 앞뒤가 안 맞는 때가 왕왕 있고 여러모로 대충 만든거같다  
20181007,4,왜 백인들 장난질에 서울이 피해봐야 하는지 모르겠다  
20180823,7,공간지각능력의 승리다.  
20180821,5,한국에서 찍었다고 해서 억지로라도 좋은 점을 찾고자 하지만 ... 엉뚱함과 기발함에 후한 점수를  
20180820,2,앤 누나  만약 곤란한상황이거나 약점을 잡혓다면 어깨에 고양이를 올려주세요  
20180711,4,앤언니때문에 봤는데 오스카때문에 분노 처음에 어이없는 한국어때문에 분노분명 한국배경은 서울인데 앤언니가 로봇던져버리고 걸을때 왜 상호명밑에 상동점있죠 상동은 부천인데오.? 검색하니까 진짜나와ㅋㅋ 여러모로 허술하게 만든 영화  
20180708,2,쓰레기...재활용도 못할 상쓰레기....  
20180702,1,내용도 CG도 구려 완전 이상함 이해가 안됨  
20180702,1,한국을 개무시하는 미개한 우월주의  
20180627,6,난 솔직히 이렇게 까지 평균 평점이 안 좋을 줄 몰랐다 영화 구성과 아이디어가 참신하고 나중에 글로리아가 서울에 왜 가게 됐는지에 대해 눈치 못 채다가 알게 됐을 때 글로리아의 통쾌한 반격에 감탄 했다  하지만  디테일적인 면은 너무 신경을 안썻다  
20180625,8,생각없이 보기 좋은 영화 하지만 그 안에 씁쓸한 상처를 가진 사람들이 각자 다르게 해결하는 방법이 다른 영화  
20180604,7,"설정은 황당, 여자는 귀여움. 남자들 성격들이 이상함. 사람을 옭아매고 통제하려들고 잔소리 작렬 좀 변태같음. 설정이 좀 황당하지만 어린시절 상상을 영화 설정으로 쓴거같아서 귀엽기도 함. 강추는 아니지만 뭐 감안하고 본다면 나름 꿀잼 이상하기도하고  "
20180421,10,괜찮은 b급 영화. 솔직히말하면 엄청재밌는것도아니고 엄청 노잼인것도아니고 그냥 그런 영화  
20180416,6,Colossal...  
20180405,9,"희안하네... 요즘 이렇게 신선하고 울림이 있는 영화 찾기 힘든데...  좋은 영화입니다. 사람의 말한마디, 행동하나를 얼마나 조심해야하는지 ...  "
20180405,1,"0점, 아니 마이너스 점수를 줄 수 없다는 게 아쉽다. 이 영화 제작비를 훨씬 값진 일에 쓸 수  있었을 텐데...  "
20180401,1,거의 백만년전 서울로 찍어놓음 서울이 완전 촌스럽고 사람들도 촌스럽고..  
20180331,3,장르가 갑자기 변하는 마술....앤해서웨이가 왜 이런영화에....  
20180331,10,무력으로 이기기 힘든 적을 지구 반대편으로 날아와 패대기치는 속 시원함. 가장 한국적인 주취문화가 녹아든 거울같은 영화. 그리고 서울 안살아서 혹평 속 불만사항에는 아무 느낌 없었던. 해운대 볼때 서울 사람들이 이런 느낌이었을까?  
20180330,5,"장난감상점 ㅋㅋㅋ 처음 볼 때는 뭐 이런 ...같은 영화가 다 있나 했는데 보면 볼수록 주제가 흥미로워 선댄스필름 같았고, 뮤직비디오 같아서 끝까지 볼 만은 했습니다. 국군 연기한 배우들이 예비역 역할이었는지 머리가 긴 게 흠....  "
20180330,8,저는 나름 재밌게 봤어요~ 평점보고 기대를 안 하고 봐서 그러나..ㅎㅎ 독특한 영화같아요~  
20180330,2,코쟁이 새기덜 얼마나 조선수준을 ㅈ같이 봤으면 이딴 OOO를 저격개봉하나.진짜 화기ㅣ난다  
20180328,5,사람죽인 자기는 살 자격이 있나?  
20180327,5,"한국의 인지도가 높아진거 같기도 하지만, 생뚱맞은 내용의 스토리 전개로 완성도가 떨어지는 영화인거 같습니다.  "
20180327,1,음... 제발 보지 마세요.  
20180319,10,난 나름 괜찮았는데 왜 이렇게 평점이 낮지. 좀 마니아 취향이긴 하지만. 어릴때 배경이 88올림픽 열리는 해라면 당시에 올림픽 때문에 서울이 알려진 때라 충분히 가능하다 봄  
20180314,1,내 잃어버린 두시간을 돌려줘  
20180308,5,여자애 뭐냐 홍록기인줄  
20180308,3,어설픈 발연기에 촌스럽고 멍청한. 어울리지않는 음악에 음향까지 쌩뚱맞고 황당함. (어설프고 멍청하려면 수어사이드 스쿼드가 훨씬 낫겠어.)  
20180305,1,할말 없다.. 그냥 노잼  
20180305,6,"중간부터 보긴 했지만 ""너 자신을 혐오하고 초라함(열등감)을 참을 수 없는 거다"" 감독의 의도가 단순오락영화가 아닌 남성(여자 휘어잡고 약자한테만 강한 일부 인간들)에 맞서는 여성영화 같은데... 재미까지는 모르겠지만 독특했다.  "
20180305,1,제작비가 아까운 영화.  
20180305,1,타지않는 쓰레기에 버려주세요. 왜 만들지 모르겠는 혼종입니다.  
20180304,1,1도아깝다 어효오오!!  
20180304,3,감독 필모를 보면 B급 영화 감독이다. 킬링타임용 이상의 의미는 두지 않고 봤는데 장르가 모호하다. 뭐 요즘 많은 영화가 장르를 구분한다는 게 무의미하긴 한데 어느 하나의 매력이라도 있어야 하는데 이건 앤해서웨이의 매력 말고는 아무것도 없다.  
20180304,1,킬링타임도 아까움 보지마세요.  
20180304,4,스토리 전개와 풀이가 참 안습이다. 한국을 무시하는 느낌도 들고.  
20180216,1,스토리의 개연성이 없고 무슨영화인지 정체성을 알수없군요 왜하필 서울갖고 난리야 앤해서웨이가 이뻐서 본건데?ㅜㅠ  
20180211,2,왜 고작 자기들 사랑싸움 하는데 왜 서울가지고 협박을해... 그것도 사람죽이는걸로...국가문제도아니고 사랑싸움이야... 고작 약쟁이 두명이 한국을 쥐락펴락하네... 앤해서웨이 당신 도대체 왜...한국인들 감격스러워하는 장면도 얼탱이 터지네...  
20180211,1,푸하하하하 혹시 이거 코미디영화인가  
20180208,4,새로운 시도긴한데 아 일본풍 확 나는데.안돼서 한국에서 찍었구나  
20180208,1,장난감 상점ㅋㅋㅋ ㄴ ㅣㅁ ㅣㅋㅋㅋ 병맛영화  
20180206,1,장난치나. 이걸 영화라고.. 똥구녕으로 만들어도 이것보다 잘 만들었겠다.  
20180131,1,내용이 정말 지저분해요  
20180131,1,이거 뭐냐 진짜마지막으로 갈 수록 기도 안 차는 영화.마지막까지 참 나ㅋㅋㅋㅌ그리고 마지막 한국인은 왜 영어를 못하는 설정이지 대체우리나라 사람들 영어 잘 하는 사람 얼마나 많은데...굳이 저렇게 영어를 더듬덤하는 이미지로 연출한 이유가 궁금  
20180128,5,헤서웨이가 왜 이 로멘틱 판타지 SF 괴수 영화를 찍었는지 모르겠다. 그리고 서울이 만만하냐 감독아!  
20180126,4,뜬금없는 서울출현??  
20180125,7,어릴적 괴물의 세계에 빠졌던 상상을 가상세계에서 체험하는듯 하다. B급 괴물 영화로서 적당한 흥미를 일으켰다.  
20180115,9,최금에 본 영화중 괜찮게 본 영화중 하나!!!! 영화는 늘 호불호 아니겠어? ㅋㅋ  
20180106,10,처음부터 B급영화로 작정하고 만들었다잖냐.... 한국인이 우습게 나온 건 유감이지만 난 몰입도가 높아 잼있게 잘봤다! 알바 아님 ㅎ  
20180106,1,헐리우드 영화 맞나? 서울 배경카메라웍은 쥔짜 할말 없다‥  
20180106,1,평가할 가치도 없다. 보면 볼수록 내가 화나는 영화다. 욕을 한 천백번은 한것같다. 심신건강에 매우 해로우니 절대 보지말것  
20180105,1,일단 스토리 엉망에다가 유치함이 엄청나구요. 대한민국 나오는 씬은 거의다 유흥시설등등이 나옴니다. 이정도면 그냥 감독이 맘먹고 대한민국 국제적인 호구로 만들려고 영화 제작한거죠 앤해서웨이가 나온다고 해서 봤더니 시간 낭비밖에 안돼군요.  
20180105,1,쓰레기같은 양키놈들 ㅗㅗ  
20180103,1,"0점을 줄 순 없나? 정말 최소의 개연성도 없는, 좋은 소재를 버려버린 작품  "
20180102,7,"잠시 한국을 짓밟는다는 부분은 없애보자. 그런 의미에서이 영화는 메세지가 상당히 부족한, 그러나 기묘한 기분이 드는 B무비이다  "
20180102,1,다른 나라 사람이면 몰라도 한국사람이라면 처음 장면 한국 엄마 발음만 듣고도 어떤 영화인지 대충 감 잡았을거다.. 역시나...  
20171230,1,"이게영화냐, 해서웨이는배우의자존심따위없나  "
20171230,8,평점왜케안좋지 ㅋ 티비에서하길래 별생각없엇는데 저진짜흥미롭게봣음 기존괴물영화는 징그럽고위태롭고그런느낌이싫엇는데 묘하게 인물들이랑 얽히고하는것들이 나름 추리?하는재미도있고~  
20171230,1, 어떤 사상을 극대화하려는지 보이네 그렇게 생각하길 바라는 복잡하고 역겨운 생각이 가득차있다 뒤에서 얘기하는 비겁한 습관들로.. 패미니즘이 없는 미개한 대한민국을 우리가 해방시켜주겠다?  
20171230,1,한번은 넋 놓고 보겠는데 두번은 넋 놔도 못보겠다  
20171230,10,B급이지만 의미있는 영화  
20171230,8,미성숙한 사람의 사랑이 폭력성을 가지는 이유. 오스카같은 사람은 피하는 게 정신 건강에 좋습니다. 보는내내 데이트 폭력의 교과서같다는 생각이 들었습니다  
20171217,4,"스토리는 정말 별로지만 앤해서웨이의 인지도로 한국이 알려진다는거에  별두개드립니다.한국인이 그다지 아름답게 묘사된거 같진 않지만요.일본이 거절한 덕에 아시아에 중국,일본말고 한국도 있다는게 알려지겠네요  "
20171213,1,말이 필요없는 올만에 본 쓰레기  
20171210,5,예쁜 앤 덕분에 5점^^  
20171210,5,괴수영화 좋아하는 사람도 당황.. 멜로 좋아하는 사람도 당황..성장드라마라고 생각해서  5점요^^  
20171210,10,무슨 열등감에 쌓이셨나 뭘 괴수가 서울 좀 밟았다고 기분까지 나빠져서 ㅋㅋ OO 무슨 서울을 존나 추앙하는 내용만 나와야하나 ㅋㅋ 쌍팔년도도 아니고 아직도 OO은 애국심 따지며 영화평가하는지. 충분히 신선하고 연기도 좋았고 군더더기 없고 좋았음  
20171210,7,좀 웃기기도 하고.이게 어떤 분류의 영화인걸까.트럼프가 꼭 봐야할 영화인듯한 생각이.힐러리가 트럼프를 확 던져버리게 된다는 예어 같은게 아니려나  
20171210,1,스토리 별로..서울도 한국관객 맞춰서 끼워놓은 느낌...후 최악이네요ㅋㅋㅋㅋ  
20171210,1,써레기 영화.. 내시간 돌려줘. 심형래 감독 영화가 몇배 더 낫다.  
20171128,6,참 신박하다. 1점 짜리 관객의 1점 폭탄. 당연하다면 당연할까. 나름 즐길만한 영화였다!  
20171128,2,이건뭐 재미도없고 감동도없고. 그리고 여기 나오는 남자캐릭터들은 다 왜 저꼬라지냐? 보다가 암걸릴뻔했네. 특히 오스카. 정신병자인게 틀림없다  
20171128,1,개차반 걸레와 양아치들의 술처먹고 서울 파괴기냐? 니미 1점도 아깝다.  
20171127,5,Help seoul은 뭐지....네이버에 찾아봐도 없던데 저런도시에 ㅋㅋㅋ 웃기긴웃기는데 용가리 ㅋㅋㅋ가 더 나은듯  
20171119,1,이거 극장서 돈내고 본사람들이 불쌍할정도 b급도 안될 영화 앤해서웨이 왜 이딴영화를 찍었을까ㅡㅡ  
20171115,4,장난감상점~장난하냐?  
20171115,1,앤 해서웨이도 스티븐 시걸형급 되었나? 폐급영화를 찍었네.  
20171112,1,아이디어만 새로웠다  스토리에서 개연성이라곤 찾아볼 수 없고 설명조차 없다  
20171110,9,평점너무낮아서안보려고했는데 생각보단재밌어요 발상도조으넹 한국에서저럼싫을만도하겠지만 ㅋㅋ  
20171105,3,사랑싸움의 새로운 시각. 의도하지는 않았겠지만 한국 같지 않은 한국에 대한 민폐  
20171104,10,병맛스러워서 맘에듬ㅋㅋ  
20171024,8,앤헤서워이가 이런영화에 나오다니...앤은 언제봐도이쁨~연기도 굿~주인공들이 열일한영화ㅎㅎ그냥 킬링타임용으로는 괜춘해써용~서울과한국인이 너무촌스럽게나와서 별두개뺌  
20171019,5,한국이 중국으로 비춰진 느낌이든 영화. 서울을 구해준 여주가 앤 해서웨이라 좋았다. 남자가 악마여서 다행이다.  
20171010,1,장난감 상점 간판에서 뿜었다. 맥도날드는 햄버거 상점 이냐? 배경이 되는 국가의 자료 조사도 제대로 안 한 영화의 완성도는 역시. ㅠㅠ 그래서 B급이라고? 다리오 아르젠토 같은 진정한 B급에 먹칠 한 영화.  
20171008,7,재미 있는건지 없는건지 애매함  서울 도심 세트장이 짝퉁처럼 부실하고 등장하는 한국 사람도 중국인 같이 생김  앤 해서웨이 생긴게 별로임  
20171005,7,기대와 예상이 완전히 빗나간 영화. 내용 전개와 한국에 대한 고증이 조금 아쉬웠지만 그래도 볼만했다.  
20171005,1,우리가 외국영화볼때 중간에 러시아사람이나 아랍사람 등등 나오는 외국인들도 그나라사람들이보면 구분못함  
20171004,4,남자가 불쌍하다. 아이디어는 좋네 ㅋㅋ  
20170929,1,다들 평점이 후하시네..최악의 영화 1점도 아깝다는게 무슨 기분인지 알겠다. 한 나라 수도가 시골 주정뱅이들한테 흔들리는 꼴에 어릴 때 번개같은거 맞은 영향으로 앤이 수호자 비스므리하게 나오는거 같은데 애초에 왜 그 먼 나라 사람이.. 진심으로 최악  
20170925,6,바닥에 뒹굴면 끝나는거 아닌가  
20170922,1,한국에서 찍는다는 소리에 그렇게 犬Zir-AL염병브루스를 추면서 개봉 전부터 재미있을 거라는 둥 앤 헤서웨이 만세라는둥 Star Zir-AL들을 하던 인간들이 쳐보고나서 뭘 그렇게 불평들이 많냐? 이 놈의 나라인간들은 이게 문제야. 냄비근성 보글보글  
20170918,4,헐리우드 영화중에 가장 서울 비중이 가장 많은 영화. ㅎㅎ비록  괴수에 침공당한 재앙의 서울이지만. 평소 대사고가 많이 일어난  대한민국 이미지가 투영된듯.  
20170918,3,참상이 벌어지는 곳 혹은 참극이 일어날 개연성이 높은 곳. 서울. 양키들의 서울 이미지. 특히 북핵 미사일 시대에 공포는 서울에만 있는듯.  
20170917,5,촌에 사는 여친도 없는 찌질이 만나서 개고생하는 여자 이야기. 할려면 즈그 동네 부술것이지 왜 서울에 고질라 보내고 그려  
20170917,10,나만당할수없다~~^^  
20170914,6,저기나오는 로보트 괴수는 김정은이였음 좋겠다 정은이처럼 상또라이다 정은이도 저렇게 서울 괴롭히는데 앤이 묵사발 내줬으면 한다  
20170913,6,왜 서울이 나오는가?....하고 보면 한강부근과 사실 도심지역은 부천 상동임ㅋㅋㅋㅋ그것도 왜 하필이면 유흥가에서 촬영을 해서...ㅡㅡ 쩝...뭔가 보는 내내 참 이상한 모습의 한국만 비춰지는거 같아 좀 그랬다...그리고 개연성은 딱히 있지도 않고...  
20170911,7,"서울 배경은 싸그리 노래방, 주점,클럽만 보이네요....액션 영화도 아닌것이, 싸이코패스 영화도 아닌것이, 멜로 영화도 아닌....죽도밥도 아닌 비빔밥 영화....그래도 끝까지 본 나...  "
20170911,10,이런 신선하고 다양성있는 주제의 B급 소재 영화들을 더욱 더 많이 찍고 보급해야 한다고 본다. 보는 내내 굉장히 상상력을 자극해 즐겁게 봤고 맨날 나오는 뻔하디 뻔한 영화에 비하면 별점 10개도 모자르다. 게다가 퀄리티는 A급.. 평점 맞추려 10점줌  
20170910,8,너의 분노로 만든 괴물 또한 너의 심연을 들여다 보고있다  
20170910,7,코믹영화로만 보면 나쁘지 않은 영홥니다. 디테일한 연출력은 감독의 능력이 아쉽네요  
20170908,1,이게  모야  ㅋㅋㅋㅋ 다들  꼭  보세요  
20170908,10,평점 늦었지만 꼭 보세요 인생영화입니다! 개봉하자마자 보고 팬심이 더 생겼어요  
20170907,1,평점 방어용 한 4점 정도 줄만 하네요  
20170907,3,졸린데도 이걸 왜 보고 있었는지 모르겠다  
20170906,1,서울은 미개하게 표현되고 개연성은 없고 의미도 없고 재미보차 없고 맥거핀만 남발. 남는건 앤헤서웨이의 미모뿐..앤같은 배우가 왜 이런 B급 영화를 찍은건지 의문  
20170906,1,유선에서 9월꽁짜라길래 보고있뜸.조낸 개유치함..  개연성? 그비스무리한게 심각하게 부족함..근데 그 유치함이 오히려 매력일 수도 이께따.그반대로 조선 촌구석 애OO들 장난으로 뉴욕이 망가지는 것또한 잼있을듯..ㅡ보는중에 쓰는 감상평ㅡ  
20170903,1,괴물이 튀어나와도 저기서 놀고 있는 한국인도 진짜 대단하다 영화 연출도 너무 개판이고  
20170903,8,기발한 상상력은 꽤 흥미롭고 서울이 망가지는 모습도 꽤 볼만했지만 서울시민들의 연기력은 형편없고 찌질한 전남친에게 다시 돌아간다는 결말도 별로 맘에 들지않다. 게다가 옛동창이 악당이 된다는 개연성도 가다듬었으면 하는 아쉬움이 남는다..  
20170902,7,재밌는 발상에 나름 괜찮았음ㅎㅎ  
20170818,5,와 겁나 소름 끼친다 했더니 스릴러 영화 였구나!!!그거 하나는 인정합니다 개소름 ㅋㅋ  
20170815,1,...알유 레이시스트...? 얼 유 제국주의...?  
20170812,7,이 영화를 정치색으로 본 분은 안계신가요?  구린 지원을 받아 낑낑데는 미국의 대통령과 무기업자의 횡포에 놀아나는 미국대통령과 한국의 현실과 ..마치 오락처럼 관망하는 미국시민들.. 감독 입장에선 그 대상이 일본이든 한국이든 상관 없겠죠.  
20170810,10,평점보고 안봤으면 후회할뻔 신선하고 재밌었다  
20170808,1,성의없이 찍은게 보이는영화... 번역기 돌린게 너무티나서 왜보고있나 생각들엇던 영화...  
20170807,1,죤나 영화 못만드네 내가 O으로 만들어도 이것보단 잘만듬  
20170803,9,여성과 폭력에 대한 메타포를 읽을 수 있는 사람만 몰입해서 볼수 있을 것 - 여성 스스로 본인을 믿고 남성의 실체를 알고 독립하기까지의 여정  
20170803,4,진짜 영화 광고할 떄는 궁금증 엄청 오지게 만들어냈는데 이 정도로 쓰레기 영화는 정말 오랜만에 보는거 같다.... 네티즌 평점 5점 인정한다.  
20170729,1,괴작임 인생 최악 영화 영화 보고와서 얘기해봐  
20170729,2,로맨틱 코미디에 적합한 소재인데  괴수를 등장 시키고 철학적인 주제를 펼치다보니이야기가 산으로 가는군  
20170727,3,독특하게 별로인 영화.  
20170726,5,서울이 언급되지 않았다면 아마도 안보고 지나쳤을 영화  
20170726,9,"소재 완전 독특하고, 괴수 아바타야 뭐야 ㅋ 앤 해서웨이 좀 푼수틱하지만 이쁘게 나오고. 그냥저냥 시간 괜찮게 때운...  "
20170726,7,영화의 상상력의 끝은 없는것이다에  좋은예...감독이랑 어떤 인연이 있었기에 한국이란 나라를 선택했을까 궁금하다...아무튼 뻔한 영화는 아니라서 신선했다.  
20170726,1,여주가아까움 ㅠ 남자새끼들이 다 찌질함...남친도 싸이코친구도...같이잔 그놈도...다들 모지라보임....한국사람들 촌발날리게 만들었음 ㅠ 차라리 로맨스로 가던지 아님 괴수영화를 만들던지 이건 무슨장르인지 정체성도없음  
20170726,8,만취한 통제불능 영화. 한국인 연기가 자연스러웠다면 깔끔했을텐데..하는 아쉬움...  
20170723,5,아이디어는 흥미로웠지만 그게 전부...웃길거면 웃기던가 진지할꺼면 진지하던가 하지 이도저도 아님...정말 무의미라는 말이 딱..앤헤서웨이랑 그나마 결말부분은 좀 잼있어서 5점은 줌  
20170723,5,"스토리도 개연성도 연출력도 없이, 메인 주제 하나와 앤 헤서웨이로 끝까지 밀어붙여.  "
20170723,10,젠장... 나만 당할 순 없지  
20170723,1,앤 해서웨이가 왜 이딴 쓰례기영화에 출연한거냐?  
20170722,6,평보고 나도 욕할라고 봤는데 그렇게까지 나쁘진 않은데? 재밌다는건 절대 아님. 좀 다른 영화가 있는거도 기쁨이니까.  
20170720,1,무엇을 기대하든 그 이하를 볼것이다  
20170720,1,휴...놀이터에서 정체불명의 괴수와 동기화가 되는것을 친구들에게 증명하기 시작할 때 끄길 잘했다.  
20170719,7,삐급 정서 충만한 수작임  
20170719,1,0.1점 짜리. 평점도 아깝  
20170716,6,기발한 아이디어로도 영화를 구할수 없다니..  
20170708,1,일본은 거절했는데 왜 우리나라는 이딴걸 허용해줌? 서울과 전혀 상관도없는 양키 두명이 하는 행동이 서울에서는 거대괴물과 거대로봇으로 나타나서 서울뭉개기ㅡㅡ;;; 개어이없음  
20170707,5,"꿈에서 본 소재를 가지고, 잠결에 만드셨는지 뜬금포 투성이. 서울씬 찍기위해 고생한 스텝들 연기자들, 촬영비가 아깝다. 앤 해서웨이님, 작품보는 안목을 좀 기르셔야겠어요. 딱 하나 마지막 발상의 전환은 괜찮네.  "
20170707,1,일본은 미국에 친미주의가 상당히 강한데도 이런영화는 거절했는데... 한국은 덥석 먹네  
20170704,3,이영화를 끝까지 다본 내가 대견하다  
20170704,4,이게 뭐야 빼애애애액 ㅠㅠ  
20170703,1,역대 손꼽히는 최악으로 못만든 영화다. 한국은 외국인이 이용해먹는 호구나라 라고 헐리웃에도 소문났나?  
20170702,7,독특하게 장르가 뒤범벅 스릴러 괴수물?  
20170630,6,그냥 나름 기발한 괴수영화. 그리고 그냥 앤헤서웨이 보는맛  
20170626,6,앤해서웨이 귀여워서 6점. 아니었다면 3점 정도 영화.이거 ... 일본 영화보는 거 같은 느낌....모든 면이 어설퍼.  
20170626,1,앤 해서웨이가 대체 왜 이런 영화를.... 별1개도 아깝다  
20170625,1,그와중에 한국거리씬 안마 가라오케 노래방 ㅉㅉㅉ 창피한줄알아라진짜ㅋㅋ  
20170625,5,조엘 잘생김^^ 바 폭죽놀이 꿀잼ㅋ에어매트리스 사용감 궁금ㅋㅋ 요 정도?ㅋㅋ 소재는 독특하고 재밌는데 개연성이 넘 부족해요...서울이 쑥대밭이 되고 있다면서 그 와중에 끈질기게 등장하는 신0000자 건물 넘나 시강이고요..  
20170625,10,재밌어요.흥미로운내용이네요.  
20170625,2,영화소개프로그램에서 보고 궁금해서 봤는데 한마디로 쓰레기.  
20170625,1,OOO.... 차라리 가문의영광이 났겠다..  
20170625,10,"이거 출발비됴여행에서 방금 봤는데, 웬지 희대의 명작으로 10년뒤 클레멘타인 불꽃슛통키 용호의권과 쌍벽을 이룰듯 만점주고갑니다.  "
20170625,9,a급영화라 생각말고 참신한 소재와 b급감성에 칭찬  
20170624,1,하아...졸작....  
20170624,1,뭐하러 서울까지 와서 촬영한거야  
20170624,4,서울이 놀이터냨ㅋㅋㅋ  
20170621,1,6세7세! 영화네요 조카들이 넘좋아하네요 괴물이 가끔나타나서..영화앞에 7세용 써주세요 어른들이 보면 홧병납니다  
20170621,1,이런거 찍을바엔 그냥 쉬지 그랬냐  
20170620,5,앤 해서웨이 주연에 괴수의 조합. 거기다 서울이 배경이라니 너무 기대를 한 나머지 좀 실망스러운... 소재 자체는 너무도 신선하고 스릴러적인 스토리도 좋았음. 근데 왜 서울인지? 이유도 필요도 의미도 없고... 한국인이 맞는건지 한국말도 제대로 못하고  
20170620,8,이영화도  007 때처럼  선동하기  좋은  소재였는데  조용히  넘어갔네  
20170618,10,평점이 워낙 안좋아서 기대 안했는데 기대안하고 보니 꿀잼이었다. ㅋ 무엇보다 앤헤서웨이 미모의 취한다.. 개핵이쁘네  
20170615,4,한국땅에서 장난치네~  
20170614,3,CG때문에 3점이나 줬다. CG가 조악했다면 1점인데. 킬링타임용도 안 되는 영화. 그저 경험상 한 번은 볼 수 있으니 영화에서 그 이상을 찾지 마시길.  
20170613,1,OOO기영화. 이런 쓸에기영화에 서울이 백드랍이라니. 감독을 줘패고싶다. ㅉㅉ  
20170610,8,저 바보 같은 로봇이 나 같아서 씁쓸 나름 심오한 영화  
20170610,10,중간까지 잘가다가 ....갑자기 산으로 ...그래도  신선해서 10점.  
20170610,3,노잼 노잼 핵노잼이구나~  
20170610,6,악역의 연기와 앤누나의 얼굴때문에 6점이다... 나머진 0점...  
20170608,6,A급 배우가 이런 쓰레기 영화에 나온다는게 신기하다  
20170606,10,재미있는 설정이네요 ㅎ 잼나게 봤습니다~~ㅎ  
20170606,8,여자 배우 너무 이쁨  그리고 색다른소재 재미있었다  
20170605,6,코미디인줄 알았던 영화가 스릴러로 변했다.  
20170604,1,매번 같은장소에서 같은 시간에 나타나는데 주변에 사람들이 왜 저렇게 많냐?  
20170604,1,이것도 영화라고ㅋㄱㄱ  
20170601,9,발랄하고 재밌구만 다만 서울이라는 소재가 어울리진 않았음.  
20170601,2,인물들이 하나같이 정상이 아님 정신병자 또라이들  
20170531,2,앤 해서웨이가 이런 영화에 왜 출연했나?  아깝네  
20170530,7,"볼만하고 재밌음. 근데 수천만 달러 짜리 영화 만들면서 감수는 제대로 안한듯. ""미안해요. 그것은 실수 다시 발생하지줘야해""가 뭐야. ㅋㅋㅋ 어쨌든 한국 나와서 반가움.  "
20170529,4,이딴 영화에 7점 주는 평론가는 자격 미달 아닌가  
20170529,3,스탭들 노고를 생각해서 악플을 별로 안쓰는편인데...음...  손에 물건 들고있었으면 집어던졌을듯 합니다.  
20170529,10,장난감 같은 허무 인류 블랙 코미디  
20170528,1,서울아? 미안하다.  미안해서 얼굴을 들 수가 없다.  희생물 서울.  
20170528,8,여태껏 보지 못한 신선한 아이디어네요  
20170528,4,"매일 같은곳에 출연하는 괴물인데, 매일 한국사람들 괴물 출연하는 곳에 아무 걱정도 없이 즐겁게 거닐다가 당한다. 매일 당한다. 우리가 닭대가린줄 아나보다.  "
20170527,1,한국 무시하냐? 애초에 일본이었다가 한국으로 바뀐것도 이상하지만 스토리 개 쓰레기네 킬링타임 급도 안되는 쓰레기 때려쳐  
20170527,6,괴수가 아니라 제2 한국전쟁에 대한 은유네 기분 나쁘다  
20170527,10,프로불편러들에겐 한없이 불편한 영화 ㅋㅋㅋ  
20170527,6,우키키 ㅋㅋㅋ가 어울린다.  
20170527,5,재미 있을뻔 헀네.. 한인타운이군요.  
20170527,10,재미는 있는데 조엘이랑 왜 잔 거에요?남자만 더러운 줄 알았는데 여자도 더럽다고 생각되네...팀이랑 완전 끝난 상태도 아녔자나요...  
20170526,10,"의미심장하네.,.,.,  "
20170526,10,문재인대통령 덕분에 이 괴작을 보고도 기분이 안나쁘다.  
20170525,6,영화관에서 안본게 천만다행.단순히 재미로 보자면 많이 아쉬움. 다만 조금 현실 풍자의 느낌도 있어서 결코 가볍게만은 볼 수도 없음. 메시지나 철학 이런건 다 떠나서 일단 앤 해서웨이만 보이는 영화.  비주얼 클라스는 영화를 막론하고 어디안가네  
20170525,8,아무것도  모르고 보게된 영화... 초반부터 괴수등장에 또 왠지 3류 괴수물이될것같았지만...ㅋ 이게 코미디물이었다니.. 킬링타임으로 좋았고  부분부분 개그코드도 맘에들었다..ㅋ 다만 케릭터간에 뭔지모를 조금 지루한감이있는..  
20170523,10,이거 캐나다에서 보조출현했을때부터 개노잼일거 같았는데 실제는 더하네 ㅋㅋㅋㅋ 두컷나왔다 ㄱㅇㄷ  
20170521,5,"황당한 설정이지만 그래도 끝까지 잘 끌고 가는데, 가벼운 웃음과 진지한 주제 사이에서 갈피를 잡지 못한 채 계속 갈팡질팡하는 분위기는 생각만큼 만족스럽게 느껴지지 않는다.  "
20170520,1,이런게 영화라면 나도 감독할랍니다..일본에서 왜 불발됐는지 알겠는데 우리나라는 덥썩 물었다는게  화가 납니다..미국의 일개 술주정뱅이들이 약소국의 대도시를 괴수로 나타나서 뭉갰다는게.내가 이렇게 화가 나는게 나만의 자격지심이 아니였으면 좋겠습니다..  
20170520,9,기발한 시나리오라고 생각 하기는 한다  근되 나만 그렇게 생각 하는지 모르겠지만 미국 영화에 나오는 한국 사람들은 죄다 말투가 북한 사람처럼 말하냐.???그리고 한국말 못하는 교포만 출연시키나?  
20170519,10,솔직히 디워나 고질라처럼 뻔한스토리보다 훨신 잼있었음  
20170518,7,생각처럼 나쁘지않음 정보를 잘 안 주는데 강렬한 사건들이 나와서 몰입감 있고 플롯이 뻔히 보이는 영화보다는 나았지만 로봇배우의 내면이 좀 더 흥미로웠으면 좋았을걸  
20170518,5,기발한데 별로인 영화.  
20170518,10,몰입도 있게 봤습니다. 결말도 좋았구요. 재밌게 봤는데 평점이 왜 이리 낮은지.  
20170518,1,쓰레기중에 최고 OOO  
20170516,5,매우 독특하고 재미없네요.  
20170516,6,두 남녀가 격한 정사신한번 찍는게 더 좋을뻔  
20170516,10,앤을 보는 것만으로도 충분 소제는 충분히 신선하고 SF 적이고 미스테리했으나 마무리는 좀아쉽 많이  
20170514,2,심오한 세계관이 있는지...먼지는 모르겠지만.... 최근 본 영화중 제일 의미없고 무쓸모인영화ㅡㅡ...하지만...그녀는 이뻤다  
20170514,2,서울을 배경으로 했다는 점만 흥미있는...  
20170513,4,허술한 플롯과 허무맹랭한 판타지가 좋은 재료를 순식간에 망쳐놓다.  
20170513,1,그럴싸한 이야기는 결국 산으로.  
20170513,8,병맛 감성이 있는 영화... 독창적이고 재미도... 난 괜찮은데 호불호가 갈릴듯...  
20170512,1,"진심으로 최악입니다...인근에서 촬영한거라 봤는데, 너무 유치하고 막장이라 ㅋㅋ.. 보다가 중간에 끊었네요돈아까워요 ㅜㅜ앤 헤서웨이의 연기력으로는 도저히 커버할 수가 없는 영화네요.  "
20170512,2,줄거리에 묘하게 연결된걸 알고 서울로 향하는데?? ? 라 적혀있으면 안 되는거 아닌가.. 끝나기 8분 전에 가기 시작하는데... 2점인 이유는 앤 헤서웨이 미모값+의외로 재밌어서이고 앤 헤서웨이는 오늘도 이쁘다ㅏㅠ  
20170511,9,남잘되는거 못보는 못된친구 참교육 나름 재밌게 봄 ㅋ  
20170511,10,관람객재밌어쩡쟘존쟘이야ㅠㅠ  
20170511,1,아니 왜...괴수가 나타날때쯤 사이렌도 울려주고 하는데 서울사람들은 그 장소에 맨날 나와있냐...그것도 때로 나와서.이정도면 국가재난수준인데 나라에서 통제도 안하고 있고.말도 안되는 설정에 말도 안되는 이야기.  
20170510,5,SF 스릴러라고 하기에는 약하지 않나? 내가 지금 에이리언 커버넌트 보고왔는데 ㅋ 이런걸 ... 무튼 뭐 한번쯤 볼만한 킬링타임용  
20170510,7,"술먹고 자빠져서 ㄷㄷ, 술먹고 여러사람 피해주지 맙시다~서울 한복판에 자신의 행동을 따라하는 거대괴물이? 엉뚱하지만 시간때우기 괜찮았음.  "
20170509,7,美男蟲 때문에 죽어나는 대한민국  
20170509,8,놰이 모챠죠묘 또 하놔 솨쥬께에  
20170509,1,이게 도대체 먼 쓰레기?  
20170509,3,이 영화가 아이러니한건 괴물나올때만 재미없음...다른건 괜찮음...실패한거지...  
20170509,8,스토리가 매우 신박했습니다. 저는 굉장히 재미있게 봤습니다. 앤 해서웨이의 마지막 응징도 아주 속 시원했구요 서울을 배경으로 찍은 것도 요! 강추 합니다!  
20170509,8,괴수 빼고남녀의 심리묘사 영화로 보면 볼만하다괴수 대신 다른 장치로 했으면더 좋았을 탠데개연성이 좀 떨어져서 쫌 코미디로 볼 수도 ㅎ  
20170508,3,사랑스러운 일본을 짓밟을수 없으니 서울을 선택 했을뿐  서로 감정싸움에 서울사람을 죽어나가고 끝남.  
20170508,6,실망스런 스토리전개.. 역시 B급영화인 것 같음.  
20170508,1,극장 가서 봤음 어쩔...  
20170508,2,재미가 너무 없네요... 감독은 무슨 생각인거지...재밌는 부분이 없어... 한부분도...ㄷ ㄷ ㄷ  
20170507,7,색다른 전개의 B급 느낌의 특이한 재미의 영화 ㅋㅋㅋ 골때렸음 ㅋ  
20170507,1,제가 이렇게 빌게요 제발제발제발제발 보지마세오 제발...  
20170507,1,유명배우써서 그저 한국과 꼬맹이들을 타켓으로한 영화. 찌질한여자주인공 성격은 잘 표현한듯 함.  
20170507,5,"찌질남과 루저녀가 나오는 평범한 드라마가 될 뻔했는데, 괴수 캐스팅으로 굉장히 참신해짐. 아이디어가 대단  "
20170507,4,암생각없이 잘봤음  그럭저럭?  
20170507,1,Racism의 결정체.  
20170507,1,참신한 쓰레기+2시간을 정말 쓸데없이 갖다버리고 싶으면 볼 것. 대사 동선 연기 다 어이없음. 앤 헤서웨이라고 다 봐줄 순 없다. 왠 놀이터 지신밟기냐. 핵노잼 극혐  
20170507,1,열지마랏~ 판도라의 상자다~ 까면 깔수록 넘겨보고 싶다. 앤헤서웨이. 왜 해서그래잉. 우주~. 우자 롸이크~투 썸 팅 드링크 이건.. 우리 동네 유치원에서도  이렇게 안 배운다 내 아까운 2시간 ~ 환불 고고 ~용가리 확장판.  
20170506,6,정신나간 행오버 무비...  
20170506,5,서울은 무슨 얼어죽을 ㅡㅡ 10년전 인천이나 부천배경으로 한강이랑합성해서 시민들도 OO 촌스럽게 연출하고 ㅋㅋ 프랑스 스페인보다 잘사는나라를 개거지같이 꾸며놓음 ㅋㅋ  
20170506,5,유치뽕... 앤헤서웨이는 왜 출현을 결심했을 까?  
20170506,2,퍼시픽림의 로봇과 카이쥬가 서울에서 분노와 열등감에 사로 잡힌  전투를  한다!!  
20170505,10,난 괜찮았는데.. 5점대는 아닌 듯ㅎㅎ  
20170505,1,왜 만든걸까?....  
20170505,7,기발하고 독특하긴하나 재밌진않음.  
20170505,9,국회의사당이나 청와대로 돌진했음 좋았을 텐데...아쉬운마음에 별 한개 뺌.  
20170505,6,엔 헤서웨이가 좋은 일 했네  
20170505,1,1점도 아깝다. 앤 해서웨이 팬인데 이딴영화를 찍었다는거에 실망감이 이만저만이 아님. 여러분 정말 진지하게 충고드립니다. 시간낭비하지마세요. 영화를 보고나면... 욕한마디 나옵니다. 이딴걸 영화라고 만들어놓다니 ㅉㅉㅉ  
20170504,10,내용이 참신함. 장르가 여러개 섞여있지만 신기하게 풀림.  
20170504,2,극장에 봤음 후회 많이 했을것 같다.. 어이없는 내용 참 안타깝디.  
20170504,3,장르가 뭐야 대체. 코미디로 가다가 스릴러로 가고 뭐임? 이거?  
20170503,10,평점이 낮아서 10점드립니다. 앤해서웨이가 나온것만해도 8점짜린데 5점이라니  
20170503,4,딴걸다떠나서..여주캐릭이상함..  
20170503,6,한국의 등장여부와 부정적 이미지를 제외하고 감독의 메세지를 보여주기엔 앤 해서웨이라는 명품 배우가 출연함에도 기본적으로 재미가 없다  
20170503,6,뭐 보통이네여 이상한 괴물등장~  
20170503,4,아... 발상은 좋았으나..  
20170503,1,"글쎄, 한국인으로서 이영화 평을 별로 좋게주고싶지않은데? 국수주의에 빠진 것도 아니고 적잖게 한국꼴뵈기싫은점도있다생각하지만, 한국말도 제대로 못하는 한국인에, 괴수가 쓴 한글은 번역기 돌린꼴이고. 이건 노력문제고 한국 관객을 개무시하는걸로밖에 안보인다  "
20170503,9,"난 잼나게 봤는데.음악도 좋고...   괴수 CG가 좀 유치하지만 뭐 봐줄만하고,보고나서 기발하다는 생각이 먼저들었던 영화.. 근데 한국사람인데 한국 배경이 왤케 낯설게 느껴질까??ㅡㅡ;;  "
20170503,1,서울이 동네 북이냐? 말도 안되는 스토리에 이게 영화냐?  
20170503,7,외계에서온 괴수물인 줄 알았더니 미저리였군.  훈훈한 멜로드라마로 시작해서 열폭하는 머저리와의 한 판 승부.  
20170502,5,앤도 나이가 들어가는구나...  
20170502,4,"디워급,.,.,.,.,.,.,.,.,.  "
20170502,4,한국에서 찍은 거 아니지? 어디 코리아 타운에서 찍었나? 한국사람이라기보다는 중국인에 가깝고 한국어 발음도 조선족이던데..?  
20170502,1,말도 안되는 똥쓰레기 낚시 영화... 괴수영화 절대 아님.  
20170502,9,신선한 소재라 이런소재  좋아해서 추천. 굳이 옥의티 하나 잡자면 군바리 방탄모 벗을때  머리 왜케 길어? ㅋㅋ  
20170502,9,소재가 참신하고 흥미로운 영화다. 초반에 괴수가 나오지만 코미디 영화처럼 가볍게 시작한다. 중간에 사랑 싸움 같아서 로멘틱 코미디로 흘러가는 듯했는데 알고봤더니 스릴러물이였다는 것이 반전이다. 굳이 따지자면 sf 코미디 스릴러 액션 장르라고 하겠다.  
20170502,1, 걍 빨리 재생 해서 보세요 ㅋㅋㅋ          으주 라이 땀씽 드링영어  욜라 못하게 나오네 ㅋㅋㅋ마지막만 웃김 ㅋㅋㅋ간판들. 마사지 순대 노래방 왁싱  아 웃겨  증말  
20170502,10,"해외에서도 호평인데 왜 유독 이렇게 한국에서만 평점이 낮지? 몇마디 붙이자면, 1. 영화 생각보다 무거움, 2. 앤해서웨이 이쁨 3. 한국 고증 어벤져스보다 더 잘되있고 더 서울스러움, 4. 발암물질하고 사이다 있음  "
20170502,6,앤 해서웨이는 이쁘지만 꿀노잼.  
20170502,7,반전의 반전...SF와 스릴러의 조화... 서울에서는 왜 찍은 건지.  마지막 서울씬은 유치하고 임팩트가 없네요. 괴물이 출몰하는 지역인데 출입 통제 안 시키고 여유롭게 술먹고 있다가 도망가는게 아무리 영화라지만 너무 억지인듯.  
20170502,4,B급이라고 하기에는 어설픈 B급 영화 벼락 맞고 서울과 링크가 되는 신기한 경험 그리고 내표값이 사라지는 신기한경험  
20170502,1,이게 다 심형래때문이다.  
20170501,7,이거진짜황당한여화이다  
20170501,1,요즘 영화 평점 잘 안남기는데... 괴수와 로봇은 서울 관객 요금 물어내라 . 앤 헤서웨이 요즘 섭외가 잘 안들어오나보다. ㅠㅠ  
20170501,4,아니 도대체 이게 뭐야~(-_-)  
20170501,5,심오한 척 결국 별 거 없다. 괴물만도 못한 인간이라니  
20170501,6,이 괴수 어딘가에서 본 것 같았는데 시바! 이제보니 오크전의 그 용가리의 재활용이었네. 그렇게 고물두상 기획하는게 어렵냐? 쪽발이색히들하고의 불협화음 때문에 꿩대신 닭으로 한국을 선택했지만 거의 CG로 대치하고 한국 현지에서 찍은 씬은 몇 이돼보임.  
20170501,5,관람객약간 어이없어서 웃음이 나는 영화입니다.  
20170501,3,영화 세상 답답하네 ㅋ 같잖은 이유로 못떠난다는게 말이됨ㅋ  
20170501,10,이영화존나 내스타일 취향저격이네ㅋㅋㅋ댄 스티븐스 개잘생 미녀와야수에서 몰라봐서미안.. 막질투때문에 남자들 미치고 3대1 어장관리 하는거 개좋음 꿀잼ㅋㅋ  
20170501,7,나 이거 봤는데  긴장은 없고 오로지 코믹 괴수만 나올 줄 알았는데 웬 로봇이 ㅋㅋ 그것도 퍼시픽림에서 나온 타이푼인가 하는 로봇이랑 비슷하다  
20170501,6,플레인 요거트를 샀는데 너무 묽은 느낌이고. 가벼운 느낌이다. 번개하나로 얽기에는 개연성이 부족하고. 좋게본다면 비현실적이고 극단적인 내용으로 현실속 어떤 부분에 대해 교훈을 주려고 한 느낌. 총평. 술먹고 취해서 만든 교훈영화.  
20170501,1,이렇게 무의미한 영화도 오랜만인듯 ㅋㅋ 그냥 10분짜리 꽁트용이었다 아무런 내용이 없어 ㅋㅋ 괴수영화인데 볼거리도 없고  
20170501,4,기발할 뻔하다가 그저 그렇네.  
20170501,10,나는 재미있게 봤다. 병맛  
20170501,1,한마디로 멍청한영화 초 중간까지는 볼만함 갈수록 산으로가네 ..  
20170501,1,의도넚고 재미도 없고 괴수의 목적도 없는거 같은 최악의 영화 그냥 술취해서 난동부리다 끝  
20170501,10,난 잼있었는디 신선하고 ㅎㅎ  
20170501,5,훌륭한 아이디어와 빈약한 철학.  
20170501,1,놀구있네 ㅗ  그것도 영화라고..  
20170501,10,혁신적이고 창조적인 영화다....공터 장면 하나로 이런 긴장감을 만들어 내다니...무자비함을 은유하는건 덤이다.  
20170501,10,등장인물들 가끔씩 개풀뜯어먹는 소리하는 것도 맘에들고 앤 해서웨이 아무데서나 기대 자다가 아침되서 깨어나는 것도 웃기고 졸라 귀엽다 ㅋㅋㅋ 괴물 춤추는것도 웃기고 왜 하필이면 서울인지 뜬금없고 ㅋㅋ 그리고 미스 등갈비 간판 몇번이나 나오는거냨ㅋㅋㅋ  
20170501,4,저런 상황인데도 서울 안벗어나고 번화가에서 놀고있는 한국인들 대단하네  
20170501,9,이렇게 참신한 영화가 5점대영화는 아니지 않냐 이 한심이들아  
20170501,10,볼거리도많고 재미있는데 평점이 왜이리 낮지?  
20170501,6,이 영화는 당최 어떤 코멘트를 해야 할지 모르겠네...  
20170501,1,영화보는 내내 한국이 힘없고 미개한 나라고 표현된 느낌을 지울수가 없었다  
20170501,6,10년만에 댓글 답니다. 한마디로 기괴한 혼종이고요. 나름 메세지가 분명한건 좋습니다. 다만 영화적으로는 개판이라고 봅니다. 그래도 실험정신과 앤해서웨이 쓴 제작비 존중하여 6점 드립니다.  
20170430,7,의미부여를 꼭 해야될까  
20170430,6,여자한테 지냐? 덩치가 아깝다 쉐리야.. 나같으면 거기서 비디오 한편 찍었구만.. 괴수 임신하면 어떻게 될지 궁금하기도 하고  
20170430,7,중간이후 약간 지루하긴하지만 스토리의 영화발상과 상상력은 높이산다  
20170430,8,영화 불감증이었는데 재미있게 봤습니다. 단순 삐급영화는 아니네요.  
20170430,8,스포주의!!!뭔가 마지막에 남자날라가는거 보면 너무 불쌍하다고 느끼는데...  
20170430,1,용가리하고 패트레이버 비슷한 로봇 나와서 생쇼하다 황당하게 끝나는 유치한 영화  
20170430,8,"배경은 한국,서울....! 거기에 앤헤서웨이.. 뭔가 묘하네요... 그냥 볼만 했습니다.  "
20170430,10,"이게 5점대 영화? 영화가 상당히 특이하고 호불호가 갈릴법하지만 영화 자체로만 봤을땐 7점대는 될듯. 미국이 이런 시도를 하기때문에 영화계가 점점 발전하는거임 한국처럼 정치, 조폭, 아동학대, 범죄 등등 비슷한 장르로 우려먹기 계속하면 제자리 걸음이고  "
20170430,4,앤 해서웨이 골반만 보임  
20170430,4,이 영화 묘하게 기분나쁘다 일본이 왜 거절했는지 알겠다 백인히로인영화임 웃김  
20170430,1,평점이 믿기지 않는다 정말..  
20170430,8,1. 술이 왠수 2. 친구를 잘 사귀자  3. 나이 처먹고 놀이터에서 ㅈㄹ떠맂 말것 4. 앤 해서웨이는 진리  
20170430,8,ㅋㅋㅋ 홍보방식이 굉장히 잘못된 영화임요 ㅋㅋ마지막 엔딩을 좀 더 자비롭게 만들었다면 더 좋았을듯 ㅋㅋㅋ감독이 잘 깠네요... 이야기에는 아무도 관심이 없고 트릭과 기술에만 관심있는 사람들.. 감독이 만들어낸 신선한 스릴과 연출은 인정  
20170430,5,무슨영화인지 도무지 알수가 없음. 앤헤서웨이 보는재미.  
20170430,7,다양한 의미 부여가 가능한 참신한 설정  
20170430,3,순수하게 재미로만 보면 볼만함 근데 스토리는 모지?황당그자체 말도안되는설정 등등...  
20170430,1,어느부분이 웃겼다는거지?  
20170430,1,도대체 한국말도 못하는사람한테 왜 한국인연기를 시키는거지  
20170430,1,그냥 핵노잼....애초에 황당한 설정인데 초반부터 중반이상까지 지루하다가 마지막에는 어이상실...거대괴수가 만들어진 이유부터 핵노답  
20170430,10,야! 요정도면 잼있게 볼만한데 ㅋ  컨셉이 신기했어  
20170430,1,B급  쓰레기 비디오물  (영화라는 단어도 아깝다) 촬영 장소  필름삭제요청하고싶다.  
20170430,4,웃자고 만든 코메디를 보면서 쓸데없이 진지하면 바보.  
20170430,3,"주인공 각성을 위해 그렇게 돌고돌아서 서울을 이런 식으로 그려내는 게 최선이었나?? 겁에 질린 시민들도 사람 1,2라기보단 개미들처럼 그린 느낌이고 영화 자체가 오만하기 짝이 없음.  "
20170430,1,평점이 너무높다 조율용  1점준다  
20170430,1,"정말 풀리지않는 의문이다, 앤 해서웨이가 왜 이딴영화를 찍었을ㄲㅏ  "
20170430,1,뭐 그냥 뭐 앤헤서웨이만 돈 벌었네 뭐 ㅋ  
20170430,8,외국 영화에 우리나라의 서울이 배경으로 나오는 것 자체가 대단하고 자랑스럽게 느껴진다 현대의 개인 이기주의적 사회를 잘 돌려 깐 영화 같다  
20170430,4,지겨운 엉터리 페미니즘  
20170430,5,어설프고 전반적인 상황들도 몰입 안되고 좀 유치하기도 하고.. 그냥 해서웨이 본거 정도?  
20170430,1,보고나니 드는 두가지 의문: 1. 왜 이딴 거지같은 스토리를 영화화했나? 2. 앤 해서웨이 같은 A급 배우가 왜 이딴 영화를 찍었나?  
20170430,7,"남자의 질투는 무서운 거구나, 하고 생각했다. 질투는 결국 자신의 몸을 태우는 것 같다  "
20170430,1,이런 핵 쓰레기 영화 시간 만 날리고 그냥 왜 돈 들여서 만들었는지 모를 그럴 영화 스토리도 없고 재미도 없고 역대급이다 내가 왠만하면 평점 같은거 안주는데 처음으로 로그인 했다  
20170430,7, 낯설음을 참아내야 하느니라ㅋㅋ  
20170430,1,진짜 시간낭비 이 밤에 뭘 보겠다고 본게 이영화라니 끔찍하다 교훈도 없고 재미도 없고 개연성도 없음. 배우들의 연기가 아깝다몇번이고 끄고싶었지만 대체 이걸 어떻게 마무리할까 궁금해서 봤다. B급 코미디영화로도 쳐주지못할 괴작.  
20170429,2,연출은 쓰레기였고 한국인은 미개하게 표현됐다  
20170429,2,감독이 약빨고 만든영화 내용도없고 재미도없고 황당함.앤 해서웨이는 왜 이런 영화 찍었지??나름 영화 잘선택해서 찍는다 생각했는데 핵실망  
20170429,9,"속상해. 지금의 정국과 비슷하네요. 트럼프가 제작한 것고 아니고, 속수무책인 한국을 건져내는 미국. 미제 사대주의네. 서울은 그냥 놀이터네요 썅!!해서웨이 때문에 빠져드는 묘한 영화.  "
20170429,6,미국인의 손에 서울의 운명이 좌지우지되는.. 뭐지.. 서울배경으로 나오고 앤해서웨이나와서 그나마 6점... 절대돈주고보지마세요  
20170429,1,아니....그러니까  괴물과 로봇 나온 진짜 이유가 뭐냐고....울트라맨 있음 딱이네...  
20170429,6,B정서 충만한 영화. 영뚱하면서도 귀엽고 진지하다.  
20170429,7,"게으른 괴물 , 자격지심 로봇 진짜 자신의 못난 모습을 마주하다  "
20170429,10,너무 재미있게 봤다 ㅋㅋㅋ  
20170429,6,"괴짜 같지만, 사랑스러웠다  "
20170429,1,절대보지마세요절대보지마세요끔찍  
20170429,10,졸잼졸잼졸잼졸잼졸잼졸잼졸잼졸잼졸잼졸잼졸잼졸잼졸잼졸잼졸잼졸잼졸잼졸잼졸잼졸잼졸잼졸잼졸잼졸잼졸잼졸잼졸잼졸잼졸잼졸잼졸잼졸잼졸잼졸잼졸잼졸잼졸잼졸잼졸잼졸잼졸잼졸잼졸잼졸잼졸잼졸잼졸잼졸잼졸잼졸잼졸잼졸잼졸잼졸잼졸잼졸잼졸잼졸잼졸잼졸잼졸잼졸잼졸잼졸잼졸잼졸잼졸잼졸잼졸잼졸잼  
20170429,5,솔직히 앤 헤서웨이가 아깝다 ㅋㅋㅋ  
20170429,4,이영화를 보고나면 심형래  감독의  위대함을 다시 한번 느끼게 해준다.  
20170429,6,내게 뭘 말하고싶은거야?  
20170429,7,성숙하지 못한 두 어른과 그들이 만들어낸 괴물. 웃기면서도 엉성하고 교훈적이고. 그랬다.  그리고 서울 의문의 1패...  
20170429,2,배경이 대한민국 서울이란것에 조금흥미그런데 이건뭐 어린이 영화인가 오스카는 사이코페스인가그리고 맨처음 한국인 모녀나오는데 중국인?인가 한국말 겁나 서툴러  
20170429,1,ㅋ장난하냐ㅋ이걸 10점 준 사람들 심보는 나만 당할 수 없지 심보ㅋ  
20170429,1,1점도 아까움1점도 아까움1점도 아까움1점도 아까움1점도 아까움1점도 아까움  
20170429,7,이 영화의 팩트.여자는 잘생긴 남자를 좋아한다.  
20170429,1,개소리도 이정도면 블록버스터급  
20170429,7,영화는 재미없지만 서울 부순다고 왜 승을내냐ㅋㅋㅋ 런던이나 뉴욕 멘하탄 도쿄는 맨날 박살나는데 어우 진짜 삐뚤어진 애국심  
20170429,8,괴수랑 로봇 허접한cg보고 안보고 싶었으나 내용자체는 괜찮음 나름 메세지도 있고  
20170429,1,서울인지 북경인지 동경인지 쿠알라룸푸른지....서울 와보기는 했냐????  
20170429,7,왜이리 평점들이 널을 뛰는지...이제 알바타령 좀 그만하고 알바도 그만두자...현미경으로 들여다본다고 다~보이는건 아니다.  
20170429,1,얼빠 멍청한 여자와 주변 노답 찌질남들의 헛웃음 나는 스토리  
20170429,6,사랑과 집착의 남녀관계를   지루하지 않게 과장이 이질감이 없게  만들어주는 판타지적 설정.  
20170429,1,"난 이영화를 보고 단번에 느꼈다.""미국은 손짓한번이면 언제든 한국의 수도 서울정도는 우습게 박살내버릴수 있다.""""보고 있나 김정은?""난 이렇게 해석한다.정치적인 해석이 안들어갈수가 없다.지금의 사드배치와 뭐가 다를까.기분 존나더럽다.  "
20170429,1,내가 이상한건가이건 그냥 괴작이다.그 이상도 그 이하도 아니다막장 드라마에 괴수가 간간히 나오는데?사이코스릴러로 알고보면 그나마 맨정신으로 봐지려나그냥 보고나면 몹시 불쾌해지는 괴작일뿐 .  
20170429,10,앞으로 한국다루는 영화가 더 많아졌으면 좋겠다 싶어서 10점드리고 영화내용은 솔직히 초반 춤출때 까지만 재밌고 그뒤로는 잠올꺼같았어요;;  
20170429,10,진짜 빵빵터지며봤다 개그코드완전 나랑맞아ㅋㄱㄲ괴물나온대서봤드니 코미디영화. 너무재밌게봤당 댄스티븐스라는 배우도 여기서 처음알게됐다 너무잘생겼다ㅜ영국인ㅜ또보고픈배우ㅜ너무잼게봤당♡  
20170429,1,서울(부천)은 마음대로 부셔놓고 내한은 ㄴㄴ ㅋㅋㅋ  
20170429,10,"스토리스토리스토리스토리, 간만에 영화 본 거 같네!  "
20170429,6,부천이 언제부터 서울이었나요. ㅋㅋ  
20170429,1,평점 다들 알반가..영화관 가서 안본게 다행이다만 ..내만원ㅠㅠ무료였음 진즉에 껐다  
20170429,5,"외국영화에서 한국어 대사 나오는 장면 보면 정말 기가막힘. 한번쯤 원어민 검수해볼 생각은 안하는건가?,,, 책을 읽어도 저렇게 대사를 하지는 않을듯...뜬금없는 서울 설정이야 감독 마음이지만 한국인의 한국어 표현은 정말 몸서리치게 싫음  "
20170428,5,앤 해서웨이야 이게뭐꼬 ㅋㅋㅋ  
20170428,1,한국이 배경일뿐 그이상 아무것도 없는 영화 재미도 남는것도 없다  
20170428,1,왜 망했는지 보니까 이해가 된다. 앤 해서웨이는 왜 이런 영화를 찍은 걸까?  
20170428,5,하필 왜 한국일까...  
20170428,10,남자를 죽였지만 알리바이는 확실하네요.  
20170428,7,많은 것을 기대하지 않으면 그만큼 볼만한 영화  
20170428,8, 네이버가 아닌 타사이트에서 평점이 낮지 않은건 스토리를 풀어내는 방식이 상당히 독특해서인데 여기서 평점 높으려면 서울 아니라 뉴욕 런던 부숴야 되고 꼭 감동있어야 되나봐요.. 새로운게 싫은 사람들이 엄청 많네요 최근 한국영화보다 훨 볼만한데 말이죠  
20170428,2,하여간 대한민국 종특 가슴깊이 후진국마인드가 자리잡아서 할이웃영화에 한국어 한국 만 들어가면 좋덴다 그냥 ..ㅉ  
20170428,8,자존감과 성평등에 관한 여러 쟝르가 혼합된 코메디       해서웨이 너무 좋고 이상하게 오래 기억나는 엉뚱하고 독특한 영화  
20170428,1,나 서울왔다.(앤 해서웨이). 서울 왔는김에 내자가용비행기  있잖아.  기름값 보태기 위해서 말이야  화장품광고 찍고 극비출국합니다.  
20170428,7,"솔직히 얘기해서 재미가 있지는 않아요, 무언가 기괴하고 찝찝하고 당황스럽습니다. 어떻게보면 그것이 매력일 수 있겠군요, 왜 글로리아 주변엔 제대로 된 사람이 없을까 ㅠㅠㅠ 그녀조차도 제대로된 사람이 아니수도  "
20170428,6,소재도 특이하고 앤 해서웨이 나와서 좋다~서울장면은 보너스 느낌^^ 그냥 쏘쏘~  
20170428,4,앤해서웨이 어쩌다가 이런작품찍었지..  
20170428,10,재밌어 보이네요 꼭 보고싶어요  
20170427,6,내용이 산으로도 가고 우주로도 가고..  
20170427,10,관람객가가자자미미가라자보  
20170426,1,이보다 최악일 수가 있냐?!  
20170426,5,잘가다가 아주 그냥 산으로 가버리네...  
20170426,6,만일 보고싶다면 보세요.  생각보다 볼만했음.  
20170426,9,그냥 단순한 괴수영화라기보다 다양한 심리와 인간의 이중성 그리고 강자에 의한 부당함 들이 담겨있다 숨은 의미를 볼줄 알면 재밋는 영화~  다만 걱정되는거는 여주가 히어로일경우 우리나라에서 흥행이 저조한 편이라... 헝거게임처럼..  
20170426,10,8점주고싶은데 까는 평이 너무많아 10점준다..요근래 본 영화중엔 가장 여운있는 영화였다  
20170425,8,"메세지 있는 영화를 환타지하고 단순하게 그리는 영화라 좋았음~ 전쟁 혹은 폭력, 치유의 상징적 의미가 괴수로 그려져 재밌고 이해가 쉬움. 매력있는 영화♡  "
20170425,6,한ㄷ국ㅋ ㅋ나오오신기ㅠ  
20170425,8,김치년놈들은 영화보지마라. 이정도면 수작이다. 기발한 상상력과 신선한 연출. 김치들은 7번방의선물같은 싸구려신파나 쳐봐. 수준낮은것들. ㅉㅉ  
20170425,1,이건 완전 대한민국을 우습게보고 조롱하는 영화다 ㄱ그저 한국지명나오고 하면 좋게보고  결국 다른나라가 병주고 약주고  그걸 좋타고  한국은좋아하는 한심한꼴 보여준다  
20170424,1,진짜 어지간하면 평점 작성잘안하는데 여기 평점 이 왜유지되는지 의문이라서 글남긴다 어제심야영화로 앤에서웨이 나온다해서 봤는데 진짜 영화의 3대요소인 재미 감동 교훈 하나도 없다 앤에서웨이 광팬들은 좋아할듯 영화로서는 진짜 쿠폰도 아깝더라  
20170424,2,서울을 약간은 우습게 사람들은 촌스럽게.. 있는 그대로 표현 해줬으면 더좋았을걸 하는 생각과 저의 편견일지 모르지만 미국의 우월함을 담은 영화 같아서 기분이 좋은 영화는 아니었어요..!!  
20170424,10,주말에 보고왔는데 앤 해서웨이 넘 이쁘고 영화 독특하고 재밌네요~  
20170424,6,걍 그저그런영화같은데..  
20170423,10,앤 해서웨이도 예쁘고 이야기가 특이해서 높은 점수 줘요 .. 간만에 본 기발한 영화  
20170423,6,스스로에게 부여된 최소한의 책임마저 지키지 못하는 어른이 위험한 이유  
20170423,1,돈이 막 아까웠다.. 괜히봤네.  
20170423,2,싸이코 새끼 폭죽 터트릴때 죽였어야한다. 정말 싸이코패스 영화  
20170423,1,장난치나...1점도 아까움..장난감상점..  
20170423,10,역대급 최고의 영화! 재미 보장합니다.  
20170423,3,재밌었어요 놀이터에서 쿵쾅거리던 아져씨도울고있던 여주도 ㅎㅎ같은 시간대에 파워레인져 밖에 없어서 봤는데후레쉬맨본 느낌 ㅋㅋㅋ  
20170423,1,보다 나올뻔한 영화는 또 오랜만이네  
20170423,10,잼있던데?? 왜 평점이 5점이지?? 난 깔깔 웃었는뎅 개취인가?  
20170423,10,이 영화를 보고 암이 나았습니다.  
20170423,1,내인생 최악의 영화중 단연 탑에 드는 영화 ... 보는 내내  유치짬뽕에 파워레인져 보는 느낌... 보다 졸음...ㅋ 이건 걍 디비디로 보세요...킬링타임으로 비싼 2만원 내고 보기엔 너무 아까움 .. 앤 해서웨이가 아깝  
20170423,1,쓰레기 1점도아까움ㅡㅡ  
20170423,8,'작은 어른'들로 살아간다는 것.  
20170423,1,쓰레기 영화를 B급영화로 포장. 안본눈 삽니다  
20170423,10,"한국도 나오고, 웃긴부분도 많고저는 너무나 재밌었다는ㅎㅎ극장에 시간이 많았으면 좋겠어요  "
20170423,2,ㅋㅋㅋㅋ 진짜 알바인지.. 아니면 진심으로 재밌다는건지.. 앞으로 다시는 예고편으로라도 만마주쳤으면 하는 막장 괴작 영화  
20170422,10,우 주 라잌 섬씽 투 드링크? 오브 콜즈...미국본토에서. 보니 저 발음에 낄낄대는 사람이 당연히 있는지라 언짢.. 암튼 심한 열폭에 관한 영화  
20170422,1,"노잼,노잼,개노잼,10노잼!! 정말 올해 최악의 영화 아니 역대최악이네.시시콜콜한 썸 보러왔남? 서울씬 마지막5분이 뭥미?중간중간유트브 보여주다.지덜끼리티걱태걱.앤헤서웨이는 왜나오냐궁?컨츄리송이나드립다 나오고.정말 오늘같은주말에 단3명만 보는게말이되?  "
20170422,1,1점도 아깝다. 지금까지 본 영화중에 ㅅㄹㄱ 탑3 시간 돈 다 아깝다  
20170422,1,그래요 개인적인의견은 이영화 티켓살돈으로 코풀 휴지몇장 사는게 나아요 특수효과만 놓고봐도 뽀로로<콜로섬<캐릭캐릭체인지순이라고 생각하시면됩니다!!ㅎㅎ 그래도 매력적인 여주를 보고싶거나 코피 좀 묻어있는 모자란 괴수를 보고싶으신 분들에게 추천드립니당  
20170422,10,역시 한국답게 평점주네.  
20170422,6,재미면에서 많은 점수를 매기지는 못하지만 아주 독특한 영화였습니다.  
20170422,5,남자의 질투도 이렇게 무서운 법  
20170422,5,관람객서울사람살려내라 이것들아ㅜ 내 표값이랑ㅜ  
20170422,10,괜찮은 영환데.. 이상하게 악의적인 댓글이 많아서~ 10점~!!  
20170422,5,원래 1점 주고 싶은데 앤해서웨이 땜에 4점 어설프지만 한국배경이기에 1점줌(이것도 원래 일본이 였지만 결과적으로 한국이니깐..) 하... 진짜 내가 뭘 본거지... 이거 왜 로튼토마토 신선토마토야????  
20170422,10,앤헤서웨이 춤 맘에든다 ㅋㅋ난재밋게봄  
20170422,6,졸작은 아니다. 그렇다고 걸작은 더더욱 아니다. 괴작이다  
20170421,1,제발.. 알바에게 속지마세요 ㅠㅠ 킬링타임용으로도 아까워요...  
20170421,10,괴수물인데 이렇게 코믹하다니 진짜 웃기다 ㅋㅋㅋ 서울 코리아 한국말도 신기하곡ㅋㅋ  
20170421,6,심리묘사를 위해 설명을 버리다.  
20170421,1,제작되지 말았어야 할 영화. 앤 헤서웨이는 제작팀한테 약섬잡힌듯  
20170421,1,보다가 중간에 나왔음...찌질한 남자 남자얼굴보고 좋아하는여자.. 짜증나는 스토리  
20170421,10,원래 8점정도 주고 싶으나 점수밸런스로 만점줍니다.마지막 반전은 23아이덴티티 따위보다 훌륭합니다.  
20170421,10,독특한 영화...은근 재밌네...  
20170421,1,아니 서울도 니네들 런던파괴하는것처럼 파괴시키라고 ㅡㅡ  
20170421,8,방금보고옴  근데 마지막에 주인공이 들어간 한국가게 가보고 싶네요 웬지 주인공과 맥주한잔 빨고 싶네요 ㅋㅋ  
20170421,8,감독이 무슨 약을 빨고 만들었는지는 모르겠지만 새로운 시도임에는 분명하다. 하지만 왜 서울이지?  
20170421,10,정말 독특한 영화였어요 앤해서웨이는 여전히 이뻐요~  
20170421,9,기대안하고 봤는데 생각보다 좋은영화.  
20170421,1,근 10년간 극장에서 본 영화중 최악의 영화  
20170421,4,마지막 한국 사람들의 환호만이 가슴 아플 뿐이다  
20170421,10,앤해서웨이가 너무 웃겼음결말도 좋고 신선한 소재로 보는 내내 재밌었어요  
20170421,7,홍삼수의 옥희의 영화를 헐리웃 괴수물로 풀어낸듯  
20170421,10,21세기에 이런 영화가 나올 수 있다는게 놀라울 뿐이네요. 1000만 찍을 수 있다봅니다  
20170421,1,핵노잼... 이런 평점 남겨보는거 처음인데 영화 사준 오빠한테 나가자고 하기도 미안해서 영화관에서 이러고있음...  
20170421,10,앤 해서웨이와 괴수? 신선해서 오늘 예매했습니다~ 극장으로 고고씽~!!  
20170421,10,"잉? 왜캐 안좋은 평이 많지? 어제 퇴근하고 바로 달려가서 봤는데, 난 재미있었음!! 괴수 넘 귀엽구 ㅋㅋ 캐릭터들이 다 성숙하지 못한 어른의 모습들이어서 좋았음  "
20170421,10,가볍게 보기 좋다는 말이 딱 맞는 듯 ㅋㅋ 블록버스터 영화는 아니지만 그 이상의 재미가 있음  
20170421,10,앤 해서웨이가 넘 이쁘고 재밌다...색다른 영화...  
20170421,9,꾸준한 도발과 성실함이 오히려  악역 자신에게 덫이되다  
20170421,10,퍼시픽림과 아바타가 콜라보해서 한국을 혼란스럽게만드는 괴수 영화  
20170421,1,"여지껏 극장에서 본 모든 영화중에 최악입니다.앤 헤서웨이가 무슨 생각으로 출연을 했는지...영화를 끌어가기 위한 남주인공의 성격 설정에 있어 억지성이 너무 짙네요.그냥 단순하게 시나리오, 연출, 특수효과 다 수준이하입니다.  "
20170421,9,나는 도대체 영화보는 기준이 뭘까. 재밌다!  
20170421,9,심리묘사가 미묘하게 재밌네  
20170421,1,내 인생 최고의 쓰레기 영화.  
20170421,10,난 그냥 앤 누나 때문에 봤다  
20170421,10,앤헤써웨이 러블리해요 ㅋㅋ전 너무 재밋게봤네요ㅋㅋㅋ  
20170421,6," 괴기스럽다. 미국 영화에 한국이 나오면 무조건 거르는 것으로. 앤 해서웨이 혼자 열심히다. 비주얼이 어색한건 저 예산이라 그렇다치고, 이야기 흐름이 어색한건 돈이 부족해 글을 쓸 종이가 없었나? 한국을 쓸려면 와서 찍어라. 다시 생각해도 괴기스럽다  "
20170420,5,신박하나 그게다임 재미는그닥  
20170420,2,첫 대사부터 어설픈 한국말이 튀어나와서 반갑기도 실망스럽기도 하더니...이건 뭐 황당스럽다는 표현외엔...  
20170420,5,코미디 + 로맨스 + 스릴러 + 액션 + SF = 해피엔딩  
20170420,4,앤 해서웨이가 감독이랑 의리로 찍어준거 같은데...  
20170420,6,어느정도까지는 좋았다.. 영화에 내포되어있는 주제도 잘 알겠고 그건 진짜 잘 살렸다. 그런데 그 외엔 전부 엉망...  
20170420,8,"나의왕자님 댄스티븐스 보고싶어 봤는데, 의외 아이디어 참신하고 메세지있는 잘만들어진 인디영화같음. 댄 분량적어 속상하지만 화려한 외모는 숨길수 없음. 야수모습 가려진 실물미모 감상한거만으로 걍 만족함.  "
20170420,8,양년 다스리는 상남자 오스카!  
20170420,10,재밌다.. 앤 해서웨이는 정말 이쁘다...보기만해도 행복하다  
20170420,3,그냥 B급 영화임. 미국영화인데 배경이 서울일뿐. 혹여나 헐리웃 영화 퀄리티를 생각하고 그 배경이 서울이라 신기해서 보러갈 생각이라면 보지마라.  
20170420,1,"영화매니아인 동시에 많으면 하루 3-4개씩 영화보는 사람입니다.. 처음 줄거리 보자마자 별로일 것 같아서 안보려했지만 네이버 평점이 높아 약간 기대하며 봤는데, 내 생애 최악의 영화였고 몇번이고 뛰쳐나가고 싶었음.  "
20170420,9,"서울부분에서 연출, 연기, 완전 엉망.스토리는 중반까지 지루하고 답답한 전개.마지막의 엔딩이 매우 좋음.여배우 매우 예쁨, 내 마누라하고 싶음~^^볼만함  "
20170420,1,뭐지? 내가 뭘본거지??  
20170420,1,시간 버림 개연성 x 다른 걸 보는 걸 추천  
20170420,1,저같은 프로불편러는 보기 힘든 영화네요  
20170420,1,방금 관람하고 나왔는데요... 킬링타임용도도 안되는 영화네요....심각하네요.. 시간.돈 버리는 사람이 없길 바라는 마음으로 네이버에 관람후기 처음으로 남깁니다..  
20170420,5,분노와 열등감이 만들어낸 못난 괴물  
20170420,6,처음에는 신선했는데 장르가 갑자기 스릴러로 바뀌냐  
20170420,8,앤 헤서웨이 연기하는 모습 보는 거 갠적으로 좋아하는데 괜찮은 영화였어요 ㅎㅎ  
20170420,10,처음에는 유치해 보였으나 중장으로 갈수록 긴장감과 공포영화를 줄거같은 느낌이 든다 짱이네요 꼭보세요  
20170420,10,앤 해서웨이가 나오는 독특한 괴수 영화 라면 봐야할 이유가 충분합니다. 상영관 좀 늘려주세요.  
20170420,8,아이들이 보면 좋아할까요..여자 주인공 때문에 봤는데..무슨 내용인지 잘모르겠네요.  마지막이 사이다 같다라고 해야되는데 저는 조금 유치했어요 ㅎㅎ  
20170420,5,일본에서 찍으려고 노트북 커버까지 일본민화로 준비해놨는데  일본과 협의 불발로 우리나라로 와서 어쩔..  암튼 한강 주변이 고생이 많다. 괴물에 괴수에 로봇까지...  
20170420,7,"아침에 부천에서 조조로 봤음. 이야기 전개에 개연성이 부족하고, 뭘 말하고 싶은건지 모르겠음. 앤 헤서웨이는 여전히 이뻤지만 여기 나오는 남자들 다 짜증남  그중에 특히 몸 좋은놈 노답;;  "
20170420,8,신박한 sf 이런 새로움이 좋다.  
20170420,1,이거보니 올해는 뭘봐도 재밌겠다  
20170420,10,괴수귀여워웅ㅋㅋ웃으면서봄  
20170420,6,다른건 다재치고 마지막부분이 핵사이다였다ㅋㅋㅋ  
20170420,10,"전문가 평점은 역시 대중들이랑 다른 듯, 난 재밌었는데 그나저나 우리 지역은 2개 극장만 해서 아쉽  "
20170420,10,상영 좀 더 해주면 안되여?ㅠㅠ 보고싶은데 ㅠㅠㅠ  이런 영화도 볼 수 있게 좀 해줘요 극장 그켬  
20170420,10,생각보다 재밋음ㅋㅋㅋㅋ기발하다랄까  
20170420,10,마냥 웃기기만 한 영화가 아닌 것 같다. 감독이 은연 중에 폭력이나 성평등에 관해 비꼰 것 같은 영화  
20170420,6,음... 왜 이렇게 평이 좋은지 모르겠네요. 스토리 전개에서 황당무개한 점도 있고.. 결국 이 영화가 전달하려는 메세지는 무엇인가? 라고 묻게 만드는 영화였네요.  
20170420,10,한국배경나와서 왠지 친근ㅋㅋㅋㅋ  
20170420,10,드디오 개봉이당!!!  
20170420,10,뭐야이겈ㅋㅋ 서울에 괴수라닠ㅋㅋ  
20170420,9,넘재밌게봤네요!! 서울이 나와서 신기하기도 하고 ㅎㅎㅎ 무튼 재밌음!!!!  
20170420,9,아 놔 정말 어찌나 박장대소하면서 봤는지! 앤 해서웨이 실망시키지 않네요!  
20170420,9,가볍게 보기 좋음. 극장에서 낄낄대고 봄  
20170420,10,역시 앤 해서웨이! 최고!!  
20170420,1,재주는곰이 부리고 얍샵한 인간들이 웅담을 빨대로 빨아당기는구나  
20170420,9,이거 진짜 골때리게 웃긴 영화네요 ㅋㅋㅋ 미치겠다 뭔가 이상하면서도 재밌네 ㅋㅋ 앤해서웨이 매력터지네 ㅎ  
20170420,8,뭐지 뭐지?하면서 보다가 유치하다가 웃기다가 무섭다가ㅎㅎㅎ영화가 상당히 특이하다. 서울이 나오는게 넘 신기하기도하고ㅋㅋ앤 헤서웨이 보는것만으로도 좋은~~ 재밌게 봤다  
20170420,10,서울에 괴수가 나타나 10점  
20170420,10,앤 해서웨이가 엄청난 매력을 보이네요~! 글로리아 알랍~!  
20170420,9,'콜로설' 로튼 토마토 지수 78% 점수 72%  
