0,1,2
20190127,10,10점이 부족하다 백점드리죠  
20190123,10,일단 주조연이 얼굴이 일을 다했기 때문에 10점이면 충분하다.  
20190112,10,얼굴이 다했다 일본영화 특유의 느낌이 있다  
20190109,10,얼굴이 너무 잘생겼네요 10점 드리겠습니다  
20190109,10,아 진짜 코미디영화 태어나서 본 영화중에 제일 재밌음  
20181230,10,"뉴이스트를 보기 위해 본 영화였지만 생각보다 스토리가 재미있었다. 그러나 일본 감성을 좋아하지 않는다거나, 연기력이 중요하다 하는 분들은 보지 마시길.. 개인적으로 일본 감성 좋아하고 뉴이스트 얼굴도 좋아하기 때문에 정말 몰입해서 봤고 좋았습니다!  "
20181225,2,평점보고봤다가 평점내용안읽은걸후회했다  
20181213,10,얼굴이 백점... 하나코 센세이를 이해하는 지우 때매 또 백점...  
20181211,6,딱 생각했던 연기력...에 일본 감성이 약간 추가가 되서 ...개인적으로 일본영화 좋아하는 입장에서는 그나마 볼만했다..여기평점 믿고 결제해서 봤는데....10점 준 수많은 사람들..지옥에나 떨어져ㄹ...  
20181203,10,정말 명....작 이네요  
20181106,10,남상수 황민현 너무 귀여워 또봐야지:)  
20181023,10,최고가 아닐리 없습니다 얼굴이 최고에요 :)  
20181017,10,잘생겼으니까 10점...  
20181009,10,멜로 영화 심심하고 내용 없는데 이건 제일 괜찮음. 처음 부분엔 이거 뭐지 했는데 갈수록 더 재밌던 것같았고 돈 안아까워. 그리고 팬심이 아니라 애들 연기도 아이돌인데 저정도면 훌륭한 거임.  
20181001,10,너무 귀엽고 예쁘고 ㅋㅋ 영화관에서도 봤지만 또 보고싶네  
20180927,10,아카데미로 보냅시다ㅠㅠ  
20180921,10,음..잔잔 하니 결말이 궁금해지는 ..기대이상^^엔딩노래 좋아요^^  
20180920,10,애들 너무 귀여워 ㅠㅠㅠㅠ  
20180916,10,애들 얼굴이 다했다...  
20180901,10,머리가 아닌 가슴으로 보았습니다..사랑으로만 볼 수 있는 영화..사랑해요 남상수  
20180830,10,애들 얼굴이 너무 재밌어요  
20180821,10,얼굴이 다했네요 얼굴만 봐도재밌어요?  
20180821,10,"간만에 또 보고 싶다*.* 이 영화가 담고 있는 메시지를 전달하기엔 스토리 구성이 아쉬웠지만... 영상미나 분위기, 배우들의 개성에 여운이 남는 영화인 거 같다. 멤버별로 별 하나씩 채워서 별 다섯 개...☆  "
20180819,10,뉴이스트 얼굴이 10점임ㅇ얼굴 존잼ㅠㅠㅜ  
20180812,10,2시간동안 뉴이스트를 볼 수 있다능 사실만으로도 별다섯개 충분  
20180811,8,생각보다 재밌었어요!  
20180805,10,꼬랑단 어서 모여...  
20180801,10,뉴이스트 덕분에 행복하게 잘보고왔던 영화 !  
20180729,10,가슴이 찢어지는 먹먹한 영화네요. 뉴이스트 여러분 이때 고생하셨을거 생각하니 그저 눈물만 줄줄 흐릅니다....  
20180720,1,굳이 평가글까지 올려야 하냐 0점이다  
20180713,10,뉴이스트가 나오면 뭐든 좋다  
20180710,10,"좋아해.,,, 뉴잇..,,  "
20180708,10,뉴이쓱::트 ^^ 재밋다  
20180619,10,얼굴은 최고입니다ㅠㅠ  
20180611,10,하루 종일 집에서 켜 놔도 좋을 아름다운 영화였어요  
20180608,5,10점과 1점이 난무하니 배우팬(빠순이) vs 영화팬으로 나뉜듯.물론 전 이런거 볼려니 야덩봄  
20180515,1,뭔 생각으로 이게 재밌다고하는거지;;  
20180504,3,생각보다 재미없습니다  
20180422,10,감성영화 뉴이스트의 풋풋함이 영화랑 어울림  
20180421,8,호불호가 확실히 나뉠듯한 영화.. 일본 특유의 감성과 잔잔함을 좋아하는 사람이라면 괜찮게 볼듯하다. 아쉬운 점은 소나가 어눌한 우리말대신 일본어를 썼으면 좀 더 집중이 잘 되었을것같다. 배우들의 연기는 어색한 부분도 있었고 괜찮은 부분도 있었다.  
20180421,10,생각보다 재밌고 영상도 잔잔하니 좋네요.  
20180421,10,배우만 좋음 다 괜찮습니다  
20180415,10,좋아해 너를. 렌 첫 작품♡  
20180404,10,좋아해 너를 재밌게 봤습니다.  
20180327,10,저는 어머니랑 같이 봤는데 어머니도 귀엽다고 하시더라구요ㅋㅋ 저는 팬이여서 귀엽고 재밌게 봤습니다 ㅎㅎ 오빠들 풋풋한 모습 봐서 행복했어요!!!  
20180316,5,배우들이 연기를 잘 못했어 아쉽고 솔직히 말하면 뉴이스트를 위한 영화같은 느낌 내가 영화를 많이 봤지만 이만큼 시간이 안가고 결말을 빨리 보고 싶은 영화는 없었음 일본영화의 특유의 잔잔함이 살아 있었지만 지루한 영화라고 밖에 표현을 못하는 영화  
20180311,10,연기하는 모습도 최고다 뉴이스트  
20180303,10,뉴이스트 사랑해요~민현이도 사랑해요~근데 니네 아니었음 10점 아니었어...ㅋ  
20180301,1,지루한 전개와 억지스러운 등장인물들의 연결.. 스토리도 그닥... 영화 평점이 괜찮길래 봤는데.. 전반적으로 아주 실망스럽네요;;;  
20180301,10,하하하하 난 러브다....  
20180225,10,뉴이스트땜 보러 갔다.  
20180217,2,제목만보고 올레티비 결제했다가 8분보고 껏음환불받고싶다.  
20180210,10,일본느낌이 있는 영화 정말 재밋는 영화 그리고 눈 호강  
20180207,1,평점이 너무높다 .. 그냥 영화동아리에서 만든느낌입니다.  
20180129,10,애들 얼굴이 10점 이다!!!!  
20180127,1,"아마추어의 눈으로 봐도 연출적으로 부족한게 너무 잘보여서 아쉬워요 배우들의 연기력은 그렇다고 쳐도 대사간의 공백이 너무 긴것, 감정이입을 방해하는 정리되지않은 스토리, 어울리지 않는 배경음악, 가장 거슬리는건 사운드였어요 애들 얼굴보는걸로 만족합니다  "
20180115,1,재 평점은요 10점만점에 주먹밥입니다(주먹밥보다 못한 이 영화...)  
20180113,10,좋아해 너를 나도 좋아해 너를 좋아해  
20180113,10,러브라면 곡 봐야할 영화!  
20180112,10,선생님의 행복은 어디 있죠?  
20180110,10,일단 꼬대도 못품은 사람은 안보시는거 추천합니다 하핳JR의 연기는 인강깊었다ㅋㅋ 보고나니 눈이 맑아진 느낌이랄까 보다보면 무슨 전개인지 의문이 들지만 뉴이스트의 연기와 얼굴덕에 재밌게봤다 사실 너무 웃겼어ㅋㅋㅋ 십점만점에 오조오억점이야  
20180109,10,"우울한 일상.. 웃음이 필요해 개그 영화를 찾으신다면, 이 영화가 딱입니다. 인생이 서툰 친구들의 마음 따땃해지는 이야기.. ! 추천합니다. 뉴이스트 W, JR, 백호, 아론, 렌, 민현 다들 연기 천재인가보다 최고 최고  "
20180101,10,ㅎㅎㅎ 재밌어요!!!!  
20171231,10,보다가 너무 행복해져서 웃으면서 울었습니다. 사람을 행복하게 해주는 영화.  
20171227,1,쓰레기 보다가 나온 영화는 처음  
20171223,10,영화관에서 두번 보고 다운받아서도 봤네요ㅎㅎ재밌어요!  
20171222,5,스토리 전개는 호기심이 갖지만 연기들은...  
20171221,10,다시봤습니다.. 선생님의 행뷱은 어디에 있죠? 솰앙해욧.. 머릿속에서 사라지지 않네요 괜찮습니다. 꼬대도 품었습니다  
20171221,10,난 이것도 품고간다 하하  
20171218,10,일본 특유의 그 나른하고 따뜻하고 잔잔한 분위기랑 렌이랑 잘 어울려서 보기 편했고 처음에 반복되는 장면들도 재밌었음. 그리고 학원 선생님 이야기는 너무 슬펐다..  
20171218,10,별 기대 안 했는데 너무 재밌게 잘 봤어요  
20171218,1,평점..와..팬심대단하네연기에손발없어지는줄 평점은좀제대로남깁시다ㅜ낚였어ㅡㅡ  
20171216,10,이야기 자체가 너무 흥미롭고 배우들의 매력으로 완성된 영화  
20171216,10,재밌게 잘 봤습니다 ㅎㅎㅎ  
20171210,1,일뽕 맞아서 평점 부풀리는 영화는 딱 질색이다. 자신이 진정한 팬이라면 쓴 소리도 할 줄 알아야 영화도 배우도 같이 발전한다고 생각하기에 최저 평점 남깁니다. 물론 영화는 안봤습니다.  
20171202,7,보고있는데 보기가 좀 힘드네요ㅠㅠ  
20171128,1,옼께이... 모르겠쒀요...  
20171128,10,정말 좋은 영화네요ㅎㅎㅎㅎ  
20171126,10,배우들 연기도 좋았고 스토리도 나쁘지 않았어요.무엇보다 화면가득 뉴이스트 멤버들 얼굴 볼 수 있다는것 만으로도 10점 만점에 100점입니다.  
20171126,10,민기의 목욕씬을 봤기때문에 전 행복합니다...  
20171123,1,지금 올레티비에서 무료로 시청 가능....10분이상 시청불가. 야후재팬가서 평점을 찾아봄.총작성자 62건으로 역시나 망한듯하나 평점.5점만점에 3.71.생각보다 높은 점수였다. 결론은 나만 재미없던걸로..낮은평점준사람들은 한국인혐오자들이었음  
20171123,10,유쾌한 영화! 강추합니다  
20171121,10,지금까지 봤던 영화중에 제일 웃겼음  
20171118,10,팬인 나에게 객관성이라곤 없다  
20171116,10,소장가치 100%..가끔 우울할때 봐줘야겠다  
20171113,10,러브들과 다같이 웃으며 뉴이스트가 나오는 영화를 보니 좋았습니다!!!  
20171111,10,뉴이스트 멤버들 모두 볼 수 있어서 좋았습니다! 귀여운 포인트도 많아요  
20171109,10,얼굴 큰 화면에서 보려고 봤어요 정적이 길고 귀신 나올 거 같은 브금에 내용도 노잼이었지만 얼굴이 다 했으니 10점 드림  
20171108,5,뉴이스트 얼굴에게 주는 점수 영화는 1점  
20171031,10,일본 영화 특유의 잔잔함을 느낄 수 있었고 중간 중간 재밌는 부분들도 많아서 빵빵 터졌어요!  
20171030,10,"풋풋함, 짝사랑의 설레임  "
20171026,10,배우 얼굴이 재밌는 영화  
20171025,10,얼굴에10점입니다..  
20171025,10,정말 재밌습니다. 뜬금없는 곳에서 빵터졌고 잔잔할 때에는 잔잔한 그런 영화였습니다. 풋풋해서 좋았고 내용도 좋았습니다.  
20171023,1,(한마디로 너무 루즈함) 친구랑 같이 봤는데 영화관에서 떠들었음 한국인도 좋아한다는디 스토리가 너무 비고 허전하다 루즈하고 영화가 꼰다같아서 싫었다 ㅜㅜ  
20171022,2,관람객뉴이스트 팬이지만 ...이건...영화로써...못봐주겠어...미안..  
20171022,1,내 친구가 개 슈 레기영화라길래 1점 주고감ㅎ  
20171022,1,장난치나 얼굴로 평점매겼냐 빠순이들아평점에 낚여서 봤는데 절때 다시보고싶지않은 인생 1순위영화 중 평점반개도 아깝다 마이너스급이야  
20171019,10,저 이거 세번 봤어요..  
20171019,10,뉴이스트 멤버들 귀여워용♥?♥?♥?♥?♥?♥?  
20171016,1,팬심은 존중하는데 솔직히 팬이 아니라면 보면 진짜 졸음오는 영화 괜희 쉴드 치지마요...  
20171014,10,재미있었습니다!!!  
20171011,10,잔잔하니 볼만한 일본영화였어요  
20171009,10,꼬대 이후 최대 관문이긴 했지만 너무 좋았습니다 뉴이스트 사랑해요ㅜㅜㅜㅜ  
20171009,10,너무 좋았습니다 코미디도 아닌데 이렇게 재밌게 본 영화는 정말 오랜만인것같네요  
20171009,10,사랑한다꼬 뉴이스트 이번앨범 흥하자  
20171008,10,"관람객잔잔한 느낌의 영화, 보고있으면 눈웃음이 지어지는 그런 영화였다. 배우들의 연기가 조금 어색할 수 있지만 그래서 더 귀여워 보였다. 또 보고싶다.  "
20171008,10,너무 재밌었음 !!!!  
20171008,5,이영화의 명언 : 신호를잘지키자!!!  
20171008,10,두 시간 동안 입꼬리가 내려가지 않았네요  
20171008,10,"첨엔 뉴이스트땜에 봤는데, 잔잔한 분위기와 소소한 웃음을 주는게 좋아서 여러번 더 봤어요. 외국어 연기는 좀 어색하지만, 그래서 오히려 그래서 서툰 사랑의 모습을 잘 보여주는것 같고.. 풋풋한 느낌도 나고... 나름 좋았습니다.  "
20171007,10,"전에 홍상수영화 <강원도의힘>을 주변사람들에게 입에 침이마르도록 추천했다가 그걸 보고온 사람들로부터 몰매맞을뻔한적이 있다 보통, 영화는  갈등이 있고 악다구니로 팽팽히 맞서는 위기,절정이 있다. 근데 난 이런영화가 좋다.늘 비슷한 일상..소소한 사건.  "
20171007,10,"설렘설렘한 영화. 좋아한다는 순수함, 그 하나로  시작되는 일상의 변화를 예쁘고 의미있게 담았네요. 너무 재밌게 봤어요. 풋풋한 감성을 담은 연기도 좋았습니다^^♥  "
20171007,10,ㅋㅋㅋ 너무 웃겨요 그리고 잘생겼어요 눈 호강  
20171006,10,몇번이든볼수있어요!!!  
20171005,10,재밌어요 ㅎ 풋풋하네요  ㅎ  
20171004,1,시간아까워라 이런거 만들지마  
20171004,10,이건 진짜 잠꼬대를 넘어섰다. 웃음 참느라 놓친 대사가 너무 많아요. 웃느라 정신 못차리며 본 영화는 이게 처음이에요. 새로운 경험이야 !  
20171004,10,러브들의 웃음지뢰☆ 웃음이 필요한 분께 강력추천  
20171004,10,뉴이스트라면 모든것을 안고 갈 수 있습니다.  
20171004,1,"팬아니면 보지마세요,,, 처음으로 꿀잠잔 영화,,,,  "
20171003,1,빠순이를 위한 빠순이들을 위해 만들어진 영화 극혐  
20171002,8,관람객대화가 별로 없었는데 얼굴보는 재미가 있어서 시간이 빨리 가요! 뉴이스트 체고다!  
20171001,10,처음엔 여러 대사로 인해 충격먹었지만 또 보고싶은 영화  
20170930,10,내용이 전체적으로 너무 귀여워요 7각관계가 얼탱이 없긴한테 얼탱이 없는 전개과 연기력때문에 폭소하면서 봤어요 우울할때 웃고싶으면 이거 강추해요  
20170930,10,"좋아해, 뉴이스트를....좋아 너무 좋아 영화 배우 연기 대사 액션..  "
20170930,10,ㅈㅐ밓기만 한데...  
20170929,10,벌써 세번이나 봤어요 중독된 것 같아요  
20170929,10,좋아요 ♥정말정말정말ㅇㅇ완전대박헐재밌어요  
20170929,1,뉴이스트 팬이 많이 보는 영화. 다르게 말하면 뉴이스트 팬 말고는 절대 안 볼 영화  
20170929,10,2번 봤어요 한번 더 보고 싶었는데 상영이 끝나버렸네요ㅠㅠ 다운로드 구매해서 생각날때마다 볼거에요ㅋㅋㅋㅋ  웃음포인트 꿀잼..  
20170929,10,팬들이 보면 마냥 귀엽고 사랑스럽고 재밌습니다  
20170929,10,웃느라 정신 못 차림 ㅠㅠ  
20170928,10,너무 재밌었어요 두번 세번 계속 보고싶더라고요  
20170928,10,"친구가 포스터 때문에 자리를 끊어줬는데, 너무 재밌었어 놀랬습니다 ^^  "
20170927,10,일주일의 제작기간과 서툰연기를 감안하고 보면 재밌는영화. 일본감성 좋아하시면 재밌을듯 ㅋㅋ 같은날 있었던 일을 각 배우들 시점으로 다시 반복해서 보여주기때문에 다소  지루할수도 있지만 신선했고 나름 웃긴 포인트도 있고 생각보다 전 너무 재밌었어요 ㅋㅋ  
20170926,5,음...일단 팬이 아니시면 가지마세요. 개인적으로는 귀엽고 웃겼습니다.  
20170926,10,굿굿~ 정말 재밌게 잘 봤습니다ㅎㅎ  
20170926,10,뭔들 안 귀엽겠니 하고 싶은 거 다해 애들아  
20170926,10,얼굴만 봐도 좋네요 ^^  
20170926,10,일본 특유의 분위기가 너무 좋았구요 여자 배우분들이 너무 귀엽고 웃기도 많이 웃었습니다 한번 더 보고싶네요!!!ㅇ  
20170926,10,일본감성 물씬~~ 두번봤어요:)  
20170926,8,관람객내 정서에는 조금 어려운 영화였다... 하지만 인물들 간에 관계분석이나 중간중간 소소한 재미들은 있었음!  
20170926,10,정말 최고! 최고의 연기와 일본 감성이 살아있던 영화였어요  
20170926,10,영화 재미있게 잘 봤습니다.  일본영화 그대로의 매력을 담고있고 뉴이스트 멤버들을 만날수 있어서 더욱 행복한 시간이였습니다. 등장인물들 각자의 사랑의 방식에 공감하며 볼 수 있는 영화입니다.  
20170925,10,너무 행복햇어요동호랑 아론 귀여워요  
20170925,4,분명 코미디 영화는 아닌데 좀 웃었네요 ㅋㅋ 대사가 어휴... 연기도 연기지만 스토리가 너무 일본틱. 그래도 퍈이면 돈이 아깝지는 않을듯  
20170925,1,chld최악그자체다  
20170925,1,노잼노잼 노잼 노잼 노잼  
20170925,10,일본감성영화인듯 감정을 잘 표현한것같아요  
20170925,10,팬들만 보세요ㅠㅠ 영화 자체는 너무 못만들었네요. 어이없어서 웃음이 나오는 영화... 별점이 10점인건 배우들 비주얼이 열일해서요.. 진짜 팬들만 보세요.  
20170925,3,"25년 영창인생인 저의 평가는 이 영화, 팬들""만""재미있는 영화 라는겁니다. 완성도 높고 평점높은 영화 찾아보시는 진짜 영화 매니아들은 평점에 속지 마시고 보지 마세요... 평점이 클레멘타인급임... 그래도 리얼보다는 나은듯  "
20170924,10,너무 잘봤어요. 다들 풋풋해서 너무 귀여웠어요.뉴잇멤버들 나온데서 보게됐는데보고나니 영화가 남긴 여운땜에 생각이 많아지네요♡VOD나오면 또 볼께요^^  
20170924,3,이렇게나 엉성한 옴니버스형 러브스토리라니... 스무개의 손발가락이 모두 오그라드는 경험을 하고 싶다면 강력추천...  
20170923,10,"애들아 고생했어,,,  "
20170923,10,사랑을 한 그들의 마지막은 벅찼다  
20170923,10,관람객일본영화 특유의 잔잔함과 소소한 재미가 있는 영화였습니다~ 또 보러갈께요 ㅋㅋㅋ 이번에 보면 세번째  
20170923,10,제발 팬들만 보세요!!  
20170923,10,처음부터 끝까지 잘 관람 했던 영화..  
20170923,9,너무 웃긴 영화였습니다ㅋㅋㅋㅋ좋아해 너를 보고 한주를 웃으면서 보냈어요ㅋㅋ정말 명장면이 많았던 영화 였던걸로 그리고 엔딩 체리 너무 좋았습니다  
20170923,5,생각보다 나쁘지 않았음. 킬링타임용? 연기력도 몰입을 방해하지만 않으면 상관없는 사람으로서 뉴이스트까진 괜찮았는데 일본배우의 한국어연기는 왜 필요했는지... 몰입 엄청 방해함. 그리고 2시간 동안 같은 내용 3번이나 되풀이 하는 거 엄청 답답했다..  
20170922,10,이 영화는 같은시간에 다섯명의 하루하루를 보여주는것입니다뭔가 신선한데요 짱짱 배우분들도 연기잘하는것같아요  
20170922,10,영화계의 잠꼬대.  얼굴이 다했다  
20170922,1,무료상영해줘도 안볼영화  
20170922,1,이때까지 살면서 본 영화 중에 손 꼽을 정도로 재미없습니다. 화날 정도에요. 평점 믿지 마세요. 일본 배우 한국어가 서툴어서 중간 중간 못 알아듣겠고 지우 역할을 맡은 배우는 연기를 진짜 너무 못 해서 황당할 정도였습니다.  
20170921,10,뉴이스트라니 10점.  
20170921,10,잔잔하게 볼 만한 영화에요^^  
20170921,1,이걸 보고 암이 나았습니다  
20170921,8,한국어 대사나올때 어색한거 빼고는 다 좋네요 영화 전반적 분위기도 스토리도 잔잔하니 좋습니다.  
20170921,1,이것도 영화라고 ㅋㅋㅋㅋ 그냥 뮤비나 더 찍어라  
20170921,10,좋아합니다 사랑합니다  
20170921,10,주인공들이 잘생겨서 감탄  
20170921,6,"영화제작 기간이 매우 짧다보니니 여러가지로 부족한 면이 많은 영화에요. 일본배우분한테 굳이 많은 한국어 대사를 준 것도 의문이고, 설명이 부족해서 공감도 안되고. 팬인저는 영화관에서 봤다는것에 의미를 두고 만족했지만 팬 아니신 분은 추천 안해드립니다.  "
20170921,1,와 이게평점이 이렇게높다니ㅋㅋㅋ 리얼을 이을 괴작이구만 빠순이의 힘은 대단하군  
20170921,1,이거 8점 이상 준 사람들은 백프로 빠순이거나 나만 당할 수 없다는 못된 심보를 가진 사람일 것이다.  
20170920,1,좀 지나면 확 깎일 평점. 후엔 10점보다 1점이 더 많아지겠지.  
20170920,1,쓰레기같은 영화.. 길바닥에 버린 내시간 보상받고싶다  
20170920,10,친구가 뉴이스트 팬인데 혼자가기 그렇다고 같이 가자고 해서 봤어요ㅋㅋ진짜 솔직히 말해서 의외로 재밌었어요ㅋㅋㅋ약간 얽히고 설키는 관계라 혼란스러웠지만 이정도 얽혀있는 영화는 첨이라 신선했네요ㅋㅋ그리고 영화보러 오신 분들이 다 팬이라 다같이 웃으면서봄요  
20170920,10,뉴이스트를 큰 상영관에서 보는 걸로 충분합니다  
20170920,10,귀엽고 좋아요 풋풋합니다  
20170920,10,뉴이스트 완전체~첫 작품이라서 어색한것은 있지만...나름 감동도있고.내용이 후반적으로 갈수록 영화의 내용이 보이는것같았어요~빵터지는 부분도 가끔있고 ㅋㅋ나름 볼만했어요^^  
20170920,10,스토리가 되게 감동적이에요~  
20170920,8,관람객관계가 엉망이긴하지만 뭔가 다시 보고 싶은영화  
20170920,10,뉴이스트짱짱짱!애들얼굴만봐도재밌다  
20170920,10,관람객기대이상입니다일본영화특유의 매력이 있어요  
20170920,10,너무재밌었어요 이번주다음주에 한번씩더보러갑니다렌너무잘생겼어요 잘생겼단말밖에안나와요이거보고입덕했어요  
20170920,10,다들 잘생기고 귀엽고ㅜㅠ 안 봤으면 후회할 뻔했어요ㅎㅎ  
20170920,1,스토리 / 언어 / 연기 그 하나도 어우르지 못한 산만함의 집합체...다만 기억에 남는건 남자나 여자나 배우들이 다선남 선녀였다는 것이다..  
20170919,5,내용은 괜찮은데 한국어연기를 일본배우들이 더잘하는거같다  
20170919,10,시사회 후기 보고 각오하고 갔는데 생각보다 괜찮은 영화여서 잘 보고 나왔다 뉴이스트는 잘생겼고 귀여웠다 재밌다  
20170919,10,진심 이거 안보면 대체 무스ㄴ 영ㅎㅘ 봅니까 고사ㅁ스트레스 다날렸어요  
20170919,10,최고의 영화 이게 바로 인생영화 이 영화안보면 뭘 봐요..?  
20170919,10,일본 특유의 감수성이 느껴지고 사랑이라는 감정과 치유가 무엇인지 깨닫게 되는 영화입니다  
20170919,10,아니 난 솔직히 너무 재밌었어요 특유의 잔잔한 일본풍 삽질? 너무 취향이엇어요 ㅜ  
20170919,1,"최악! 스토리는 병맛, 배우들은 발연기에 발연기에 발연기가 따로없다. 이건 뭐 ""괜찮아요 많이 놀랬죠?"" 같은 패러디 마저 나올수 없을 정도의 동네 교회 성극 수준의 연기력. 좋다고 깔깔 거리고 있는 관객들이 이상해보일 지경.  "
20170918,8,배경 음악이 독특한 영화.  
20170918,1,진짜 OOO기와 이거 다 빠순이들이 알바함?이런영화는 돈 받고도 안볼듯영화보러왔다가 개빡쳐서감로봇들이 나와도 이 영화속 인간들보다는 자연스러울듯그냥 싸이코 영화임  
20170918,10,보는내내 시간가는줄모르고 행복했어요 ♡  
20170918,10,체체체 체리 체리 체 체리 체리  
20170918,10,소소하게 웃기는 포인트도 있고 팬이라면 보면좋을듯해요  
20170918,10,여운이 깊은영화. 돌아보니 아 그랬구나 한 영화다. 특히 레온(렌)의 감정연기가 섬세해서 좋았다. 일본영화 특유의 잔잔하고 예쁜 영상미부터 너무 무겁지만은않은 그런 영화라 좋았다. 사랑이 무엇인가에 대해 다시 생각해본영화.  
20170918,10,우리렌 ㅠㅠㅠ밍기 하띵핫띵  
20170918,10,내용이 재미있고 연기력보다는 전체배경과 시간의 전개에 따른 주인공들의 심경변화에 집중해서 보면 감동이 배가 됩니다  
20170918,10,순수하고 잔잔하게 흘러가는 이야기 여서 너무 좋았습니다 킬링타임용 영화로 제격이에요~! 추천합니다 ^^  
20170918,10,정말 많이 웃으면서 봤어요ㅎㅎ 아직도 체리가 머리속에 남아있네요  
20170918,1,배우들 연기도 부자연스러운것도 그렇고.... 보러오는사람들은 애들 뿐이고 재미도없고....아이돌 보러 왔나  차암... 갑갑한 영화입니다. 제가 영화 1주일에 4번정도 보는데 진짜 답없는 영화였습니다.  
20170918,10,다시 보고싶은 생각이 드네요~ 저처럼 잔잔한 일본영화 즐기시는분들은 좋아하실거예요~ 연기기대를 안하고봐서그런지 연기도 나쁘지않았구요~^^  
20170918,10,내용도 너무 재미있고 애들도 너무 풋풋해요!  
20170918,10,렌 너무 이뻐....물론 민현이랑 종현이도.  
20170918,10,뉴이스트 얼굴 보려고 가벼운 마음으로 본건데 남자주인공 닫힌 마음 열리고 사랑 찾아가는 모습이 참 예뻤고 내용도 있을수 있는 이야기 라고 생각 들면서 잼나게 보았어요  
20170918,10,너무너무 보고싶어요!! 아직 못봤지만 뉴이스트가나온다니 안봐도 10점이네요!!  
20170918,10,일본 특유의 분위기가 있어서 이이요  
20170917,10,안웃긴 틈이 없었습니다 너무 재밌었습니다 천만 갑시다  
20170917,10,뉴이스트 넘 풋풋햇어ㅋㅋ 영화 딱 일본감성 영화구 재밋엇어요!!?  
20170917,10,완전 완벽함. 얼굴이 일을 다했네요  
20170917,10,뉴이스트 풋풋한 모습 너무 잘 봤고 영화가 잔잔해서 좋았어요♡  
20170917,10,귀엽고 소중한 또 짠하기도 했던 순간. 늦게나마 볼 수 있어 다행이야  
20170917,10,저는  정말 행복해졌어요  
20170917,10,배우들의 얼굴이 빛이 난다...  
20170917,10,잔잔하게 재밌는 영화 유쾌했어요~^^  
20170917,10,뉴이스트 멤버들 너무 잘생기고 영화 재밌네요~  
20170917,2,평점 좋아서 기대하면서 봤는데 배우들이 연기를 못해서 그런가 몰입도 안대고 뒤에서 꺅꺅 대고 전 별로였습니다 여성분들이 좋아할 영화네요.  
20170917,10,풋풋한 배우들의 모습을 감상할 수 있는 영상화보로의 가치는 충분합니다...ㅎㅎ  
20170917,10,꿀잼꿀잼 ♡ 정말 재밌었어요  
20170917,10,생각보다 재밌었습니다 구성도 알차고 연기도 괜찮았음  
20170917,10,남들과는 달리 웃음보다 여운이 남았던 영화. 웃긴 영화로 평가되는 것이 싫습니다.  
20170917,10,"동호 보려고 봤는데 ,, 정말 다섯 손가락으로 셀 수 있는 정도의 시간동안 나왔네요... 마치 돈 주고 내 새끼들 흑역사를 사서 보는 기분 ? 러브들이라면 꼭!! 봐야할 영화에요! 그렇게 전 체리 체리 오 체리 체리만 얻고 갑니다,, =3  "
20170917,10,"스크린에서 큰화면으로 볼 수 있어서 너무 좋았고,나는 영화 꿀잼  "
20170917,10,"아침부터 달려가봤습니다^^*소나역의 일본인 배우의 발음이 조금 웃겼지만,,연기력 자체는 나쁘지않았어요~! 렌 황민현 연기는 팬심 빼도 수준급 입니다. 얼굴이 연기를 잘하네요  "
20170917,10,이거 아무래도 장르가 코믹인거같음 너무웃김  
20170917,10,명대사가 많은 영화입니다! 무난하고 재밌게 잘 봤어요!  
20170917,10,생각보다 재미있게 잘 봤습니다~또보고싶은 영화입니다~  
20170917,4,"의외로 괜찮았다. 내용전개가 억지스러운것보다 가장 아쉬웠던건 왜 남주가 ""한국인""이였어야 했는가. 라는이유가 안보였다 그저 배역 줄려고 어쩔수없이 한국유학생남이 되어버린듯 했다.다 한국인 혹 일본인이 더 발란스가 맞았을것같다. 재미는 있었다.팬 아님.  "
20170917,10,내용도 괜찮았고 무엇보다 얼굴이 괜찮았으니 볼만했다  
20170917,10,오늘 좋아해 너를 관람하고 왔습니다.재밌게 잘 봤습니다.특히 종현님의 나쁜남자 연기에 얼마나 가슴이 쿵쾅하던지 ㅎㅎ 잘생긴 배우들 덕분에 안구정화 하고 왔어요.뉴이스트 화이팅~♡♡♡ 허니부기 종현님 화이팅♡♡♡  
20170917,10,겁나 재밌고 내용 재밌고 엄청 잘생김  
20170917,10,감성과 위트도 있고 같이 행복해지는 영화입니다  
20170917,10,일본감성이 느껴지는 영화였어요! 잘봤어요^^  
20170917,1,뭐가 이렇게 부자연스러운지..내용은 진짜 상당히 괜찮은데..배우들이 영화내용을 못따라와주네요.로보캅도 이것보다는 연기잘하던데..괜찮아요? 많이 놀랬죠?  
20170917,10,"종현아 너의 연기를 응원해,,,! 하고 싶은거... 다... 해!  "
20170917,10,팬 아니면 보지말아주세요.팬으로서 부탁합니다 ㅠㅜ  
20170917,10,"최고의 영화, 추천합니다!  "
20170917,10,팬심 떠나서도 볼 만 합니다. 따지고 보면 아주 개연성 떨어지는 스토리랑 연출도 아니에요. 무엇보다 얼굴이요. 얼굴들이 아주 작품성이 뛰어납니다. 올 가을 후회 없는 얼굴 선택이 될 꼬..아니 될 겁니다. 10점 만점에 오조오억점 입니다.  
20170917,10,"내일 보러갈껀데 벌써 재밌네요,,,,^ㅅ^  "
20170917,10,괜찮아...잘했어 얘들아 얼굴이 다했더라!! 좋아해 너를도 품을 수 있어 !!!! 귀여웠어 !!!!귀여웠다고 !!! 하지만...뉴이스ㅡ트에집중하기로하자..^^..  
20170917,10,생각보다 괜찮았음 잔잔한 영화  
20170917,10,뉴이스트 나온다고 그래서 보러 갔는데 되게 잔잔하고 마음이 잔잔하게 울리는? 그래서 다 보고 나서도 잔잔하게 남아있는 영화 잔잔하게 남는 이런 영화 좋아하는데 좋아하는 영화가 또 생겨서 기분 좋게 집을 감  
20170917,7,재밋어요 볼만함!-1은 음향.-1은 영상미.-1은 칸 하나예님의 어색한 한국어..뉴이스트는 배우도 아니고 일어도 안어색했으니까! 그리고 얼굴이 다 함ㅋㅋㅋ그래서 총점 7점!+ 머글들은 보기전 한번더 고민 추천  
20170917,10,"우리 애들 나오는거니까 무조건 봐야지 하고 본 영화인데, 그 외로도 얻을 수 있었던게 많았다. 스토리도 막상 주위를 둘러보면 볼 수 있는 엇갈린 사랑을 그렸고 무엇보다 연기력이 괜찮았다. 일주일만에 만든 영화라 부족함은 있을지라도 정말로 재밌었다 :)  "
20170917,10,뉴이스트팬이라면 한번쯤 볼만한 일본감성 충만한잔잔한 영화  
20170917,9,굉장합니다.말이 필요없어요.팬심 없어도 웃음은 나올꺼예요.  
20170917,1,최악 세븐틴2 같음주인공들 발연기돈 시간아깝  
20170917,10,생각보다 괜찮았어요! 음향이 너무 아쉬웠지만 전체적인 이야기도 괜찮았고 중간중간 대사들이 너무 웃겨서 빵터졌어요ㅋㅋ  
20170917,10,"애들 얼굴때문에 10점 줍니다, 내용은 마이너스 였습니다,, 사실 연기도,, 팬이라서 봤습니다  "
20170917,10,동호를 가장 좋아하고 뉴잇 멤버 다 좋아하게되서 응원차 보러간 영화였는데 푹 빠져서 봤습니다.너무 심각해서 웃기고 또 재미있는 영화 ~팬이 아니여도 잼이밌게 볼 수 있을것 같아요 ^^♡동호는 넘 짧게 나와서 아쉬웠어요  
20170917,1,영화에서 발냄새 난다. 죄다 심각한 발연기. 너무 늘여뜨린 루즈해버린 씬들. 따뜻하고 감성있는 영상빼곤 완전..  
20170917,10,공원원정대 절대민기를 찾아서..  
20170917,10,관람객귀엽네요...팬이라서 잘봤어요  
20170917,10,진정한 씬스틸러는 바텐더 아저씨  
20170917,10,재밌오욤~#*@*#*@(@  
20170917,10,재미있었어요~ 너무나 순수해야만 할 수 있는 많은 실수들.. 예를 들어 애인에게 다른 사람 좋아한다고 고백하기 애인 있는 사람에게 고백하기 등이 잔뜩 나오고 귀여웠어요!  그런 것 때문에 감정 이입해서 싫었을 사람들도 있겠지만~  저는 재밌게 봤어요  
20170917,10,사랑해 뉴이스트 ㅜㅜㅜㅜ내내 웃음밖에 나지않았던 그런영화  
20170917,10,많은 점들을 생각하게 해주는 영화입니다. 돈주고 볼만한 가치가 있어요  
20170917,9,팬으로서 10점 주고싶기는 하나ㅎㅎ일본과 우리의 정서가 달라서 그런가 ㅋㅋ 공감이 잘 안되긴 했으나~~연기도 그닥 잘 하지는못했지만~뜬금없는 대사와 보기만해도 그저 좋은우리 뉴이스트이기에 재미나게 보고 왔어요~~중독성 있는 영화  
20170916,5,이 영화 장르가 로맨스여서 웃길거라고는 생각도 못했는데 중간중간에 뜬금없는 대사로 정말 웃겼습니다 여기까지 생각하면 10점을 주고 싶은데 처음 시작부분과 연기력이 조금 별로 였던것같아서 10점까지는 아닌것같습니다  
20170916,10,정말 생각한 것보다 너무 재밌네요!  벌써 3번이나 봤어요 내일 또 보러갈려고요 진짜 완전 추천해요!! 꼭 한번씪 보시길...ㅎ  
20170916,10,얼글부터 완성이였음 또 봐야지ㅣ  
20170916,1,발연기 총체적 난국 어떻게 별점 10개를 주는 사람이 있을 수가 있지  
20170916,10,처음으로 영화관에서 두번본 영화 근데또볼거임  
20170916,10,아내가좋아하는  뉴이스트최고 였습니다.  
20170916,10,네 보지마세요..아 팬이라면 보실만하구요..사실 팬인데도 힘들었습니다..그래도 애들 얼굴이 잘생겼으니 10점  
20170916,10,특유의 일본감성과 멤버들 연기가 잘어울린것 같애요ㅎㅎ다음에 또보고싶어요!  
20170916,10,걍 막장 아침드라만데요?ㅋㅋㅋ 코미디영화보다 더 재밌었음 ㅠㅠ 앤딩보고 무릎탁치고 명작이다 하고 나왔습니다  
20170916,10,나와 내가 좋아하는 사람이 행복해 지는 영화. 보는 내내 행복했다!  
20170916,9,풋풋한 연기자들의 모습도 좋았고 내용도 좋아하는 장르여서 재밌게 봄  
20170916,10,너무 웃겨서 엄청 울었어요. 이거 진짜 꿀잼이에요.  
20170916,10,의외로 연기력이 살린 영화!! 주인공인 레온에게 감정이입 해서 영화를 본다면 좀 더  주인공의 상황과 감정을 이해할수 있는것 같다  
20170916,10,러브라면 꼭 보세요. 마지막 장면이 정말 감동적입니다. 저도 모르게 박수쳤네요.ㅎㅎ  
20170916,10,주인공들 얼굴이 다 합니다..  
20170916,10,여운이 길게 남네요. 2차 뛰러 갑니다  
20170916,10,"못 하는게 없는 뉴이스트 좋아해, 너를 사랑해요♡  "
20170916,2,연기가 최악이다. 제발 연기는 배우들이 했으면 좋겠다. 몰입하려고 하다가도 이상한 배우도 아닌것같은 사람들의 연기에 몰입이 깨짐. 스토리는 괜찮은데... 어눌한 일본인의 한국말도 진짜 최악. 하...돈아까운영화는 2번째다...  
20170916,10,최고의 영화입니다 제발 모두 봐주세요  
20170916,10,기여워 민현이ㅠㅠ 꼭 보세요 후회하지 않습니다  
20170916,10,민현이 팬심으로 버티다 나왔어요~ㅋㅋ 역대급 영화지만 민현이 사랑하니까 10점 드립니다..^^  
20170916,8,얼굴보러갔는데 스토리도 있었어요!! 일본 영화 감성이 많이 묻어나지만 재미있게 웃으면서봤음!!  
20170916,10,너무너무 재밌었어요!! 배우들 얼굴도 재밌네요  
20170916,9,"체체체 체리,체리 오 체리,체리  "
20170916,8,생각보다 괜찮았어요. 가볍게 보기 딱 좋은거 같아요 좀 복잡하긴 했는데 일본영화만의 감성 잔잔하고 느리게 흘러가고 독특한거 좋아하시면 추천해요 연기력은..렌군 꽤 괜찮았고 민현군은 그자체?정제되지 않은 느낌의 영화라 호불호가 갈릴거 같아요.  
20170916,10,너무 좋다~~~~!!  
20170916,10,보는내내정말웃겼습니다^^출연진들얼굴이대유잼이었고한번더보려구요~  
20170916,10,오늘 처음 봤는데 애들 연기하는걸 처음봐서 그런지 계속 웃으면서 슬쩍 가리면서 봤어요.. ㅋㅋ 이제 두눈 똑바로 뜨고 볼수있을거같아요 그래서 몇번 더 보러가려구여...일본 특유 감성도 있었고 내용도 나쁘지 않았어요 애들 얼굴이 다했네요 ㅎㅎ ..  
20170916,10,뉴이스트최고 황민현최고오 영화 대박나세요오오오아  
20170916,10,"정말 재미있는 영화였어요.그래서 한 2,3번 정도 더 볼려구요 ㅎㅎ안 보신 분들께 정말 추천 합니다!!뉴이스트 오빠들 파이팅!!  "
20170916,10,두시간 화보집을 보고나온 느낌  
20170916,10,일본영화 특유의 감성을 느낄 수 있었고 청춘남녀의 엇갈 린 사랑의 감정을 잘 표현한 것 같습니다  
20170916,10,또 보고싶네요 ㅠㅠ 영화꿀잼  
20170916,5,진심으로 충고하자면 뉴이스트에 대해 '호감'만 가지고 있으신 분들은 가지 마세요... 이 영화는 뉴이스트를 엄청 사랑하지 못하면 보기 힘드신 영화일겁니다.. 예 제가 그 친구따라 갔다가 어이없는 영화에 웃고 나온 1인 입니다..  감독님 무슨 생각으로  
20170916,9,얼굴 보러 가는 영화임 그리고 뭔가 여주가 한국말말고 일본말이엿으면 더 좋았을듯  
20170916,10,보는내내 웃음이 끊이질 않아요~♡  
20170916,10,뉴이스트가 뭘 하든 다 예뻐요  
20170916,6,내용이 좋으면 뭐해ㅠㅠㅠ 결말이 개같은데ㅠㅠㅠ  
20170916,10,소소하고평범한살랑을잔잔하게잘풀어내신듯..ㅎ  
20170916,10,렌 너무잘생겼어요..  
20170916,10,뉴이스트 팬으로써 큰 화면에서 볼 수 있어 행복했고영화 스토리  구성 다 좋았어요! 몰입해서 재미있게 보았던 것 같아요! 본업이 가수라 연기가 부족 했을 수도 있지만 그래도 감정 전달은 충분히 되었다고 생각해요!  마무리가 참 싱그러웠다고 생각해요!  
20170916,10,그냥 잘생겼다 다들 ㅠㅠ  
20170916,10,직역의 한계가 좀 보이긴했지만 재밌었어요!!!잔잔하지만 중간중간 코믹한 요소들도 있어서 좋았어요  
20170916,10,뉴이스트가 많이 나와서 재밌음  
20170916,7,"조조로 봣어요~~ 종현군의 ""내비둬"" 가 인상적이네오  "
20170916,2,이건 뭐... 한국말인데도 자막이 필요할듯 아무리 일본인이래도 발음이...;;  
20170916,3,팬심으로 봤어요 ㅋㅋㅋ 후  
20170916,10,영화 보는 내내 너무 행복했다.. 애들이 너무 귀여웠어요ㅠㅠ그거면됐다..  
20170916,10,너무 귀엽고 이쁘고 사랑스런 영화  
20170916,10,첫영화 만족스럽습니다  
20170916,10,재미있었다 또 봐야지...  
20170916,10,솔직히 뉴이스트팬이라 팬심으로 보러 갔어요. 큰 기대 안 하고요. 하지만 영화 너무 좋아요. 보는 내내 입가에 미소가 생기게 하는 잔잔하지만 감동이 있는 영화입니다. 꼭 보세요~ 강추입니다  
20170916,9,"남상수씨의""스키데스!사랑해요""이거 하나로 충분합니다Ps. 기대 이상입니다. 보기전까지는 생각이 많았는데,잘 본것 같아요. 덕후력 없어도 됩니다! 영화로 보세요  "
20170915,3,팬심으로도 감싸기 힘들었습니다...☆일반인분들... 비추드려요...솔직히 영화 평소에 잘 안봐어 재밌는거 재미없는거 모르는 편인대 이거는 아닙니다  
20170915,10,꼬대를 품는 마음으로 품었다...보다가 웃겨서 눈물났어...  
20170915,10,정말정말 얼굴이 완벽합니다.  
20170915,10,서투른 느낌의 영화를 개인적으로 좋아해서 더 재밌게 본 것같아요ㅠㅠ코가제와 상수...ㅠㅠㅠㅠ세상 귀엽고 이름 기억안나지만 선생님 연기도 세심하고좋아요  
20170915,5,애들 얼굴 때문에 각 1점씩 5점 준다  
20170915,10,웃겨 죽을뻔 그리고 너무 풋풋하고 귀여워서 죽을뻔  
20170915,5,진짜 내가 진지하게 평가한다  참고로 난 그냥 프듀좋아했어서 그냥 얼굴한번 보기로 했는데 생각보다 별로임 ㅋ보통은 무슨 asmr인줄 결말도 이상 결론은 내용 핵노잼 얼굴 유잼  일반인이면 비추천  
20170915,1,최악. 1점 준 영화가 없었는데 이건 꼭 1점 줘야겠습니다.  
20170915,10,기부니가넘조아지는영화^^  
20170915,9,"일본 특유의 감성이 느껴지는 영화. 풋풋하고 혼란스러운 풋사랑을 잔잔하게 잘 그렸다. 이영화의 맹점은 구두수선공이랑 편의점 알바생, 일본어학원 학원생이 너무 비현실적으로 잘생겼다는거. 뉴이스트 멤버라고 얘기 안해줬으면 신인연기자라고 생각할뻔했다꼬.  "
20170915,1,그냥 재미가없었음 오글오글..  
20170915,1,아이돌 얼굴보러 보러간거면 정직하게 배우 찬양만 하고 영화 재밌다고는 쓰지 마세요... 평점에 낚여 보러가는 사람들이 불쌍하지도 않음? 자기들도 꾸역꾸역 봐놓고 재밌었대 ㅋㅋ 이래서 아이돌 배우들이 욕먹지  
20170915,6,"처음엔 지루했고, 나중엔 오글거려서 죽는줄...  "
20170915,1,감성있는 일본영화인줄알고 영화시작하고 5분 지나서 들어갔는데 한시간도 못보고 나왔다. 손발이 오그라들어서 왜그런가했는데 아이돌이 나오는 영화였단다. ㅋㅋ 평점보고 들어간 내가 죄인  
20170915,10,일본 특유의 잔잔한 감성과 사랑에 대한 다른 시각들이 만나 조용한 여운을 남겨주었던 영화! 중간중간 웃음코드도 있고 팬심으로 봤지만 생각보다 괜찮았던 영화였어요. 우리가 다 품어줄게!!!  
20170915,10,다른사람을 바라보고있는 누군가를 좋아한 경험이있다면 공감될 내용이예요 단순한 팬심으로봤는데 재밌었어요 물론 뉴이스트멤버들의 잘생김이 제일재밌었어요  오래오래 기억에남을 작품입니다  
20170915,10,그래 맞아 팬이야... 애들 얼굴이 제일 재밌는 걸 어떡해!!!!  
20170915,10,ㅜㅜㅜ흐엉 넘나잼게봤어요  
20170915,10,누군가를 좋아한다는거 내가 좋아하는 사람이 나를 좋아할 확률이 얼마나 될까? 하는 생각이 나는 영화였슴돠~~ 풋풋한 청춘영화를 보고 나온 느낌이었고 지루할줄 알았는데 생각보다 재밌고 좋아한다는 게 어떤건지 새삼 생각하게 만든영화였슴돠  
20170915,10,행복했어 뉴둥아 백호가 많이 안나와서 그게 넘 아쉬었어 백호도 연기 많이 하자  
20170915,10,"일본영화 스타일을 이해하고 풋풋함으로 바라봐준다면, 충분히 재밌게 볼수 있는 영화입니다★ 홍대CGV에 특별히 ""뉴이스트관""이 개설되서 더욱 뿌듯한 마음으로 관람할 수 있었습니다★  "
20170915,10,"복잡하게 얽혀있는 사랑의 감정을 감성적으로 잘 풀어낸 것 같다. 연기자가 아닌 배우들의 연기가 제법이었고, 레온의 표정연기가 좋았다.  "
20170915,8,큰 기대없이 움직이는 화보볼 생각으로 개봉날 조조로 봤습니다.  스토리에 대한 기대는 없이 봤는데 생각외로 괜찮았습니다. 팬심을 가지고 보면 더 재미난 영화이고 팬심을 빼고 본다면 일본 청춘물 자체로도 매력있습니다  
20170915,10,보면서 대체 이게 뭔가..하고 헛웃음도 나왔지만 꼬대도 품었는데 뭔들 못품겠습니까...  
20170915,9,편안하게 조용히 혼자 재밌게 볼 수 있었던 영화인 것 같아요. 별 반개를 못 준 이유는 음향이 좀 아쉬웠달까요 분위기에 맞는 음악이 아닌 장면들이 좀 있어서 흠..하고 봤지만 소소한 웃음코드가 매력적인 영화였습니다.  
20170915,10,뉴이스트를 볼수있어서 좋았고 일본영화라서 더 좋았음!  
20170915,10,"뉴이스트땜에 봤지만 내용도 괜찮고 볼만했어요, 전부 일본말로 연기를했다면 쫌 더  자연스럽지 않았을까 하는생각이드네요..  "
20170915,10,진짜 너무 재미있었다. 중간에 동호랑 아론이 나올때 그냥 너무 웃겼다ㅋㅋㅋ오랜만에 보는 앳된 얼굴이라 그런가 반가운 느낌도 들고 좋았다. 로맨스를 가장한 코미디이니 코미디 좋아하셔도 간간히 웃으시면서 보실듯  
20170915,10,오늘 보러 가는데요 선별점 드립니다. 배우들 얼굴이 넘 좋더라구요  
20170915,10,우리애들연기진짜잘해 짱이야  
20170915,10,기대 안했는데 기대 이상임 좀 진짜 가볍게 재밌게 볼수있는 영화임 대놓고 코믹은 아닌데 설정이 재밌음  
20170915,10,사랑해 뉴이스트 김종현 강동호 최민기 곽영민 황민현 JR 백호 렌 아론 민현  
20170915,10,멤버들 모습 볼 수 있어서 너무 좋았어요ㅠㅠ 중간중간 웃음 포인트도 많아 시간 가는줄 몰랐네요! 한번 더 보러 갈겁니당♡  
20170915,10,좋은 내용에 멋진 뉴이스트♡를 보아서 좋았다...♡!  
20170915,10,일본영화 특유의 잔잔함을 주는 영화였던것 같아요.레온이(최민기) 자신의 실수로 하반신마비되었던분의결혼소식 듣고 우는 장면에서 따라울었다는~ㅠㅠ뉴이스트멤버들 연기도 좋고 일본어도 잘하고..보는내내 따뜻함과 웃음과 행복을 동시에  준 영화입니다.  
20170915,10,자신의 실수로 인해 다른사람이 다쳤다는 죄책감으로 행복해질수 없었던 레온(최민기)이  결국은 사랑으로 치유받는다는 내용..잔잔하니  재밌었습니다.뉴이스트멤버들의 유창한 일본어 실력도  볼수 있어  적극 추천해요.  
20170915,10,팬심으로 보면 200퍼 만족 가능하고 팬심이 아니더라도 가을에 로맨스하나 보고싶을때 꽤나 잘 볼수 있을것 같고 그냥 얼굴이 너무너무너무 열일하더라구여?  
20170915,10,진짜팬아닌사람들이봐도돈내고볼만합니다  
20170915,9,팬심으로 봤지만 생각보다 내용과 분위기가 괜찮은 영화였어요~ 번역투 대사가 어색한 부분이 있어서 아쉽네요ㅠ 소나의 한국어는 재일교포라고 생각하시면 나름 이해할만해요! 잔잔하면서 코믹한 영화를 보고싶은 분께 추천합니다~ 러브들은 무조건 봐야하구요!!  
20170915,7,'좋아함'이라는 감정을 표현하기 위해 차용된 소재들이 비윤리적이었으나 일본 특유의 감성으로 치부하고 연출만 보면 좋았다  
20170914,10,귀여워 연기는 못하지만 못하는 연기마저 사랑스럽다  
20170914,1,지금 보고있는데 졸리고 지루하고 재미 한개도 없다.똑같은 장면 되풀이해대고 연기도 어색하고재미 드럽게 없다 진짜.  
20170914,10,♡♡♡정말 재밌었어요  
20170914,8,독립영화가 이정도 감독의 연출 스타일과 이정도 스토리면 훌륭하다고 본다. 아이돌출신 배우들의 출연이지만 일본어연기가 훌륭했다. 일본어를 한국어로 번역해서 연기하는거라 가끔 한국어 대사들이 자연스럽지 않은것이 있었다.  
20170914,10,민현이가 사랑해요 라고말한순간 약속이라도한듯 모든러브들이웃었다  
20170914,1,나만 그런지 모르겠는데 영화가 총체적 난국이였고 이해가 안갔습니다  
20170914,10,나는 너무 재밌고 웃기고 좋은 시간이었지만..남편을 데려가지 않은것이 천만 다행이었다  
20170914,10,내내 웃다나옴ㅋㅋㅋ 너무 웃겨요 개그물인줄ㅋㅋㅋ 뉴이스트도 보고 잼씀!  
20170914,10,"★내 인생은 이 영화를 보기 전과 본 후로 나뉜다. 그들의비주얼과 연기는 107분간 나에게 웃음을 주었고, 강동호와 곽아론은 1분도 안되는 짧은 등장이었지만 심장을 조ㅈ..박살내버렸다.  "
20170914,10,애들 얼굴열일한다ㅠㅠ 영화도 기대안하고 봤는데 재밌어요  
20170914,10,친구랑 보러가서 웃기도 하고 연기에 놀라기도 하면서 봤어요  
20170914,10,처음으로 연기 시도했을텐데 너무 잘해요! 너무너무 귀여웠어요  
20170914,10,보는내내 계속 웃었어요!! 뉴이스트 사랑함니다  
20170914,10,보기전엔 진짜 마냥 오글거릴것만 같았는데 막상 보니깐 별로 그렇지않았음 ㅋㅋ그리고 상영관에 들어갔을때 이분들이 러브분들이라고생각하니 뭔가 민망쓰~~ㅋㅋ  
20170914,10,올해 최고의 영화! 오래도록 회자 될 영화!  
20170914,10,사랑이란 참....!  
20170914,10,영화 분위기도 좋고 연기도 좋고 무엇보다 뉴이스트 멤버들의 잘생긴 얼굴을 크게 봐서 좋았습니다 ㅎㅎ  
20170914,8,"8월의 크리스마스의 독립영화버전,그리고 주인공의 인원 수는 러브액추얼리와 비슷.전체적으로 무난하고 얌전하고 순수한 영화.근데 왜 굳이 한일합작으로 제작했는지...여운은 그다지 없으나, 보는 내내 마음이 편안했음.  "
20170914,1,평점 너무 높다.. 조금만 낮춰야지  
20170914,10,잘돼라 응원한다 너희!!  
20170914,10,재미있어요!! 뉴이스트 멤버들 나와서 봤는데 내용이 기대이상이구 중간중간 재미있는 장면도 많고ㅋㅋ한 번 더 보려고요!  
20170914,10,영화 내일 볼꺼라꼬?그런데 애들 열일할거같꼬?기쁘다꼬  
20170914,10,어쨋든 민기는 잘생겼다  
20170914,10,한번도고 또보고 또보고 게속보고싶은영화...??  
20170914,10,얼굴이 너무 좋아용ㅎㅎ  
20170914,10,기대이상으로 재밌었어요 보고나서도 계속 생각나요 뉴이스트 짱♥♥♥  
20170914,10,볼수있는것 만으로도 ??  
20170914,10,저는 재밌고 좋앗어요~! 다들 좋아해 너를 보자~!  
20170914,10,너무재밌어요~~~완벽해요!!  
20170914,10,저의 29년 인생에서 가장 완벽한 영화였습니다.  
20170914,10,소나의 어색한 한국어 대사가 거슬렸지만 일본에서 개봉했다면 뉴이스트의 일본어 대사도 그랬겠지...하면서 봤어요. 서툴고 어색하고 이해 안되는 20대의 사랑 이야기...뭐 그 때 하는 사랑이 다 그렇지않나 싶어요. 오랫만에 풋풋한 느낌이었어요~^^  
20170914,10,뉴이스트팬으로 영화 봤는데 내용도 나름 괜찮았고 풋풋한 뉴이스트 모습 볼수 있어서 행복했음 나쁜남자 종현 최고 멋졌음 연기도 잘하네♡  
20170914,10,탈락이야 탈락!! 그치만 별이 다섯개인 건 뉴이스트가 다섯명이거든요  
20170914,10,영화 보고 개안하고 왔습니다.렌 미모가 10점 만점에 5조5억점이네요.영화도 재밌었어요! 또 보고 싶어요.Cgv에서만 개봉해서 아쉬운..  
20170914,10,기대 안하고 갔는데 재미있게 봤어요. 배우들도 사랑스럽고 결말도 따뜻해서 좋았어요.  
20170914,10,모든걸 내려놓고 편하게보면 기대 이상으로 재밌게볼 수 있다  
20170914,10,잔잔한 분위기가 좋았고 중간중간 웃음포인트도 있어요ㅎㅎ  
20170914,10,최고의 영화 얼굴이 다했가  
20170914,10,얼굴이 연기를 잘하네요..  
20170914,10,명품배우들의 열연 잘 보았습니다  
20170914,10,굉장히 공감하기 쉬웠고 일단 눈호강이 너무 되어 행복했습니다. 곽영민♥ 강동호♥ 김종현♥ 최민기♥ 황민현♥  
20170914,7,"런닝타임에 비해 내용이 엉성한 느낌이랄까 글구 영화음악도 영~~~ 팬의 입장에서 배우들이 아까왔다. 렌과 JR 생각보다 연기 잘 하고, 민현은 왜 영화속에서도 실제 모습같은 느낌일까 ㅎㅎㅎ 그래도 남들처럼 두 번까지 보고싶진 않네요.  "
20170914,10,잔잔하고 기억에 오래 남을 영화같아요. 렌은 구체관절인형이 걸어다니는 느낌ㅋ JR 연기도 풋풋하고 좋았음  
20170914,10,아름다웠어요. 눈씻은 느낌.. 영화끝나고 시력이 2.0이  되었어요..♡  
20170914,10,너무너무 재미있어요ㅜㅜㅜ명작 ㅜㅜㅜ  
20170914,6, 일본 문화에 친숙하다면 소소하게 볼수있는 영화. 생각보다 연기 괜찮았고 오히려 역할이 아닌 뉴이스트에 집중한 팬들이 너무 웃어서 집중하기 힘들었음. 또 편집과 음향이 좀 엉성함 두번째 볼때 제일 뒷자리였는데 가끔 대사가 잘 안들림 그래도 또 보고싶음  
20170914,10,영상미가 돋보이는 작품~~일본의 애니메이션 정서를 그대로 가져온 듯한아련함을 느낄수있는 영화였습니다^^  
20170914,10,잔잔한 분위기와 따뜻한 교훈이 담긴 바람직한 영화예요! 재밌어요~  
20170914,8,청춘+홍상수+병맛  아이돌영화라기엔 기대이상 재밌다. 지켜봐야할 귀여운 감독.  
20170914,10,영화 재밌게 잘 봤어요!! 렌 얼굴에서 빛이 납니다 ㅠㅠㅠ 일본특유 감성이 있는 영화기때문에  그 감성으로 이해하고 보면 재밌어요!!  
20170914,10,너무 재미있고 배우들의 솔직한 연기가 인상깊었어요!  
20170914,10,노래만 잘 하는 줄 알았던 분들이 연기도 수준급이네요^^~ㅎ 기대 이상으로 재밌어서 잘 보고 나왔습니다ㅎ..~ io  
20170914,10,뉴이스트 멤버들 볼 수 있어서 좋았어요 ~ 영화 내용도 기대 이상으로 너무 좋았습니다  
20170914,10,일본영화 특유의 느낌이 살아 있는 영화로 잔잔하다가 뜬금없고 빵터지는 포인트들도 있음. 일단 주조연 얼굴이 일을 다했기 때문에 10점이 아깝지 않다.  
20170914,10,진짜 풋풋하네요..그냥 다 완벽하고..  
20170914,10,심각할 정도로 완벽해요  
20170914,10,한번 더볼꺼야~~~~  
20170914,10,주조연들 얼굴 감상하느라 시간가는줄 몰랐음+웃음포인트도 있음  
20170914,10,꼬대도 품었습니다. 애들이 나오는 거라면 이것도 안고 갈 수 있습니다.  
20170914,10,좋아해 너를 너를 너를 너를 너를 너를 너를 하핫..  
20170914,10,재밌게 잘봤습니다~ 앳된 얼굴 오랜만에 보네요  
20170914,1,완전별로다..----  
