0,1,2
20180720,9,"작화?가 의외로 생각보다 섬세한것같아요 주인공들의 눈빛움직임 ,흔들림에 저도 같이 동화된 느낌  "
20180513,6,관람객휴~~애들이보자구해서  
20180510,10,관람객아이들이 너무 재밌다고 하네요~  
20180310,10,관람객조카가 보고 싶다고 해서 갔는데 볼 만했어요  
20180228,6,관람객제딸이 좋아해서 재밋게 봣습니다.  
20180218,10,관람객아이도 어른도 넘나재밋게 봐써용♡  
20180213,8,관람객스릴 넘치구 재밌게 봤어요 ^^ 굿! 굿!  
20180213,8,관람객아이가 잘 보네요~재미있었어요  
20180211,10,관람객애들이 보기 딱 좋았어요  
20180208,7,관람객아이들 재밌게 봤다네요  
20180207,10,관람객오왕  구뜨~ 재밌었어요  
20180206,10,관람객내용도 참신하고 재미 있네요  
20180204,10,재밌네요완전 리얼해요  
20180130,1,극장에 앉아있기 힘들정도.  
20180130,6,관람객아이들이보기에 약간 무섭고 언어도 살짝 거칠게 표현해서 맘에 안들었어요  
20180130,8,관람객잼있네요...좋아요  
20180128,6,관람객소가 너무 귀요미 잘보았네요  
20180128,10,관람객재밌는데 왜 이렇게 극장에서 빨리 내렸는지 모르겠네요. 부담없이 볼 수 있는 가족영화.  
20180128,9,관람객아이들이 즐겁게 봤네요~ 귀엽다고 난리에요  
20180128,6,관람객재밌게 잘 봤어요..첨은 좀 지루한감이 없지않아 있네요..  
20180128,2,두딸이 중간에 나가자고 했어요^^; 제가봐도 영화 수준이 낮아요~  
20180127,10,귀여워ㅋㅋ  번 보러 갑니당  
20180126,6,관람객재미있긴했으나  자극적인 단어가 조금 거슬렸네요  
20180125,10,관람객누구나 울지 않고 볼 수 있는 좋은 영화였습니다.  
20180124,10,귀여운 영화에요!! 재미있어요!  
20180124,9,관람객아이들이 영화에 푹빠졌네요  
20180124,8,관람객아이가 재밋게 봤대요. 설명을 해주는데 듣는데도 재밋어보이더라구요...  
20180124,10,관람객아이들이 너무 좋아해요♡추천합니다!  
20180124,6,관람객못 봐서 너무 아쉬워요... 다시 보러가려구요~~  
20180123,8,관람객아이들이 재밌었다고 하네요  
20180123,10,관람객마지막에 소가 나온 것이 제일 기억남는다! 정말 재미있는 영화다☆  
20180123,9,뱀파이어 가족을 구하기 위한 영화인데 너무재미있어요!  
20180123,8,관람객친구와 우정을 다룬 영화!  
20180123,10,관람객딸애가 완전 재미있다네요~ 나도 하늘을 훨훨 날고파~~^-^  
20180122,10,관람객아이가 너무 좋아하며 영화내내집중해서봤네요..  
20180122,10,"관람객기대안하고 봤는데, 애들이 좋아하고 전 코코와 페르디난도?보다 재미있네요.  "
20180122,10,관람객너무재밋고조앗어요~  
20180122,9,관람객아이들과 같이 봤는데 너무 재미있습니다.  
20180122,10,관람객꿀잼이에요^^ 아이가 너무 재밌어하네요  
20180122,10,관람객오~너무 재미있었습니다~~아이들봐 즐거운시간이었습니다~~감사합니다  
20180121,10,관람객아이들과 함께 보고 왔어요 ^^ 저희 아이들도 소가 넘나 재미있다고 ㅋㅋㅋ  제목보고 무서운 줄 알았는데 7살 여자 아이도 재미있게 잘 봤어요  
20180121,8,관람객초3아이랑봤는데 지루하지않았고 잘보았습니다~  
20180121,9,관람객6학년 3학년 재미있었다네요  
20180121,6,관람객스토리는 짧은 내용인데 길게 만드느라 고생 하신거 같아요 !! 아이들이 재밌다고 보긴 하는데 악당둘이 너무 바보 스럽고 우악하며 난폭 하네요 배울까 겁납니다 !! 담엔 이런 에니메이션은 안보여 줄려고요  
20180121,9,관람객생각보다 어른이 봐도 재미있어요.. 자막으로 보고 싶었는데..그게 좀 아쉬웠어요  
20180121,8,재미있는데 새롭지는 않아요!  
20180121,8,관람객사람이아닌 뱀파이어친구를도와주기라는게 어려웠을껏같은 주인공! 너무나 순수하고따뜻한우정을 담은이야기.  
20180121,4,관람객기대했던것 보단 재밌게봤네요7살난 딸과재밌게봤습니다  
20180121,6,관람객애들은 잘 본 듯한데...난 자버렸다는..디즈니만큼 만화가 자연스럽진 않네요...  
20180121,10,관람객애들이 좋아해요어른은 별로  
20180121,10,관람객5살 아이랑 아주재밌게 봤어요^^  
20180121,6,관람객너무 기대했나봅니다 ㅠ 조금은 지루해욤 ㅋ  
20180121,10,관람객아주 조아요 조아요!!!!  
20180120,4,"관람객5세아이랑 같이 봤는데, 메세지가 분명하지 않아서 아이가 크게 재밌어하지 않음. 뱀파이어 특성상 계속 어두운 게 배경이라 그것도 아이에겐 별로임. 오세는 뽀로로 대탐험을 훨 재미나했음.  "
20180120,10,관람객생각보다 괜찮았어요  코믹에  우정영화  
20180120,10,"초1,2 연년생이 보고 좋아하네요 ^_^  "
20180120,10,아이와 함께 봤는데 잼나네요  
20180120,7,지루하지 않고 가볍고 유쾌하게 볼 수 있는 기본은 하는 에니메이션.  
20180120,1,"별로다....,,,,  "
20180120,10,초딩 2년생 완전 좋아라하네요 ㅎㅎ  
20180120,10,관람객리틀뱀파이어 짱~^^  
20180120,9,관람객최근에 본 애니메이션중 제일잼있어요  
20180120,7,관람객아이들이 보기에 재미있었다.  
20180120,10,관람객오랜만에 재밌는 애니몌이션 봤네요 ^^  
20180120,6,"관람객조금 지루했고,아이들이 보는데 말투들이 너무 나빴어요  "
20180120,10,관람객재미있게 관람했어요!  
20180120,8,관람객방학에 아이와 영화 데이트웃으면서 가볍게 보기 좋은 영화  
20180120,6,관람객그럭저럭 볼만했어요~  
20180119,8,관람객아이들은  재미있다는  영화살짝  지루한 편갠적으로  
20180119,10,아이들이 너무 좋아합니다.  추천드립니다.  
20180119,5,....그럭저럭  영화  
20180119,10,"뱀파이어 아빠 왈 ""다 같은 우리새끼죠"" 그 대사에서 부모마음은 다 같구나 울컥 ^^  "
20180119,10,애가 넘 좋아했어요~ 잼써요~ 추천!  
20180119,10,손주랑 데이트 했네요. 뱀파이어라 무서울까 걱정했는데 재미있다고 또 보자고 해서 뿌듯합니다.  
20180119,6,관람객나쁘지 않았어요. 어른이 보기에 조금 지루합니다  
20180119,8,관람객어른은 약간 지루. 초등꼬마는 너무 잘 봅니다. 그림이 예쁘구요.  
20180119,1,내 인생 영화관에서 처음 잤넉  
20180119,3,그럭저럭 볼만한 영화였네요....  
20180119,1,보다가 졸앗네요 ㅜㅜㅜ  
20180118,10,애기들이 너무 좋아할거 같아요 ㅋㅋ 동심을 자극하고 귀여운 소가 매력적인 영화 강추강추  
20180118,9,관람객8살 아들 엄청 잼있다네요~!!!  
20180118,10,관람객인간과 뱀파이어와의우정.. 안될것 같았는데 정말 좋은친구가 됐네여.. 감동이예요.. ㅋㅋㅋ  
20180118,10,꾸울잼... 뱀파이어랑 상관없이 완전 꿀잼..! 나중에 vod 소장각  
20180118,8,아이데리고 갔는데 생각했던 것 보다 제가 보기에도 괜찮았어요!  
20180118,9,"자극적이지 않아서 좋고, 은근 코믹 요소가 강해서 아이도 저도 재밌게 보고 나왔습니다. 추천할께요!  "
20180118,7,관람객신선하지 않은 느낌이었지만 아이들이 보는 만큼 친구를 부제로 한 것이 마음에 듭니다.  
20180118,10,관람객오늘개봉한 영화!  딸 아이가 보고 싶다해서 그냥 같이봤는데~ 웃으며 재미있게 잘보고왔네요^^  
20180118,10,관람객아이들과 재미나게 봤네요 ㅎ  
20180118,10,소 너무  귀여운거 아닌가요?ㅋㅋㅋ  
20180118,10,소가 하드캐리ㅋㅋㅋㅋ넘나 귀여운 영화임!!  
20180118,10,넘나 리얼!! 3D강추에요!!  
20180118,10,영화도 원작만큼 재미있네요! 뱀파이어 패밀리 외모도 쎈데ㅎ 성격 귀엽고 난리  
20180118,10,재밌어용ㅎㅎ 친척 동생이랑 보고왔는데 좋아해요~~  꿀잼  
20180118,10,아이들에게 뱀파이어나 몬스터는 진리인가봐요. 저도 재밌게 봤네요. 방학인데 이것저것 같이 하고 싶었는데 재밌는 영화도 보고 좋았어요. 추천합니다! ^^  
