0,1,2
20181201,10,"사실을 기록하는 것, 그것은 누구의 손에 쥐어진 것일까  "
20181116,10,아베와 일본 우익과 일부 국내 추종 무리에게 보여주고 싶은 영화  
20180924,9,마치 일본것들의 모습을 보는 듯 하네요.우리는 강제 노역을 시킨 적이 없다.위안부는 자발적이다.라고 지껄이는 일본 것들은 언제 멸망하나??  
20180916,8,공정하게 판결되는 대한민국이 되길 바란다.  
20180831,7,없음을 증명한다 해서 있음이 증명되는 건 아니다. Logic 그 논리 싸움의 진면모를 보여주는 법정. 홀로코스트 부정론자 데이빗 어빙의 재수없는 연기가 압권. 히틀러를 옹호하는 사람도 있는데 박사모가 왜 없겠냐. 깊은 깨달음으로 끄덕끄덕  
20180827,10,뜨거운 감성을 바탕으로한 차가운 이성의 승리  
20180824,10,내가 평소 관심있던 소재. 그리고 배우들의 연기력. 신파가 섞이지 않은 담백함. 마지막으로 실화인 것을 보여주는 실제사진 삽입. 모두 너무 좋았다.  
20180824,1,그냥 평범합니다 뭐가 그리 재미있다는건지 모르겠지만 솔직히            얼굴좀 익힌 배우들 왜 나온건지도 모르곘고 늙은이 한명이 하드캐리한 영화.. 솔직히 시간 낭비인듯 감동스럽지도 않고.. 반전도없고 걍 자연스러움? 하..2시간 낭비  
20180823,1,유태인 놈들 팔레스타인 학살하는 소리 하고있네~  
20180821,5,소재가 가진 매력을 생각하면 큰 임팩트 없는 영화  
20180819,1,갠적으론 2.5점 정도 되는데 평점이 너무 높은듯...영화 보다가 졸긴 처음  
20180819,10,우리나라도 최소한은 감정과 신파에 호소하는 픽션이아니라 현실적 고증을 통한 이해과정을 표현하는 역사적 사실들을 그려갈 수 있어야하지 않겠는지.  
20180806,10,관람객완전 개꿀잼이예요 다들 봐  
20180721,10,잔잔하지만 본질을 담은  
20180629,7,영국산 히틀러추종자 어빙에 대해 좀 더 깊이 파고들었으면..  
20180624,8,이영화의 정의는 골리앗 같은 다윗이였다  
20180613,7,다소 건조한 시각으로 이성적으로 그려내서 되려 흥미 진진하다..다만... 레이첼 와이즈의 캐스팅은 미스 캐스팅인듯..좋은 배우이나....머랄까..과잉의 톤과 매우 화가 난 대학원생쯤으로 보이는 이미지의 연기는 몰입을 방해..  
20180531,10,정의는 반드시 승리한다.  
20180529,8,차분하고 진지하게 통쾌한 진실의 승리  
20180518,10,모든 말은 자유지만 그 말에는 책임이 따른다는 것을 잘보여준 영화였다. '가슴은 뜨겁되 머리는 냉철하게.' 이 영화를 잘보여주는 말이다.  
20180420,7,유플러스 영화월정액 유플릭스(Uflix)에서 영화 봤습니다...역사 바로세우기~어딜가나  역사를 왜곡하는   사람이 있군요~진실은 승리합니다 우리나라도  역사를 소중히 생각하고  바로 세울때라고 생각합니다~거짓 선동하는 사람들의 말에  현혹되지 맙시다  
20180325,1,감정의 극대화를 위해 기꺼이 똥멍청이가 되어 버린 여주  
20180325,10,정말 끝까지 긴장하게 만드는 법정 영화  
20180320,10,페미니스트에게 꼭 이 영화를 보여 주고 싶다. 뭔가를 입증한다는 것이 얼마나 어려운 것인지 이야기 해 주고 싶다. 가짜 눈물로만 자기 이익을 챙기는 그들에게.  
20180201,7,"홀로코스트에 대한 배경지식이 전무하다 싶히 하여, 대사의 이해도가 떨어지긴 했지만, 당연한 사실의 증명해야 된다는 일이...얼마나 힘들고 가혹한 일인줄은 다시한번 알게 되었다.  "
20180129,9,관람객그동안 법정 영화를 보고 후회한 적은 없었다. 이 영화 역시 옳다.  
20171128,7,법정 영화의 희열감은 느끼기에는 다소 부족하고 지루할수도 있지만 제대로 된 법의 이야기를 하고 있다  
20171127,10,쪽바리 및 일뽕 신친일파 매국노 새끼들이 꼭 봐야할 영화  
20171105,9,관람객갓 레이첼. 타고난 귀여움  
20171023,8,"명예훼손 소송 사건이다. 사실을 말하는 것으로 입증하면, 명예훼손이 아니라서 어빙이 거짓말을 하는 것이고, 반유대주의자라는 것을 입증해서 명예훼손을 벗어났다. 사실을 말해도 명예훼손이 되는 한국이라는 나라가 부끄럽다.  "
20171021,8,관람객그 시절 미국을 느낄수 있는..  
20171016,10,http://drjainwells.com/wp-content/uploads/2016/04/denial-jain-wells-blog.jpg  
20171008,7,"비열하고 얼토당토않은 거짓선동꾼의 농간에 휘둘리지않고, 당연한 진실을 증명하기위한 침묵과 차분한 팀워크의 힘  "
20170930,7,"당연하다고 여긴것에 대해 다시생각해볼 수 있었다. 하지만 팀워크라기보다 변호사 팀의 지략과 데보라의 감정적인 분노에 대한 설득이다. 데보라가 한것이라곤 분노하기, 설득된 후 침묵, 어빙 째려보기 뿐. 영화 포스터에서 데보라의 비중을 줄였어야했다.  "
20170924,10,영국 법구조의 신기함이 어쩌면 승리로 이끌었을지도  
20170922,9,관람객영화의 힘을 보여주는 영화. 실화였기에 영화를 보고났을때 울림이 더 컸음.  
20170912,10,관람객최고의 작품. 정말 많은 생각이 드는 영화.  
20170911,8,"관람객마치 감독이 영화를 만들 때, 법을 다루듯이  영화를 다루었다는 생각이 들만큼 일치된 느낌으로 아주 인상깊게  봤습니다.  "
20170910,7,관람객법정 싸움을 보는 묘미가 재미있다.  
20170909,1,다 떠나서 영국이 정의로운척 하는것도 꼴보기 싫 유대인 주인공 여자가 핵발암이라 빡침 제발 닥치고 가만히 있었음 좋겠다고생각했음  
20170903,10,관람객겁없이 용감하고 자기것에대한 애착으로 편견을 가지고 놓힐수도있었다  그러나 그녀는 목표만을 생각했다. 인내하는과정 웃으며 농담할수 있는 수준까지의 처절한 기록을 보며 하늘은 스스로돕는자를 돕는다란말이 생각났다.큰일을 하게될거야했던 어머니의 말이이뤄졌다  
20170826,10,관람객강추!!!! 역사를 왜곡하지않고 사실을 밝혀나가는 한 여성을 통하여 감추고 숨기는 우리의 모습이 많이 부끄럽게 느껴지는 작품이었습니다.  
20170821,9,이 영화의 주인공은 악역인 어빙이었다. 립스타트는 감정의 파도만 일으켰을뿐.. 위안부 문제도 바로 잡혔으면 좋겠다.  
20170815,10,자극적이고 감정적인 소재에도 불구하고 침착한 진행이 주는 묵직함이 강하다. 피해자나 가해자의 입장이 아닌 제 3자의 입장에서 팩트 중심의 법정 과정을 침착하게 다룸으로써 피해자의 감정적인 억울함이 아닌 진실이 말해주는 정당한 감동을 전해주는 수작이다.  
20170814,6,별로임. 다큐도 아니고 영화도 아니고 애매  
20170811,10,첨엔 앤드류 스캇 나온다고 해서 봤는데 집중하다보니 영화에 완전히 빠져버려서 엄청 재미있게 본 영화  
20170729,9,관람객정의와 진실은 승리합니다  
20170727,7,법정영화답게 긴장감은 있었으나 결국 뻔하게 흘러가고 주인공은 영화에서 거의 조연급일정도로 비중이없는데다가 뭔역할이었는지도 모르겠다. 게다가 선이 이겼는데도 뭔가 허무하다는 느낌이 강했다. 법정영화중 가장 진부했다. 뭘 말하고자 한건지도 애매하고  
20170726,9,할아버지가 정말 멋있었다  
20170721,6,"관람객특별시민보다 의미심장하고 임금님의 사건수첩보다 훨씬 흥미로웠음! 한국영화 2편에 가려서 그냥 지나치기엔 너무 아깝다. 모두가 꼭 보면 좋을 영화. 배우들의 연기, 메시지 모두에서 강력추천합니다! 후회없음  "
20170719,10,관람객홀로코스트에 관심 있는 분들께 강추! 젠틀한 영국 스타일의 팀워크와 찬연하고도 프로페셔널한 직업 정신을 엿볼 수 있었던  영화!  
20170718,10,진실을 진실로 인정받아야되다니; 아 진짜 저 남자 너무 화난다 딸도 불쌍하고 왜 저러고 사냐  
20170716,8,"변호사 변론 사이다 ㅋㅋ 골리앗(출판사와 교수, 변호인단, 전문가들)이 다윗(허접한 사이비 역사가)을 줘패는 거긴 하지만.  "
20170705,8,홀로코스트를 부정하고 히틀러를 옹호하는 미친 역사가에게 팩폭 날리는 영화. 참 미친 시키들 많다.  
20170702,5,"실화의 재구성에만 너무 집착, 지루하게 걸어간다  "
20170630,10,박사ㅁ 일ㅂ 보고있나???  
20170630,9,관람객계속해서 여운이 남는 영화  
20170630,10,"처음에는 홀로코스트라는 무거운 주제와 그 주제를 다루는 방식이 법정에서의 다툼이라는 걸 알고 보고 싶지 않았다. 우연한 마음에 영화를 예매했고, 울음을 멈출 수가 없었다. 역사의식에 대해 다시 한번 생각할 수 있는 최고의 영화였다.  "
20170628,8,개연성이 조금 아쉬웠지만 그래도 생각해볼 수 있는 요소들이 많았습니다. 역사에 관심있는 사람들에게 추천하고 싶은 영화입니다.  
20170628,8,관람객진실된사실. 사실된진실. 세상에서 있었던일을 증명하는게 어려울까? 없었던일을 증명하는게 어려울까?  
20170627,9,관람객진실은 세월이 흘러도 반드시 승리한다!  
20170626,8,"관람객영화 속 변호사들은 감정에 호소하는 방식이 아니라 상대방이 자기 스스로 덫에 걸리도록 이성적이고 정교하게 전략을 세웠는데 이를 설득하고 결국 의뢰인과 신뢰관계를 형성해나가는 모습이 인상적이었다. 영국의 특이한 사법제도도 흥미롭고, 볼만한 법정영화이다.  "
20170625,5,관람객주제는  탁월하고  요즈음과 맞는 것으로 보이는데 전개가 너무 평이하고 지루하다 ?유감이다  
20170625,8,관람객특별한 날에 걸맞은 영화였습니다!  
20170625,9,법정영화의 진수를 보여줌. 쓸데 없는 산파는 저리가라  
20170623,10,관람객보는내내 손에 땀을 쥐며 봤네요  
20170622,8,관람객영화의 흐름 구성이 탁월하나 다소 지루함  
20170620,8,지루하지 않았고 몰입도 있는 영화다. 오히려 짧게 느껴진다.  내용도 좋고 흥미롭다.  
20170620,10,관람객무거운 주제이지만 재밌게 잘 봤습니다~  
20170616,8,관람객사실을 넘어서는 영화는 아니지만 사실의 힘을 일깨우는 힘있는 영화.  
20170615,9,관람객우리나라의 모습을 자꾸 떠올리게 하는 영화였습니다.  
20170614,10,가슴이 펑 뚫리는 시원한 영화!  
20170613,8,"관람객“선동은 한 문장으로 가능하지만, 그것을 반박하려면 수십장의 증거와 문서가 필요하다. 그리고 그것을 반박하려고 할 땐 이미 사람들은 선동되어있다.”라는 괴벨스의 말로 시작해 ""부정할 수 없는 진실은 존재한다"" 는 말로 끝이 난다.  "
20170613,10,관람객세상에는 홀로코스트보다 슬픈 일들이 많은데 그건 이제 지겹지 않냐는 말에 그건 슬픔 이상의 것이지 결코 지겨운 것이 아니라는 말이 세월호를 떠올린다..  
20170612,8,진실과 거짓인가 인정과 부정인가  
20170611,7,관람객왜곡은 끝나질 않는다. 계속 계속.  
20170611,9,관람객실화이니 만큼 더 진지하게 관람 할 수 있었다.세상이 변화 하는것이 아니라 우리가  변화하여야 한다는것.또 올바른 가치관이 얼마나 중요한 것인지 알수 있는 영화 였다.  
20170611,1,최악의 유대인 빠는 영화 ㅉㅉㅉ 유대인들이 바로 나치다  
20170610,10,관람객꼭봐야할명작!!!거짓을말해도책임을피할수없다  
20170610,8,Not all opinion is equal.  
20170610,8,관람객차분하면서 자극적이지 않게 현실을 풀은 영화  
20170609,10,관람객사실적인 묘사가 매력적입니다.  
20170607,10,관람객모두가 봤으면 좋겠는 영화  
20170606,7,거짓은 진실을 이길 수 없는 법  
20170605,10,"관람객퇴근하고 피곤한 상태에서 영화관에 들어갔어요.영화를 보면서 정신이 깨였습니다.^^역사를 부정하고, 새로운 역사를 만드려는 이들이 있죠.국정교과서 폐기와 사과없는 교육부역사는 제대로 기록되어야 함을 느꼈습니다.^^  "
20170604,10,"영화 내내 데자뷰의 느낌. 이 영화 속에는 일본군성노예, 세월호, 탄핵심판부정 등등 우리가 현재 목격하고 있는 거짓말장이 극렬분자들의 행태가 모두 들어있다.  "
20170604,8,관람객나름볼만함재미있어요  
20170603,6,관람객지루하고 또 지루한영화  
20170603,1,관람객보다가 잠들었습니다. 죽는게 빠르지 싶었습니다.  
20170602,7,관람객뻔하지만 즐거움 함의하고 있는게 많지는 않음  
20170602,10,지금 우리 현실과 너무도 흡사하다. 많은 혼란과 협잡으로 얼룩져 정체성마저 위태로운 시점에 꼭 필요한 영화가 아닌가 싶다.  
20170601,7,관람객실화라는 점은 평가할만 하지만 영화는 잘 만들어진것 같지않다  
20170601,8,남일같지 않다. 한국 위안부에 대해 일본이 거짓말하고 있는데 반드시 진실을 밝혀내고 사과를 받아내야한다.  
20170531,9,관람객차갑게 이성적으로 말도 안되는 주장을 하는 것들과 어떻게 싸우는지 알려주는 영화.  
20170530,8,개소리는 무시하는게 답이라는 훌륭한 주제의식을 가진 영화네요  
20170530,5,법알못 역사학자의 고군분투기. 진실은 변호사보다 내가 더 잘 알아! 를 외치고 싶지만 재판에서는 그게 잘 안되서 주인공도 답답하고 보는 우리도 답답하고.  
20170529,9,관람객재밌게 봤습니다. 굳굳  
20170529,8,관람객모든 의견이 동등한것은 아니야 데이빗 어빙  
20170528,7,관람객모리아티... 마이크로프트....  
20170528,7,뻔한스토리 보이는결말 하지만 씨제이영화보다는아주잠도들오고좋았네요  
20170528,9,관람객마지막 판결장면이 아쉬웠다  
20170528,10,"영화제목이 모든것을 말해준다.부정하는 것을 부정하는, 심지어는 자신까지 부정하는.영화는 잔잔하지만, 우리도 그들도 결코 잔잔하기가 쉽지는 않았다.  "
20170527,10,관람객아주 좋은 영화를 관람했네요.  소수의. 의식있는 사람이 세상을 살맛나게하는군요  
20170527,8,관람객정직과 소신. 필요한 덕목이라고 생각합니다. 이를 위해 투쟁하는 용기에 박수릴 보냅니다.  
20170527,9,관람객우리나라의 현재를 빗대어 볼 수 있는 영화  
20170526,10,"몰입감이 장난아니였네요. 그 긴 여정이 끝나고 영화관에서 나오니, 아니,, 이 당연한걸 이렇게 맹렬하게 싸워야한다니! 참 씁쓸하더군요, 근데 항상 옳은것을 위해 싸워온 인류들이 있었기에 지금의 우리도 자유를 누비며 살아가는거겠죠  "
20170526,8,관람객생각하게하는영화!과연 우리나라에선 저런주제로 재판을할수있을까하는의문이든다 역사를생각케하고 빠져드는..  
20170526,7,관람객좋은 영화입니다 홀로코트 주제는 언제나 콜  
20170525,9,피해자의 고통으로 심파를 만들지 않으면서도 잔잔하다 나오는 한방이 통괘한 영화! 강추  
20170525,9,"관람객좋았습니다. 영화는 재판과정을 실제적으로 잘 다뤘고, 잔잔한 감동을 주었습니다.팀워크의 중요성을 얻어가네요.ㅎㅎ  "
20170524,10,관람객오랜만에 본 의미 있는 영화였어요  
20170524,10,변호사 할아버지 연기가 인상적이었음. 전개도 좋았고  
20170524,10,관람객대리만족 시원하게 했습니다. 추천  
20170524,8,관람객시끄러운 궤변과 침묵의 투쟁.  
20170523,9,관람객지루할줄 알앗지만 저는 아니고 신선하게 보았어요  
20170522,10,관람객즐겁게 관람하였습니다  
20170522,7,"진실을 원하는지 입맛에 맞는 왜곡을 원하는지 각자가 생각해봐야 할것, 가슴속에 성역이 있는자는 결코 진실을 추구하지 않는다 . 진실을 원하던 성역을 수호하던 지키려면 싸워야 할것.  "
20170522,8,"관람객표현의 자유라는 이름으로 모든 의견을 표출하는 것 그 자체를 옹호하는 시대에, 이 영화를 토대삼아 진지한하고 차분하게  다양한 이야기를 해보았으면 좋겠다고 생각.  "
20170522,10,"관람객조금 더 상영기간이 길고, 조금 더 많은 곳에서 상영했으면 좋았을텐데.  "
20170521,8,감정적 호소보다는 사실적 근거로.  
20170521,8,"관람객실화기반의 법정 다툼,  자칫 지루할 수 있는 소재를 위트있고 강한 메시지를 실어 뽑아냈다.  레이첼 와이즈의 눈빛과 목소리는 언제봐도 매력적  "
20170521,10,우리는 역사의 진실과 정의를 수호해야만 한다는 것을 느꼈습니다. 아직까지 우리 사회에 역사를 왜곡하는 이들이 거짓 주장을 펼치고 있지만 뜨거운 갈망과 차가운 이성으로 우리는 그들로부터 역사의 진실과 정의를 수호해야만 한다는 것을 느꼈습니다.  
20170521,10,"관람객아픈 역사를 아는 그녀와 이상한 철학을 가진 한 남자와의 법정싸움, 지루한 내용이지만 무언가를 느끼고 담아갈 수 있는 영화/ 그것도 믿음이다..  "
20170520,10,이 영화가 우리나라에서  관객 천만 보았으면  좋겠다  
20170520,8,관람객변호인과 재판과정의 디테일이 살아있습니다. 역사의 재현이란 이런 것이군요.  
20170520,8,관람객꼭 관람해야 할 영화!! 지나친 감동을 기대하진 마세요~ 스토리 자체만으로 값어치 있는 영화입니다  
20170518,10,관람객꼭 봐야 할 영화! 역사 앞에 끝까지 싸우는 모습이 인상적이다 부정할 수 없는 역사적 진실은 존재한다  
20170518,10,언젠가 누군가 말을 한게 생각난다 유태인들은 잊을만 하면 유태인 학살 영화를 한 편씩 내 놓는다고...우리는 피해자다 피해자다 어떠한 일을 해도 용서해라이스라엘 ㅋㅋㅋ  
20170517,8,관람객담담하고 담백하다 억지스러움이 없다  
20170517,9,관람객잘보고 왔습니다. 오늘이 벌써 상영 마지막 날이라니...예술영화관에서만 상영한것이 안타깝네요ㅜㅜ  
20170517,9,관람객영화가 전하고자 하는 메세지가 분명합니다. 진실을 대하는 것에 대해 생각하게 해주는 좋은 영화인 것 같아요  
20170517,9,"상대의 약점 하나를 잡아서, 전체를 다 거짓으로 매도 하면서 상대방을 흔들어버리는 아주 야비한 수법들이 나오는것을 보고, 모 정치인이 생각났습니다. 홍모시기라고나 할까요?  "
20170516,8,관람객좋은 영화기는 한데  왜 이렇게 까지 하는지 약간 알 수 없는 느낌도 있었다.  
20170516,10,관람객굳 혼자서 너무 즐겁게 봤어영  
20170515,6,관람객좋았지만 한계가  분명했다  
20170515,10,관람객셜록 시즌4.5보는줄  
20170514,10,관람객냉철한 법조인의 모습 때론 냉철하게 대응하여야 되는 모습을 볼 수 있었습니다  
20170514,10,관람객극적인 재미는 덜 할 수 있으나 솔직한 일상적 변론 모습과극적으로 악한 사람을 대하는 법을 배울 수 있어서 좋았습니다 학교에서 학생이 친구와 교사를 괴롭히는 재미에 빠져있을 때 억천만 애간장이 타는경우의 대화기술 터득이랄까요 모두 선해졌으면 좋겠습니다  
20170514,10,관람객멋있어요. 정의로운 사람이 승리하는 모습  
20170514,7,관람객'이겼다'는 법적 판결이 주는 명쾌함  
20170514,9,관람객초반 중반의 답답함을 후반부에 한번에 해결해주는 영화  
20170514,9,관람객아내와 함께 관람했습니다영국의 재판문화도 볼 수 있었고 내용도재미있었습니다  
20170514,10,관람객오랜만의 괜찮은 법정드라마  
20170513,8,관람객관심병이 지나치면 많은 사람이 피본다  
20170513,8,관람객통쾌한 법정드라마우리의 역사는 언제쯤...  
20170513,10,관람객진실은 승리한다는 것을 다시 한번 알게 해준 영화.  
20170513,10,관람객여러모로 우리나라의 상황도 떠올리게하는영화  
20170513,7,관람객속이 꽉찬 스토리 전개가 맘에 드네요 결론 예측이 가능한점이 조금 아쉬웠지만 잘 봤습니다  
20170513,10,"관람객...,.,,,.,,.  "
20170513,8,관람객실화를 바탕으로 자연스러운 전개가 편하고 좋았습니다  
20170513,9,관람객내가 혹은 우리가 믿고 있었던 역사적 사실을 증명하라고 한다면 난 어떻게 생각하고 행동 했을까 하는 물음을 던져주고 길을 보여준 영화  
20170513,7,"관람객진실에는 수많은 인내와 지혜를 요구한다. 하지만 그만큼 가치있는...아니, 가치로 따질 수 없는 것이다.  "
20170513,10,"관람객역사적 증거를 인멸, 훼손, 날조하고자 어떠한 악랄한 작태를 시도할지라도, 역사적 진실은 엄연히 그리고 오롯이 살아있다는 것. 이영훈과 박유하가 반드시 봐야 할 영화  "
20170513,9,초반 주인공의 고구마를 견뎌내신다면 후반 개사이다를 맛볼 수 있습니다 두시간동안 함께 투쟁한 기분.. 어빙교수는 언행이 참 레드읍읍... 같다  
20170513,9,"관람객정의와 용기, 진실의 힘을 다시 되새기는마음벅찬 영화였습니다모처럼 가슴을 뛰게하는 영화를 만나행복했습니다  "
20170512,9,관람객반전이 있거나 하지는 않았지만 법정영화는 언제나 재밌네요  
20170512,9,관람객이 영화를 보시기를 추천합니다  
20170512,8,"관람객모든 의견은 동등하지 않다. 이시대에 소위 ""관점""이나 ""의견""의 다양성을 내세우며,진리를 추구하는 사람들을 마치 보수적이고 배타적인 이들로 몰아세워 진실을 호도하는 자들을 생각나게 하는 영화.  "
20170512,8,관람객무난하나 극적인 장면이 없어 밋밋함  
20170512,10,"관람객영화 보는 내내  대사  하나하나에 집중할 수밖에 없을 정도로 감동적이었다.진실을 지키려는 노력,진실을 알리려는 진심어린 배려에  눈물을 흘렸다.참 좋은 영화,몇 번이고 다시 보고싶다.쇼팽의 선율이 잘 녹아들었다  "
20170511,8,"관람객지금 한국의 상황과 오버랩되는 지점들이 많을 거 같습니다... 특히 잠깐 나왔던 재판 준비히는 패러리갈의 남자친구의 대사가 세월호 이제 지겹지도 않냐고 너무 쉽게 말하는 사람들, 나는 그런 생각을 한적이 없었나 반성해봅니다  "
20170511,8,관람객한 새사람을 이루어가는  
20170511,8,관람객데보라 립스타트 영화보는 내내 좀 답답했음..  
20170511,8,관람객재탕할 의향있어요 기대안했디만 꽤나재밌개본 영화  
20170511,9,관람객진실은 침묵조차도 지지한다  
20170510,10,"관람객루즈하지 않게 잘 봤고, 무엇보다 씨네큐브의 운영에 감동했습니다. 광고없음, 엔딩 크레딧 끝나고 불들어오는 등.  "
20170510,7,"관람객실화라 흥미로웠으나, 여주인공의 연기가 너무 짜증났고,결말이 너무 쉽게 풀려 미국 헐리우드 스타일이 뻔한 마무리가 아쉬웠다.  "
20170510,10,개존잼입니다. 외국영화라 그런지 편견없이 보니까 우리나라 역사영화보다 훨씬 낫다고 느껴졌어요  
20170510,1,"캐스팅/평점에 현혹되지 마시길, 일단 재미가 없다. 보는 내내 지루하고 끝나고 나서도 이게 뭐야. 법정드라마에 홀로코스트 주제면 평점 8이상 줘야 영화볼줄 아는거냐 ? 좀 솔직해지자. 제 평점은 4점, 낮추기위해 1점 줍니다.  "
20170510,9,"관람객""모든 의견이 동등하지는 않다."" 인상적인 대사였고 흥미로운 영화였다  "
20170509,9,요즘 우리사회와 비슷한 모습에서 공감...진실을 위해 포기하지 않는 모습에 감동!!!  
20170509,9,"관람객결말을 아는데도 심장을 쫄깃하게 만드는 연출, 어디에나 존재하는 해악을 바라봐야하는 참담함  "
20170509,9,관람객정말 심장이 쫄깃하기도 하고 감동도 있는 영화였습니다. 잘 봤어요~  
20170509,9,관람객의미있는 영화였습니다  
20170509,7,관람객극적인 반전은 없느나 연기가 돋보인 영화  
20170509,10,관람객영화 속 배경은 90년대이지만 지금의 우리나라다.  
20170509,9,관람객홀로코스트에 대한 또다른 시각설정이 좋네요..  
20170509,10,"레드준표가 떠올랐으며,얼마 전, 그것이 알고싶다에서광주민주화 학살은 없었고, 시민 공격에 정당방위 했다고 소리치던 노인이 생각났다.추악한 일을 저지르고 뻔뻔하게 거짓말 하는그들도, 그런 행동을 하는데.. 자기합리화였던것 아닐까  "
20170508,8,"관람객현재 우리나라 시국을 빗대는 분들이 많으신 것 같은데,저는 단순히 우리가 역사적 사실을 어떻게 읽고 해석할 것인가 라는 관점에서 흥미롭게 보았습니다.  "
20170508,10,"일제 만행에 대항하여 냉철하고 정의로운 우리의 집단 지성이 필요할 시대. 하지만 아직도 광주 민주화 운동이 폭동이라는 역사 왜곡에 휘말려 소모적 논쟁과 정치적 분열이 지속되는 한, 옆나라 침략 역사의 왜곡은 더 심화될 것 같다  "
20170508,8,영화 자체는 상당히 괜찮으나 약간 잠이 오긴 한다  
20170508,9,이런영화를 보기위해 먼길을 시간맞춰가야하는 우리나라  영화계가 개탄스럽다.수준낮은 한국영화계... 반성하시길.. 망할 꼬리아.  
20170508,9,관람객중간중간 내용 이해하느라 좀 애먹었지만 잼썼어용ㅎㅎ  
20170508,9,가슴으로 재판에 임하려고 하는 의뢰인을 저지하면서 냉철한 지성으로 재판을 승리를 이끄는 변호사들. 역시 몇백년 역사를 자랑하는 영국법정의 클래스는 다르다는 생각을 하게 하는 영화.  
20170508,10,쓰레기를 대처하는 최선의 방법 어쩌면 가장 속시원한 방법. 우리가 믿고 있는 이성에 대한 신뢰 회복을 주는 영화  
20170507,10,"관람객엄청난 영화위안부, 세월호, 정치, 종교, 공동체 등너무 많은 이야기들을 잘 담고 있는 영화강력 추천합니다  "
20170507,8,"관람객좋은배우들과 연기, 담담하게 풀어내는 스토리라인이 좋았음.  "
20170507,7,관람객사실을 기반으로 둔 스토리의 힘과 역사적 사실을 사실로 보지 않는 지금의 우리 사회를 잘 보여주는 영화~  
20170507,8,관람객법조인으로서 실천 가능한 정의의 모습  
20170507,9,관람객좋았습니다.좋았습니다.  
20170507,10,관람객꼭보세요 꼭꼭꼭특별시민은 비교가 안됩니다.  
20170507,10,관람객한국에서는 과연 이런 논의가 가능할까요?이런 논의를 할수있는게 부럽다고 느낀영화  
20170507,8,관람객많은 생각을 하게 하는 영화  
20170507,9,관람객진실이 진실임을 증명해 내는 일.진보의 길임을...  
20170507,9,관람객믿을수 있던건 오직 나뿐이었다오로지 이기기 위해서 재판을 하는 냉정한 사람들이라 생각했다. 진정으로 한 팀이 되는건 그들에게나 나에게나 쉬운게 아니었다.하지만 그들을 믿고 의지하면서 그들의 진심이 느껴지기 시작했다.  
20170506,8,관람객합리적으로 상대를 몰락시키는 과정이 재밌어용  
20170506,10,관람객이 영화를 통해 '진실이  승리한다 '는 진리를 보게되어 마음속 깊이 감동이 있었습니다. 거짓뉴스 가짜정보가 판치는 현실에 시원한 물줄기같은 느낌이 드네요우리나라에서 앞으로 벌어질 큰 이슈의 재판에서도진실이 승리하길 빌어봅니다  
20170506,10,"관람객우리나라 일본군 '위안부' 문제가 계속 생각이 나는 영화였다. 비겁한 꼬투리잡기, 자의적 해석에 어떻게 대항해야하는가 더 많이 생각을 해야겠다.  "
20170506,9,관람객기대보다 좋았던것 같아요!!  
20170506,9,관람객상식이 통하는 않는 사람을 상대하는 것이 얼마나 힘든 것인지...  
20170506,9,'거짓은 진실을 이길 수 없다'는 평범하지만 변치않는 진리가 살아 있음을 실화를 통해 리얼하게 보여준다.  또한 변호인의 치밀한 변론 전략이 돋보인다.  
20170506,9,"관람객현재 정치 작금의 상황과 비슷한것 같다.상식적이지않은 말을하고  비판받아도, 그냥 아무일도 없었다는듯 또다시 고개 빳빳이 들고 맞지도않는 자신의 논리를  다시 펴고~~  언젠가 오류가 진실이되는 그날까지눈하나  깜짝않고 얼굴에 철판을 깐 사람들  "
20170506,10,관람객재판을 준비하는 변호인들의 노력들이  
20170506,7,"관람객영화 전반부에는 조금 지루했지만, 후반부로 갈수록 긴장감이 있었다.  "
20170506,8,관람객흥미진진한 스토리와 배우들의 탄탄한 연기력이 상영시간 내내 몰입하게 만들었다.  
20170506,8,관람객생각을 달리 하는 사람과 사는 법과연 나의 부정은 정당한가.  
20170505,8,관람객영국에서 만든 헐리웃영화  
20170505,10,관람객현상을 바라보는 시각엔 이견이 있을 수 있으나현상의 존재자체에 관해선 이견이 있을수 없습니다  
20170505,10,관람객한국의 많은 모습이 스쳐갔습니다.  
20170505,9,"관람객선과 악, 믿음과 진실, 침묵과 분노: 모든 것의 공존을 담담히 말하고 그려낸 영화.  "
20170505,9,관람객훌륭한 시나리오 훌륭한 연출 훌륭한 배우지켜야할 역사적 사실에 대해 치열하게 싸우는 이야기에 가슴이 벅차 오른다. 속이 꽉 찬 웰메이드 영화  
20170505,10,"감정에 호소하기 보다 냉철한 이성으로 승부하는 스토리, 배우들의 연기 모두 훌륭합니다. 한번쯤 꼭 봐야할 영화.  "
20170505,10,관람객사실이 왜곡되는 인간의 감정 공간을 인간의 이성적 논리로 지키려는 변호사들의 노력을 잘 그려 놓았음. 인간 개개인에게 천부적으로 가져온 감정의 왜곡장에서 우린 자유롭기 어렵다 생각함.  
20170505,10,"홀로코스트에 관해서 책과 영화로 알아가던 중 개봉한 영화, 현대에서 보는 홀로코스트 , 담담하지만 뜨겁게 봤다  "
20170505,8,관람객재판 전까지는 좀 지루했고 재판 시작되고부터 재밌었어요  
20170505,9,관람객굳~~주인공 여배우의 감정선이 특히 좋았음  
20170505,10,관람객사실만이 왜곡된 역사를 질식시킨다.  
20170505,8,관람객 통쾌한 영화. 어떤것이 진실임을 밝힐 때 가장 필요한 것이 무엇인지 보여줬다. 우리의 역사에도 규명되어야 할 일이 많다. 실증적으로 이루어지길 바란다  
20170505,9,관람객2시간이 아깝지 않은 영화였어요  
20170505,10,이 영화가 흥행안 된단것에 나는 부정한다  
20170505,9,관람객다큐멘터리 형식을 좋아하실 분께 추천합니다. 진지하지만 감동있는 영화입니다!  
20170504,10,관람객평정심으로 이기는 승리. 우리에게 필요한 순간.  
20170504,8,"관람객아우슈비츠수용소의 고요함이 더 강렬한 메시지를 전하고 있었다. 변호인 앞에서 함께한 데보라의 태도, 법정에서 오로지  증거와 논리로 맞서는 변호사 모두 정정당당해 보엿다. 재판장이 의외의 질문을 던졌지만 판결은 명확하게 내려졌다. 화이팅!!!  "
20170504,5,관람객뭔가.. 정의로운데 재미는 없었다  
20170504,7,관람객몰입도가 상당하다ㅎㅎ 감정에의 호소에 치우치지 않도록 중심을 잘 잡음  
20170504,7,사실을 다 알고 있다. 연출이 크게 흠잡을 곳이 없지만 전개가 너무 매끄럽다. 배우 연기가 좋았다. 추천합니다.  
20170504,7,포스터에 최고의 법정영화하는 말에... 좋은 영화이나 다른 더 뛰어난 법정영화들이 있다.  A few good man 등등...  
20170504,10,"핵노잼 영화 ""특별시민""에 가려져 빛을 못 보고 있는 진주같은 영화.  "
20170504,8,관람객집중해서 보지않으면 졸린 영화  
20170504,7,관람객예상은 했었지만... 결말이 좀 진부했고 스토리 전개 과정도 클라이막스가 없이 밋밋한 느낌이 들었다  
20170504,10,관람객재미있게 봤어요~^^  
20170504,10,관람객진실을 지켜내려는 그들의 팀웤이 빛을 발하네요.  
20170504,9,관람객진실을 혼란스럽게하는 법적 시스템이나 언론의 부작용들에 대해 시원하게 꼬집어주며 그럼에도 불구하고 이러한 현실속에서도 우리가 당연하면서도 소중한 것을 지키기 위해서 많은 인내가 필요하다는 것을 보여주는 영화  
20170503,8,관람객처음부터 끝까지 한시도 빼놓지 않고 흥미진진함. 법정공방을 현실적으로 잘 연출했다  
20170503,7,"관람객실화 기반의 영화가 실화를 ""이용""하지 않은 좋은 사례.  "
20170503,10,주장을 입증할 때는 감성보다 이성이 앞서야 함을 증명해주는 명화  
20170503,9,관람객오랜만에 남녀사랑이 아닌 지적 호기심과 논리력을 갖춘멋있는 인물들을 다룬 영화를 봤습니다. 굿!!!  
20170503,10,관람객나는 부정한다. 나는 부정한다.  
20170503,9,관람객진정한 법정드라마를 본거같다진지하면서도 재미있고 여주인공 연기도 좋았다  
20170503,9,관람객재밌게 잘 봤습니다! 추천합니다!  
20170503,8,"관람객인상적인 소재, 조금 지루한 구성  "
20170503,8,관람객홀로코스트를 다뤘지만 겹쳐 보이는 사건들이 있다.  
20170503,8,관람객잘 짜여진 스토리와 긴장감있는 전개  
20170503,9,"실화를 바탕으로 한 작품들이 극적 긴장감과 리듬을 유지하지 못하는 경우가 종종 있지만, 이 작품은 좋았습니다. 일정한 속도로 사건을 따라가며 빨리 걷는 듯한 기분.  "
20170503,7,"관람객범범하게 누가 그러니까, 책에 나오니까, 이런게 아니라 모든건 검증을 거쳐야. 어느 편이건~~  "
20170503,9,관람객처음부터 끝까지 몰입하여 보게되는 영화  
20170503,10,역시 진실을 말할때는 이성적으로 냉정하게  
20170503,10,지금 우리에게 시사사는 바가 크다. 강추.  
20170502,8,관람객진실을 대하는 직업인의 세계  
20170502,7,관람객양심을 따른다는 것이 무엇인지 다시생각할수있었음감정만 앞선 외침은 외침에서 끝나지만일을 이루어내는것은 양심을 현실로 증명한다  
20170502,10,관람객최고! 큰 상영관에서도 상영하면 좋겠어요!  
20170502,10,관람객말이 필요 없다!!^^  
20170502,5,관람객글쎄요... 지루 했어요  
20170502,10,관람객봐야될 영화라고 생각해요  
20170502,8,관람객나쁘지 않은 수준의 영화  
20170502,8,관람객히틀러 광신 사학자와의 한판 대결이 볼만합니다.  
20170502,10,관람객진실이 있는시대 진실의 영화  
20170502,8,"관람객어느 시대, 어떤 환경에서도 자행되는  잔악함과  덮으려는 시도, 이를 기화로 명성과 사익을 추구하는 군상들!현재를 보는 듯한  실화극.  "
20170502,9,관람객너무 좋았어요. 생각을 많이 하게 되는 영화  
20170502,10,관람객재미있었고 의미있는 영화네요. 다시 볼 예정이예요....  
20170502,5,관람객개인적으로는 조금 지겨웠음  
20170502,8,해외역사에 큰흥미가 없으면 지루함걍 무난  
20170502,6,관람객흥미로운 소재를 넘나 단조롭게 풀어낸 것이 아쉽.  
20170501,9,관람객기대 이상으로 좋았습니다.  
20170501,10,역사란무엇ㄴ가에 대해서 생각해보는 유익한 시간이었습니다  
20170501,10,관람객완벽하게 동의하는 걸작!  
20170501,8,진실의 발은 거짓의 발보다 느린점을 알았습니다.그리고 이를 이용한 행동에 대해선 어떻게 대처해야 하는지 생각해 볼 수도 있었네요.현 우리나라 상황 때문에 그런지 감정이입이 좀 더 강하게 된 개봉 타이밍이지 않을까 싶습니다.  
20170501,7,관람객약간의 아쉬움은 있지만 대체적으로 재밌습니다.  
20170501,9,관람객Dignity is to shut up  
20170501,4,관람객모리어티 때문에 점수줍니다  
20170501,6,관람객역사에 대해 생각해볼만 좋은 영화였습니다  
20170501,10,관람객여러 가지 생각이 많아지는 영화  
20170501,4,"오늘 10시에 봤습니다, 둘이가서 교대로(?) 졸다가 온 영화.- 뮤직박스 같은 영화를 기대하신다면 실망은 더 커집니다.너무너무 당연한 드라마.  "
20170501,7,관람객배우들의 연기를 이야기가 따라오지 못하는 불균형이 아쉬운 영화  
20170501,8,관람객그럭저럭 볼만한데 감정선 묘사가 살짝 매끄럽지 못한듯하다.  
20170501,1,완전 지루했네요참고하세요...졸다가 왔어요..  
20170501,10,관람객재미있었어요  다시보고싶네요  
20170501,7,관람객실화여서 더 재밌게 느껴졌다.  
20170501,7,관람객다 좋은데. 클라이막스 감동이없습니다  
20170501,10,"관람객역사애 대한 부정, 개인의 자유와 역사 왜곡 이건 우리 나라에서도 일어나는데... 생생하게 잘 표현 된 영화 입니다. 감동 받으며 보았습니다. 강추  "
20170430,9,배우들의 말 한마디한마디에 긴장되고 몰입되는 영화.  
20170430,8,"관람객가슴은 뜨겁게, 머리는 차갑게  "
20170430,9,관람객감동적이고 흥미롭네요. 배우들 연기 정말 리얼하구요.  강추합니다  
20170430,9,관람객엔딩크레딧이 끝날 때까지 자리를 뜰 수 없었던 영화.비상식적인 독선이 사회를 병들게  할 수 있다는  것을 생각하게 하는 영화. 우리의 현실같이....  
20170430,8,관람객지루했음..나중에 다시봐야 제대로 느낄듯  
20170430,9,관람객감동적이고 연기가 돋보이는 영화 이니다  
20170430,9,관람객법정에서의 장면이 더 긴장감 넘쳤으면 좋았겠어요^^  
20170430,8,관람객매우 인상적인 영화였습니다.  
20170430,7,관람객거짓선동에대한 냉철함과 이치에 합당함으로 또는 기다릴줄아는 용기로... 믾은것을 배웠다.  
20170430,8,"관람객진실은 반드시, 혹은 어차피 승리하는 것이 아니다. 진실을 부인하고픈 욕망은 메마른 고목과도 같아서, 작은 '그럴듯한' 부정에도 불길이 치솟아 진실을 삼켜버릴 수 있다. Denial은 그 치솟는 불길에 맞서 진실과 존엄을 위해 싸워낸 이들의 이야기다  "
20170430,8,관람객좋았으요..연기도 연출도.!  
20170430,9,"관람객영화가 주제를 다루는 능력, 영상미, 음악에 대해선 흠잡을 데가 없었으나 결말이 너무 급하게 닫히는 듯한 느낌이 있어 살짝 아쉬웠다.  "
20170430,10,"관람객오랜만에 본, 정말 냉혹한 현실 속에서 어렵고 답답해보이지만 승리할 수 있는, 굉장히 휴머니스틱한 영화!표현의 자유가 막말의 자유가 아니라는 것, 누구나 자신의 말에 대한 책임으로부터 자유롭지 않다는 것은 지금 우리에게 매우 필요한 메세지  "
20170430,9,관람객연기력 스토리 연출 모두좋았지만 급하게 결론이 나온 느낌  
20170430,8,관람객이 영화를 보면서 아시아의 위안부 문제가 떠올렸습니다. 위안부 문제에 대해 망언을 하고 있는 일본 극우단체들이 떠올랐습니다. 냉정하고 이성적으로 일을 처리하는 모습이 아주 인상적이었으며 그런 태도는 분명히 배워야 한다고 생각합니다. 추천합니다.  
20170430,9,관람객어빙뺨때리구싶다연기참잘해..  
20170430,10,관람객간만에 좋은영화봤음양심이뭔지  
20170430,10,관람객단순하게 영화라는 거보다 많은 것을 생각하게 하는 의미있는 영화. 게다가 배우들의 연기력도 좋다  
20170430,9,약간 매끄럽지 않은 것이 있어서 9점.일베충들이 꼭 봐야하는 영화.그러나 소용없을것 같은 영화  
20170430,10,관람객통쾌한 승리 실화를 바탕으로 하기에 더욱 좋았습니다  
20170429,8,관람객너무도있었던일을없었다고할수는없는법.  
20170429,5,내용은 괜찮았지만 그리 감동적이지는 않은게 현실적이지 않았음어빙같은 사람이 저렇게 싱겁게 당하지도 않을 뿐더러 여주인공 캐릭터가 저런 돈키호테라면 현실에서 저런 변호사들이 변호하지 않으며 정의는 저렇게 간단히 승리하지 않기 때문이지  
20170429,10,많은 생각을 하고 배울 수 있는 시간이었습니다.많은 분들이 보시면 좋겠습니다! :)  
20170429,9,관람객훌륭한 영화! 우리에게도 일제의 만행을 알릴 이와같은 영화가 만들어지고 널리 알려졌으면!  
20170429,9,이영화 보면서 일본 생각 많이 난건 나뿐인가...?일본도 지금 어빙처럼 하고 있다.  위안부는 자발적인거라고..  
20170429,8,관람객지금 이 순간 우리에게 꼭 필요한 이야기  
20170429,10,지만원과 일베충들이 봐야 할 영화  
20170429,9,특별함도 없고 꾸밈도 없지만 진정성이 느껴지는! 배우들 연기력 장난 없어요 ㅎㅎ  
20170429,10,관람객표현의 자유를 보장하는 세상에서 자유는 방종이 아니며 모든 표현에는 마땅한 책임이 따른다는 것을 마음에 새길 필요가 있습니다. 차분하고 담담한 시선으로 희생자들의 비극을 소비하지 않으면서도 그들을 존중하는 시선이 좋았습니다.  
20170429,7,관람객진지하면서 긴장감있는 영화  
20170429,8,관람객뭔가 긴장감 같은 건 좀 부족했지만 괜찮은 영화였어요.  
20170429,7,관람객홀로코스트의 존재를 잔잔하게 입증한 영화. 승리 후에도 잔잔한 기쁨으로 마무리해서 더 기분좋았던 영화였다  
20170429,8,관람객내용은 대략  알고  보았는데  생각만큼 잘된영화인지는 모르겠네요 ~~  
20170429,9,"엄연한 진실을 꺾으려는 자, 그 진실 앞에서 바르게 선 자, 그리고 엄연한 진실을 더 굳게 하는 자.  "
20170428,10,관람객가짜뉴스 거짓말 세력과 혈투 벌이는 촛불시민들 필견 작품  
20170428,10,꼭 보세요!!  악이 어떻게 생존하는지 여실이 보여줌!!! 진실을 지키는 것도 악을 이겨야만 가능하다는걸 보여줌!!!  
20170428,9,관람객우선 결론은 재밌었다. 마지막까지 마음을 졸여야하나 긴장했지만 반전은 이루어지지않았다. 꾸밈과 허세없는 영화로 기억에 남을거같다  
20170428,9,연기를 진짜 잘한다는 게 느껴져요 저는 강추합니다~  
20170428,9,실화라서 더 감명깊었고 재판 장면은 정말 명장면  
20170428,8,관람객사전지식없이 포스터만 보고 대략 어떤 내용일거라 생각했는데 그 생각과 다르게 흘러가서 재밌었고 실화를 바탕으로 한 영화라 더 흥미로웠다  
20170427,7,관람객상당히 완성도 높은 영화!  
20170427,10,우리도 부정해야 한다.  
20170427,10,처절한홀로코스트의  부담감이있에다  
20170427,9,진실이 계속 소용돌이 칠때 정의가 서리라!  
20170427,9,레이첼와이즈의 피고인으로서의 연기가 리얼해서 좋았다  
20170427,10,원제 denial 이 여러 모로 해석되어 좋았어요  
20170427,9,진실이 거짓을 부정하는 방식이 흥미로웠습니다!!  
20170427,9,마음의 힐링이 된 영화~상영하는 극장이 왜이리 없는지~있어도 상영횟수가 너무 적었던~다섯명정도 앉아서 본듯~  
20170427,9,"일반적인 상업영화로는 보기힘든 작품성과 동시에 살아가는 시대의 많은 것들을 생각하게 한ㄷㄴ 아주 좋은 영화였으며, 끝나고 가진 변호사님 기자님의 인터뷰는 더욱 진한 즐거움이었어요!  "
20170427,6,관람객당연한걸 싸워서 이겨야만하다니 ㅜ  
20170427,9,"더  많은  사람이  봐야  한다. 진실, 정의, 가치있는  모든  것들은  뜨거움과  차가움이 함께 이뤄야 한다는  것을  더  많은  사람들이  알아야  한다.  "
20170427,8,변호인들 짱멋.. 마지막에 감동이었으뮤ㅠㅠ영화처럼 대한민국도 잘 됐으면 좋겠다ㅠ  
20170427,10,진실은 반드시 승리한다 라는 믿음을 다시 한번 되새길 수 있게 해준 영화! 많은 사람들이 보고 공감할 수 있을 것 같습니다!  
20170427,10,정말 명배우님들....멋진 연기 멋진 스토리!  
20170427,10,만점을 주어도 아깝지 않은 영화 꼭 다시 보고 싶은 영화  
20170427,10,우리나라 사람이라면 정말로 꼭 봐야한다. 거의 모든게 담겨있다고 해도 무방할 정도로  완벽에 가까운 영화였다. 상영관 수를 늘려줬으면... ㅠㅠ  
20170427,9,법치주의 국가에서 진실이 어떻게 밝혀지는지 그리고 변호사들의 역할이 무엇인지 보여주는 법정 드라마.  
20170427,10,주제가 어렵긴했으나 볼만함  
20170427,10,진실을 왜곡하는 거짓앞에서 감정으로 대응하고 싶지만 침착하고 냉정한 대응으로 거짓을 정의의 심판에 맡기는과정을보여주는 영화. 우리의 모습이기도 하기에10 점  
20170426,9,진실과 팀웍의 힘을 알게하는 영화! 나는 인정합니다!  
20170426,9,모든 의견이 동등한 것은 아니라는 립스타트의 말이 기억에 남는다. 자신의 권리를 표현할 자유도 있지만 진실을 왜곡하고 타인의 인격을 모독하는 것에 대한 책임 또한 져야하는 것이다.  
20170426,10,너무도 당연한 사실을 증명하기 위해 싸우는  영화.  지금 우리 현실과도  맞닿아 있어 더  몰입해 볼 수 있었다.  
20170426,10,법학도라면 반드시 필 관람해야 하는 영화이다역사를 재판을 통해 판단 하는 것은 수많은 오류를 불러 올 수 있고 평가의 자유를 침해할 수 있을 것이나 역사를 주관적 시각에서 바라보는 것이 아니라 사실에 근거해서 객관적으로 검증 할 필요가 있다  
20170426,8,"90년대 느낌이 매우 잘 살려졌다. 중요한 소재에 비해, 마치 다큐 영화처럼 다소 딱딱한게 흠이었다.  "
20170426,10,거짓이 승리하는것을 진실이 침묵하는 것을 부정하는 통쾌한 영화  
20170426,8,관람객굿!! 시간가는줄모르고봣어용  
20170426,5,관람객그냥 그저그렇습니다  기억에  남을만한게없유  
20170426,9,한번쯤은봐보라고권하고싶디ㅣ  
20170426,9,드라마틱한 재판 영화. 너무 괜찮다.  
20170426,7,비판 고발적 영화에 자주 출연하는개념있는 배우 레이첼 와이즈가 출연해서 관심있게 봤다.근데 너무 사실에만 집중해서 영화적 재미는 많이 떨어진다.그래도 한번쯤 볼 만한 영화.  
20170426,10,침묵의 부정에 소리치는 영화. 추천합니다 !!!  
20170426,9,"지금 대한민국에 필요한  영화!!!!  강력 추천. 엄지척 , 마지막에 가슴이 뜨거워지는 걸 느꼈음 ㅠㅠ  "
20170426,8,"오늘 보고 왔습니다. 현대사를 공부하는 대학원생으로서, 감명깊게 봤습니다. 중간에 잊을건 잊으라는 법률인 남자친구에 말에 세월호와 천안함이 생각나 슬펐습니다.  "
20170426,8,거짓 역사에 빠진 모든 망상론자들이 사라져야 한다  
20170426,9,진부할수도 있는 역사적 이야기를 감성적이기보다 냉철한 접근법으로 풀어나가는 점이 좋았습니다.  
20170426,9,관람객영화 속 판사가 되어 냉철하게 본 영화..재밌다..  
20170426,10,역사를 잊은 민족에게 미래는 없다  
20170426,10,드디어!! 너무나 기다렸던 영화 - !!!  
20170426,10,강력 추천... 최고의 영화  
20170426,10,사이다란 이런것. 한번씩 꼭 보시길 추천!!  
20170426,10,드디어 개봉... 기다리고 기다리던 영화 ... !  
20170426,8,"역사 날조와 왜곡을 막고 진실을 알리기 위해 고군분투하는 레이첼와이즈. 그녀의 뛰어난 연기력, 드라마와 서스펜스가 적절했다. 이 시점에 우리들이 꼭 봐야하는 영화  "
20170426,10,최고의 영화였습니다! 후회없는 선택이였습니다  
20170426,10,막막한 진실 앞에 당당히 선 사건! 그 누군가는 밝혀내야했을 진실!마치 최근의 우리를 보여주는 것 같아요~ 그래서 더 소름!!  
20170426,10,"거짓 도발에 뜨거워지지 않으며, 승리에 도취하지 않는 영화의 결, 오늘, 이 시대에 잘싸우는 법을 알려준다.  "
20170426,10,한번은 꼭 봐야할 듯...  
20170426,10,나는 부정한다!!! 한번쯤 세상을 향해 크게 외쳐보고 싶은 말입니다강력추천 합니다. 답답갑갑한 세상 사이다 필요하신 분께  
20170426,10,개봉 타이밍 죽인다. 강력추천. 올해의 역사영화!  
20170426,10,"특별시민보다 의미심장하고 임금님의 사건수첩보다 훨씬 흥미로웠음! 한국영화 2편에 가려서 그냥 지나치기엔 너무 아깝다. 모두가 꼭 보면 좋을 영화. 배우들의 연기, 메시지 모두에서 강력추천합니다! 후회없음  "
20170426,10,차분해서 오히려 감동적이었던 영화  이제 우리 역사도 해낼 차례다  
20170426,9,"관람객뜨거운 가슴으로 진실을 외치고, 차가운 이성으로 거짓을 부정한다. "" 엄지척!!!""  "
