0,1,2
20190111,10,문근영의 연기로 눈빛 표정 모든걸 압도한 영화  
20181221,9,좋아하는 영화에 추가되었고 두고두고 볼 것 같다. 분위기가 처음부터 끝까지 튀지 않고 알맞다. 숲의 그림도 예뻤고 배우들의 연기도 일품이었다. 문근영 영화는 거의 안 봤지만 이렇게 연기를 잘 할 줄이야...  
20181207,10,"잘만들어진 영화같아요 문근영씨 연기 너무 잘하고 문근영씨가있어서 영화에몰입도 를 높여주었고 문근영씨 과학자 역할에 그녀의 이야기를 소설로 쓰는 작가가 있어서 유리정원의 그녀 순수한존재 ,이해할수있게 해준 신선한소재의 독특한영화  "
20181130,10,작년에 기대 하나도 안하고 친구따라 봤던 영환데 아직까지도 기억에 남는 영화..  
20181105,10,이제는 믿고 보는 신수원감독님.김기덕버리고 신수원감독님으로 갈아탑니나~앞으로 많은 작품 내주셔요  
20181023,10,"어렵다면 퍽이나 어려운 것 같지만,,,,이런 게 작품이구나 하는 생각이 듭니다...나무들은 서로를 다치지 않기 위해 다른 쪽으로 가지를 뻗는다는 그말 ,,,,자꾸만 머릿속에서 맴돕니다.  그리고 문근영 님 이런 분이 진심 배우구나 하는 생각도 해봅니다  "
20181016,6,장화홍련때 문근영이 떠오를정도로 여전히 문근영은 아름다웠다 하지만 영화는 빈구석이 많았다 어떠한 이야기를 하고싶었는지는 알겠으나 표현방식이 올드하게 느껴졌다 사람사는 세상 힘들지만 나무로 사는것도 쉽지않아 보인다 삶 자체가 고통아닐까  
20181016,10,문근영의 마지막 눈빛연기 하나만으로 충분  
20181016,10,문근영씨 사랑합니다아  
20181016,2,전체적으로 봐서는 좀  별로였다. 추천하고 싶지는 않은 영화...  
20181016,10,문근영님 연기가 대단하네여  
20181016,10,문근영이라서 할수있는 역활인듯해요극장에서 봤다면 더 잼있게 영상을 봤을꺼같아요ㅠ 아쉬워라~~  
20181015,10,문근영연기최고입니다  
20181014,5,분위기는 있는데 지루하다..  
20181011,6,그저 반짝 숲 샷 좋았다.  
20181007,10, 살아가면서 나무에게서 위로 받는 시간이참 많구나  생각이 들었숩니다  
20181007,10,초록은 치유고 순수함이고 싱그러움이고 생명들이 돌아가야 할 여정이자 모태의 빛이다. K  
20181007,8,좀 전에 kbs1에서 방영했는데 숲이랑 나무들도 좋았고 시간 가는 줄 모르고 재밌게 봤어요!  
20181007,10,아 좋습니다..충분히 공감할수 있었어요!  
20181007,5,"가을동화에서 문근영이 다시 태어나면 나무가 되겠다더니, 이렇게 나무가 되는것인가...  "
20181007,10,배우들 내용 다 신선하네요  
20181007,9,분위기가 영화를 이끌어간다  
20180910,3,문근영씨!! 이런 영화에 누가출연 시켰어요!!또 얘기해야해!딱보면 일본영화 베낀티~안나나요??전혀~~안어울리는..문근영씨~사랑따위필요없어 망햇죠!!정신차리 셔야죠!이제..나이가 있는데..수상한 가정부 망함여왕의 교실 망함  
20180908,10,관람객다시한번봐야겠어요역시 문근영 연기는 최고  
20180819,10,"이런 신비스럽고 기괴한 소재를 좋아하는 나로서는 정말정말좋았다 영상미, 전개방식과속도, 연출, 결말 모두 좋았다  살짝아쉬운건 개연성이 아주약간 부족한거...? 이런 스토리 선호하시는분들 추천!  "
20180807,7,독특하고 신비로운 진짜 실험적인 소설 같거나...미스터리하고 애처로운 잔혹동화 같거나...온통 짙푸른 푸른빛...싱그럽고 아름다운 배경...마지막 기분까지...묘하구나...  
20180720,7,재밌는데 너무 지루함.  
20180712,4,"이제와서 리뷰를 하지만 진짜 저런 영화에 집중할 수 있었다는 문근영씨의 연기에 4점을 줍니다. 부국제 개막식때 봤을때부터 진짜 심각했는데, 절대 리뷰만 읽고 영화 보지마세요. 영화 좋다는 사람들께 어떤게 괜찮았는지 물어보고 싶네요.  "
20180701,3,한줄평: 50넘은 중2병은 못고친다.  후.  
20180616,10,어려운듯하나 집중하게 만드는 영화  
20180529,5,이 작품이 왜 평점이 높을까?? 삼류같은 전개 방식을 덮을만큼 이 영화가 그렇게 신비로워 보였나??   미저리식 결말이 더 어울ㄹㅕ보이는데 말이다.  작위적인 다른여자의 섹스소리를 듣게 한ㄱㅓㄴ 도대체 무슨의도야.. 이 영화 만든 감독은 소설이나써라  
20180519,10,너무 좋았다.  영화 소재가 초대박  
20180511,7,"처음에는 그녀가 먼저고 소설이 나중이었지만, 결국에는 소설이 먼저고 그녀는 그 다음이었다.  "
20180419,8,문근영의 새로운 발견이네요. 연기 매력있고 신선하고 좋았습니다. 드라마던 영화던 다음 작품도 기대 되는군요.  
20180415,7,순수함이 욕망으로 바뀌는 건 한 순간인 듯.  
20180415,10,처음부터 끝까지 몰입했던 영화입니다... 저에게 많은 여운을 남겼어요  
20180412,9,영상부터 OST까지 너무 좋았다. 병원에 가자는 말을 거절하고 돌아서던 재연이 절던 다리를 바로 걷는건 지훈의 소설속에 다리를 절지 않았던 행복하길 바라던 그녀의 모습을 본건 아닌가 싶다. 10점 주고싶지만 드루이드 정교수를 보며 몰입이 깨져서....  
20180321,5,사랑한다. 믿는다. 나를. 나무를.  
20180317,10,"문근영 배우님의 눈빛. 연기 정말 인상깊고 감동받았습니다. 재연이는 이 세상이 가지를 피해서 자라나는 나무들과 달리 서로를 죽이는 이 세상으로부터 , 벗어나 나무가 되어 더 행복해진 것일 겁니다 ..  "
20180315,8,컵에 재연과 지훈. 그리고 뜨거운 물을 붓고 잘 저어준다.. 그런데 여기 김현이 들어가서 유감이다.  
20180307,6,"작품성은 잘 모르겠고, 배우들 연기는 뛰어나지만 재미는 별로...  "
20180305,1,먼소린지 당췌... 뜬금없는 피아노반주도... 왜 이라는겨  
20180304,10,인간의 감수성의 끝은 어디까지일까...  
20180226,5,신선함 보다는 내 눈에는 그냥 광녀로 보인다.  
20180224,10,좋았음 감정선이 담담해서 더욱 좋았음  
20180216,5,타협하지 않는 불굴의 정신  
20180213,8,모든걸 잃고 녹혈구에 인생을 걸었던 여주와 모든걸 가지지 못했지만 여주를 통해 모든걸 가질수 있었던 남주의 어긋난 관계  
20180126,10,좋은영화다 10점 주고싶다  
20180125,4,중2병 걸린 여학생이 만든 것 같은 영화. 본 시간이 아깝다.  
20180124,5,머리에서 나무가지가 나오고 손이 뽑혔을때 이게 우뢰매인지 유리정원인지 혼란스러웠다..  
20180121,10,솔직히이야기 이해가 잘 안 됐는데 문근영님이 이영화를 왜 선택했는지 보고 이해했습니다  
20180118,3,여러모로 아쉬운 영화~ 여러지점에서 한발씩 모자람...  
20180117,10,이런 영화 필요하다고 봄  
20180115,10,생각할 거리가 많습니다. 배우들의 연기는 더 말할 것도 없구요  
20180113,4,연기도 좋고 말하고자 하는 바도 확실하다. 그런데 솔직히 재미는 없다.  
20180112,7,박평식 평 해놓은거봐라. 진짜 역겹다 저거.. 녹조라떼 들이켜 ? 뭐 대단히 똘똘한줄 아네 지가..할줄아는건 비아냥뿐인게..  
20180109,7,"채식주의자가 같은 설정으로 훨씬 깊고 신선하게 비슷한 주제를 보여준 뒤라 아쉬움은 남네여. 그러나 문배우님 리드덕에 몰입해서 봤고 유리정원과 숲에 찬사를 드립니다. 장소때문에 아류가 아니라 같은 설정에 다른 버전, 다른 이야기로 의미있는 영화였습니다.  "
20180107,1,깊이있는듯 보이려하나 깊이가 없었다.  
20180106,4,광합성 인간이라니 누구 머리에서 나온 시나리오야?  
20180105,7,Sporotrichosis  
20180104,6,관람객라이트 노벨 읽고나온 느낌 정도  
20180104,6,관람객신념을 지켜나가는 사람의 소중함에 대해서는 공감하지만 그것이 잘못된 신념이었을 경우도 고려했으면 어땠을까 하는 아쉬움이 남는 영화. 문근영의 눈빛만큼은 오래 남을 것 같다.  
20180102,6,그 유리정원이란 소설 읽어보고 싶다.  
20171231,9,"예술적분위기, 나무에 대한 감수성을 느끼는 시간 잘 봐습니다!  "
20171231,1,고구마 10000개짜리 영화  
20171231,9, 인간의 욕망과 탐욕의 안타까운 결말을 그렸내요나무는 빛과 물만 있으면 되는대 인간은 모가 그렇게 많은것들이 필요한 걸까요  
20171227,6,극적 긴장요소가 부족해..의미는좋으나  
20171226,10,영화 한번 이상 안보는데 계속 보고싶어요  
20171220,5,신선한 발상과 시도엔 점수를 준다  
20171220,2,이건 단편영화 감인데 지루하게 늘여서 완성한 느낌이~  
20171219,8,결말부분에서는 좀 애매한 부분이있었지만초중반에서는 정말 한편의 소설을 읽는 것과 같았어요..한국에서 이런영화가 다 나오네요..허구같은 연기들만 보다가 문근영님 역할 몰입도에정말 빠져들어봤습니다..  
20171217,10,관람객그냥그냥 볼만은 했는데 그렇다고 다시 보고싶거나 두번 보고 싶거나 하지느않는 정도였어요. 원작이 조금 아깝다는 상각이...  
20171216,5,"대중 영화로 보기엔 느리고 몰입이 쉽게 되질 않고, 예술 영화로 보기엔 소재와 스토리 모두 낡고 진부하다. 문근영의 연기도 기대했던 것에 비해선 아쉬움이 남는다.  "
20171216,6,장르영화와 작가주의 사이에서 길을 잃은 모범사례  
20171215,10,빛을 잘 이용한 영화네요. 기대없이 봤는데 장면장면마다감독의 숨은 의도가 엿보여 감탄하며 보았습니다. 어느 장면 하나 버릴 것 없는 작품인 것 같아요. 소설 한권 읽은 느낌이라는 말에 공감합니다  
20171212,10,재밋게 보았고 여운이 많이 남았다 . 관객이나 평점이 낮다는게 조금 의외다 .  
20171210,8,"영상도 너무 이쁘고 분위기가 제 스타일이에요~ 내용도 판타지고 차분하면서 잔잔한 느낌,, 저는 영화 좋았어요ㅎㅎ  "
20171210,10,평점 낮아서 안보려다 정액제에 껴있어서 봤는데 반전 스릴도 있고 나름 수작임 연출 연기 좋고 소재 신선 특히 연출 칭찬 숲의 아름다움 신비로움 기괴함 아늑함 표현 굳 어린 애들이 평점 남기나 왜이럼 원래 9점인데 넘 낮은게 안 맞아서 10점 줌  
20171210,5,내용은 좋았으나 문근영의 이미지 때문일까 연구원 연기에 몰입이 안된다. 차라리 보다 환타지하게 꾸며봤으면  
20171209,4,전 별로..대중적이지 않아도 인정 받는 작품이 있는데. 이건 마이너 오브 마이너를 위한 영화인듯..  
20171209,9,사람을 보는 시각에 대해 잘 표현 한것 같다 개인적으로 너무 잘보았다.  
20171208,10,가슴이 먹먹하네요. 대중적이진 않지만 영화가 정말 마음에 들었습니다.  
20171208,5,이 평점은 오로지 미술감독과 문근영에게! 디자인과 학생들이 겉멋 든 웹소설로  졸업작품 만든 느낌.  
20171208,3,영화는 진짜 되도안한데 문근영 눈은 여전하다...  
20171208,5,고레와 난데스까.. 기미가 와루이데스네  
20171207,7,정말 소설 채식주의자 생각이 많이 나네요 그러면서도 세속적인요소도 많이 가미된듯.. 순수과학과 순수문학은 배고프고 고단한 것 같아요.  
20171207,9,지루할 틈이 없이 잘봤습니다 문근영 눈빛 역시~~윤복이때 미모로 돌아온것처럼 이런 역할 누가 할수 있을까요  
20171206,7,"인간이 나무라는, 나무가 된다는 설정에 거부감이 든 것 빼고는 스토리도 좋고 배우들 연기도 좋았다 그런데 마지막에 김태훈이 문근영에게 모든 게 가짜(?)고 문근영이 병에 걸린 거 (?)라고 그랬는데 무슨 소리인지 이해 안 감 반전인 건지?  "
20171204,1,"무엇을 말하려는지는 모두가 들어야할 메세지였으나 정작 그 메세지내용의 전달, 곧 연출이 조금만 더 받쳐주었다면 명작이 되었을텐데 아쉽네요*재연이 다리를 절다가 다시 똑바로 걷게되는 의미를 아직도 찾지 못했습니다 연출 참 답답하네요  "
20171204,4,한국적이지 않다 기묘한 일본풍이 전해진다 한편으론 은교를 보고 처음 느낀 기분좋은 이질감도 느꼈다. 샤롭다는 표현은 너무 친근하고 B급스런 느낌도 불친절한 영화임에도 나는 왠지 끌렸다. 대중적이진 않다  
20171204,8,전 그럭저럭 독특해서 나쁘지않았네요 다만 문근영 아니였으면 안볼 영화였을듯  
20171203,9,문근영의 연기가 정말 인상적이었다.  
20171202,3,어떡하면 이렇게 모든 면에서 경직되고 어색할 수 있을까.  
20171201,5,관람객사람이 나무가 도었다는 이야기  
20171201,7,"독특한 영화네요 재미보다는 무척 흥미로운 소재였어요 몰입도 ,초록의 아름다운영상 ,피아노선율 다 좋았고 많은 생각을 하게하는 작품입니다  "
20171130,9,"첫 부분은 조금 루즈하다는 느낌 받았다. 보면 볼수록 감독과 작가에게 감사를 표하고 싶고 역시 연기해주신 분들 특히 문근영, 김태훈, 서태화 이 세분의 연기에서 더욱 매료 되었다. 전체적으로 적절하다. 애써 감정선을 넣지 않은것이 너무나도 좋았다.  "
20171130,1,정말이지 스토리 너무 졸려서 3번 나눠서 끝까지 봤다.  
20171130,5,대중성과는 거리가 먼 다소 루즈한 드라마. 시청각적으로 힐링되나 내용으로 관객의 마음을 킬링시키는..;;  
20171130,6,"""엔딩만 빼면... 완벽했는데..."" 아름다운 영화라고 느낄때쯤, 부실공사 같은 엔딩이 아쉽다.  "
20171129,10,문근영 연기 너무 좋았네요  
20171129,6,"참,, 특이하고 기괴한 듯,, 문근영 연기는good  "
20171128,7,보는내내 좀 거북한 영화였다.  
20171128,5,스토리와 감독의 능력이 너무 쳐졌다  문근영이 왜 출연했을까 신인배우가 어울렷을듯  
20171128,9,"평점 생각 마시고 이 영화를 꼭 보시기 바랍니다!제가 작가지만 평론가는 한숨만 나오는 기생 필력으로 먹고 사는 집단같군요. 평론가의 평도 생각지 마시고 꼭 보시길...., 이런 각본을 쓰고 연출한 감독이 대한민국인이라는게 자랑스럽습니다.  "
20171128,1,"이건 뭐 개연성도 없고, 재미도 없고 그냥 문근영 나오는 걸로 1점  "
20171127,1,"제목이 왜 유리정원인지... 클리셰 덩어리에 너무나도 예상 가능한 전개... 12세 관람가로 하기에는 자극적인 장면, 전개. 거기다가 한강의 채식주의자 느낌도 나는데? 표절에 상처 입은 주인공 세워서 표절...?  "
20171127,6,새롭지 않은 내용에 비해 러닝타임이 너무 길다...  
20171127,7,문근영의 연기는 완벽했다.  스토리가 좀 허술해서 안타깝다  
20171126,5,엽록체를 합성해서 스스로 에너지를 내는 혈액을 만든다는 소재는 좋았다. 하지만 실제와 소설속 상황의 연결이 제대로 안되어서 어디까지가 소설이고 어디까지가 실제인지 헷갈렸다  
20171125,5,영상미와 음악은 좋았지만 스토리는 사랑스럽지 않았던 것 같다.  
20171125,7,"특유의 색깔, 유려한 영상미, 잔잔한 윤슬 같은 드라마  "
20171125,4,무슨 내용의 영화인지 이해하기 애매하고 장르 표현도힘듦 소설이라고 하기엔 동화적 요소도 포함돼정말 일반 일반 관객이 소화하기 힘들거 같음  
20171125,9,문근영을 보는것만으로 힐링이 되는 영화  
20171124,9,독특하고 멋진 작품이라 생각합니다.개인적으로 결말이 좀 아쉽지만  
20171124,10,한강의 소설 채식주의자를 읽은 후 이 영화를 보았다.  유리정원 속 재연과 채식주의자의 속 영혜 두 인물에게서 비슷한 아픔을 느꼈다. 순수힌 만큼 쉽게 상처받는 그들에게 인간세상을 너무도 잔혹하다. 그래서 그들은 나무가 되려했나보다..  
20171123,6,"다분히 여성적이고 극서정,환타지 영화인것 같아요,  "
20171123,2,예측 가능한 스토리였고 결말이 찝찝하다  
20171122,1,무슨 중2병결린 사람이 대본을 썼나..  손발이 오글거리고 뭔가 영상미 있는척할려고했지만 뭔가 어설프게 따라한것같음. 중2병과 어설픈 영상미의 콜라보.. 마치 싸이월드의 눈물셀카와 뭔가 오글거리는 글을 보는듯한 느낌을 받을 수있음  
20171122,8,관람객역시 문근영. 판타지에 가까운 감독의 시나리오를 현실로 발붙여 놓는 배우의 능력에 놀랄 수 있는 영화. 그리고..순수해서 소외되고 사회에서 탈락되는 역할은 여성으로 대표되고 오염시키는 역할은 남성과 남성권력에 빌붙는 여성으로 대표되는 영화 안의 사회.  
20171122,10,권력자처럼 타인을 까는 영화는 통쾌함을 주기에 인기가 많지만 우리 자신을 성찰하게 하는 영화는 도피하게 된다. 인간의 본성이라 어쩔 수 없으려니 한다.  
20171122,10,획일화된 상업영화 속에서 자기만의 색을 확실히 보여주는 영화. 한국영화는 이제 다양성이 필요할때가 아닐까요?  
20171121,6,문근영 진정한 배우로 거듭나다. 순결한 것은 더럽히기 쉽다. 엽기적일 수도 있고 순수할 수도 있는 내용인데 재미라는 요소는 없다.  
20171121,7,i'm groot~~~  
20171121,7,좀 복잡미묘한 영화랄까.. 연기력들에 비해 스토리가 좀 빈약한듯한느낌..  
20171121,3,아동틱한 상상력에 정갈한 연출이  일본 영화랑 비슷한 느낌..스토리자체가 너무 빈약해서 그닥..  
20171120,4,예술성있는 영화인양 꾸몄지만 실체는 그냥 노잼 망작. 짬뽕플롯과 부자연스러운 대사흐름에 배우들의 발연기는 덤. 등장인물이 갖는 강한 감정의 원천과 등장인물이 하는 행동의 동기가 빈약함. 평론가가 이걸 7점 줘? 같은 점수대의 영화들에 대한 모독이다.  
20171120,4,명확하지않고 뜬끔없어서 와당지 않는다 어설프지만 그녀의 절실함이 묻어나오는 나무의 목숨건 그녀  
20171120,5,그냥 환타지로 아름답게 풀었으면 더 좋았을것 같다 영상이 투박해서 저예산느낌이 나고 자꾸 현실적으로 해석하게만든다 남자주인공이 더 사랑했어야했다 더 비극적인 확실한 환타지라면 좋지않았을까..  
20171120,3,이런건 그냥 TV 단막극으로 찍어라.  
20171120,5,감독 자신마저 초록피에 너무 심취해버려 이야기보단 감정이 앞선다.  
20171120,10,문근영 매우 좋아!! 너무 좋아!!  
20171120,5,차라리 애니메이션으로 풀었었으면...영화로 풀기엔..  
20171120,8, 흥행하는 영화만 좋아하는 사람은 비추 생각하게 만들고 여운이 남는  영화 좋아한다면 추천  
20171120,10,출연 배우들이  특유의 슬픈 톤을 지니고 있음. 특이한 소재의  시적인 대사와 연출이 너무 좋다.  
20171120,8,겁나게 재미없는것 같은데.. 나는 왜이리 몰입이 되는지 모르겠다.    그냥 슬프다. ..  
20171119,1,대학 졸업작 그 수준..  
20171119,7,연기는 너무 좋았지만... 스토리 자체가 몰입이 잘 안되는 소재라서 다소 아쉬웠습니다.영화의 결말을 보면 결국은 생명체에 기생이 가능한 동충하초를 개발한 셈인데... 여기에서 전세계에 퍼진 동충하초 바이러스로 인해 좀비화 된 세계라는 세계관  
20171119,8,소설같은 영화였다. 소설로 읽었으면 더 좋았을것 같긴 하다.  
20171119,3,"영화에 낮은 평점을 주는 나만의 고정된 기준이 몇 있는데, 개연성 낮은 스토리의 전개, 감정 과잉 연기, 업계의 실정을 모르고 어림짐작으로 특정 분야를 다루는 경우, 무책임한 우연의 남발, 느려터진 스토리 흐름. 대략 이런 게 그 기준들이다.  "
20171119,8,가을동화에서 나무가 되고 싶어하던 소녀는 먼훗날 나무가 되었다  
20171119,6,과하다. 그러나 배우들의 연기는 훌륭하다  
20171119,6,한마디로 재미없다. 10자  
20171119,10,상당히 독특하고 신비로운 이야기 전개가 너무 맘에들어요 배우 김태훈씨 나오신다고해서 봤는데 기대이상ㅎ어쩜 너무 재밌게 잘봤어요ㅎ영상미도 너무 아름답고 신비한데 내용도 상당히 독특해요 잔잔하고 몽환적이면서도 갑자기 호러틱해질때는 헉 했어요 제 평은 만점  
20171119,9,극장시간표 꽉 채우고있는 상업영화들보다 훨씬 재밋는데... 취향 차이일까요? 호불호가 많이 갈리네용  
20171118,5,걍 일본영화에서 흔히 나올법한 스토리에 구도였어요 일본판타지드라마식 좋아하는 분들은 보세요. 전 너무 흔해서 별로였음....이거보자마자 생각난게 일본에 애인살해하고 집에 놔둔 일본 뉴스나 신문 기사 생각남  
20171118,10,영화보는  동안 아무것도  할 수 없었다.  문근영의  아련하고  슬픈눈 빛나도  나무가 되어 가 는것  같다. 2편도 만들어 주세요.  
20171118,9,잔잔한 동화같은 미져리....착한 여자의 방심을 흔들지 마라. 죽는다.  
20171118,1,기대하지말고시간많을때보시길~시간가는줄알고 봤ㄴ0연^^  
20171118,3,문근영이 아깝다.만화보다 못한 황당한소재이며 그렇다고 예술적이나 감정적이거나 그런것도 아니고 재미도 없고 필름이 남아돌아서 만든 영화인듯 싶다.  
20171118,1,포스터보고 엄청 싱그러운 힐링영화일줄 알았는데 넘 애처롭게 끝나네 결과적으로 소설가도 결국 나머지 나쁜 연구원 교수들처럼 문근영한테 상처준거임 근데 가장 애처로운 것은 감독의 연출력.. 연기는 공백이 없었음  
20171118,2,뭔말인지 하나도 모르겠는 영화다.. 다세포 소년 이후로 이런 기분은 처음이다.  
20171118,8,빛을 못본것이 너무 아까운영화입니다. 잔잔히지만 그속에 긴장감이 넘치고 배우들의 연기는 일품이며 생각을하게되는 영화이고 여운이남는 영화입니다. 영상미 또한 어두운내용속에서도 푸르고 밝아 보는 내내 숲속을산책한것같아요. 꼭한번보시길바라요  
20171118,3,비쥬얼 때문에 5점 주고 싶었는데 딱 3점이 답. 도대체 이 영화에서 대중들에게 소구하는 것이 무엇인지부터 묻고 싶을 정도.  
20171118,10,호불호가 갈릴 영화.  문근영 연기력을 다시 보게 됐다. 김태훈이야 원래 알고 있었지만. 또 하나 언급해야만 할 인물  박 평 식!  그래도 그래도 했는데 녹조라떼 라며 4점 주는 너에게 일말의 기대를 접는다!  
20171118,5,앤딩은 가슴아프지만... 감독의 연출력은 더 가슴아프다.  
20171118,1,영화 꼬라지 바라 졸망이다.문근영 배우는 사랑한다.하지만 댄스의 순정 영화이후 모두 문근영 죽이기 영화다  
20171118,9,문근영의 연기력을 이런 글로 다 표현할수가 없는게 안타깝다.  보면서 연기라는 생각이 전혀 들지 않고 '그사람' 으로  다가온다.  
20171117,10,평일에  일끝나고  자기전에  맥주한잔 하면서 보기 좋은 영화 .같다 .마음이 굉장히 편안해짐  
20171117,10,엔딩이 슬프지만  내용도 좋고 배우들의 연기도 좋았음  
20171117,4,정말 재미없게 잘봤습니다. 아휴~ 시간은 금인데..  
20171117,10,영화 넘 좋네요 신수원 감독님 오~~~  
20171117,4,배우들이 너무 아까울 정도였어요ㅠ 이 훌륭하신 배우분들을... 영화보는 내내 이리 손발이 오그라들기는 첨인지라 8090년대 영화를 보는듯했습니다.  
20171117,6,너무 예술적이라 시작당시 재미와는 이별했네요 ㅠ  
20171117,4,보는 내내 식물인간 체험  
20171117,10,개쩌는 문근영 연기력... 초반.. 이게 뭥미.. 했는데.. 중반이후로 ㄷㄷㄷㄷ  
20171117,10,이런식으로 푸는영화도 좋네요  
20171117,5,소재낭비. . 템포 문제.  
20171117,10,최고에요 뭐라한줄로설명못하지만 평생잊지못할영화에요 책한권을정독한기분  
20171117,1,지훈세끼 노답  그래서 뭐 어쩌라고 란생각밖에안드는영화  
20171116,1,염병 신파떨고 자빠졌네 진짜 이딴걸 영화라고 쳐찍고 돈 아깝게 ㅉㅉ 그 돈으로 불우이웃이나 도와라 재능없는 놈아  
20171116,6,"""순수한 건, 오염되기 쉽죠.."" 채식주의자가 떠올르는 영화.. 문근영 배우 오랜만에 봐서 반가웠다. 당신도 나도 늙어가는구료  "
20171116,8,생각보다 볼만 했습니다. 일단 색감이 너무 좋네요~  문근영 짧은 머리 안어울림...  
20171116,1,1점도 아깝다 조연 남주연 배우들이 진심아까워 문양은 그저그럼 월래 연기기대없음  
20171116,1,공감은 커녕 이해할수조차 없는 캐릭터들이 어처구니 없는 사건을 벌이며 답답하게 진행되는 스토리. 제일 재밌던건 교수?? 절름발이와 지팡이짚는 환자도 건너는 다리에서 떨어지고나서 그루트로 살아나는게 제일 웃기더라 아임 그루트??  
20171116,10,문근영의 연기에 경의를 표한다.  
20171115,1,10분보다 지루해서 포기  
20171115,1,ㅋㅋㅋ 유럽여행 사진...  
20171112,10,일단 문근영이 청순하고 이뻐서 평점 10  
20171112,8,관람객영화 신비롭고 좋았어요  
20171111,10,관람객문근영배우의 눈빛이 계속 머릿속에 맴돌아요...  
20171110,6,미완성영화같다 결말도시작도모두  
20171109,7,관람객영상 아름다워요 스토리가 너무 예측이 가능하다는게 좀...  
20171109,8,"관람객잔잔하면서 감성 돋는 영화,  그리고  문근영 배우의 눈빛은 영화가 끝나고도 잊혀 지지 않네요.  "
20171108,10,관람객영화를 다 보고나니 소설 한권을 읽은 듯한 기분이 들었습니다. 신성한 내용과 영상이 계속 기억이 남네요  
20171108,10,관람객이 영화는 허구적이면서도 현실을 잘 그려낸 듯 하다.스토리 굿. 연기 굿. 영화미술까지 훌륭한 영화.  
20171107,3,문근영의 변신은 인정해 주고 싶구나  
20171107,3,관람객죽은 연인을 향한 주인공의 병적인 집착은 국내 영화를 예매할 때마다 느끼는 나의 비틀린 애국심과도 같다. 그것은 내가 사랑했던 대상이 이미 죽었는데도 안 죽었다고 착각하고 계속 주사바늘을 꽂아보는 처연함이나 다름없다.  
20171107,1,이뤄어언 췬일파의 좌식  
20171107,1,문근영 ㅋㅋㅋ  배우야? ㅎㅎㅎ  
20171106,10,관람객영화내용도 만족했고 관람 후에 감독과의 대화에서 영화내용에 관한 설명과 제작과정을 들을 수 있어서 아주 보람되고 만족스런 시간 이었습니다!^^  
20171106,5,그나마 문근영연기로 이정도 평점을...플롯은 연결되지않고 스토리는 불편할정도로산만하여 관객의 감정은 집중하지 못한다. 인물들은 자신의 역활에 충실하지않고 정리되지 않았다. 중반부가 넘어가면  가지고 어떻게 엔딩이될지 걱정이 될 정도이다.  
20171105,8,관람객문근영의 절제된연기가 좋았음??  
20171105,3,문근영배우의 복귀작이 폭망이라니 ㅜㅜ  
20171105,4,"연출적인 면이 너무 허접했어요.. 얼굴에서 나무가 돋는다든가, 안개가 너무 부자연스럽게 피어오른다든가 . 이건 돈 문제라고  좀 생각되지만.. 클리셰들도 너무 뻔하게 사용되었구요.그래도 소재나 색감은 굉장히 좋았어요. 힐 신고 마당 걷는 건 인상깊었  "
20171105,10,정말 신선한 소재와 문근영님의 연기가 어울려지니 정말  재밋게 봣습니다.  
20171105,10,문근영 사랑해요 연기가 정말 짱짱  
20171105,4,진부하다. 장소섭외는 창녕 우포늪 맘에 든다.  
20171105,10,"관람객잘 봤고, 좋았어요~~  "
20171105,6,관람객서사를 통제하지 못하는 자기 만족적 허영.  
20171104,10,관람객재밌는 소설같고 문근영이 예쁘다  
20171104,6,관람객500원때문에 쓰는 평점  
20171104,8,쉬운 영화는 아니지만 천편일률적인 영화홍수 속에서 오리지널한 작품을 만나 기쁘네요  
20171104,1,실패보증수표 주연배우라 1점도 아깝다!!  
20171104,4,이런걸 작품 영화로 오해할까봐 걱정이다  
20171103,9,아름다운 어른들의 동화같은 이야기  
20171103,9,"관람객나무의 그녀는 행복하길, 가지를 마음껏 뻗길.  "
20171103,9,신선한 충격을 가져다 준 영화이다..  
20171103,10,배우님들의 연기도 좋앗고. 영상미도 잇엇어요.. 보고나니 마음이 편해짐  
20171103,9,독특한 이야기를 연기로 설득해내는 영화. 문근영씨  연기보며 먹먹해지더군요  
20171102,10,관람객신박햇던 기분이엇어요  
20171102,3,관람객연기 잘 하는 사람이 1도 없다....  
20171102,8,생각보다 재밌게봤어요~초반 지루한감도있지만 후반으로 갈수록 더 더 몰입되네요!!  잔잔한영화같지만 오롯이 배우들에 집중하게되서 타영화보다 좋았던것 같아요  
20171102,6,김태훈 배우님 나와서 보러 갔는데 연기들은 잘하셨지만 영화에서 이야기를 풀어나가는 능력이 부족했던 같아요.  
20171102,9,관람객제목에서 부터 보고 싶다는 호기심이 생겼는데....슬프고  먹먹합니다...  
20171102,10,영화관에서 보고왔어요~ 문근영 김태훈 두분다 제가 사랑하는 배우분들인데 연기 너무 멋있었네요ㅠㅠ 내용이해가 어려울수있긴한데 주인공의 삶과 그가운데서 겪었을 마음을 중심으로 보면 이해가 되요. 문근영씨 연기 너무 잘해서 납득을 시켜주네요. 전너무좋았어요  
20171101,9,예고편만 봣을뿐인데 벌써 기대되네요ㅎㅎ생각해보니 문근영양 데뷔때부터 좋아햇엇네요 #^^# 좋아하는 배우가 연기하는것을 보는것은 정말 행복이에요힘들더라도 꾸준히 화이팅 부탁드릴께요..ㅎㅎ  
20171101,1,돈아깝네요 진심입니다  
20171101,9,"재연의 입장도 지훈의 입장도 이해가 갔다.서로가 서로를 이용하는 세상이야기, 그리고 자연배경도 참 좋았고, 소재도 독특해서 좋았다.'언제부턴가 내 몸속에는 초록의 피가 흐른다'는 말이 자꾸만 머릿속에 맴돈다.  "
20171101,7,관람객배우들연기는최고네요  
20171101,10,연출이 기발하다. 상처입은 사람이 또 다른 상처입은 사람에게 느끼는 연민. 자연과 소설로 치유해가는 과정.  
20171101,9,문배우는 역시 문배우네요 전그럭저럭 괜찮게봤어요!  
20171101,10,전체적으로 영화 색감이 너무 이쁨. 문근영씨 연기도 좋고 특히나 표정연기는 요근래 본 영화중에 제일 빠져든다고 할까 여튼 난 재밌었음  
20171101,4,중학생 때 썼을 것 같은 각본. 배우 문근영의 존재감만이 돋보인다  
20171101,10,관람객눈과 귀가 행복한 영화 하지만 보다보면 뭔가 마음이 답답해지는 느낌문근영은 역시 아름다웠음  
20171101,1,문근영 싫어해서 1점을 남김  
20171101,7,"대중적인 영화가 아니라 호불호가 많이 갈릴듯 한데, 음악 ,영상미, 배우들 연기는 좋았다.  "
20171101,8,신비스럽다. 문근영은 이런 영화에 어울리는구나.  
20171101,10,재미있게 잘 보았습니다.  
20171101,10,엔딩의 재연 눈빛이 계속 머릿속에 남아있습니다. 문근영이란 배우가 기대됩니다.  
20171101,8,그녀의 뼈는 나무. 속살은 하얀 섬유질. 그녀를 설명하는 말. 영화는 아름다웠다. 환상 속에나 볼 법한 푸른 나무와 풀들... 무서운 나무들.. 그것들로도 충분히 볼만 한 영화.  
20171031,8,관람객문근영의 연기가 좋았다  
20171031,10,진짜 문근영이라 할수있는 연기였고 스토리도 매력적이였어요ㅜㅜ  
20171031,10,관람객인생영화말이필요없음  
20171031,8,생각보다 좋았습니다. 하지만 왠지모르게 일본풍의 느낌이 나는것 같고 관객들에게 전단하는 메세지가 좀 약한것 같네요  
20171031,10,오늘 cgv 에서 보고왔습니다. 푸른 숲처럼 맑고 투명한 영화.  
20171031,10,포스터 재미있어서 보러갔는데 실제는 더 재밌고 신선한 내용이다  
20171031,6,재미없게 잘 못봤습니다.  
20171030,10,관람객영화 잘 봤어요 신선한 주제가 몰입하게 만들었어요 배우들의 연기와 녹색 배경이 눈의 피로릉 풀어주네요  
20171030,9,요근래 보지 못할 한국영화 입니다.자연에서 느끼는 순수함이 때묻지 않게 드러날때 참 가슴에 와닿네요.  
20171030,10,관람객순수한건 오염되기 쉽다  
20171030,5,"돈을 내고 볼 영화는 아님. 돈 낭비, 시간 낭비  "
20171030,9,관람객나무가 그녀를 그렇게 만든건지사람들이 그녀를 그렇게 만든건지틀리지 않았다는걸 증명하고 싶어하는나무가 되고 싶어하는나무가 그랬어요 물이 먹었어요기도했거든요 여길 벗어나지 못하게 해달라고이미 늦어 버렸어요. . .  
20171030,9,쉽지는 않지만 잘봤습니다  
20171030,8,"순수한 것은 오염되기 쉽고, 순수한 사람은 다치기 쉽다.  "
20171030,1,평점1점도 아깝다.대딩들 영화제 출품작 수준.  
20171030,8,"관람객주연배우들의 훌륭한 연기, 새롭지만 진부하고 진부하지만 색다르다.  "
20171030,9,관람객잔잔한 감수성과 순수를 매끄럽게 연출하는 영상미에 반했습니다. 하지만 인물들이 어딘가 현실에서 벗어난 듯한 느낌은 장점이자 단점이 아닐까 싶고. . . 문근영 배우님의 연기에 빠져들었습니다. 배역과 너무 잘 어울려요.  
20171030,6,관람객그냥 잔잔하게 보기 좋은 영화예요  
20171030,8,관람객어쩌면 이런일이 우리사회에 너무 만연되어있어 오히려 여주인공이 이상하게 보일지도 모르는...가슴한켠 아파오는 슬픈 영화  
20171030,5,현실감과 동떨어지는 몇몇설정들에서 부터 미스터리 물이라는 장르의 몰입감을 망쳤다. 내가 너무 세세하게 따지는 것일수도 있겠지만  남자 혼자 극장 전세 내듯이 혼자보았다 ㅎ 롯데야 이게 영화관이냐? 끝으로 배우들의 연기력만은 역시 일류였다.  
20171030,8,관람객잔잔하게 잘 보았어요.  
20171030,9,지루함 1도  없었음. 재미있음. 남주 넛떄문에!!!! 조동아리 단속좀.   연기력 좋고 내용 신선하고 지루하지 않고. 간만에 재밌게 본 예술영화였음.  
20171030,1,다세포소녀급.. 댓글알바 혼내고싶다  
20171030,9,관람객문근영이 연기를 너무잘하네요  
20171030,10,"사람은, 나무에서 태어나, 나무로 죽는다.  "
20171029,8,관람객나무는 서로 다치지 않게 하려고 피해서 자란다는 대사가 인상 깊었습니다.  
20171029,9,숲속에 이는 바람소리가 아직도 들리는것 같네요ㆍ  
20171029,5,관람객몇몇 대사들은 생략했으면 더 여운이 남았을 것 같아요소재는 신비로운데 전체적인 연출이 그에 걸맞게 신비롭지 못한 느낌이었어요  
20171029,7,"초반의 절반의 지루함을 이겨낼 수 있다면, 나머지 절반은 한 편의 소설을 읽은 듯한 몰입감을 느낄 수 있습니다.  "
20171029,1,남의 평점은 왜 삭제한데...문구녕 진짜 왜 자꾸 티비나 영화에 나오느거야 대체...이해를 할수가 없네..  
20171029,8,어제 새벽에 롯데시네마에서 여친하고 봤는데 극장에 4명이서봄...요약하자면 한여자의 지독한 순애보 이야기?김태훈에게 교수가 떠날때 나무와 물에게 그가 영원히 이곳을 못나가게 기도했다에 소름...기도하지말구 그냥 가지말리고 붙잡던가...  
20171029,9,"관람객지금까지 두번봤는데도 계속 생각할것들이 늘어나는 영화인것같아요.재연이가 아직도 마음에서 떠나가지않아요. 어딘가 있을것만 같고. 저인것같기도하고. 배우분들의 연기도, 연출도, 저는 너무 좋았습니다. 특히 근영님은 재연이 그 자체인것같았어요ㅠㅠ...  "
20171029,2,여기 매겨진 평점에 동의못함. 뭔가 있어보이려 하는 소설가의 소설문구들은 오그라들고 몸에서 나무가 자라는 장면은 실소가 나옴. 기괴하게 가려면 더 장면들에 신경을 쓰던가. 복잡한 등장인물들의 심리를 이해하고 싶지도 않았음.  
20171029,8,관람객누가 누구에게 오염된 걸까  
20171029,8,미스테리하고 몽환적이고 문근영눈빛연기 너무좋았어요이런류영화는처음보는데 지루하지도않고 영화에빠져들었네요~  
20171029,10,스토리 좋아서 문근영이 아님 절대 안 됐을것 같은 그런 영화..「0.05%일본 애니 충사에 한 부분처럼 느껴졌어요(아님 말구요)」  
20171029,7,여러 대비가 만들어낸 오묘함은 영화의 색깔을 한 가지로 정의할 수 없게 만들었다. 그리고 배우 문근영의 깊이 있는 눈과 연기는 '재연'이라는 인물을 완벽하게 만들어냈다.  
20171029,1,"노잼,지루해요.내용이 이어지는지도 모르겠고 그저 스토커와 피해자 얘기.실망이에욧!  "
20171029,9,여윤이 남기 하지만....해피엔딩이 아니어서 아쉽네요...그래도 좋은 영화였습니다....(문근영:순수한건 오염되기 쉽죠)<<명대사였습니다...  
20171029,9,관람객문근영 본격 영화계 복귀작.  미스터리물로 잘못 명명된 한국형(?)예술영화 .  배우의 뛰어난 연기력을 받쳐주지 못한  밋밋한 연출은 아쉽다. 장르물에 맞는 임펙트가 부족함.  
20171029,6,찌든 세상에 상처 받은 남녀가 선택하고 만들어낸 극단적인 내용  
20171029,10,관람객내용이독특하연서도 재미있습니다  
20171029,7,인간들의 욕망에 짓눌려 버려진 어느 유능한 순수함과 그것의 안타까운 몸부림. 순수함을 온전히 담아 주지 못하는 세상. 그렇기에 우리 모두는 나무가 될 수 있다.  
20171029,10,"적혈구가  녹혈구로 변할 수 있고,녹혈구를 가진 생물의 특징을 조금  더 설득력있게 보여줬다면 ... 아쉽지만 끝까지 궁굼하면서 재밌게 봤어요...  "
20171029,1,시간아깝고 무슨 말도 안되는 이상하고 돈아까운 영화  
20171029,1,싸이코패스 호러물 영화  
20171029,10,"이번엔 나무영화, 다음엔 달일듯. -.-;  "
20171028,7,관람객싸이코 드라마인 듯 아닌 듯 오묘함  
20171028,10,다시 돌아온 문근영 언니 오랜 만에 보게되어서 너무 궁금했고 앞으로도 좋은 작품으로 많이 만나고 싶어요 응원합니다  
20171028,6,관람객문근영의 감정  연기가 돋보이는  영화였네요^^  
20171028,10,확실히  상업영화들과는 달라 잔잔할 수 있지만  곱씹으면 곱씹을수록 풍미가 느껴지는  
20171028,1,내가 투자자였으면 감독 뺨때린다. 예술 하려다가 이도저도 아니게 된 촌스러운 영화.  
20171028,4,몰입해서보다가  중간에~  아아~  이런내용이~가되드니  루즈하기시작해서  아아~하고보다가  잠깐졸았는데  역시나  그렀군~으로마무리중    영화  어렵지않아요~  왜냐  결론을  딱지어주니까  ㅎ ㅎ  
20171028,10,"끝나고서 그녀의 눈빛과 함께 여운이 많이 남았다. 대사를 한번씩 곱씹게되고, 나무의 가지는 서로 상처주지 않기 위해 다른방향으로 자라지만 인간은 그렇지 않다는 그 대사가 계속 머리에 맴돈다. 눈빛이 잊혀지지가 않는다.  "
20171028,8,관람객보면 볼수록 곱씹을 게 많은 영화네요. 처음 보면 어렵다고 생각될 수 있지만 다시 보면 너무나 이해가 되는 영화!  
20171028,8,내용은 독특하고 영상은 신선했다. 이 역을 이끄는 문근영의 연기는 너무나 완벽했다. 다만.. 표절에 관한 문제를 다루면서도 어디선가 본듯한 잔상들은 과연 감독의 의도 였을까? 궁금하다.  
20171028,1,뭐하자는 건지 음향과 작가진 용서하지 못할꺼같다... 그리고 대학로 cgv는 영화 씽크도 안 맞추고 뭐하는건지?  
20171028,6,문근영의 선한 인상이 묻어나야 할 재연의 서늘함을 방해한다.  
20171028,7,관람객무리수는 있으나 한국영화에서 보기 드문 영화  
20171028,5,학생 작품 보는것 같았어요. 말하려는게 뭔지는 알겠는데 연출력이...ㅠ  
20171028,10," 배우분들 연기력에10점만점에 10점입니다.역시 문근영,김태훈 입니다.!명품 표정연기 내용이 조금 어렵고 신선해서 좋았고 마지막엔 눈감고 들으니 읽어주는소설 같은 느낌이들어 또한번 재미있었습니다.  "
20171028,1,뭔 40대 여자들 몰려와서 추천 찍냐  니들 영화는 봤냐 ?  
20171028,1,일단 알바 꼬이면 알만 함  
20171028,10,관람객가슴이 따뜻해지는 영화  
20171028,8,관람객잔잔하게 흘러가는 흐름인데 내용은 엄청나게 파국으로 차닫는(?) 내용입니다. 문근영씨의 초록눈이 인상깊은 영화였고 신선한 영화네요.  
20171028,8,박평식 평론가님 평 개웃기네 ㅋㅋㅋㅋ무슨평인지모르겠음ㅋㅋㅋㅋ  
20171028,8,미스터리 추리물인 줄 알고 보러 갔는데 제 예상과는 다른 영화 였어요 재연의 과학 연구를 향한 열정과 간사한 인간의 심리를 잘 접목한 영화라고 생각합니다  
20171028,9,동화 속에 현실이 느껴져서 아팠어요  
20171028,1,교수머리에 잎파리난거보고 바로 자리뜸  
20171028,10,눈빛이 근사한 근영 눈빛으로 연기하는 배우는 드물다  
20171028,10,독특한 소재. 이해 가는 스토리. 아름다운 영상. 연기력도 굿.  
20171028,10,순수하고 청초하며 아름답다.  
20171028,10,관람객영상과 '소리'가 뛰어난 작품이네요.  독특한 소재에 전문지식의 깊이도 느껴지는데. 그런가하면 몽환적인 느낌이 심리묘사를 매우 섬세하게 자연스럽게 한것같네요  
20171028,4,지훈이의 소설을 책으로 읽고싶다  
20171028,10,"푸르른 순수해 보이는 숲속의 투명한 유리정원에서 일어나는 일은 순수하진 않으나 재연과 지훈의 상처는 공감되고 여운이 오래 남는 영화이다. 내가 지훈이라면,내가 재연이라면 어떤 선택을 할지....푸르른 영상이, 눈물이 인상적이다.  "
20171028,1,중반부터 너무 지루해요;;보다 잠듬  
20171028,10,마음속 깊이 다가오는 글입니다...그녀가 틀리지 않았다는 것을 모든 사람들에게 증명하는건 중요하지 않다했다.   오직 그녀만을 인정해주고 믿어주는 한 사람만 있으면 된다고...  
20171028,9,오랜만에  생각을  많이 하게 되는 영화이네요... ^^  ;  
20171028,10,8점정도 영화인데 보지도않고 1전준것들때문에 10점줌 ㅋㅋ  
20171028,10,영화 괜찮았음~ 나름 재밌게 봤음~ 여러면에서 충격적인 영화임...  
20171027,4,에휴....문근영은 애인지 어른인지 성장이 멈춘거 같은 느낌에 늘 같은 연기...  
20171027,6,소설을 영화화한 느낌. 장점과 단점의 폭이 크다.  
20171027,7,방금 보고왔어요. 금요일 7시가 살짝넘은 황금시간대였지만 관객은 총3명 ㅜㅜ  영화는 마치 한리뷰에 적힌대로 잔혹동화 같은 신비스럽고 조금 잔혹한느낌이였어요. 그래도 지루하지 않고 볼만했습니다  
20171027,6,대중적인 영화는 아니었지만 느낀점이 많았던 영화인것 같아요~ 잘봤어요!  
20171027,9,마지막 장면의 문근영씨의 눈빛이 잊히질 않는다...이미 늦어버렸다는 말과 함께 눈물을 머금은 초록빛 눈이 굉장히 인상깊었다. 오랜만에 생각이 많아지는 영화다.  
20171027,1,알바들이 너무 판을쳐서 1점주고감.  
20171027,1,감독의 전작을 보고 영화를 볼 걸  
20171027,10,문근영이라는 배우의 가치가 오롯이 빛난다. 이 영화의 가장 뜨거운 성취  
20171027,8,네이버 줄거리 보고 기대하면 안되는 영화. 줄거리만 보면 미스터리 스릴러 같지만 실상은 드라마적인 스릴러 소설이었다. 그걸 제하면 괜찮았기에 8점  
20171027,1,아 심하다 정말...-....  
20171027,10,"독특한 소재, 미술, 음악, 주연배우의 연기력  "
20171027,8,"문근영배우,김태훈배우의 맞춤연기에 빠져 끝까지 몰입하며 잘봤습니다..한동안 가슴이 먹먹할꺼같아요ㅜ  "
20171027,8,관람객대중적이진 않지만 신선한 느낌이었음. 중간에 김태훈씨가 소설처럼 읽어줄떄는 목소리가 너무 좋아서 계속 듣고 싶었음.  
20171027,7,관람객끝까지 몰입감이 좋고 문근영만이 할수 있는 역할인것 같네요.. 마더에서 지구의 관점에서의 창세기를 바라본것처럼 나무의 관점에서 인간을 바라보는것 같은 느낌을 받았으나.. 끝까지 등장하는 미져리 교수님 때문에 감정이 자꾸 분산되어 아쉬워요  
20171027,9,"나무들은 가지를 뻗을때 서로 상처를 주지 않으려고 피해서 뻗어나가는데 인간들은 서로를 죽여요 ,  - 재연의 대사진짜 중요한게 무엇인지 . 담겨져 있네요 .관계를 이용하고  망가뜨리는 인간군상 속에서 진실의 의지를 밝히다  "
20171027,10,한국에서 보기 힘든 장르네요 최고입니다  
20171027,7,그로테스크를 즐기는 사람에게 좋을 영화  
20171027,4,"단편소설에서 그친 영화, 배우들의 노력에도 지루한 연출에는 장사없다. 담백한 연출을 의도했다만 1차원적으로 장면을 늘어놓기만..  로케이션은 좋았다. 감독이 많은 이들의 노력을 수포로 만든 케이스  "
20171027,1,잠안올때  보면 딱좋은영화~푹자다가왔습니다  
20171027,9,생각보다 훙미로웠고 cg도 좋있음 문근영의 감정연기가 빛났고 뭔가 생각도 많아지고 설명도 듣고 싶어짐  
20171027,10,문근영은 가을동화에서 말했듯 결국 나무로 다시 태어난다. 영화 보는내내 공감되고 마음아팠다  
20171027,10,"관람객유리정원은 실험영화다. 유리와 정원. 순수함과 오염. 그것은 함께 존재한다. 인간의 욕망은 실험실에서 순수한 모습으로 통제되지 않는다. 하지만 그러한 인간의 삶 속에서 사랑, 생명, 그리고 순수함은 함께 자라난다.  "
20171026,10,순수한 영혼의 파멸을 잘 그려냈습니다. 보는 내내 아팠지만 영화에 이토록 아픔에 신기함을 느꼈습니다. 여운이 깊게 남는 영화입니다.  
20171026,4,다들 영화보고 평점준건지 의문스럽다. 연기도 어색하고  2시간동안 너무 힘든 시간이었다.  문근영 연기 정말 별로고.. ..영화 정말 촌스럽습니다...감독이 식물인간에서 영감을 얻었다고하는데... 음....  
20171026,8,아직도 문근영(재연)이 말한 마지막말이 맴돌아요...생각을 많이 하게되는거 같아요...나무라는 것으로 영화소재로 다룬것이 신선하기도 하구요  
20171026,9,"혹평에 어떨까했는데 미술,연기,음악, 촬영, 나름대로 좋았음..서태화 머리에서 나무나오는건 역시 미쓰...  "
20171026,7,"대중적이진 않으면서도 재미없진 않고, 완전히 새롭진 않으면서도 신선한..약간 이상하고 아름다운 영화  "
20171026,10,흥행은 못했지만 오랜만에 ㄱㅊ  
20171026,1,이런거 별로 다 좀 ...  
20171026,9,문근영의 연기변신 그리고 마지막 그녀의 눈빛은 소름이었습니다  
20171026,10,"여러 관점의  사회적 이슈를 담아 잘풀어낸 웰던무비!!! 글,연출, 연기 모두 아름답습니다! 꼭봐야 할 영화로 추천합니다!!!  "
20171026,8,관람객아릅다운 영화네요. 인간심리와 폐해들을 현대과학과 포근하면서도 무서운 자연으로 잘 표현했네요. 헐리웃 중심의 오락영화만이 아니라 이런 작품성있는 필름도 많이 보여지기를 희망해봅니다.  
20171026,10,관람객재미있게잘보았습니다  
20171026,9,문근영 배우의  눈빛연기가...정말 대단..나도 모르게 눈물이 흘렀습니다..  
20171026,9,그로테스크하고 아름다운 동화같은 영화. 복제품 같은 요즘 한국영화에서 신선한 충격이었다. 단 소설가 지망생들은 관람을 삼가해주길 ~  
20171026,8,관람객이 영화 안의 남자 배역들이 더 매력적이었다면 화자의 시선에 공감하며 볼 수도 있었을 것 같아요. 하지만 그닥 매력적이지 않아서 사회적 약자인 여자주인공을 자기 욕망대로 이용하는 느낌이라 보는 내내 불쾌했어요 ㅎㅎ...  
20171026,6,기괴한 소설 한 편을 영화로 본 느낌  
20171026,10,기존 신수원 감독이 해왔던 작품들보다 조금은 여유롭게 흘러가는 분위기. 여전히 자극적인 소재 선택이지만 거기에 자연을 입혔다. 그 분위기는 어떤 말로도 설명하기가 힘들다.  
20171026,1,흡사 가오갤에 나오는 그루트인줄...(돈내기 좀 그런영화)  
20171026,1,이 영화에 최초(?)로 평점1점을 주는 영광을 누리고 싶어요...(웃음)  
20171026,10,사실 문근영이라는 영화배우는 나랑 고향이 같다 그래서 이영화를 어제 봤는데 이 영화는 인문학 그중에 소설분야 그리고 생명공학이라는 학문사이에 연관성에 대해서 관객들에게 물어보고 있다 이어울리지 않을것같은 두학문은 예술이라는 이름앞에 하나가 되어간다  
20171026,6,이게 뭐야?...??  
20171026,9,스스로 유리정원 안에 갇혀야했던 재연이 너무 처량하게 느껴졌습니다.재연을 오롯이 연기해낸 문근영의 마지막 클로즈업샷 그 표정이 계속해서 뇌리에 맴도네요.결이 독특하고 단점 또한 분명 있지만 오래도록 곁에 두고싶은 영화입니다.  
20171026,8,"사람들을 인정하지 않으려 하는 사회, 그리고 그 사회가 만들어가는 사람들을 보여주는 멋진 영화.  "
20171026,10,여운이 너무남는다 우울증 걸릴거같다.  
20171026,8,좀 이해하기 어려웠다.  
20171025,9,관람객재연이 진짜 열연했다. 한 명이라도 믿을 사람이 있었다면 이 영화의 결말까지 이르지 못했겠지. 너무 늦었다는 말이 딱ㅁ맞는 영화.  
20171025,1,유리(遊離)당한 정원....  
20171025,5,관람객근영누님 팬이라 봤는데잘모르겠네요. 무엇을 재미로 봐야할지 무엇을 느껴야 할지 잘모르겠네요.연기 잘 하는건 알겠네요.  
20171025,7,문근영이 아니였음 어쩔뻔 했을까 하는 이건 다른 배우가 할 수 없는 캐릭과 영화다 영화 자체가 문근영이고 문근영이 이 영화다  
20171025,10,독특한 스토리  한편의  소설을 스크린으로 옮겨 놓았네요  
20171025,4,수목장잼 교수 머리에서 나뭇가지돋을 때 다들 빵터짐 눈물흘리면서 웃음  
20171025,9,재연역에 문근영아닌 다른배우는 떠오르지 않는다..문근영의 눈빛은 정말 사람을 움직이는 힘이있는듯...대중적인 영화는 아닐지라도 추천하고싶다.  
20171025,8,관람객한편의 단편소설을 읽은 느낌  
20171025,10,독창적이고  감각적인  명작  
20171025,9,끝나고  기억에 남는 재연의 눈물과 눈빛때문에  마음이 먹먹했음. 순수한것은  지켜지기힘든것같음. 왜냐면 그것을 하찮게 여기는 인간들 때문에  
20171025,8,곡성보다 훨씬 어려운영화  
20171025,10,관람객영상이 넘 예뻐요~~^^연초록의 기괴한 나무들~~연기파 배우들 짱~~^^꼭 보세요 힐링영화~  
20171025,10,한 편에 문학 소설 같던 스토리  
20171025,9,주인공 근영씨의 감정연기가 넘 좋았고 영상미가 잘 어울렸음.  
20171025,8,재미있게 잘 봤어요  돈주고 볼만했던 영화였어요  
20171025,2,돈내기 아까운 영화..  
20171025,7,영화는난해한데 흥미롭긴함 문근영의 대체할수없는 연기는 엄지척  
20171025,10,문근영이라는 배우가 가진 흡입력  
20171025,8,예술적인 영화가 될려다 만...영화가 너무 순탄한듯 해요 예술영화라기엔끝으로 갈수록 좀 아니고요...  
20171025,2,"영화에는 문근영의 매력도 없고, 다만, 김태훈은 회춘했는지 너무 젊어짐.  "
20171025,9,문근영! 그녀의 연기의 끝은 어디인가?  
20171025,1,문구녕의 연기는 세월이 흘러도 여전하구녕  
20171025,7,의외로 문근영이 배역에 어울렸다  
20171025,7,관람객솔직히 문근영 아니었으면 안봤다 좀 실망스러웠음  
20171025,9,"영화를 본 사람은 안다, 순수한 문근영을 절대 응원할 수 없다는것을  "
20171025,10,"대중적이고 상업적인 영화의 느낌은 아니지만 계속 보고 싶고 생각나는 영화였습니다. 배경으로 나오는 숲도, 배경음악도 모두 아름다웠어요.  "
20171025,6,예술영화도 아니고 상업영화도 아닌 느낌....  
20171025,2,작위적이고 부자연스러운 영화. 자연을 배경으로 이렇게 찍은게 어떤 면에선 대단함. 그나마 문근영 때문에 별 1개 준다. 대사가 문어체라 오글거리고 정교수 연기 진짜 어색함. 모든 걸 너무 드러내 놓고 말해서 유치하고 숨은 의도를 곱씹는 재미도 없다.  
20171025,10,관람객탄탄한스토리전개솨연기력  
20171025,10,"씁쓸한 사회의 단면과 더럽혀진 순수에서 빚어진 혼탁, 한 인간의 자아성찰을 잘 버무린 영화.욕망에 의한 타협들에 찢겨 내동댕이 처지는 주인공이 마치 영화속 새와 같이 느껴진다.중후반 문근영의 몸짓에서 표현되는 연기가 압도적이다.  "
20171025,1,그냥  문근영 때문에 본건데  그람 문근영 아  
20171025,2,녹조속에 죽어가는 관객물고기들  
20171025,2,내용은 스릴러물인데 잔잔하게 만들었고정말 지루하네요^  
20171025,10,눈빛연기가 진리입니다  
20171025,10,흔하지 않은  낯선 느낌의 매우 잔잔한 영화이지만  영화 관람 후 그 여운이 마음 속 깊이 남아 점점 큰 파동을 일으키는 그런 영화이네요!  
20171025,10,문근영의 신비함을 고스란히 담아냈다  
20171025,9,끝나고 나서도 자꾸 생각난다재연이를 생각하니 슬프네  
20171025,10,상처받은 사람이 나무가 되어 또 다른 상처받은 인간들을 구원하는 나무의 이야기..gv 감독님..그녀가 틀리지 않았다는 것을 모든 사람들에게 증명하는 것은 중요하지 않다 했다. 오직 그녀만을 인정해주고 믿어주는 한 사람만 있으면 된다고..  
20171025,10,"""손이 참 따뜻하네""라는 대사랑 마지막 장면이 아직도 귓가에 머리에 맴돈다.. 문근영은 진짜... 끊임없이 노력하고 그만큼 성장하는 배우인 듯..  "
20171025,9,부국제에서 이미 유리정원 만나고 서울GV이벤트로 다녀왔는데 재미를 느낄 오락영화는 아니지만 한번쯤 생각할수 있는 좋은영화 였습니다 문근영의 재연은 정말 최고였다고 자부합니다  
20171025,10,문근영 의  눈 빛연기 가  진리입니다.  
20171025,10,내용 신선하고  연기력은 말할필요 없고  아낌없이 찬사를 보냅니다.  
20171025,8,문근영의 눈빛이 모든 걸 납득시킨다  
20171025,9,대중적이진 않지만 딱 내스타일이네 ...  
20171025,8,문근영씨의 눈빛이 아직도 기억나네요. 재연이가 행복했으면 좋겠어요.  
20171025,10,예고편과 후기 보니 넘 기대되요. 소설 같은 영화라.. 이런 생각거리 말할거리 많은 영화 기다리고 있었습니다.  
20171025,10,"이건 이해하기는 쉽지 않지만, 연기에서 까일 만한 영화는 아니었습니다. 쉽지 않은 선택을 한 배우들을 위해서 10점을 줍니다.  "
20171025,1,음.. 이거 별로네...  
20171025,10,최근들어 보기드문 아름다운 영화... 재연도 좋지만... 지훈의 감정 뺀 연기가 개인적으로 너무 좋았다. 여러번 보고 싶은 영화.  
20171025,8,문근영은 세월이 지나도 변함없이 아름답네  
20171025,6,동화같은 비주얼의 문근영과 소설가 지훈의 상상력이 어울려 영화를 이질적이지 않게 이끌어나간다  
20171025,10,문근영의 인생연기각! 계속 그녀의 연기가 보고싶다.  
20171025,10,문근영 배우 홧팅! 영화 N차 각!!  
20171025,3,이 영화... 장르가 뭘까.. 치정? 멜로? 스릴러? 호러? SF?  
20171025,8,문근영씨의 눈빛이 아직도 기억나네요. 재연이가 행복했으면 좋겠어요.  
20171025,10,예고편과 후기 보니 넘 기대되요. 소설 같은 영화라.. 이런 생각거리 말할거리 많은 영화 기다리고 있었습니다.  
20171025,10,"이건 이해하기는 쉽지 않지만, 연기에서 까일 만한 영화는 아니었습니다. 쉽지 않은 선택을 한 배우들을 위해서 10점을 줍니다.  "
20171025,1,음.. 이거 별로네...  
20171025,10,최근들어 보기드문 아름다운 영화... 재연도 좋지만... 지훈의 감정 뺀 연기가 개인적으로 너무 좋았다. 여러번 보고 싶은 영화.  
20171025,8,문근영은 세월이 지나도 변함없이 아름답네  
20171025,6,동화같은 비주얼의 문근영과 소설가 지훈의 상상력이 어울려 영화를 이질적이지 않게 이끌어나간다  
20171025,10,문근영의 인생연기각! 계속 그녀의 연기가 보고싶다.  
20171025,10,문근영 배우 홧팅! 영화 N차 각!!  
20171025,3,이 영화... 장르가 뭘까.. 치정? 멜로? 스릴러? 호러? SF?  
