0,1,2
20190127,1,"뭔 제목이 이따위야..수입사 혹은 제작사는 알아야한다포스터,제목,홍보문구도 중요하단걸..옛날처럼 이런 엽기적인 제목 더 이상 안먹혀  "
20190124,10,감동도 있지만 결말이 좀 ..  
20190122,10,기억은안나지만 잼게본거같아서 함더봐야지  
20190120,10,메신저 전송 잘못 눌렀을때 인생 케공감 ㅋㅋㅋ  
20190119,10,재맜네요. 여주 연기 잘하고  
20190119,10,제목이랑 다르게 좋은 영화  
20190119,10,잼나요. 정말 재밌어요~ㅋㅋㅋ  
20190119,1,여성혐오적인 제목이네요.  
20190119,10,"진짜최고임,,이영화를 봐서너무다행일정도!!  "
20190119,10,보는 내내 유쾌했던 영화ㅋㅋ  
20190119,2,10대들 개혐오 제목 잘 지었음  
20190119,1,OO발광 문재인 문재인 OO발광  
20190117,10,세상에 저런 선생님이 있다면! 사춘기를 바라보는 어른의 자세에 대해 생각해보게 했다  
20190116,10,여주 잠바뭐냐? cj택배임?  
20190115,9,네이딘의 모습에서 내 모습이 보였다. 그래도 네이딘 정도면 성공한 인생인듯.  
20190115,10,좋았음. 이걸로 영어공부하면 좋을 듯  
20190115,6,로코 좋아하는 사람들은 킬링 타임으로 아주 가볍게 볼만함. 그냥 사춘기를 바탕으로 한 청소년물 같은 느낌? (김어원은 괜츈함)  
20190115,10,세상 최애 릐얼 갬동 인생영화  
20190115,1,제목이 막나가네....  
20190115,10,한글 제목이 맘에 안들었는데 정말 OO발광하는 17살짜리 여자애를 보았다..ㅋㅋ  
20190115,10,"성인이 된 지금은 사춘기의 성장통이 아무 것도 아닌 것 같아 보이지만 그 때는 그게 전부였다. 친구, 가족, 사랑, 인생. 더 나이가 들면 지금의 고민도 아무 것도 아닌 것 같겠지. 그 때의 고민도 지금의 고민과 사춘기의 고민과 본질은 같을 것인데도.  "
20190115,6,저 정도면 정신 장애 아님? 어리니까 사춘기지 성인이면 정신과 가야함  
20190110,10,하이틴영화중 질풍노도의 그 시기를 잘 담아내서 무엇보다도  공감이 많이 가는 영화 중 하나.  네이딘이 아주 매력적임. 그녀는 착한심성이잇고 그렇다보니 본인을 미워햇던건 아닐까 싶다. 우린 누구나 네이딘이진 않앗을까?  퀸카로살아남는법처럼 재밋게 봄!  
20190108,8,열입곱이 훨씬 지나고도 여전히 모난 내 모서리를 다시 한번 뒤돌아보게됨. 서른일곱전엔 부디 네이딘처럼 극복할 수 있길...!!  
20190108,7,대사가 참 신선했다. 17년의 OO발광이 하루아침에 싹 해결되는게 너무 영화같았지만..ㅋㅋ  시간안에 마쳐야 되니 어쩔수 없었겠지..ㅋㅋ  
20190108,7,"재미있다. 제목이 구린 줄 알았는데 The Edge of Seventeen 그대로 번역해서 썼다면 밋밋했을 듯. 마지막 거의 끝장면ㄷ이 인상적이고, 우디 해러슨은 좋은 선생님이다. 그리고 지금 내가 네이딘 같아서 공감이 많이 되었음. 나도 변할래.  "
20190108,8,감정이든 뭐든 서툴 수 밖에없다  
20190108,10,어린 시절의 나를 보는 거 같아서 그 혼란스러움과 분노가 너무 공감됐다. 근데 한국어 제목은 진짜 아쉽다. 영화를 보고 지은 제목인지 의심스러울 정도니깐....  
20190108,9,네이딘 너무 연기 잘한다 .. 스토리도 공감되면서 따뜻하고  배우들이 모두 캐릭터를 잘 살려서  재밌는영화!  
20190108,5,"17세 소녀의 폭풍같은 사춘기를 그린 영화. 헤일리 스테인필드와 우디 해럴슨을 비롯한 여러 배우들의 훌륭한 연기로 삐뚤어진 사춘기 소녀의 이모저모를 생생히 담았지만, 그 완성도만큼 호불호도 확연히 갈릴 듯하다. 종반부의 형편 좋은 격변도 다소 아쉽다.  "
20190108,10,정말 공감이 많이 간 영화였다. 웃긴 장면인데 난 왜 눈물이 나는지  
20190108,6,남주 개못생김. 짝사랑남도 치명적인척 하더니 별거없어서 시시했음 그냥 흔한 싸구려 허벌남. 주인공 성격 재밌어서 봤는데 결말 뭐임? 하룻밤만에 급 착해져서 어리둥절 결말이 좀 아쉽다 너무 급전개.. 주인공때문에 끝까지 봄 ㅎ  
20190108,10,힘들때 여주한테 해보라던 엄마의 말이 와 닿는다다들 비참하고 공허하다나보다 연기를 더 잘할뿐이다  
20190108,7,"지나친 의역이 영화를 망친 사례~대미를 장식하는 어윈 킴의 애니가 정말 웃김,여주인공 헤일리 스테인필드 매력 포텐 터짐.스파이더맨 뉴 유니버스의 그웬이기도 하고 범블비의 애정녀 찰리이기도 하고...헤일리 올해에 대운이 왔나보다.오래 보고 싶은 여배우다  "
20190108,2,사춘기라고 다 저러지않음ㅇㅇ 그냥 쌉민폐여주 그리고 자기가 그렇게 문자 보내놓고 닉이 그러니까 ㅈㄴ 나쁜놈만드네 ㅉ  
20190108,10,OO발광 17세를 겪은 1인으로서공감하고 웃고 울면서 봤네요.인생 하이틴영화가 될것같아요.  
20190108,10,오늘 채널CGV에서 중간부터 봤는데 제가 본 영화중 가장 가슴에 와닿는 영화였던거 같아요. 저도 올해 16살이 되는 중학생인데 주인공을 보고 마치 저와 같은 생각을 가진 사람같아서 너무 감명깊었습니다. 그래서 최고의 영화였습니다.  
20190108,10,정말 잘만든다. 가슴이 울컥하는 밝지만 어두운  
20190108,10,중국계인데;;;;난 내인생영화였음  
20190108,1,사춘기영환줄알았는데걍정신병자같음..왜이랬 저랬닺ㄹ이야진짜OOOO이네제목한번잘지음ㅋㅋ 하진짜ㅂㅅ같은내용임ㅋㅋ뭐어쩌란거야?성격파탄자샊이를17세란변명에숨겨주고 ㅈㄹ이네 혼자 북치고장구치더니 남탓이나해 그리고 gpfu야여배우가아니라배역이지ㅈ찐따야구분도못함?  
20190108,2,정말 보는내내 짜증만 나는 영화 정말 찌질의 극치  
20190107,1,동양인을 한국인으로 설정했는데 전범기가 나온다?? 배급사가 SONY...ㅋ 이거 완전 멕일려고 만들었네 한국돈만 꿀꺽할려고  
20190107,5,ㅈㄴ 키도 크고 이쁘고 매력있는데 옷을 아무리 거지같이 입혀도 간지남....아싸로 포장해도 인싸 느낌 물씬 ㅋㅋㅋㅋ힘들때마다 찾는 동양인 남사친은 ㅈㄹ 부자에 영화까지 만드는 능력자 결국 백인 OOO라도 동양남자는 부자에 능력자라야 얻을 수 있다는게  
20190106,5,여주 얼굴이 좀 아쉽지만 육덕진 허벅지에 미국애들 같지 않게 블랙팬티스타킹을 즐겨 신어서 볼 만 했던ㅋ  
20190102,10,다시 찾아보기용용죽게싲  
20181230,10,엄청난 힐링영화다.~~ 여주 사랑스럽다!!감동적인 장면은 대위기에서 네이딘이 사과하고 오빠가 안아주는 장면!! 역시 가족이다!!!  
20181229,10,괜찮기만 하구만 여주인공 많이뜰듯  
20181229,8,친구랑 오빠 졸ㄹ라싫어 근데 영화는 재밌음  
20181223,7,선생님이 행복해 보여서 마음이 놓임  
20181221,10,여주가 정말 매력있네.  
20181209,1,왜 내 평점이 삭제되었지?  
20181205,10,"한국 제목이 좀 이상하네요..다른 제목도 많았을텐데..여러가지 면에서 생각을 해 주게 하는 영화였네요..청소년 입장 부모 그리고 형제, 선생님의 입장까지도..  "
20181202,10,우디해럴슨은 삐뚤어져 보이지만 정말 마음써주는 어른 역할 참 잘 어울린다 ㅋㅋ 여주도 정말로 공감되게 연기도 참잘하고 오랜만에 맘에드는 성장영화였다  
20181129,10,너무 공감됌... 떨어진 자존감이 세상에서 내가가장 우울하고 불쌍하다 생각하게 만듬  
20181110,9,전형적이거나 요란하지 않아 더 좋았던 영화  
20181110,7,한글 제목을 왜... 이 모양으로 지었을까...  
20181102,7,따악 킬링타임용. 아무생각없이 보기좋다  
20181031,1,진짜 평점 처음 써본다 여주 성격 짜증나고 별로...  
20181026,8,나도 한글 제목 보고 제목에 희생당한 영화가 또 있네 싶었는데 솔직히 영화보고 '17세의 위기'라든가 하는 제목보다 더 찰떡이네 싶었음ㅋㅋㅋ 코미디프로 보고도 잘 안웃는데 이 영화 은근 웃김ㅋㅋ진짜 여자주인공 OO발광임!  
20181014,6,"인생은 방황과 변화의 연속, 그 때나 지금이나. 우디 해럴슨과의 씬이  짧아서 아쉬움  "
20181013,10,굿굿굿굿 간만에 너무 유치하지 않고 유쾌한 영화  
20181013,6,친구 재수없다 갑자기 밝아진것도 이해가 가질않는다  
20181010,8,17살에 섹스를 다룬 영화는 이제 괜찮나요? 미국만 그런가?넷플릭스로 봤는데키싱부스도 그렇고...  
20181006,4,보는내내 여배우 응석을 받아주느라 나까지 피곤해진 영화  
20181003,10,주인공이 너무 스스로 고난을 만드는 성격... 진짜 싫은 타입의 사람. 불만 투성이에 모든것에 자기 잘못은 없다는 식. 그 와중에 김어윈 너무 좋음ㅋㅋㅋ  
20181003,6,어윈 몸짱이라서 설렜던 사람?근데 어윈 발음이 중국인 같고처음에 티 어디서 샀냐고 물을 때 게이인 줄..  
20180930,2,말로 떼우려는 영화. 급한 마무리.  
20180930,10,"사춘기 때의 인간관계에 공감가는, 섬세하게 잘 만든 영화  "
20180930,10,감동적이고 잼있음 어윈 진짜 귀엽 ㅎ  
20180923,10,마지막 장면 너무 좋아요 행복해요ㅠㅠㅠ 네이딘 사랑해 내가 마니 아껴♥  
20180922,10,재미있게 봤습니다 ㅎ 코미디 적인 측면과 ~ 성장물적인  측면 ㅎ 굿굿굿  주인공 캐릭터가 아주 흥미로웠습니다  
20180921,1,영화 장면마다 전범기 나오는데 어윈은 또 한국인 설정인거? 뭔....  
20180920,10,처음부터 끝까지 내 얘기같아서 펑펑 울기만 했네  
20180916,10,끝까지 공감가는 영화. 네이딘에게서 17의 내가 보였다  
20180914,10,다른영화에서도 가끔 봤었는데 여주가 너무 매력터짐  
20180911,1,아니 욱일기가 왜 나오는 거지??? 잘 보다가 계속해서 나오는 것을 보고 꺼버렸네요.  
20180908,9,재밌던데? 1234567891  
20180824,5,그냥 딱 킬링타임용 왜 오빠한테 사과해야되는지도 모르겠고 친구 진짜^^;;;그래..음..  
20180823,9,친구 진짜ㅎㅎ...ㅠ  
20180822,2,계속 눈에 보이는 전범기에 여주마저 짜증남  
20180816,10,너무나 좋은 영화! 나의 사춘기 시절을 돌아봄  
20180814,6,영화는 괜찮았습니다그런데 배경에 전범기가 너무 거슬리네요보는 내내 불편했습니다  
20180814,1,전범기 왜이리 많이 나옴?  
20180813,10,나를 그냥 그려낸 영화..  
20180810,10,제목좀 바꿨으면 좋겠음  
20180809,10,상처를 소독한 듯 따끔거리게 한 영화. 이제는 직시하고 치료할 일만.  
20180809,8,왜 네이던이 사과하는지 잘 모르겠다 절친 오빠랑 잔 친구나 동생 절친이랑 잔 오빠나 아빠 돌아가시고 정신 논 엄마나 어릴때부터 오빠만 신경쓰는 가정환경이나 누가봐도 네이던이 사춘기여서 저러는건 아닌것같은데ㅋㅋ  
20180731,10,여주 진짜 매력적인듯ㅋㅋㅋ 끝에 오빠랑 친구랑 셋이서 있는 부분에서 쬐끔 인위적인 느낌 나긴 했는데 그것만 빼면 다 좋았음 어윈이도 넘 매력적ㅋㅋ  
20180720,10,어릴적 공감이되는 잘본영화네요ㅎ  
20180720,6,킬링타임용여주 입에 걸레좀 빼주세요 엄마 젖이 덜렁덜렁이 뭐니  
20180718,8,기집애들 영화지만 좀 재밌음 ㅋ 한글 제목도 좋아요  
20180711,8,무난무난 성장영화입니다  
20180711,10,닉 눈빛이 너무 섹시했어요 엉엉  
20180706,1,다 좋은데 여자는 남자가 친구 소개 시켜주기 전까지 친구 못 사귀나??  
20180702,10,헤일리 개이쁘다 ㅠㅠ 어윈 만화 겁나귀여움 ㅋㅋ  
20180626,10,"매력적 영화 ,,, 오졌다  "
20180626,10,제목 좀 더 산뜻하게하지 너무 좋은 영환디  
20180626,10,여주가연기를너무잘해요 크으  
20180625,10,제목이랑 내용때문에 뻔한 하이틴물일줄알고 스킵했는데 넷플에 볼게없어서 봤더니ㅠㅠㅠ 진짜... 누구나 한번쯤 해봤던 고민들. 상황들. 여주 연기 정말 잘한다.  
20180624,6,그냥저냥 성장드라마.  
20180621,8,헤일리 스테인펠드 이 작품으로 알게됐는데 매력넘치네요. 가수도 겸하고 있던데 곡들도 좋고.  
20180620,5,보는 내내 너무 답답했다. 성장영화가 아니었으면 그냥민폐녀  
20180620,10,최고의 결말.어정쩡한 느낌이 아닌 이 영화의 사건의 시작과 끝이 함께 어우러지는 결말이었다. 영화가 끝나지 않길 바랐지만 끝나고 났을땐 여기서 끝낸게 좋은작품일 수 있었던 이유였던것 같다며 안심했다.  
20180616,8,역시 남자친구가 최고야  
20180607,9,"저런 상황을 겪은 적이 없어서 이해가 안가서 그런데.. 왜 절친이 형제,자매,남매중 한명 만나는걸 그토록 싫어하는 거임? 그 상황에 싸우고 난리치는거 이해가 안가네  "
20180603,10,공감이 많이 가서 네이든의 성장에 힐링 받은 기분.  네이든이 정뚝떨하게하는 말 많이 했는데도 해바라기 김어윈.ㅠㅠ 나도 어윈이 한명만...ㅠㅠ  
20180603,7,"한국적 정서하고는 매치가 안되지만, 감독의 의도는 알겠다. 다만 크게 재미는 없는듯..  "
20180601,10,커가면서 겪는 일들 을 소소하게 써내려가는 영화  
20180526,4,교실에 전범기가 걸려있는게 너무 거슬려요 감독이 친일인가 한국인 역활도 있던데 살짝있는것도 아니고 국기가 떡하니 내용은 그냥그랬어요  
20180525,6,보다가 전범기봐서 ㅈ같았음  
20180523,10,보고 나면 기분 좋아지는 영화  
20180522,1,1점도 아깝다 17세에 저정도로 사회성이 결핍되었다는 것은 말도 안되는 일인듯  
20180520,10,감동이고 내용이 정말 신선하다.  
20180520,9,"마지막에 환하게 웃는 모습, 그리고 다른 사람들에게 맘을 여는 모습 보기좋네요^^ 선생님 ㅋㅋ 좋아요^^ 오빠도 어윈도 ~~굿  "
20180516,6,김어원 ... 쏘 스 윗 너땜에 끝까지 봤다 ...  
20180515,10,비슷한 나이의 학생으로서 매우 공감가는 영화  
20180513,10,공감되고 재밌음 여주 사랑스러워ㅠㅠ  
20180512,10,개잼존잼ㅠㅠㅠ 한국 정서엔 이해하기 힘든 17살이지만 ㅋㅋㅋ진심 존잼 어윈 쏘스윗♡.♡  
20180512,9,영화 진짜 잘만들었다..그냥 별 거 없는 teen 무비일줄 알았는데..한국이든 외국이든 어떤 사람이든 가정이란 건 다 똑같은 거 같네 사람이기 때문에..  
20180512,10,주인공이 답답하고 짜증만 난다면 영화를 다시 한 번 시청해주기를 바란다고 말하고 싶다. 평생 이렇게 생각하며 살아야할까 무섭다는 대사는 제목 중 The edge of에 너무 잘 어울린다. 열일곱이 아닌 모든 방황하는 이들이 이 영화를 봤으면 한다.  
20180509,1,"여주가 연기를 참 잘했다 싶은게, 보는 내내 때려주고 싶을 정도로 계속 미웠다. 발암발암!!! 선생이었던 우디의  대사가  아주 좋았다.  멋짐!  "
20180509,10,마지막 10대 나이 때 보기에 공감도 많이 가고 지금 느낄 수 있는 감정과 같다. 정말 재밌다.  
20180507,5,여주 감정은 공감되어서 되게 좋았는데 구성이 엉성하고 빈약하다. 왜 넣은지 모르겠는 장면들때문에 다소 정신 사납고 임팩트가 딱히 없어서 영화에서 뭘 전하려는지 모르겠다.  
20180503,1,씹아싸 최종진화의 영화  
20180429,10,잼있음!!!!  한글제목이 넘 이상함  
20180423,10,이런 매력있는애가 친구없다는건 말이 안됨!!아무생각없이 시간떼우려고 봤는데 넘나 재밌었다ㅋ  
20180420,10,더브레이브 연기보고 신인일 뿐인 꼬맹이가 뭐 저렇게 연기를 잘하지 했는데 벌써 숙녀가 됐네.. 진짜 더브레이브에서의 연기는 다코타패닝이나 엠마왓슨보다 더 충격적이었음.  
20180411,9,믿고 보는 배우들. 헤일리 스테일펠드 and 우디 해럴슨.  
20180408,10,그냥 하이틴 로맨스인줄로만 알았는데 하나하나 마음을 울리는대사들이 많았다..  
20180406,7,에이딘이랑 같은 감정을 공유하게 되는 영화. 마지막엔 같이 웃게되었다.  
20180329,10,이거 분명 코미디인데 왜 난 계속 울고 있지 ㅋㅋㅋ ㅠㅠ 나이 29에 17살에 감정이입하네  
20180323,7,가볍고 재미있는 영화를 예상했지만 무겁고 심도깊었다. 네이딘의 연기는 매우 인상적이고 압권이었다. 앞으로가 기대되는 배우다.  
20180322,6,한국이엇으면 돈좀 벌라고 여주가 선생 고소햇을듯 성추행 당햇다고 실제로 그런 사례도 많고  
20180318,10,헤일리 스테인펠드 연기 잘하네요  
20180315,10,난 이런 '아싸' '루저' 평범하지 않은듯 평범하고 소심하면서도 자리가 마련되면 외향적인 사람들의 이야기가 좋더라.. 나를 보는 느낌. 10대 하이틴 멜로물 싫어하는 사람이지만 재밌게 봤음 (본인 애아빠 31세)  
20180309,10,"정말, 처음부터 끝까지 등장인물들의 행동이 이해가지않는 장면이 없었다. 무슨 생각으로 저렇게 말하고 무슨 생각으로 저런 표정을 짓는지 까지 완벽하게 알 수 있었다. 연출과 연기 모두 너무 최고였다 거창한 건 아니지만 정말 공감가고 대단하다..  "
20180304,10,네이딘 주변사람 복이 너무 좋은거같은데 선생님과 어윈 오빠랑 절친 엄마도 모두 정말 현실에선 보기힘든 좋은사람들!  
20180304,9,여주 팬인데 잴 사랑함... 한국놈하고 이어지는 결말이라 너무 좋네...ㅋㅋㅋ  
20180303,8,약간 내 상황같기도 해서 공감가고..  
20180303,2,성장단계 이기 때문에 저렇게 행동하는 거 알면서도 보는 내내 짜증나서 힘들게 봤다. 어휴~  하이틴 영화인지 알고 봤는데..  
20180301,6,여주 연기도 잘하고 다 괜팒은데 왜 전범기가 계속보이냐...유럽으로치면 나치상징이나 마찬가지인데 영화 내내 계속 나오네ㅋㅋ  
20180225,1,전범기 계속나오니까 이거 제발 보지마세요 그냥 넷플릭스에 가입하니까 꽁짜라서 한번 봣는데 돈주고 봣으면 욕나올뻔 미국은 멍청한건가 배급사가 소니라서 그런가 전범기 진짜 계속 나옴ㅋ 마이너스 점수 주고싶다  
20180223,7,"집중도(지루함여부):★★★, 신선도:★★★, 여운:★☆  "
20180223,6,글쎄 자신의 불행을 억지로 유지하려는듯한 느낌이 드는 영화  
20180222,10,네이딘은 참 괜찮은 사람이다. 평균 이상의 유머감각과 배려심을 가졌다. 나는 언제부터 네이딘처럼 자기 비하를 하기 시작했을까? 아마 한사람 쯤은 나를 정말 괜찮은 사람으로 볼지도 모른다고 생각하게 됐다. 그냥 큰 위로가 되는 영화...  
20180221,10,"20살 남자가 봐도 재밌었다.우리나라는 이런영화 절대 못만들지. 왜냐? 창의력, 상상력이 ㅈㄴ 떨어지거든. 앞뒤 꽉꽉 막힌 한국 감독들  "
20180220,2,유교탈레반 한국에선 절대 나올수없는 청소년영화 그렇다고 재밌지도 않다  
20180220,8,"주인공여배우 진짜 매력있어요 살짝 오글거릴때도 있지만, 사춘기소녀역할을 진짜 잘 소화한듯. 편안하면서도 즐겁게 봤어요  "
20180218,8,노래도 부르는걸 이제 알았네 노래잘불러서 8점줌  
20180218,8,헤일리 스테인필드 너무 매력적이고 연기도 잘한다. 아 나도 딸은 커가고 걱정이네.  
20180217,10,오랜만에 웃어본 영화네요 나의 유년시절을 짧게나마 경험했던 기억나네요. 지금도 가끔 진정이 안되곤 하지만 ㅎ  
20180214,8,참 재밌는데 전범기가 배경으로 종종 나옵니다. 정확히 16줄이에요. 이유는 모르겠습니다.영화를 시청하는 건 자유지만 알고 보는거랑 모르고 보는거랑은 다르다고 생각합니다.주인공 참 사랑스럽네요. 재밌습니다.  
20180212,10,인생을 다시한번 돌아보게는 영화...  
20180209,10,이래서 헐리우드 영화가 좋다. '브레이브'의 그 처연한 아이가 참 잘컸네.. 우디 해럴슨도 좋고. 제목 번역도 결론적으론 잘한듯하다. 베프 캐릭터 정말 잘만들었고 캐스팅도 잘했다. 추천영화 ^^  
20180206,6,왜 OO발광인지 알겠다 아오  
20180204,2,자기만 세상에서 제일 불쌍하게 여겨질 나이니까 네이든이 겁나 짜증 유발하게 해도 참겠는데어느정도 이해도 할 수 있고학교 교실의 욱일기는 참 아무렇지 않게 달려 있어서 서양인들의 인식이 놀랍고 거슬린다.하켄크로이츠도 그렇게 걸어 놔 보시지?  
20180204,2,영화중 전범기 무엇 오지게나오는거 실화냐  
20180203,10,왜 울었는지 모르겠는데 영화를 보면서 울었다ㅠㅠ 주인공 성격 꼬였는데 전혀 밉지않고 안쓰러웠다 제목때문에 B급 영화인줄 알았는데 여운도 남고 좋은 영화였다  
20180203,10,별생각없이 틀었는데 지루하지않게 끝까지잘본영화 진짜 투덜대는 10대를 보는느낌이라 주인공이 참 짜증나고 귀엽다 인물들도 다 공감가게 그려져있음 가벼우면서 무거움이있다  
20180203,2,정신나간 싸이코패스 여주인공  
20180202,10,근래에 본 외화 드라마중 으뜸입니다.  
20180201,8,상영중일 때 영화관에서 봤눈뎅 이제서야 평을 올리네용~ 이 영화 좋은 영화 입니당 재밌구 네이딘의 심정이 이해 되었어용~ 아마 완벽하게 이해한건 아니궁 조금은 이해를 한 것 같네용 좋은 영화 입니당~:)  
20180201,10,진짜 재밌당 유명한 하이틴 영화들이 오래되서 촌스러운 느낌이 나는 영화들이 많은데 이건 정말 재밌어요!! 꼭 보세용  
20180129,10,"10대 성장영화,여주 매력있어요!  "
20180129,8,중간중간 내 얘기같아 이상하게 눈물이 났다 러프스위트힐링무비  
20180126,10,나만그런건 아니였어. 내일도 살자~  
20180124,8,정말 오랜만에 보는 유쾌한 사춘기영화 였습니다. 재밌게 잘 봤어요^^!!!!  
20180121,8,헤인리가 아직 국내서 유명안하긴 한가보네요 ㅎ 이미 10대초반 아카데미 후보든적도 있고 미국서는 이미 10대 스타중 하나입니다ㅎ 이미 뜬 배우에요  
20180115,1,핵노잼 핵노잼 핵노잼 핵노잼  
20180115,10,평점낮게준 내용 봤는데 재밌다고 하는사람보고 찐따같다하는데 잘 아시네요^^ 그렇게 평가해줘서 고마워요. 왜냐 난 여주처럼 불행한 삶을 산다고 생각했으니깐.영화보고 소리지름.남자때문에 사람사귀는게 아니라 사람사귈발판을 만들어 줬다고 생각하는게 맞는듯?  
20180113,10,헤일리 귀여워 죽겠음.... 광대 승천해브렀다  
20180111,7,네이딘이 답답할 때도 있지만 그 또한 공감을 하면서 보게 된다.ㅎㅎ  
20180111,10,너무 슬펏다. 항상 겉돌고 남들처럼 평범하지도 않은 평균이하의 주인공 모습이 진짜 나같았다. 자살은 아직까지는 못해서 처음으로 평점을 남긴다. 네이딘 항상 응원할께  
20180107,7,여주인공 매력 + 어원이 매력  
20180105,6,여주 지가 다 일벌려놓고 지가 제일 화냄 보는내내 개발암 공감안됌 여주 땜에 애키우기 무서워짐 마음에 드는 캐릭터 선생님 뿐임 쌤 직언 존나잘함ㅋ  
20180104,6,피해의식과 부정적인 시각이 있다면 모든 것이 안 좋게 보이는 법.  
20171226,8,왜이렇게 여주가 G랄맞지 하면서도 한편으론 이해가 갔기때문에 보는 내내 마음이 쓰일수밖에없었다...여동생 하나뿐인 친구 채가는 오빠가 너무하다싶었는데 동생한테 아주 소중한존재였던거처럼 오빠의 숨통을 트여준다는 말은 거짓이 아닌듯...그리고어윈멋졋음ㅜㅜ  
20171225,10,너무재밌고요 남자배우둘다 멋있음. 어윈이 젤멋있음 ㅎ  
20171225,8,이지A의 엠마스톤이 오버랩된다. 내용도 내용이거니와 주인공의 넘치는 매력이 극을 시종 흥미롭게 끌고간다. 대스타의 탄생을 알리는 작품이 되길 기대해본다.  
20171224,9,우디 해럴슨을 다시 보게된 영화.  
20171222,10,"오래보고 싶은 매력적인 캐릭터 헤일리,앞으로 성장해나갈 이야기도 보고싶어짐  "
20171218,10,정말 재밌게 봤다. 근데 선생님 좋았다고 하는 분들 뭔가요? 번호준거 말고는 아무런 도움도 위안도 되지 못하던데... 막말하고 내리라 명령하고 그냥 애들 다루는 능력 부족을 여실히 보여주는 캐릭터던데 뭘 보고 좋았다는 건지;; 눈이 있는 건지 궁금..  
20171215,9,나만 특별하다고 생각했지만 엉망진창이어도 나니까. 사춘기가 아닌 모두에게 전하는 이야기. 여기 선생님이 참 좋았다.  
20171211,2,하이틴 좋아하지만 이건 별로.. 러브라인이 뭔가 조  
20171211,9,제목 번역 때매 네개 반 드림 :)  
20171207,9,단지 사랑받고 싶었을뿐 다가가는 방법을 몰랐던 10대의어린투정 영화 한번쯤 다들 그생각하지않을까 세상에서 내가 제일 불쌍한것같다고  
20171205,10,평점이 왜이렇게 낮냐..? 영화가 안끝났으면 했다.. 너무 재밌어서ㅜㅜ  
20171203,6,교훈 : 남자를 잘 만나야 한다.  
20171130,9,한글 제목 그따위로 지은 이유 좀...  
20171130,10,재밌고 공감되는 영화.  
20171127,9,꽃다운나이 17.. 그 시기의 심리와 상황들을 너무 잘 보여줘서 17세로 돌아간듯 했다 ㅋㅋ 여주가 너무 상큼하고 이쁘네  
20171124,10,여주 말하는거개웃김 꼭보세요!  
20171124,8,지나고 나면 민망하지만 그 나이에는 죽을만큼 절실하다.  
20171124,10,"본인 성격이 너무 주인공과 똑같고 지금 겪고 있는 문제랑 아주 똑같아서 공감이 안 갈 수가 없었다. 사실 어떻게 해야 할지, 이런 것에 대해 갈피를 잡은 것은 아니나 공감이 되어 그것만으로도 큰 힘이 된 영화였다.  "
20171124,7,또라이여주  매력있네 ㅎㅎ  
20171124,10,너무너무 재미있어요 영상미도 좋고!!  
20171123,8,여주뿐만 아니라 등장하는 모든 인물이 다 성장을 하게되는 영화. 엄마와의 관계가 특히 더 공감이 가네요 재밌게 잘봤어요  
20171123,1,요즘 중고등학생은 저러고 놀아요? 난 30이 넘고 애 낳을 생각이 있는데 저런 지저분한 말들을 입에 담으며 살 딸이나 아들을 생각하니 머리가 아픈데... 펠라티ㅗ? 펠라치오? 라는 말도 이 영화에서 처음 들음. 저런 지저분한 말들이 15세관람가?  
20171123,10,어윈... 멋있어요 이마라인 넓은 거 빼고 완벽ㅋㅋㅋ  
20171123,10,내인생영화..재밌음  
20171123,6,이 또한 다 지 나 가 리 라 . . . ; ; ;  
20171123,8,재밌네. 근데 한국제목은 왜 저모양이지 제목만 보고 2000년대 초반 영화인 줄 알았다 제목 짓는 센스가 왜저래  
20171123,3,문화차이를 받아들이기가 어렵다.  
20171123,10,여주가 너무사랑스럽고 전체적으로너무 좋았어요  
20171123,10,다른나라에서 도플갱어를 마주한 느낌  
20171120,10,지금의 나에게 꼭 필요한 영화.그리고 흠잡을 데 없이 완벽했던 영화.  
20171120,9,"17살, 얼마나 빛나는 나이인지 그땐 모르지...  "
20171118,10,와진짜 청소년야기일줄알고 망설였는데 리얼팩트 재밌음 지루할틈없이 웃기고자연스럽고 짱  
20171116,6,내동생이었으면... 최악!!  
20171115,10,진짜 원래 영화보고 리뷰 같은거 안하는데 가볍게 보려고 햇다가  주인공의 이야기가 저랑 너무 비슷해 주인공의 오빠도 다른 사람들도 다 자기의 마음을 숨기며 괜찮은척 살아가는게 현실적이고 영화의 마무리도 너무 맘에 들어요  지금까지 본 영화중 넘버원임!  
20171115,1,이해할수 없는 미국 정서. 주인공 싸이코같음 완전 민폐캐릭터.  
20171113,10,공감이 많이 되었던 영화 교훈과 감동 웃음 모두를 겸비한 영화라고 생각한다  
20171112,9,세상에서 내가 제일 불행한 것만 같고 끝없이 자기 부정하게 되는 사춘기의 모습을 잘 그러난 영화. 근데 솔직히 오빠랑 친구는 나도 싫더라..주인공이 오빠때문에 비교 당하고 열등감 가진거도 있는데 다 가진 오빠가 유일한 친구마저 뺏어갔으니 화날만 하지  
20171112,5,한국제목 찰떡같이 잘어울리는 여주인공... 말그대로 OO발광을 한다. 저런 딸 있으면 미치지 않을 엄마 없을듯. 난 이렇게 미친 사춘기를 보내질 않아서 그런걸까 아님 한국정서와 너무 안맞아서 그런걸까 공감은 1도 안되지만 재미는 있었다.  
20171112,10,공감되고 사랑스러운 영화  
20171104,8,여주인공이 사람 속 잘 뒤집어 놓지만 단순해서 좋음  
20171031,10,난 이런 성장영화가 너무 좋다. 부국제에서'포큐파인 호수'감독에게 관객이 이 영화와 비교하며 질문했던거 생각난다. 역사 선생님 캐릭터 귀엽다.  
20171030,6,의외로 좀 밋밋한 영화.  
20171029,10,"십여년전 겪은 사춘기가 생각나는 영화. 겉으로는 잘 지내는 척 가면쓰면서 세상에 혼자 남겨진 것 같고 불행하다고 생각했는데. 네이딘에 공감하고, 또 네이딘으로 인해 힘들어하는 주위사람에게도 공감이 된다. 엄마 사춘기때 힘들게해서 미안해요ㅋㅋㅋㅋ  "
20171026,1,찐따가 왜 찐따인가를 보여주는 영화. 이 영화가 재밌다고 하는 사람들은 하루에 고구마 100개씩 먹는게 취미인듯  
20171022,7,한글 제목으로 누가 했는지 모르겠지만 ㅋㅋ 참 제목대로 ㅈ ㄹ 맞더라 ㅋㅋ  
20171022,9,나도 나랑 맞는사람이 별로 없어서 친구를 못사귀는데 이 영화의 주인공이 내 친구같아서 기분이 좋았다..  
20171021,7,너무 재밌는데 전범기가 너무 많이나와서 빡침극중에서 남주가 한국인인데 교실에 떡하니 전범기를 붙여놓다니... 이건 좀 아니다 싶었음  
20171021,8,더 어릴때 봤으면 좋았을 영화. 그러나 지금이니까 이해할수있는 영화  
20171020,10,전체적으로  다좋은 영화ㅜㅜ꺅영화속 사람들이 불쌍해서 울어는봤지공감 하면서 울어보긴 처음이였다  
20171016,9,예고편에 낚였다. 생각보다 깊이있는영화. 한소녀의 이야기지만 성인에게도 메세지가 있는영화다  
20171014,5,진짜 후반까지 암걸리는줄... 보다 몇번이나 끌뻔했는지... 틴에이저 무비 좋아하는데 이건 나랑은 안맞음  
20171014,6,방황과 민폐는 구분했으면한다. 현실은 자기맘대로 받아들이라고 존재하는게 아니다. 모든주변환경이 시궁창이면 그원인은 실질적으로 자신에있음을알고 주위에 누가됨이없이 받아들여야되며 17살이면 그걸알만할나이다. 이영화가의 마지막 메세지는 그런 의미일것이다  
20171013,9,재밌게봤어요. 여주 매력있어요!!  
20171010,6,그렇게 새로울 것은 없었던 영화. 한국 재목이 더 와 닿았다 ㅋㅋ  
20171010,8,재밌어요 ㅋㅋ 어윈이랑 네이딘이랑 정말 잘 어울리는 것 같네요 ~~  
20171008,9,"엄청 유쾌한 영화일줄 알고 기대했는데, 생각보단 조금 무거운 느낌?  또한 한국이랑 정서가 조금은 다르기에 완벽한 공감이 가진 않지만, 그래도 딱 그 나이대 10대들이 고민할 법한 통통 튀는 이야기들이 웃음과 공감, 그리고 소소한 감동을 주기도 했다.  "
20171008,10,영화판 : 호밀밭의 파수꾼  
20171007,10,"내 자신을 억아바는게 아닌, 스스로가되어 표출함의 중요성을 깨달았따  "
20171006,10,아 친구맞냐 친구젤짜증남  
20171005,10,진짜 재밌게 잘 봤네요 ! 여주 넘 이쁨 ㅜ  
20171005,1,도저히 보다 보다 재미없어 못 보겠다.  
20171004,8,여주가 한녀기질이 있네 주위사람 광역 어그로에 동양남닉 동시 추파에 지가 유혹해 놓고 나쁜놈 만들기 오지고 양녀는 저게 사춘기때만이지만 한녀들은.. 닉정도면 상위 1퍼인데 주제를 알아야지 주위가 성인군자라 저렇게 해피엔딩이지 현실은 폐기되도 할말 없다  
20171003,9,스토리나 전체적인 메세지도 좋았어요  
20171003,8,이 세상 모든 네이딘을 위한 영화  
20171001,9,공감가는부분도많고 재밌어옹 시간 가는줄 모르고봤네  
20170930,6,많은 사람들이 공감할 수 있는 소개라서 좋았던 영화  
20170930,3,문제는 제시 했으나 해결책은 없었다.도데체 어딜봐서 성장영화 인거지?  그냥 코미디인데....  
20170929,4,진짜 여주가 OO발광을한다  
20170927,9,유쾌하고 만족스런 성장영화  
20170926,10,9900원 할 때는 그 정돈 아날 거 같아 참다BTV 2000원으로 가격 내렸길래 킬링타임용으로 시청~그냥 9900원 할 때 볼 걸(..*나의 17세 그리고 현재를 돌아보게 하는 영화!  
20170922,10,급하게 끝난 결말이 조금 아쉬웠지만 간단히 생각을 바꾸면 쉽게 모든게 바뀐다는 의미도 가지고 있을듯....몇년간 본 영화중 최고  
20170920,9,어원김 기엽다! 피식피식 웃음이 가는 영화였음!  
20170916,10,아 오랜만에 사람감정 물씬 느껴지는 영화봤네요~ 여주가 연기를 진짜 잘하네요  
20170916,2,단점도 많지만 장점도 많은 러블리한 작품  
20170916,9,이런류의 영화를 안좋아하는데 꽤 재밌게 봤음. 암덩어리 여주의 심정이 어느정도 이해되기도하고 매력있음.  
20170916,2,다른 하이틴보다 노잼 진짜 보다보면 답답함 주인공이 찌질이로 시작해서 찌질이로 끝나는 영화 주변사람들이 도움을 준다기 보단 방치하는 느낌이 들며'너만 힘든거 아니니까 가만히 있어' 그런느낌 욱일승천기도 맘에 안들고 한국인들을 일반화하는 모습 극혐  
20170915,9,잼있어요!! 고민많은 여주인공 딱 고나이 아이네여 ㅎ  
20170914,9,배우들이 연기도 잘하고 음악이나 촬영기법도굉장히 좋앗고 나의 10대를 회상할수있었던 영화였던거 같다  
20170913,8,청소년기의 고민과 성장을 재미있게 그려냄..해일리스테인펠드의 연기도 너무 좋았음  
20170912,10,너무 재밌고 눈물 엄청 흘리면사 봤네욤 최고에요  
20170911,10,굿~~~~잼있네여 ㅋㅋㅋ  
20170910,10,"나랑 비슷한 심리를 가지고 있어서 그런가, 보는 내내 울컥한 장면이 많았다.  "
20170910,7,"""부끄러움은 우리의 몫""  "
20170909,2,영화내용: 패륜아 같은년 잘못 세상에 싸질러서 그래도  키워보니 한술더떠서 피해망상에 메갈 워마드 꼴페미 에다가 보적보로 자라서 OO 골때리는 영화  
20170908,9,좋은 영화네요^^...  
20170907,3,이거 강제개봉 시킨애들  제 정신이냐?  
20170906,10,기분좋은 영화 17세 사춘기처럼 롤러코스터인 영화 30대가 봐도 마음이 뭉클합니다 ~  
20170904,10,영화팬이 영화에 대한 기대치를 충족 싶은 영화로써는 갸우뚱.드라마로는 너무나 완벽하다. 가장 크게웃고 만족한 귀한 장르 영화.심슨 팬이라면 정말 좋아할거란 생각.리사의 고교 시절을 보는거 같기도 하고 누구나 공감가능하지만 흔치않은 좋은 이야기  
20170903,8,한글영화제목이 왜 이따구냐면 ㄹㅇ여주가 OO발광임  
20170903,6,진짜 이기적이고 자기중심적에 예의없고 생각없고 피해망상에 가득찬 지가 못난게 세상때문이라고 생각하는 생각없는 17세 찐따이야기 보다가 암걸릴뻔  
20170903,1,"네이딘이 세상을 마주할 수 있는 열쇠가 결국 남자때문이였고, 네이딘 친구 크리스타도 남친으로 인해서 세상과 연결됨 무슨 이런 영화가 있지?.. 솔직히 초반엔 네이딘이 웃겨서 많이 웃었는데 갈수록 어떻게 네이딘이 극복해낼까 궁금했는데;; 정답이 남자라니  "
20170902,6,꽤 괜찮은 영화이지만 아쉬운점 세가지  1. 제목번역  2. 두 친구 모두 남자를 통해서 세상과 연결된다는 점. 3. 주인공 옆에 부자에 능력있고 다정한 남자가 대기해 있는 점... 남자인 내가 봐도 좀 아쉬움.  
20170901,10,정말 배우가 연기를 잘해서 몰입하기가 쉬웠음외롭고 힘들때 보면 같이 웃고 울 수 있는 좋은 영화다ㅠ인생영화리스트에 적어야겠다  
20170901,7,손 쉽게 감동엔딩으로 몰아가지 않는 연출이 마음에 든다. 지 무덤 지 손으로 파는 사회 부적응자 상돌아이에 답답해 하다 불현듯 성장기 나 자신의 단켠이 떠오른다. 저 정도까진 아니어도 누구나 비슷한 일부분 하나쯤 있을 거다. 여주 연기가 꽤나 볼만하다  
20170829,10,꼬맹이 연기 잘 하네..ㅋ  
20170829,9,개인적으로 선생님이 최고네요. 저런 선생님 계시면 애들 여럿 인간 될 듯...  
20170829,10,17세를 훌쩍 넘긴 나인데도 공감하면서 봤다 오글거리는 억지 교훈이 없어서 편하고 유쾌하게 볼수있었던 영화  
20170828,6,주인공이 비호감 덩어리라 보는 내내 참 가지가지 한다라고 생각했는데 다시 생각해보면 배우가 그만큼 연기를 잘했다는 생각이 든다  
20170828,9,모두까기 여주 짜증났지만 보는 내내 지루하지 않았음  
20170828,10,네이든 사랑스럽고 영화 정말 재밌어요!!  
20170827,6,내 동생이 저랬다면 진짜 머리 밀어서 절로 보내버릴듯..보면서 내가 숨막혀 죽는지 알았네.  
20170827,9, 영화자체는꿀임^^첫장면보고꺼버리려다가참고계속봤는데끝까지보길잘했다고생각함!!다만아쉬운부분?이해안가는부분은....친구오빠랑꼭그랬어야했는가....내가삐뚤어져서그런건지....나였으면걔랑끝까지말안했을듯....내가아니니까이렇게좋은영화로해피엔딩으로끝난거겠지뭐ㅋㅋ  
20170827,10,미국 청소년들은 저렇게 가족과 친구의 관계를 고민할때.. 한국 청소년의 대부분은 공부와 성적을 걱정해야하니 맘아프다.. 청소년들이여 국영수도 중요하지만 사람이 먼저 되소서  
20170826,10,재밌음 ㅋㅋ 주인공 매력있어♡  
20170824,7,'산다는 게 그런 거란다. 아가야.' 라고 다독여 주고 싶다  
20170823,8,자기만의 세상이 스스로 고독하게 만든다.  
20170823,5,"문화적 이질감 없이, 그시절이 공감된다. 영화적 임팩트는 없다.  "
20170822,7,이유없이 모든게 싫었던 시절..  
20170822,8,중간중간 진짜 내동생같고 한대 줘패고 싶었는데 정신차리는 꼴보니 그래도 흐뭇한 표정이 지어짐  
20170821,8,귀엽다~~헤일리 스테인벨트의 원맨쇼~  
20170821,8,우리말 제목을 저 따위로 지은 사람은 도대체 무슨 OO발광인가.  
20170821,9,공감 그것 하나만으로도 충분한 예쁜 영화.  
20170820,8,현실반영 영감이 되는 톡톡튀고 유쾌함과 생기발랄 하이틴 이다  
20170820,7,여주가 재미있게 연기를 했네요 그런데 동양인 남자가 나오는 시종일관 동양인 차별 또는 비하의 성격이 짙어서 매우 유쾌하지 만은 않았네요  
20170820,10,톡톡톡! 캐릭터가 살아 있다  
20170820,10,정말 매력적인 사춘기 성장 영화! 나 자신이 죽도록 싫었던 때가 있었던 모든이에게... ㅎ 그시절은 과거에만 있기를.  
20170820,1,"여주 극혐. 평범한 남학생 강간범 만들고. 좋은 엄마 쓰레기 만들고. 현실에 없는 완벽한 오빠의 배려와 이해 오직 그거 하나로 영화는 해피엔딩. 리얼이었다면? 여주인공 왕따, 고립, 성격 변태, 히키코모리, 폐인, 영화니까 귀여워 보이는거지.  "
20170820,7,"영화는재밌어요 근데 영화에계속보이는 전범기는 어떤의미죠 ? 설마 모르고 저걸 영화에넣었을리없고 한국사람이 부모님인 어원이랑 마지막이잘된걸로보아 일본을 비판하는 의미로 넣은건가요., 영화는 좋은데 계속 신경쓰이더라고요  "
20170820,9,하이틴 드라마 보는 기분ㅋㅋ 연기 잘하고 재밌었음 주인공들도 예쁘고 멋짐  
20170820,10,여주 진짜 사랑스러워. 나도 김어원같은 친구가 있었으면 좋겠다.  
20170819,7,그냥 저냥 볼만한듯ㅎㅎ  
20170819,6,그냥 미국 소녀 사춘기 끝  
20170819,7,누구든 상대를 이해하지 못하는 때가 있다. 그 해결의 첫 걸음은 바로 자기 자신을 인정하는 것부터. 네이든은 그 과정을 참고 기다려준 좋은 가족과 좋은 친구가 있어서 다행이야. 현실은 그러지 못한 아이들이 너무 많아 안타깝다.  
20170819,8,헐리우드의 전형적인 하이틴 물인줄 알았는데 생각보다 더 참신했다 네이딘 이뿌네  
20170819,10,훈제계란급 훈훈한 마무리 ㅎㅎ 선생님이 진짜 좋으신 분인 것 같다. 원제목인 17세의 끝도 괜찮지만 오히려 OO발광17세로 번역한게 더 전달력이 뛰어난 것 같다. 재밌는 하이틴 영화!!  
20170819,8,애키우기 힘들다.. 그래도 가족뿐..  
20170818,9,난 이런 영화가 웃기고 재미나드라.ㅋ 여주인공 사랑스러움. ㅎㅎ  
20170817,10,정말이지.... 굿입니다^^  
20170817,10,끄덕여지는 부분이 많아서 좋았는 영화  
20170817,10,고민없는 제목과는 다르게 17세 모든 방황하는 청춘들을 위하여~!  
20170816,7,어떤 잡종OOO가 번안 한글제목을 이따구로 지어놨냐?  
20170816,7,그런대로 볼만했습니다 제목을 왜 이렇게 지었는지 이해가 가네요 마지막에 해피엔딩이라 다행입니다  
20170815,9,모두가 재밌어 하는 건...공감!!..네이딘과 어릴 적 자신이 오버랩 됐기에..  
20170814,10,내가 본 영화중에 가장 공감 된 영화다.  
20170814,7,배부른 투정....그래도 성장영화는 귀엽다  
20170813,10,"10대 사춘기 소녀의 이야기를 잘 담아낸 영화같아요. 배우들 연기도 좋고 처음에는 네이딘이 왜저러지 했는데, 가족에게 마음을 열기를 점점 응원을 하게되었어요 :)  "
20170809,10,평점 처음쓰는데 이번년도 최고의 영화였음  
20170807,9,너무나 사랑스러운 스토리엿고 한편으로는 우리나라의17세와는 너무도다른 외국학생들의 저런자유분방함이 부러웟다  
20170807,7,"제멋대로에 엉망진창으로 흑역사를 만들어내지만, 결국 스스로 깨닫는 사춘기 시절의 어느 한 지점  "
20170806,8,공감이많이되영화네요  
20170806,10,성인이 봐도 공감이 많이가는 영화에요 지루할틈도 없고 잔잔하면서 좋네요 일요일 오후에 보기 좋아요 ~ㅎㅎ  
20170805,1,교실에 떡하니 전범기 뭐냐;;  
20170805,6,여주는 아무리 가정배경의 영향이라해도 좀 심함; 누가 그런 메시지에 진지하게 만나겠냐 오빠한테 열등감 폭발 그리고 왕따되니 한국인한테 가서 붙는거봐 막말오지고 아시안 고정관념 꽉꽉 넣고 걍 별로였음 배려심 부족 피해개줌 하지만 메시지 하난 ㅇㅈ함  
20170804,6,기대에 크게 못미쳤다. 우디 해럴슨 캐스팅은 왜한건지...  
20170804,8,"자의식 과잉과 열등감이 합쳐져 세상이 다 밉기만 한 10대 시절을 지나, 어른이 되어 이제 세상과  소통하는 법을 알게 된 지금- 비교하며 보니 재미있네요.  "
20170803,10,만약 저런 여자가 내 옆에 있었더라면 바로 친구로 사겼을거다.  
20170803,9,재밌음~~~~ㅋㅋㅋ  
20170802,8,17살의 나로 돌아가고싶다  
20170802,9,그  나이대의 감정들을 예쁘게 잘 풀어나간 영화였다 :)  
20170802,9,여주 오빠 절친 한국친구 선생님 누구하나 매력이 없는 사람이 없다..십대의 방황을 이겨내는 잼나는 영화였다  
20170801,5,하이틴 영화다운 스토리와 해피엔딩~   한방의 깨달음은 역시나 한계~  
20170801,10,"힘내,네이딘. 넌 너무 사랑스러워! 이 영화는 네이딘을 응원하게되는 영화 ㅠㅠ 처음 쓴다  평점! 그리고 여기 한국인 나오는데 너무 좋다 ㅜㅜㅜㅜ 엉엉 여러분 볼까 말까 하면 그냥 보세요  "
20170801,10,누구나 한번쯤 겪었을 학창시절 감정의 변화를 잘표현한 영화.  
20170731,10,여자여자취향 영화 시간가는줄모르고 봤다 웃기고 설레고  
20170731,10,아무생각 없이 봤다가 재밌게 보고 나왔어요  
20170730,8,제목이 왜이럼???ㅇ?  
20170729,8,"다들 지나가봤으니 알게다. 그 시절 그 나이 때는 깊은 공감까지 갈 필요도 없고 사실 그들이 하는 말을 들어주는 것, 그리고 그런 사람이 있는 것만으로도 꽤 많은 문제가 해결될 수 있다는 사실을.  "
20170729,3,염병해도 주변에 좋은 사람만 있어서 좋겠네! 배고프면 고기먹으면 되지않냐고 말하는  누구같은데....  
20170728,10,재미있어요. ㅎㅎㅎㅎ  
20170728,10,2000년도 초반 하이틴영화 명작이 여럿나온 이래 간만에 재밌고 발랄하면서. 의미도 깊은 하이틴영화가 나온듯 하다.  
20170728,10,꿀잼잼ㅜㅜ알렉산더칼버트 짱좋하...  
20170728,8,배우들 연기 너무 좋았고 생활속에 자연스러운 웃음을 유발해서 좋았습니다. 하지만 15세가 관람하기엔 조금 무리한 설정이 있지 않나 싶기도 합니다. 포스터 제목과 문구도 잘 넣은거 같습니다.  
20170727,9,욱일기는 스텝 ? 중 일본인이 있더라구요.누가 욱일기 지적해서..딸과 끝장면에서 문자 나눌 때 썼다 지웠다 하다 결국 오케이! 이게 이 영화 핵심같네요..선생님 은근 멋지고..^^한국인 남친 어버버 진심 짜증나게 묘사했구요  
20170725,6,철없는 십대 사춘기 어른이 대기위한 준비과정  
20170725,7,"기/승/전 좋았는데, 결이 허무하게 급마무리.  "
20170724,10,예민한 사람들이 보면 공감할 것 같은 영화  
20170724,10,너무 공감되고 재미있었음  
20170724,10,간만에 어릴쩍 기분 느낌.. 좋아하는 오빠랑 단둘이 있던 기억도 남..ㅋ 보는내내 설레고 귀여웟음 간만에 영화다운 영화봄  
20170723,5,재미는 있지만 주인공 죽이고 싶다  
20170722,1,영화초반교실씬에 전범기 소위욱일기가 겁나거슬림낙일기라는소리도있으나 딱봐도 그냥전범기  
20170720,10,어원은 매력터지고 네이딘은 진짜 말할 수 없을만큼 매력이..완전 좋네  
20170720,10,여주 네이딘 넘나 예쁘고 영화도 재밌고  
20170720,4,그냥 봄. 그냥 돈아까워서  
20170719,6,제목이 큰몫 차지하는데 누가 지었냐 ㅋㅋ 절대 돈주고안본다  
20170719,9,여자가 먼저 하겠다고 해놓고 통수치는데 남자잘못임?  
20170719,10,인생영화가 될거 같다!  
20170718,10,보면서 내내 즐거워요! 머리식힐겸 보면 정말 행복해질 수있어요!!!ㅎㅎ  
20170718,9,'너의 뇌수술은 성공적이었다'ㅋㅋㅋ  
20170718,7,"재미는 있는데 인종차별적인 요소도 있고,  마지막은  끼리끼리 ...편견을  갖고 있는 소녀가  그무리에 끼게됐는데  과연.  "
20170717,9,원제목 보다 한국어 번역 제목이 더 좋을수 있다니...  
20170717,10,우디해럴슨의 묵직한연기와 여주의 러블리한모습 짱임ㅎㅎ여주 연기진짜잘한다 나중에크게될듣 비긴어게인에서도 ㅋㅋ마크러팔로딸로나왔었군  
20170716,7,여주가 너무나도 사랑스럽다  
20170716,10,정말 좋은 영환데.. 한글제목 휴  
20170716,10,청소년에게도 어른에게도 재밌는 영화  
20170716,8,가끔씩 이런 영화가 보고 싶을 때가 있다.  
20170716,7,"누구나 그 시기를 지났기 때문에 누구나 웃으며 공감할 수 있는 사춘기 이야기. 불편하게 보여주거나 현실성 없이 그리지 않아 더욱 몰입이 되고, 헤일리 스테인펠드는 좋은 연기를 펼친다.  "
20170716,10,꿀잼. 보는 내내 옛 학창시절 생각이 문뜩 떠오르는 영화  
20170715,8,Everyone in the world is as miserable and empty as I am.They're just better at pretending.정말 그럴까? 란 생각이 들면서도  누구나의 비밀이라는 생각이들었다.  
20170715,8,한글제목을 진자 OO발광같이 지었네;; 무슨 8090년대에 배우 이름 내걸던 시절도 아니고;;2017년 맞음?  
20170714,10,재밌다. 누구나  한번쯤은 겪는 일.  
20170714,2,제목 참 ㅈㄹ같이 지어놧네  
20170714,7,그래 가끔 하늘을...아니 ..하이틴 영화를 보자..나쁘진 않다~  
20170714,10,할리우드 영화가 마냥 크기로만 승부한다고 조롱할 수 없는 것은 이런 빛나는 영화들이 끊어지지 않고 나오기 때문. 일상 속에서 느끼는 공감되는 감정과 에피소드들을 콕콕 집어내 관객들과 소통하는 이런 영화들은 미국이 왜 영화 강국인지를 잘 보여준다.  
20170713,3,대주려면 대주든가 진짜 여자 오함마로 뚝배기 깨고싶었다.. 그리고 어윈은 한국인인데 노골적으로 반에 들어올때 마다 시선강탈하는 욱일승천기... 무슨 의도냐?  
20170713,6,평점에 비해 그냥 그랬음...마무리가 좀 억지 급마무리 느낌나고...  
20170713,1,이상한 제목붙여서 싸구려 영화처럼 만들지말기를... 영화 제목 로고도 진짜 구리고 포스터 조잡하게 편집한것도 진짜 별로다  
20170713,8,킬링타임용으로 생각하고 우연히 봤는데 보길 잘했다.  
20170713,10,17살인 저에게는 공감이 많이갔던 영화 . 저뿐만 아니라 인간관계가 힘드신 모든 분들이 보면 좋을 것 같아요 .  
20170713,2,노잼 남는게 없음....  
20170712,10,좋다가 안좋고 다시 좋고 그것이 인생  
20170712,9,"어쩌다 보니 스파이더맨, OO발광 17세같이 성장드라마를 연달아 보게 됐는데, 이게 더 느낌을 많이 주네요. 정말 성격의 끝(Edge)를 보여주면서 아슬아슬한 말들을 쏟아내는 게 요즘의 10대들을 보는 것 같았습니다.  "
20170712,9,재밌어요유치한 하이틴 영화라고 느껴지지 않았어요!추천합니다!  
20170712,10,그냥 최고인데 청소년기 때 이야기를 잘 표현해주고! 너무 좋은 영화였다 연기도 최고  
20170712,1,장난해? 뭐가 코미디야 ㅋㅋㅋ보다 중간에 열받아서 자고 있는 친구 깨워서 나왔다...집에서 불법 다운으로도 안본다  
20170712,6,[2017-6-22/19:30] 이야기가 주는 메세지는 받아들여도 인물들의 성격과 행동들이 전혀 공감이 안 됬다.  
20170711,10,우연히. 보았다가 너무 재미있어 멍한 영화  
20170711,10,재밌게봤다. 감정이 소용돌이치는 사춘기를 잘 표현한 것 같다.  
20170711,10,이거 영화표 현장발매할때 좀 그렇겠다ㅋㅋ OO발광 17세 하나요ㅋㅋㅋ  
20170711,10,내 사춘기 시절을 회상할 수 있었다  
20170711,10,헤일리가 나오니깐 봐야지 ㅋㅋㅋ. 피치퍼펙트도 기대 함~  
20170711,9,선생님이랑 할줄 알았는데 아쉽네용;  
20170711,9,별생각없이 보다가 점점 빠져드는 영화  ♡ 근데  담임선생님 진짜 극한 직업 .  
20170711,10,사춘기를 겪는 17살으로서 너무좋은 내용인거같아요 공감 많이 되고 힐링도 됐어요..ㅜ  
20170710,10,영화 초반 부에는 네이딘은 영화 속의 주인공으로만 생ㄱ각했는데 점점 볼수록 나?를 볼수 있는 영화..공감된다 뭔가..!  
20170710,9,???내 후기 어디감???  
20170710,8,지금에 17살 아이들이 보기에는 괜찮을것같은데요 그리고 어린 아이들이 이 영화를보고 그후에 17살이되면 이 영화를 생각했으면 좋겠습니다  
20170710,10,두번보세요 세번보세요  
20170710,9,머머리 욕듣고도 쿠키 나눠준 선생님께 존경을 표함  
20170710,6,그냥편하게보기좋은.  
20170710,10,우디헤럴슨 선생님 너무 멋있다ㅜㅜ헤일리 스테인펠드 영화 다 찾아보다가 보석같은 영화발견했네.네이딘~괜찮다고 잘하고있다고 꼭 안아주고싶다.  
20170710,3,보는중인데 여주인공매력은 어디서봐야하나요때리고싶은장면은 몇장면있었다만새상만사 삐뚤어져있어서 나까지 꼬이는듯한 기분임옆에있는 친구는 꿀잠자네요  
20170709,1,이것도 영화야? 혐오스러울 뿐이다.  
20170709,9,학창시절 공감가는영화 흐뭇하게 봤습니다  
20170709,8,참 OO맞다.  난 제목이랑 잘어울리는거같음.  주인공 연기 참잘한다고생각해서 찾아보니 맙소사 비긴어게인 딸내미였구나  
20170709,7,"괜찮은 하이틴영화. 주인공처럼 행동하진 않았지만, 그 질풍노도의 심리상태는 충분히 공감가능했던. 그런 의미에서 난 아직 사춘기인가보다.  "
20170709,9,영화보다 빵 터지게 몇번 웃었네여~미쿡 청소년들 성장통 얘기들~ 비오는데 개인적으로 별기대없이 영화 봤는데 재밌있게 봤네여. 꾸밈은 적지만 괜찮은 성장통 스토리였어여.  
20170709,10,"올해 본 최고의 영화, 이제 저 감독, 저 주연배우 나오는 영화를 다 찾아서 볼 것 같다. 사랑스럽고 아프고 뭉클하고, 그리고 겁나 웃기다  "
20170709,1,예고편 보고 기대했지만 기대 이하였던 영화  
20170708,7,"결말을 너무 빠르게 마무리 한것같아 아쉽고, 여주인공이 좀 이해안되기도 했지만 전체적으로 재미있게 본것같아요~  "
20170708,1,진짜 누가재밋다고하냐이걸 ㅋㅋㅋㅋ보다나왓다  
20170708,8,오빠역 캐스팅 갑bb 눈호강하다왔음 ㅋㅋㅋ주인공같은 성격인데 영화 공감 많이 됐어요ㅠㅜ  
20170708,8,"나쁘진않다 성장기소녀에대한 내용! 근데 객관적으로 봤을땐 여주정말 OO발광한다... 나로서는 저심리, 행동 모두잘이해안됬던ㅠㅜ  "
20170708,10,스펙타클 한 인생살면서 한번쯤 미친듯이 제정신 아니듯 사는 인생살이를 매력있게 잘풀어낸듯  
20170708,9,미드한편본거같았어요!  그 시기의 사춘기를 잘 표현한거 같아서 좋았습니다..그리고 어윈너무 귀여워  
20170708,10,나도 빨리 나의 자존감을 높혀줄 멋진남자 만나고싶다  
20170708,10,헤일리 스테인필드의 연기력이 돋보이는 영화네요!! 재밌어요!  
20170708,10,흐뭇한 웃음을 짓게 하는 멋진 성장영화  
20170708,10,헤일리 스타인펠드는 만능 엔터테이너야..  
20170708,10,네이든이 행복했음 좋겠어요  
20170708,10,두시간내내 웃엇던영화 어원멋져  
20170707,7,어윈이란친구 한국계로나오는데 보면 볼수록 존박 닮은거 같기도하고 매력있는듯~~ 지잘난거 알고 친구뺏어가는 주인공 오빠가 밥맛!  
20170707,10,그냥 깔끔하니 저나이때 고딩여자애의 심리와 미국문화를 엿볼수 있어 좋았다.  
20170707,7,위기는 언제나 온다 열일곱 말고도  
20170707,10,괜찮아요. 철 들지않은 나를 본듯ㅎㅎㅎ 사랑은 마음의 병을 치유하죠  
20170707,1,근데 너무 못생겨서 보기싫다. 매력이라도 있어보여야지 ㅠ.ㅠ  
20170707,5,결말이 고구마..우울증걸린 여동생의 하나뿐인친구랑 사귀는 오빠가 젤 노이해; 갑작스럽게 잠자리가지고 사귄거면서 자기가 숨돌릴 수 있는여자라며;;여주성격도 저렇게된거 피코하는 오빠때문인듯...이 요소만아니면 괜찮은영화라고 생각함  
20170707,9,여주 진짜 답답하고 진짜 패버리고싶었는데 끝나고 나니 내 모습이 보였던 것 같은 느낌.. 주변에 저렇게 좋은 사람들만 가득하다니 너무 부럽다. 엄마랑 오빠랑 친구랑 선생님 그리고 어윈한테 하루에 3번씩 절해라 진짜.. 오빠랑 어윈 진짜 개훈남....  
20170707,10,"오늘 보았는데 스토리와 영화속에 정말 중요하고 대단한 의미를 완벽하게 섞어주셨네요. 단지 여주가 왜 저리 못났고. 이 영화는 그냥 웃긴장면보고 웃는다가 아니라, 한 사람과 관련된 사람들의 인생과 그로 인한 결과까지 다방면으로 삶에서 배울게 많네요.  "
20170707,9,보는내내 흐뭇한 영화~~  
20170706,10,이런 영화 너무 좋아요 사랑스러운 영화♡  
20170706,8,재밌게 봤습니다. 여주인공이 매력적이네요  
20170706,10,계속웃다가왔네요 ㅋㅋㅋ오랜만에 재미있는영화본것같아용  
20170706,10,썸녀랑보면개꿀잼!각이여  
20170706,9,뻔한내용 같은소리하네 애들나오면 다 뻔하고 유치하냐알지도못하는 찐따들아 성장영화 하이틴영화 같은 소리하자말어라 찌질이들아 이건그냥 재밌는영화다  
20170706,8,한국에서는 OO발광이   주의집중력 결여 아동들이그 축에  끼는편.  그리고  pc방 많이 가는편  
20170706,10,여자가 이뻐여 정말정말  
20170706,9,너무뻔한 얘기지만 나름 꽤 재미있었다.  
20170705,8,재밌고 주연 배우가 굉장히 매력적이었다  
20170705,10,"말할 것도없이, 최근에 본 영화 중 최고였다  "
20170705,9,요즘시대 성장통을 겪는 사춘기 소녀의 심리묘사를 잘 표현해냈다. 헤일리 스테인필드의 감정연기는 앞으로도 주목 할 필요가 있다.  
20170705,9,미쿡 여고생의 리얼한 삶을 보여준 영화 같아요! 감정표현이 좋습니다. 추천합니다!  
20170705,9,한마디만 할게요 꿀잼~!  
20170705,9,진찌 웃기고 재밌게 기분좋은 영화  
20170705,10,청소년들한테 좋은 영화일듯!  
20170705,10,"솔직히 기대 하나도 안하고 그냥 볼게 없어서 봤는데 최근 몇년 사이에 본 영화중에서 가장 맘에드는 영화였다. 주인공, 주인공 오빠, 주인공 친구 등 주변에 있을만한 사람들의 충분히 와닿는 감정, 고민 등이 매우 유쾌하게 잘 담겨있다.  "
20170705,7,적당히 재밌고 적당히 섬세하다.  
20170704,10,재미뿐만아니라 감동 있고 나의 17살을 떠오르게해주는영화  
20170704,6,네이딘의 삶이 너무 괴로워서 보고있기 괴로움  
20170704,1,하.. 제목 번역 수준;;;  
20170704,7,조금은 지나친 소녀와 주변 인물들  
20170704,8,누구나의 성장 이야기. 공감이 많이 간다.  
20170704,10,나도 모르는 사이에 주인공과 같은 마음이 되어버렸다  
20170704,1,주인공 진짜 개 싸이코 발암 물질1급인듯..엄마한테 하는 꼬라지하며 오빠한테 하는 꼬라지..하며선생님한테 하는 막말하며..니가 중2병걸렸으막하고 다녀도 되냐?개싸이코 같은 메세지로 잘생긴애 꼬드겨서..그남자애 또라이로 만들고ㅋㅋㅋㅋ노답  
20170704,7,나 빼고 다 잘나고 행복해 보이는 것 같애...곁으론 안그런 척 하면서 사는거지...선생님과의 신경전(케미)...은근 따숩네...다정다감 볼매 어윈~~@@  
20170704,8,현재 극장에 걸린 박열 트포 리얼 옥자 미이라 등등 영화중 이게 최고다.  
20170704,10,정말. 정말. 정말. 재미있는 코믹드라마 영화이네요...ㅋㅋㅋ~~~제목은 마음에 안들지만... 내용은 마음에드네요...  
20170704,10,저 진짜 알바아니고요 새벽에 할거없어서 혼자 영화보고왔는대 너무 잼있었어요 여주도 이뿌고 연기도 잘하고요 진짜 겜있어요 보세요 그리고이거는 cgv만상영해요 알바아니에요 진짜  
20170703,10,유일한 단점은 여주가 너무 매력있어서 외톨이라는게 신빙성이 떨어진다는 점  
20170703,8,확실히 여주인공은 OO발광을 한다. 그런 사람이 주변에 있으면 좋아할사람 없다. 자격지심에 자존심은 지나치게 세고 안하무인에 자기만 생각하고 자기를 아껴주는 사람에게는 끊임없이 받아달라 칭얼대며 함부로 대한다. 스스로를 가다듬어야 타인을 볼수있을것이다  
20170703,10,오~~ 크리스틴 집에 일찍왔네~~~?ㅋㅋㅋㅋ  
20170703,10,공감대가 없는 사람이 본다고 해도 적어도 한부분 정도는 공감될만한 점이 있고 뭔가 네이딘 모습에 내가 보이는거 같아서 더 집중하면서 볼 수 있었던 영화였다 진짜 지루함 없이 그냥 계속 보게 됐던것 같다  
20170703,9,마지막 엄마와 문자를 고민하면서 나누는 장면이 정말 인상적이였어요! 실제 사춘기 자녀와 부모님의 모습을 잘그려낸것 같아서 코끝이 찡했습니다.  
20170703,10,잠깐의 예고편을 보고 삘이 딱 꽂혔다. 최근에 유스전을 보고와서인지 청춘에 관한 이야기라기에 너무 보고싶었고 결국 친구와 보고왔는데 정말 만족스러웠다. 친구나 연인끼리 보기엔 좋고 가족단위는 좀 민망할수있다. 드립이 꽤나 강하다  
20170703,10,포스텈ㅋㅋㅋ 저거 왜넣었고 제목은 엣지오브 세븐틴에서 왜 OO발광이 되어버린거니...헤일리 겁나 이쁘고 헤이미치 오랜만에 보는느낌나서 좋았음  
20170703,10,제목 인정. OO발광쌍욕까지 하는 네이딘을 다 받아 주는 브루너 쌤은 만랩 보살! 평점이 약간 올라가도 될 것 같아서 10점.  
20170703,6,조금지루함 .. 글쎄 난 보면서 네이딘 좀 짜증나더라 ㅋㅋ 내가 나이가 든건가 ㅋㅋ  
20170703,1,어떻게 영어를 배우면 저 제목을 OO발광으로 해석할수가 있는지 참 무식한놈들 기준으로 평준화 당하는거 같다  
20170703,10,여주인공이 너무 예쁨. 웃기고 귀엽고ㅎ  
20170703,8,받아들이고 인정해야만 앞으로 나아갈수있다는 어쩌면 당연한 사실을 한번 더 일깨워준 영화.  
20170703,8,진짜 OO 맞은데 귀여움ㅋ  
20170703,9,"김어원,,전래 매력있어..  "
20170703,10,로봇.영웅물 안보길 잘함 최고  
20170702,10,여주가 연기 잘한다 제목이랑 딱맞음ㅋㅋㅋ어윈도 멋있고..선생님도 진짜 저런 선생님을 만나면 좋을 것 같다 어쨌든 한 번쯤은 볼 만한 영화  
20170702,7,딱히 재미도 감흥도 없었음  
20170702,10,네이딘의 마음과 행동이 너무나 공감되고 이해됐다. 나도 그런 철없는 시기를 겪고 있어서. 중간중간 유쾌한 부분도 많아서 좋았다. 유쾌하고 눈물 나는 영화.  
20170702,10,진짜 너무 재밋어 어윈킴 내꼬 ㅜㅠㅜㅜ  
20170702,10,웃긴부분은 진짜 빵터지고 공감되는 부분은 눈물 폭발 ㅜㅜ 분위기가 너무 예뻐요 한번 더 보고싶은 영화  
20170702,10,여주인공 너무 매력적 !  
20170702,10,완전 유쾌하게 잘 봤어요.  
20170702,10,재미있게 볼만한 영화였어요^^  
20170702,9,"언뜻  보면 우리 주변에 있는 평범한 소재지만, 이상하게도 계속 몰입해서 보게 되는 영화였다. 우디 해럴슨을 제외하고는 생소한 배우들이어서 조금은 걱정했지만, 영화를 보고나서는 그들의 연기력에 한방 맞은 기분이었다. 유쾌하고 미소 짓게 되는 영화 !  "
20170702,10,이용철 평론가 말하는거봐ㅋㅋㅋ 정확히 말하네  
20170702,10,잔잔하면서 공감도 되고 재미도 있네요  
20170702,10,간만에 유쾌한  영화봤어요ㅋ굿!!입니다  
20170702,5,영화 공감가는것도 많고 십대때 추억 떠올리면서 보긴 봤는데 여주가 아빠돌아가신걸로 선생님이랑 오빠한테 그러는거 개별루 글구 중간에 교실에서 욱일기 나오는거 나만불편? 거기다 김어윈은 한국사람으로 나오는데 감독이 미친건가 ㅡㅡ;  
20170702,6,자기연민에 빠진 철없는 소녀의 유치한 인생 이야기  
20170702,10,"왕따를 당해봐서 그에대한 공감과 좋은 선생님이 있었다면에 대한 슬픔 등으로 크레딧이 올라가는 그 순간까지 눈물이 났던 인생영화였다. 이걸보는 모두가 그저 가볍게 웃고 넘기지 않고, 현재 학교 어딘가에서 괴롭힘 당하고 있을 아이들을 돕길 간절히 원합니다  "
20170701,10,잘만든 성장영화 재밌게봤습니다  
20170701,8,평이함 미숙한 느낌도 있음  
20170701,10,오랜만에 가볍게 본 유쾌한 영화네요.현실반영을 정말 잘 한 듯 합니다.  
20170701,10,우리나라 정서와 다르지만 좌충우돌 사춘기 잘 묘사한것 같다.. 우리나라 고딩들은 공부하느라 정신없는데...  
20170701,8,간만에 괜찮은 틴에이저 무비  
20170701,10,네이딘이 왜저러나 싶으면서도 그 안에 내가 보여서 씁쓸했다ㅠㅠ 깨알웃음코드도재밋엇음 ㅋㅋㅋ이런하이틴영화 조아  
20170701,10,웃기고 재밌고 공감되는 영화  
20170701,10,"여주인공뿐만아니라 오빠,엄마도 함께 성장하는 모습이 너무 좋았어요 오랜만에 좋은 영화를 볼 수 있어서 기분 좋았습니당  "
20170701,10,여자친구랑 같이 봤는데 재미있어요  
20170701,5,"글쎄, 잘 공감 되지 않는다.  "
20170701,1,걍 왜 봤는지 의문 돈 아깝고 시사회 당첨돼서 공짜로 봤는데 시간아까움  
20170701,10,10년전 17살 난어땠을까?생각하며 1시간40분갓 그래 저때 나도저랬지 하고 공감을갖게 해준 영화  
20170701,10,17살에 철들었네 쩬짱.. 부럽다 ㅠ  
20170701,5,여주가 너무 못생김. 얘 피치퍼펙트에서도 나오던데 영화사에 연줄이 있나?  
20170701,10,진짜 이번년도에 재밌는게 하나도 없어서 아무거나 보러왔는데 간만에 웃었네요 공감되는 부분도 많고 너무재밌었어요 우울했는데 오늘하루 이영화보고 기분좋네요ㅎㅎㅎㅎ  
20170701,10,기대완 달리 너무 재밌고 뜻깊은 영화였습니다! 좋은 배우들도 알아갈수 있어서 더 좋네요 연기너무잘하는~~^^  
20170701,2,초반에만 재밌고 후반부는 전개도 이상하고 고구마.. 돈주고보기 아까워요ㅜㅜㅜㅜ  
20170701,6,ㄹㅇOO발광 했지만.... 선생님이 치유해줘서(나를) 6점영화자체는 훈훈해서 좋았다  
20170701,10,제목이 참 지x발광 ㅋㅋㅋ  
20170630,10,여주인공 연기 좋았어요!  
20170630,7,영화에 몰입이 엄청 잘됬다 한국과 환경은 다르지만 어쨌든 다들 겪었던 17살이고 되게 공감가는 내용이 많았다 근데 마지막에 여주가 바뀌는 부분 결말이 좀 아쉽다.  
20170630,4,내 주변에 부디 없기를 바라는 열등감 덩어리의 끝판 으 짜증지대로  
20170630,10,사춘기때 느꼈던 주체할수없는 감정의  쓰나미를 다시 느낄 수 있음  
20170630,10,재밌게봄 영어제목으로 치면 더 찾기쉬움  
20170630,9,"네이딘이 그렇게 방황했던것도, 오빠가 네이딘에게 지지 않으려고 했던것도 결국은 각자가 너무 힘들었으니까 그랬던거겠지. 내 17살이 생각나 너무 공감된다. 웃음코드도 너무 화끈하고 감동도 진하다! 그리고 헤일리와 우디 해럴슨의 연기는 언제나 최고!  "
20170630,10,진짜 보고싶었던 영화인데 생각했던것보다 너무 재미있게봤어요 10번봐도 재밌을꺼같아요  
20170630,9,병맛 코미디 일줄알고 봤는데 마지막쯤 울었음...  주인공한테 너무 몰입함 ㅠㅠ  
20170630,5,여주인공 암덩어리....  
20170630,3,ㅈㄹ맞은영화ㅎㅎㅎㅎ  
20170630,7,영화는 나쁘지 않은데 제목을 왜 이따구로 바꾼 건지  
20170630,7,내가 세상의 중심인줄 알았는데 세상에 잠깐 머물다 가는 먼지라는걸 깨닫는 나이...그래도 나는 니 나이가 부럽기만하네  
20170630,10,평식이 형이 6점준 숨겨진 히든 띵작  
20170630,10,일단 재밌습니다.소소한 에피소드로 때론 내 얘기처럼 혹은 내 자식의 마음을 들여보는 것 같은 마음이 들었던 영화네요.여주인공을 더 브레이브때도 연기를 잘한다고 느꼈었지만 7년이 지난 지금은 물이 올랐네요.  
20170630,10,내가 10대때 했던 생각들을 하는 여주를 보면서 공감이 참 많이 갔고 여주는 그래도 나처럼 배배 꼬이지 않아서 부러웠다. 먼저 사과할 줄 아는 그 용기가 얼굴도 이쁘지만 더 이뻐보였다.  
20170630,10,영화 넘 재밌게 잘 봤습니다^^ 아주 따뜻하고 기분좋은 영화였어요~ 주인공의 발광(?)을 받아주는 선생님의 모습이 정말 멋있었습니다♡♡  
20170630,8,여러면에서 웃고 즐기면서 볼 수 있는 영화!  
20170630,9,간만에 웃으며 볼 수있는 영화를 봤네여~^^  
20170630,10,이거 보고 싶은데.. 가까운 상영관 찾기가 어려움ㅜㅠㅠㅠ 상영관 좀 늘려줘여  
20170630,8,이 영화 너무 보고싶은데.. 상영관이 넘 없어요 ㅠㅠ 상영관 좀 늘려주세오.ㅠㅠㅠㅠ  
20170630,9,"15t세 관람가인데 영화제목을 이따위로 만들어서 한국에 배포한 사람 당장 잡아들여라! 장난하냐? 아무리 번역해도 이런말이?배급사 누구고? 어떤 개양야치가 배급했으? 모서리의 edge가 어떻게 OO발광이 되냐??  걍 날카로운 17세, 똘끼 17세  "
20170630,5,대부분의 관객들이 자신의 어린 시절 했던 잘못이나 실수를 되짚어보게 되며 '그땐 그랬지~'하며 공감할 영화.  
20170630,9,유쾌하고 어린 그 시절이 떠올랐어요 ㅎㅎ  
20170630,10,재밌어요! 청소년기 메세지를 주는 작품~  
20170630,10,각본과 연출력이 훌륭하다. 가볍지도 무겁지도 않게 영화 참 잘 만들었다. 배우들이 자기 옷 입은 것처럼 배역을 잘 연기했다. 특히 선생님 역할 배우 연기 참 잘한다. 이런 장르 영화 많이 나오길!  
20170630,10,포스터랑 제목 왜저랩..  
20170630,10,여자주인공 비긴어게인에 나왔을때부터 괜찮다 생각했었는데 이번에 주연으로 나와 새롭네요.17세의 감정연기를 너무잘했고 선생님도 너무 유머스럽고좋았습니다.여주 주변에 잘생긴남자와 좋은분이많아 부럽기도하면서 이런영화는 미국이라 가능한가같다 재밌게잘봤습니다  
20170630,8,재밌었지만 해피엔딩으로 보기엔 엄마의 삶의 너무 무겁지 않았나.한국계 남친을 보니 아직 동양인에 대한 편견이 많은 것도 같다.특히 한국 제목은 더 고심해서 붙여줬으면 하는 바람.무튼 비긴어게인 사춘기 소녀에가 사춘기 숙녀로 돌아와 반가웠다.  
20170629,10,너무공감되서 네이딘울때마다 같이 운것같다.슬픈영화도아닌데 쪽팔리게왜케눈물은나는지ㅋㅋㅋ인간관계에 지치고 내자신이 싫어져서 힘들때마다 다시보고싶은영화  
20170629,10,누구나 겪어야 하는 사춘기의 방황에 대한 이야기  
20170629,10,감독의 첫작품이라는데 정말 마음에드는 영화였다.  
20170629,9,영화 보고싶은 거 딱히 없어서 기대 정말 하나도 기대 안하고 봤는데 정말 선생님과 제자의 재치있는 대사들이 정말 웃긴것 같아요 재밌어요  
20170629,8,"잼있는 영화...^,.^~~  "
20170629,9,배우들 연기가 좋아요. 특히 여주랑 저는 선생님 연기가 좋았어요 ㅋㅋㅋㅋ 빵빵터지는 포인트도 많고 재미있었습니다.  
20170629,7,더 브레이브부터 헤일리 스테인펠드 팬이었는데 그녀는 이제 믿고 보는 연기파배우!  
20170629,10,요새 영화판 개판인데 이상한거보지말고 이거봐라 훠월씬잼있따 보는내내 웃음이 나오는영화  
20170629,10,"누가 내 이야기 영화로 만들어놨는지, 보는 내내 실소가 나왔다. 시간 아깝지 않고 가볍게 내가 저랬을까 생각해보게 된 영화.  "
20170629,10,"간만에 보면서, 울고 웃고 공감했던 하이틴영화. 17살의 끝자락에서 네이딘은 이기적이었으나 동시에 가장 여렸다  "
20170629,9,영화가 위트있고 사랑스럽다. 주인공도 너무 러블리하고.이런류 영환 못해도 평균이상.  
20170629,10,볼거없어서봤는데 꿀잼일세 ㅎ  
20170629,7,그냥 저냥 그랬다 볼만함  
20170629,8,한글 제목을 왜 이렇게 했지 ?  
20170629,5,5천원에 봐서 참았고  헤일리 스테인필드 나와서 또  참았다.  
20170629,8,누가 제목 지었는지 너무 딱 맞네. OO발광 ㅋㅋㅋ  
20170629,10,The Edge of Seventeen을 OO발광 17세로 만들다니.. 제목 만든사람 대체 누구....;;  
20170629,1,아무리영화가 좋다해도 전범기 들어간 영화는 쓰레기다나치문양 들어갔으면 OO발광했을거를;;어유노답쓰  
20170629,10,화려한 영화들 속에서 정말 보길 잘했다 싶은 영화.영화가 뒤죽박죽하지 않고 웃음코드도 있으면서 감동코드까지 있어서 좋았다. 부모님과의 관계도 다시한번 생각해보게 만드는 영화  
20170629,10,여주 연기력이 엄청남 오랜만에 웃기고 감동적인영화봄 ㅠㅠㅜㅜ다들 보세요 진짜 시간가는줄모르고 봄  
20170629,10,여주 연기력이 엄청남 오랜만에 웃기고 감동적인영화봄 ㅠㅠㅜㅜ다들 보세요 진짜 시간가는줄모르고 봄  
20170629,8,남의 이야기가 아닌....  
20170629,10,"인사이드 아웃의 라일리가 생각나게 만드는 영화였습니다. 취업길 헤쳐나가는 이때에,  다시금 학창시절을 잠시나마 뒤돌아볼 수 있어 즐거웠습니다 ^^)  "
20170629,9,트랜스포머 를 포기하고 본 보람이 있다!영화보는데 빵빵 터지면서 유쾌하게 본게 얼마만인지..주인공의 남자친구가 한국인인 설정..!할리우드에서 우리나라의 위상이 얼마나 높아졌는지 감격스럽다.ㅎ  
20170629,10,진짜재미없는데 그냥저냥...  
20170628,10,보길잘했다 울다가 웃다가  
20170628,10,보고 너무 힐링되고 공감되는 부분이 많아서 많이 웃고 울었습니다 여자 주인공이 연기 너무 잘하네요ㅋ 그러나 아버지의 죽음은 좀 황당했어여 ㅎㅎ  
20170628,10,이렇게 사랑스러운데 친구가 한명밖에 없었다니...  
20170628,10,항상 인간관계에서 트러블을 겪는 나로서는 더할 나위 없이 가장 공감되는 영화. 더 이상 비참한 현실에 체념하지 않고도 스스로 더 나은 삶을 살아갈 수 있게 된 네이딘을 축하하며.  
20170628,10,주인공의 주변에 좋은 오빠가 있어서 다행이네요 오빠가 넘 킹카  
20170628,10,"달콤쌉싸름한 초콜릿같은 영화.어디로 터질지 못하는 갑툭튀 여고생의 파란만장 스토리.너무 공감되고 같이 웃고 울고.. 네이딘 마지막 웃는모습 넘 이뻤다.  그리고, 우디 헤럴슨 연기는  언제나 옳다.  "
20170628,6,방금 보고 왔어요. 음... 그냥 킬링타임용으로 딱인 영화 같아요. 문화의 날이라서 그냥 오랜만에 기분 전환 했다고 생각하려구요  
20170628,10,배우들의 연기력이 마치 다들 사춘기로 돌아간듯한 모습을 자아내서 좋았다.  
20170628,8,재밌긴한데 마무리가 너무 간단하게 끝나버리는 느낌..  
20170628,5,로맨틱 코미디물이라고 보는게 맞는듯. 여주의 말재간과 행동력 정도면 학생 회장도 무리가 없다... 게다가 주변 인물들 이거 뭐....  
20170628,9,성장통 이야기. 순수하고 진심어려서 좋다  
20170628,9,재밌고 여주의 연기가 인상깊었음 평범한 어린시절을 보낸 나에겐 이해하지 못할 행동도 많았지만 미국에서는 이게 현실이겠지? 산만하고 산만하지만 진솔하고 사랑스러운 영화  
20170628,1,개봉날짜가 28일 인데 개봉관이 없네요 ;;;  
20170628,10,꿀잼이에요 ㅋㅋㅋ 전 왜 OO발광 17세인지 알 것 같아요! ㅜㅜㅜ영화보다가 웃고 공감되서 울고 이런 영화는 처음인둣  
20170628,4,이래저래 나는 방황했고 방황을 끝냈다는 웅얼거림  
20170628,9,어른이 되면 잊혀지고 돌아보면 부끄럽지만 가장 기억에 남는 나이. 17살이라는 거울.  
20170628,10,성장통이 마냥 17세에게만 있는게 아닌듯이 어른영화같은 하이틴영화  
20170628,10,이런 하이틴영화 극장에서 보는거 넘 오랜만이라 좋다 여주인공은 윤소희 닮았고 여주친구는 에이핑크 보미 닮았다 ㅋㅋㅋ  
20170628,7,세상을 마주하는 태도를 갖기 까지 겪어야 하는 성장통  
20170628,10,지금의 나 그리고 17살쯤의 나를 보는 것 같아서 진심으로 네이딘의 극복을 응원했던 영화.  
20170628,7,제목 작명수준이 뭐 섹X 마네킹 급...  
20170628,7,내가 17살로 다시 돌아가면 그때와는 다른선택들을 할까?라는 생각을 해봤다. 대답에 확신이 생기지 않았다. 난 아직 17살인가 보다  
20170628,10,다시 17살 그시절로 돌아가고 싶다...  
20170628,9,"Sns로 자신을 포장하는, 남의 눈의식하는 사람들에게 진정한 자신을 위한 인생이 무엇인지 알게해주는영화 나에게도 저런오빠가 있었으면..영화는영화  "
20170628,9,여주가 진짜 연기를 잘하내요 앞으로 스타성이 높은 배우인뜻!!  
20170628,8,로맨틱 코미디가 아닌 외로운 청춘 성장기. 해피엔딩의 결말이 한국계 남자친구라니 (돈밖에 모르는 슈퍼마켓 주인으로나 등장하던)한국인에 대한 이미지가 많이 좋아졌구나 싶기도.  
20170628,10,영화는 정말 재밌다. 근데 제목 번안을 이따구로 해야하니? OO발광이 뭐니? 참내..  
20170628,9,간만에 재미와 작품성을 겸비한 탄에이저 무비  
