0,1,2
20181213,10,오랜만에  펑펑우럭습니다. 몰입감이상당함니다  
20181114,10,잔잔하고 포근한 영화.  
20180925,1,감동적이지 못함.그리고 영화전개가 어떻게 되는지 전혀 모르겠음.배우가 연기를 잘하긴한데 이런 스토리는 아닌듯.약간 비현실적이고 공감하기 힘들었음.  
20180922,10,아.. 내도 늙었나 와 눈물이 자꾸 흐르노  
20180922,1,망한 영화는 망한 이유가 있음 유치하고 노잼  
20180826,1,이솜은 이쁘다. 시나리오는 별로.  
20180826,1,최악의 영화. 알바쓰지마라  
20180803,10, 내생애 최애작.재미 감동  다 지니고아역의연기에 울고웃었습니다  
20180803,4,평점이 과도힌게높고 평점의 대부분이 1점 아니면10점이네요  
20180730,7,그냥저냥 볼만한정도.. 이요원 개인적으로 팬인데 시크한 연기는 잘 안맞는듯.. 전설의주먹때도 그랬고..  
20180728,10,명작. 제가 지금까지 본 한국 영화 중에 가장 좋은 영화였습니다. 역시 월트 디즈니.  
20180705,9,아~~ 엄마 보고싶다  마지막대사가 딱 나의 심정  
20180606,1,진짜 후하게 2점줄까 했엇는데 평점이 다들 1 이네요 ㅋㅋ 역시 1점밖에안되는 뻔한스토리 짜증나는 연기 신파 짜증 한국영화는 신파빼면 영화못만드나요??짜증나진짜 재미없다재미없어  
20180525,9,개연성이 조금 낮긴한데  재밌고 유익합니다  
20180518,6,지지고 볶고해도 결국 가족뿐... 꼬맹이 사투리 구수한게 잘하넴..  
20180507,10,따뜻한 가족이야기~^^~  
20180507,7,굳이 누부야 라고 했어야햇는지  
20180426,5,스토리가 너무 빈약하다 아역이 연기를 제법 잘 해서 그건 맘에 듦  
20180426,10,가족애를 느끼게 해준 영화다  
20180325,10,오랜만에 보고나서 즐거운 영화를 본거같다.  
20180226,1,얼치기 가족드라마~ 가족드라마라고 대충대충이 허용되는건 아님~  
20180225,10,제 인생영화에요 슬픈 영화 보면서 운적이 없는데 처음으로 영화 보면서 오열했어요 진짜 꼭 보세요 특히 정준원군 연기 대박이에요!!!!  
20180215,2,"솔직히 이게 재밌냐?? 등장인물들이 죄다 3분마다 화 내고 싸움함. 엄청 눈살찌푸려짐. 연기력들보다는 대본이랑 시나리오가 솔직히 겁나 후짐. 대체 한국 어느 시골에서 ""누부야""라는 말을 씀? 작가의 한계를 극명히 보여줌. 중국영화 보는것같음. 개유치함  "
20180212,10,낙이가 연기를 너무 잘했엉 ㅎ  
20180131,6,다들 훌륭한 가족을 가지고 있는가?   영화대사처럼 지긋지긋한 관계보다 더한 관계도 있다. 모든것에 이유가 있지만 태어나게 해줬다고 모든것이 감사할수는 없다. 세상 모든것은 시험을  치루어 자격을 부여 하는데 왜 부모 만큼은 그것은 안하는가?  
20180126,10,오랜만에 가슴따뜻한 영화였습니다  
20180125,7,"평점 안보고 본 영화인데 평점이 생각보다 높네요. 평점 9점대의 영화는 아닌거 같은데.. 진짜 잘 우는데, 울라고 만든 장면에서 눈물도 안나고 그냥 시간때우기 용으로 보기 괜찮아요. 근데 사투리가 좀 억지스러운 느낌이 있네요.  "
20171215,10,가족..그것만으로 살아갈 이유가 아니던가..그리고..우리는 좋은 영화를 얼마나 놓치고 사는지...  
20171209,8,영화를 보고 기분이 좋아졌어요.  
20171209,9,정말 괜찮은 영화네요 후반부에는 펑펑울었습니다 대낮에...  
20171209,10,나 솔직히 유치하고 이슈도 안돼서 안볼랬는데 정말 재밌게 잘봄 그래 가족  
20171209,10,우연히 보게 된 영화인데 감동을 주네요.네 남매의 모습 보기 좋았어요. 흥행배우들 없어도 따뜻하고 포근한 영화이기에 추천해요.잘 봤습니다! ^_^  
20171124,10,가족들과 웃고 행복하게 볼수 있는 영화였어여~이런영화가 더 많이 만들어졌으면 좋겠어요.  
20171025,10,3만원에 묵혀있던 울컥함이 빵 터지네요  간만에 좋은 영화 봤습니다  꼭 들  보세요...  
20171010,10,최고예요마지막에 펑펑  
20171008,10,작품성을 떠나 막내를 보면서 내자신을 돌아보는 계기가 되네요. 고맙습니다.  
20171004,10,누부야~ 이소리 너무 듣기 좋네 ㅎㅎ  
20171004,5,제가..진짜 울보에 감정 헤픈데요...중간에보는데 좀 답답하기도했고..그냥..ㅎㅎ시간떼우기용....  
20171001,1,평점이 좋아서 봤는데.. 믿을게 못된다 이딴 영화를 본 시간이 아깝다  
20171001,9,기대이상입니다. 의미있게 잘보았습니다.  
20171001,1,맥락이...뭐지? ㅎㄷㄷ  
20170930,1,영화로서의 재미는 하나도 연출 안하고 그래 뭐니뭐니 해도 가족이 최고지 이것만 강조하네ㅡㅡ  
20170930,8,어우 훅 치고 들어오네 못 피했다...낙이 때문에  
20170930,1,영화에 놀라고 평점에 한번 더 놀랐다;;;  
20170929,8,자극적이고 신나고 재밌지만 가벼운 영화들은 질려서 이런 소소하고 따뜻한 영화를 봐서 좋았네요. 특히 아역배우분이 정말 귀엽네요 그래서 몰입감좋았어요  
20170929,10,너무 간만에 눈물도 나고 아역의 연기가 너무좋았던 영화네요  
20170927,10,이런 영화 개봉했는지도 몰랐는데.. 진짜 재밌게 잘봤네요~  
20170926,8,영화는 재미가 있다기보다는 따뜻하고 감동적인 영화였다 그리고 낙이 역할로 나왔던 정준원의연기가 정말 좋았다 특히 후반부에 나오는 독백장면은 거의 그 장면을 연기로 씹어 먹어버렸다고 해도 과언이 아니다 내 별점 8점 중 4.5점은 그 친구거다  
20170925,10,오랜만에 너무 마음이 따뜻해지는 영화를 봤다. 흥행을 못해서 아쉽다.  
20170924,10,영화보고 이렇게 운게 몇 년만인지  
20170924,6,그냥 무료로 볼 영화. 나름 의미가 있고 무난하나 딱히 특별할 것도 없습니다.  
20170924,9,기대 이상 약간 일본 영화 같은  
20170924,2,"아오~ 샬! 그 눔의 ""누부야~~~""  "
20170924,9,무심하게 봤는데. 영화는 영화로 객관적이게 봐야하는데. 솔직히 엉성하고 전개가 너무 아쉬운데. 영화 보면서 조금이라도 소중함 일깨웠다면 그걸로 만족하는 영화인거 같다.  
20170924,6,두부도아니고 누부는 무슨... 누부야라는 말 쓴 작가 너무 짜증난다 ㅋㅋ그냥 딱 6점 정도의 영화  
20170923,10,ㅠㅜㅠ 고딩이 보다 울었음 쥰내 슬퍼 흑흑  
20170923,9,"뻔하든 뭐하든 지금같은 시대에, 재산싸움하는 가족들 문제만 본 시대에, 이런 가족영화쯤은 괜찮잖아. 그냥 생각말고 느껴보세요. 가족을  "
20170923,10,아역 얄미운만큼연기잘한다  
20170923,7,재미있네요 좋았어요.  
20170923,10,그래 이런 신파는 언제나 환영한다  
20170922,10,정말 가슴이뭉클해지고. 다시.한번더. 가족이라는 단어를. 소중하게 생각되는 영화입니다.  보는내내 눈을 뗄수없을정도로 몰입하게되고 눈물이 나는영화입니다.  
20170922,10,잘된영화에비해 홍보가 턱없이 부족했던거 아닌가 싶다  
20170921,1, 혼자 꿋꿋이 버티며 악착같이 살고있는데 인생처음보는애가 굴러들어와서 있는데로 사고치다가 스토리 산으로가다 수습 안되니까 눈물호소 감성팔이로 마무리하는 시나리오입니다. 그래서 어느부분에서 가족애를 느끼셨나요? 알바 작작쓰세요. 이딴것도 시나리온가요  
20170918,10,12345678910  
20170918,10,"어릴적에 지방에  고아원에서 자라서 부모님원망도하고 힘든생활도 하다가 여차저차 살아서 20살이 된 지금 서울에서 힘들게 자립하면서 살아가고있는 사람입니다. 영화속 낙이가 마치 저의 어릴적 모습인것같아 처음으로 눈물을 흘렸네요,, 영화 잘 봤습니다...  "
20170914,8,"가족 드라마 영화에 맞는 오직 착하지만은 성격이라 좋았다. 지금 현재의 삶이 힘들면, 이 영화를 보고 더 울적해질 수도있다.  "
20170815,6,이솜 짱. 가족이  하나되는 것이 참 보기가 좋았다 ㅋㅋㅋ  
20170813,10,아무 생각없이 봤는데  적잖이 재미있는데?  
20170811,3,이런걸 영화라구 ㅋㅋㅋ 시간버렸다  
20170808,10,민이 너무 웃겨요ㅋㅋ 훈훈해요  
20170807,2,이런 한국영화 너무 싫다. 정말 지겹다.  
20170803,10,그냥 그럴 법한 영화 좋네요.  
20170801,10,언제간 해야지 하던 말이 누군가에겐 한없이 기다린 말이 될지도 모르겠네요 가슴에 와닿는 영화였습니다 너무 잘봤습니다  
20170730,10,굿 싸우지말자^^~~  
20170726,10,이런 영화야말로 진정한 영화가아닌가싶다...가족들과 함께보면 좋겠다  
20170723,7,그냥 남매들끼리 티격태격하는거 보는 재미  
20170721,10,사실 이솜배우님을 통해 이 영화를 보게 되었는데 내가 본 가족영화 중에 진짜 최고..앞으로 10년20년 남동생이랑 잘 지내야지  사랑해 동생  
20170709,6,애기때메 암걸리능줄알았다. 억지감동.. 하지만 전체적으로 가볍게 볼수있눈영화  
20170707,9,관람객따뜻하고 포근해지는 기분 좋은 영화  
20170702,7,달달한 가족영화였네요...  
20170629,10,"그래, 가족.. 좋은 영화였습니다. 마지막에 눈물이 왈칵..ㅠㅠ  "
20170625,10,저 꼬맹이가 날 울려버렸어 명작이랑은 거리가 있지만 따뜻한 영화  
20170624,7,이 정도면 훈훈한 가족 드라마  
20170623,10,뒤늦게 봤지만 좋았어요.  
20170622,10, 감동있고 잼있게  잘봤어요  
20170620,5,"애가 통제가 안 되서, 키우는 사람 암 걸릴 듯.  "
20170619,5,억지 휴먼스토리...  
20170619,1,킬링타임용으로도 아깝다. 그냥 눈감고 누워있는게 낫지. 평점 높길래 반전이있겠거니하고 끝까지 봤는데 끝까지 반전도 없고 뭣도없고 감동도 재미도 모든게 다 없다. 감독님한텐 죄송하지만 영화 너무 별로예요 시간아까워요 화나요. 몹시 작위적이고 구린영화.  
20170618,10,기대안하고 봤는데 감동이었습니다  
20170618,10,너무슬퍼ㅠㅠ 펑펑울었다ㅠㅠ  
20170615,4,아역 연기는 잘한다!!!  
20170614,1,이요원 쎈척하는 연기 개극혐  
20170614,1,억지감동..그리고 도대체저사투리는 어느나라사투리냐?진짜거슬리더라  
20170605,1,이런걸 영화라고 만든 감독과 배우들이 불쌍해지기까지 한다 영화보고 이렇게 화가 나는 경우는 참 드문데 말문이 막힌다  
20170605,3,억지스러운 설정... 대책없는 최악의 부모.. 삼남매가 제일 불쌍하네요  재미도 없고 감동도 없네요..  
20170604,10,뻔한내용이지만 좋은영화. 가족이란 당연히 서로를 위하고 아껴줘야한다  
20170604,1,졸작임. 이딴 감성은 이미 00년대에 쓰레기통에 처박았다. 지금이 1988년이냐?  
20170604,1,평점 조작 너무들 하시네 진짜 괜찮은 영화인줄 알고 보다가 누부야누부야 하는데 진심 너무 듣기 싫고 짜증나더라 괜히 일을 벌여서 민폐이질 않나 내용도 억지스럽고.. 진짜 적당히들 합시다 쫌!!!!  
20170604,6,가족영화에 뜬금없이 자동차추격씬은 왜 나오는겨ㅋ  
20170529,9,나의 가족을 보는거 같아 마음이 아팠다.  
20170528,5,그냥 가족 드라마 꼬맹이가 하드캐리 하네  
20170527,10,와 꿀잼이다 영화가 가족 이랑 같이 보기가 딱 좋겠다  
20170525,1,영화평점 처음 달아보는데 정말 보고있자면 아역역할 짜증난다 가족은 무슨.. 한국의 피는 물보다 진하다 그 정서 정말 비이성적이고 감정에 질질 짜는 정문화 정말 싫다  
20170521,1,진짜 짜증나고 시간아까움! 누부야가 뭐냐? 애는 애같지가 않고 실망스러운 영화 1점도 아까움!  
20170521,1,ㅋㅋ 이런게 쓰뤠긔다 이게 재미있냐 진심?? 정신좀 차려라 제발 제대로 보고 평점 주는거냐? 이딴 영화에 시간쓴게 아깝다 억지 감동 억지 우연 손발 오그라들어 없어질뻔함  
20170520,8,간만에 좋은 영화네요 정치적 메세지가 없어 보기좋았습니다  
20170519,10,아역 연기 쩐다 신의 연기력에 찬사를 보낸다 가슴찡한 감동은 덤  
20170519,1,어색한 사투리에 현실감 제로. 짜증 제대로 유발하는 영화.  
20170517,10,베댓 배우가 뭐어때서? 이요원 정만식 이솜이면 훌륭한거 아닌가? 다 연기로는 상위레벨인데  
20170516,5,가족관련은 무조건평점이 높네 앞부분 이요원이 어린 아역 쌀쌀하게 구박하는거 아동학대수준이던데 ...  
20170516,1,아역 사투리 짜증난다..영화도 뭔 내용인지 뻔한데 질질 늘어지고 짜증만남  
20170513,9,등본에선 77년 4월생이였는데 낙이가 성호 점 봐줄 땐74년 8월 2일 묘시생 이라고 말함앞으론 사소한것도 세밀하게 신경쓰3!  
20170513,10,꼬마가 연기를 너무잘하네요 다시한번 가족애를 느낄수있어 좋았네요 배우캐스팅도 잘했고 명절때 특선으로 한다면 즐거운 명절이 될꺼같아요  
20170513,8,현실적이어서 재밌게 봤습니다.  
20170512,8,이솜님은 정말 정말 사랑스럽다!! 그것뿐..다른건...  
20170509,10,기대 안하고 밨는데  넘 잼있었어요  
20170509,1,"이요원의 인터뷰가 생각난다. ""오수경은 정말 나랑 많이 닳았다. 그래서 많은 준비도 안했다. 그저 대사 NG만 안나게끔 만 했다"" 이게 배우가 할 소리인가?영화가 망필이면 배우의 연기라도 기억에 남아야지.것두 없다. 실제로이렇게 어색하게 짜증내시남?  "
20170509,6,남자 아역이 하드캐리 이요원은 연기가 점점 어색해지네  
20170509,10,보시기를 추천합니다.  
20170508,3,가족 영화는 교령화가족이 갑이다.  
20170507,7,관람객가족끼리 보기 좋은 영화  
20170505,9,"제목을 ""가족사진""이라고 햇다면 더 좋앗을뻔...  "
20170502,9,갠찮아요 가볍게보기에나무랄때없습니다  
20170501,5,영화는 개연성이 없고. 사투리 연기는 무언가 어색하고. 억지 웃음. 울음 짜내는 스토리라니.. 1990년 영화 삘이다.  
20170501,1,연기자들은 연기를 못하는 건 아닌데 스토리가 허접하고 억지스러움.  
20170429,8,"내용 전개가 부실한, 중구난방적인 신파극. 그러나  소시민적 삶을 집중 조명하고,  가족의 의미를 다시 생각해볼만한 영화. 무엇보다 재미있다.  "
20170429,8,살짝 어딘가 부족하거 엉성하지만 잔잔한 감동과 깨알같은 코미디로 마음한구석이 따뜻해지네욯ㅎㅎ  
20170426,7,이게 무슨 8점이 넘어. 그냥 킬링타임용 뻔한 스토리 감동도 별루  
20170424,6,어느 집안이나 가족문제는 항상 예민하다  
20170423,10,박평식평론가는 평론에 항상 성의가 없노  
20170417,1,핵노잼 감동도없고 장르가 코미디라는데 재미도없다 나만 재미없나? 별점이 쓸데없이 높아서 놀람 1+1으로 예매했는데 그것도 아까움  
20170414,10,셤기간에 보는데 이렇게 재밌네 평범한 어느날 부담없이 보기 딱 좋은 영화  
20170413,10,관람객강추강추! 또보고싶어요ㅠ  
20170413,10,관람객존잼입니다ㅠㅠ 기대한 보람있음  
20170410,10,가슴 훈훈해지네요. 감동입니다. ^^  
20170408,1,"아 진짜 미개한 한국인들. 남들이 재밌다면 자신의 의견은 무시하고 남의 의견에 따라가는 답답이들;; 진짜 이 민족은 개성도 없고, 창의력도 없고 오직 허세와 보여주기 뿐인듯.  "
20170406,7,이건 연출의 문제인걸까? 아.... TV에서 볼 수준...  
20170406,10,기대도안하고본영환대...재밌내요 볼만합니다 요즘 어설픈 액션영화 잔인한영화보실바에 차라리.이걸보세요 볼만합니다 좋은 영화내요 흥행보단 편히한편 보기좋은 영화에요 ^^  
20170406,9,마음이 따뜻해지네요~!  
20170403,10,잔잔한 감동...재미없는 블록버스터 보다가 조는데 이 영화는 깨알같을 재미로 졸지도 않고 잘 봤다.  힐링 영화!!!  
20170402,9,요즘처럼 각박한 시대에 꼭 봐야할 가족 영화  
20170331,1,진짜 참으면서 이십분까지 본거같은데.  몰입도 안되고. 도대체 무슨내용.  무슨 감동인지.  평점은 왜이렇게 높은거야. 어이없음  
20170329,2,천하의 디즈니가 눈탱이를 맞았네  
20170328,10,관객수가 너무 아쉽다.. 수작이라기 보다는 정말 필요한 영화가 아닌가 싶다  갈수록 이기적이고 각박해져가는  사회에  이런 영화는  상투적이어도  좋다  훈훈해서 좋았다..  
20170327,3,돈주고 보기 아까운 아침드라마같음  
20170326,10,아무 생각 기대 없이 봤다가 울었다. 젠장 이 나이에..  
20170326,8,잼게보긴했는데 먼가 ㅋㅋ 재밌따 그래. .잘봣음..  
20170326,10,기대했던만큼 재밌었습니다!!정말 가족과 같이 보면 재밌을영화일것같고 낙이 연기짱!!!  
20170326,10,가슴 따뜻해지는 영화 추천합니다  
20170326,1,다른건 이야기 안할깨요. 배우들 연기가 짱입니다.^^  
20170326,5,훈훈하고 가슴 따뜻해지는 영화네요...하지만 영화 자체만 놓고 봤을때...개연성이 참담할수준입니다..후반부갈수록 참..  
20170326,1,이요원 보기싫다...  
20170325,8,꼬마녀석 맛갈스럽게 연기참 잘하네  
20170325,10,대박이다ㅠㅠㅠㅠ 감동적이고 슬프고 따뜻하고 ㅜㅜㅠㅠ잘 봤습니다  
20170325,10,즐거움보다 그냥 가슴이 따뜻한 영화 ...  
20170325,4,평점보고 왜 관객이 5만도 안들었는지 의문이 들었는데 영화를 본 후에는 이해가 갔다 돈주고 봐야하는 이유가 없는 영화 훈훈하기만 하면 명작인가?  
20170322,1,왜때문에 평점이 이렇게 높은거죠ㅠ 재미도 없고 넘나 클리셰 범벅인데.. 가족사진 찍으면서 끝날 거 영화 15분부터 모르고 보신 분 계신가요...  
20170321,9,뻔한스토리라 생각할수있지만 참 편안한 영화다. 이런영화가 많았으면...  
20170319,1,음... 댓글이 다 주작인가  
20170319,10,명절 오전에 틀어주면 적당한 영화임.  
20170319,10,회사에서 당직근무중 영화보는데 눈물이뚝뚝  
20170319,10,관람객재미있어요~~~~추천이요  
20170318,7,처음부터 결말은 다 알것 같은 영화~~  
20170318,3,이 영화의 히어로는 누부야다! 암유발  캐릭터에 사투리가 너무심해  중간부터는 듣기시러 죽는줄 알았다!  
20170318,2,넘 오버연기가 과함 평점 조절도 필요하고  
20170316,7,가족간 엉킨 실타래를 풀어주는 따듯했던 영화  
20170316,8,"가족의 의미를 다시금 떠올리게 하는 영화. 각자 몸 따로 행동 따로였던 가족들이 하나가 되는 모습은 영화를 보는 관객들의 마음을 따뜻하게 합니다. 배우들의 연기도 좋았고, 특히 아역의 연기가 참 인상적입니다. 이 정도면 나름 괜찮은 가족 영화인 듯..  "
20170315,6,평점 조절 필요합니다.  
20170315,7,그냥 무난함 재밋진않은데 또 재미없지도 않은 그런 영화  
20170314,1,"그럭저럭 볼만한 영화이지만, 평점이 과하게 높은것 같습니다.  "
20170314,9,따뜻한 영화 잘 봤습니다.  
20170313,10,잔잔하고 감동적이다 가족이랑 꼭보면 좋을영화  
20170313,9,꼬맹이가 하드캐리ㅎㅎ 볼만했다  
20170313,1,이요원 영화는 이제 믿고  재미있든 없든 이제 인봅니다~  
20170313,10,아무생각없이 보게된영화 울었다 ... 가족에 소중함을 다시 알게 되고 하여튼 휴지가 조금 많이 필요한 영화다 ...  
20170312,7,억지감동. 중간중간 오글거리는 내용들.  하지만  아역배우 연기가 좋았다. 나름 가족을 생각하게 만드는 점에서 볼만했다  
20170312,7,가족영화인데 회사 문제를 억지로 끄집어 조금은 어색했네요. 아무튼 참좋은 소재를 약간 비틀어서 만들었다고 봅니다.  
20170312,10,올해본 영화중  가장 감동이고  재미있는  
20170312,8,훈훈한 가족영화로 보기에 나쁘지 않은 영화입니다. 배우들 연기도 좋구요~  
20170311,3,욱씨 남정기랑 똑같네...  
20170310,6,흔한듯한 감동. 이솜은 솔직히 못생기고 개성있는 얼굴인데 왜 자꾸 예쁜여자 역할에 나와서 시청자에게 예쁨을 강요하는지 이해가 안간다.  
20170310,10,연기력이조금은 부족하지만가족애?! 이런거구만! 이런거지!...느꼈다  
20170309,8,따뜻한 영화였다..요즘 아역들은 연기를 잘하는건 기본인듯  
20170309,10,보는 내내 울었어요ㅠㅠ 마음이 따뜻해지는 이런 영화가 많이 나왔으면 좋겠어요 아역연기 너무 좋았어요  
20170309,10,짱짱 너무 잘보고 힘얻었어요  
20170309,6,힐링이 된다기 보다는 그냥 답답하다.  
20170308,10,"가족이 있다는 것 만으로도 엄청난 축복을 받으며 살고있다는 것을 느끼게 해준 너무나도 고마운 영화. 여러가지 이유로 이런 영화를 보는 것도 사치일만큼 힘겨운 삶을 사는 분들도 많으실텐데, 힘든 삶을 살고있다고 생각한 자신이 부끄럽네요. 강력추천합니다!  "
20170308,10,클레멘타인 이후 길이 남을 명작!!!가.족같은 소재로 이런 명작을 만든 감독님 짱!!!  
20170308,10,관람객그래 우린 가족이다!! 오랜만에 가슴 따뜻한 영화 잘 봤습니다  
20170308,9,박평식의 주접이란 오늘도 변함없네. 진짜 꼴뵈기 싫다.  
20170307,1,아역연기자가 이렇게 없나.. 억지 오글 쌍팔년도 감동 짜내기 영화.  
20170307,6,현실성 떨어지고 억지 감동 만들어 내려고 하고.. 그래도  가족 영화라 약간의 애잔함은 묻어있다. 킬링 타임용  
20170306,1,누부야누부야 하는애 국장차 몰래탈때 졸 짜증났음  
20170306,8,포스터를 보고 출연진이 영 맘에 들지 않아 볼까말까를 망설인 영화였는데 내용은 볼만했다.억지로 감동을 쥐어 짜는 요소가 없지는 않았지만 범상치 않은 연기를 선보이는 막내 신인배우의자연스런 열연에 몰입이 상당했다. 정만식의 불량한 역할은 역시나  
20170306,7,고령화 가족의 15세 버전 그쯤  
20170306,10,정말 따뜻하고 훈훈하고 좋은 영화다. 힐링이 되는 영화다.  
20170306,10,오랜만에 훈훈한따뜻만가족영화를본거같습니다요즘처럼 시끄러운시기에 아이들이나청소년들에게는 성장에도좋을것같습니다. 이런영화많이나왔으면좋겠습니다.  
20170306,1,알바천국. 꼭 보셈. 우리만 당할순없다.  
20170305,10,따듯한 영화 감사합니다  
20170305,8,박평식씨 아오 진짜..  
20170305,10,나만 죽을수없지..!!재밋따!!!  
20170305,2,실소만 나온다. 스마트 워치 횽보용 영화냐?  
20170305,10,관람객재밋게 본거같구 슬픔과 즐거운 요소를 적당히 섞은거같아 만족했습니다  
20170305,1,1점도 주기 싫은 영화 - 나에게 리뷰를 쓰게 만든 최악!~  
20170305,6,디즈니가 보는 눈이 없네..  
20170305,10,영화보고서 악플다는지 참 의심스럽네.. 이요원때문에 그런진 몰라도 영화로 보면 막내가 이 영화 살렸네요 ㅎㅎ 아역 연기 너무 잘 하네요..!! 실제로도 11살인진 모르지만. 전 평점 10점 입니다!!10점 잘 안주는데 1점주고 알바라는분이알바인듯  
20170304,1,알바 좀 적당히 합시다. 이건 좀 심하자나  
20170304,10,아역 연기 잘하구요가족애를 느낄수 있는 영화였어요여친 펑펑 움.. 꺼이 꺼이 ㅋㅋ  
20170304,6,그냥 그렇게 보는 영화.  
20170304,8,필요 없을것 같지만 꼭 있어야 하는게 뭔지 알려주는 영화 이 영화보고 이승환 가족 노래들으면서 가족들 생각하니 ...좋고 슬프고 울고 하내요  
20170304,10,아...참으려고 했는데 오랜만에 영화보고 눈물 흘려보는구나  
20170304,1,알바행님들 지리십니다  
20170304,1,진짜 이런 엉성하고 허접한 스토리가... 억지 감동 유발시키려고 했으나 감동도 안됨  
20170304,7,남자애 하는 것도 그렇고 스토리가 작위적이다.  
20170304,10,관람객 서로 표현은 못하지만 맘은 항상 가족과 함께라는걸 생각하게 되어 감동적이었습니다  
20170304,10,기대안하고봤는데..배우들 연기덕분에 더 몰입할 수 있었던 것 같아요. 좋은 영화 고맙습니다..  
20170304,3,누부야 누부야 거리는 거 진짜 듣기싫고 아역 연기도 오글거려서 보기싫다.. 답답  
20170304,10,영화 너무 재미있네요 잘봤습니다~^^  
20170303,6,유머는 있는데 다소 억지 눈물 짜내려는듯한 연출은 재미를 반감시키며 좀 싱거운듯한 영화.. 가족애를 이야기하는 구조도 웬지 어색한 결말이다..  
20170303,5,오랜만에 연기자 이요원이 무척이나 반갑다. 영화는 전체적으로 애매하다. 그건그렇고 약 90여명의 관람객 평점 평균이 9.25이라니... 최고의 반전이다.  
20170303,10,관람객아역 배우의 연기가 돋보이는 영화b 훈훈하고 따뜻하게 잘 봤습니다 :)  
20170303,6,가족을 소재로 한 힐링영화긴한데...  지겹고 감동도 없다.  
20170302,4,"아.... 눈물을 쏙 빼놓든지, 아니면 겁나게 재밌던지 했으면 좋겠다....  "
20170302,10,"""가족"" 두단어가 다시 한번 감동에 눈물을 흘리게 하네요. 하늘이 하나로 만들어준 가족 다시한번 가족과 함께 시간을 보내세요. 너무 잘봤습니다.  "
20170302,1,lg워치 광고 잘봤습니다  
20170302,10,처음에 아무 생각없이 보다가 막내가 고아원 가는 장면에서 눈물이 핑 도네요따뜻한 영화 잘 봤습니다  
20170302,10,이솜 진짜 연기 잘하고 예쁘다....  
20170302,10,훈훈하고 재미도있고 이요원~♥  
20170302,7,아저씨... 방금욕하셨어요? 존나귀엽네!!!!  
20170302,10,관람객오랜만에 보는 훈훈한 가족영화!!  
20170302,10,상영관많았으면 더 흥행했을듯 이요원 맛깔나게 연기하네요  
20170302,10,가족을 한번 생각해 보게 하는..나이가 들면 가족이 다인데..  
20170302,1,재미없고 감동도 없음. 아역배우가 하는 대사 특히 누부야 라는 소리 정말 오글거리고 듣기 부담사러웠음  
20170301,9,모든 배우들의 연기력이 훌륭하며 이야기자체도 상당히 좋네요. 감동 슬픔 흑흑  
20170301,5,1점 주려다가 아역이 연기 너무 잘해서 5점 주고감 근데 진짜 시나리오 뻔할 뻔 자에 억지 감동. 정준원군 오빠생각에서 첨보고 연기 잘한다 생각했는데 역시군!  
20170301,5,능력없는 부모가 대책없이 애낳고 둘째딸 등꼴을 쪽뽁 빨아먹고 자식들  인생 다망처놓고 가족이라고  마지막에 사진찍고 끝나는 이야기  
20170301,7,매번 변신한 로켓단을 못 알아보는 지우를 보는 것 같다.  
20170301,10,잔잔한 드라마였고 뻔한 내용이지만 가족이  이래서 좋구나라는걸 느낄수있던 영화예요 영화 좋았어요  
20170301,6,NOMAL. SOSO  
20170301,6,평점 높아서 봤는데 유치하고 사투리도 어색하고 요즘 누부야라고 부르는 사람이 어딨는지 참나 ㅋㅋ  
20170301,4,잃어버린 감성을 찾아내랬더니 스스로가 촌스러워져 버린 영화  
20170301,1,여기도알바천국....  
20170301,8,괜찮은데....흥행이 안돼서 아쉽네  
20170301,10,ㅋㅋ재밌게 잘봤는데..별점 테러분들은 무슨 연기력 지적에 디테일...전문가났네요.숲을보시길  
20170301,10,이런 영화가 누적관객수가 5만도 안된다니.. 너무 충격이네요.  
20170301,8,그저 그런 이야기 같은데 바쁜 일상에서 가족을 한번 더 생각하게 해주는 영화같네요. 그리 나쁜 영화는 아닙니다. 남자 아이 연기가 첨엔 몰랐는데 잘하네요. 잔잔한 감동을 원하시면 보시길  
20170228,1,"1990년대 영화 같음,, 어색한 사투리 연기..  "
20170228,10,관람객훈훈한 가족 영화~~ 올만 올만...막둥이에게 눈물이 또르르  
20170228,4,"솔직히  여러모로 많이 모자른 영화다. 개취겠지만 나한테는 안맞는 영화. 그리고, 분명 평점 작업이 들어갔으리라고 봄...  "
20170228,5,볼만한 영화 입니다..  
20170228,9,오랜만에 가족의 소중함과 따뜻함을 느끼게 해주는 영화였다.  
20170228,1,이요원 캐스팅 보고  폭망할 줄 알았습니다.   역시나 폭망이군요.   벌써 다운로드 사이트에는 올려져 있더군요.  
20170228,10,가슴 따뜻해 지는 영화입니당!! 좋아요  
20170228,1,"네이버 영화평에 알바가 있다는걸 이제 알았네요....최악의 영화...좋은 배우들가지고 이렇게 만들기도 힘들듯....영화 ""더 킹"" 에서 여검사가 한 대사가 생각나는...""대한민국에 이런 쓰레기영화가 또 있었습니까?""  "
20170228,10,관람객인간미 넘치는 가족영화! 후회없습니다  
20170228,10,관람객따뜻하고 재미있어요~  
20170228,10,개재밋네 진짜 진심 재밋네 ...갑자기 울엇네  
20170228,1,"맙소사... 알바 많이 푼듯 합니다.. 개연성도 없고, 감동도 없고, 연기도 실망스럽고.. 평점이 좋길래 혹시나 혹시나 하고 다 봤는데 역시나입니다.  "
20170228,10,이솜이 누나라는것만으로도 환상이다  
20170228,1,아엽배우가 찡찡거리고 누부야 거리는게 꼴뵈기 싫었음(개인적으로 애들을 싫어함)사투리는 어색함이 없었던거는 유일한 장점. 전체적으로 내용이 너무 따분하고 심심함. 왜 4만명 찍엇는지 알 수 있는 영화.아역 빼고 배우들이 아까운 영화. 3류에로급  
20170228,2,디즈니는 판타지 없는 시나리오는 잘 못 보나보다  
20170228,10,영화 잘봤어요 아무기대없이 봤는데 눈물샘폭발했어요 가슴징한 가슴한편이 콕콕 찌르는 그런영화네요 영화가 많은사랑을 받았으면 좋겠습니다  
20170228,1,"디테일 개떨어지네요,,,, 애가 차 문도 못열고 창문만 두드리지 않나 그거까진 그렇다쳐도 운전을 저렇게 하는 사람이 어딧음 ㅋ 하아 그냥 좀 그럼 억지전개같은?  "
20170228,6,그놈의 누부야 소리만아니면 7점줫을텐데  
20170228,10,월트디즈니가 왜 선택했는지 알수있는 영화~가족애를 느낄수있었다!!!!  
20170228,10,진짜 처음남겨보네요 정말 마음이 따뜻해지네요다들 집에서든 영화관에서든 꼭 보시길...!  
20170228,10,"좋은영화.. 만날 깡패,정치커넥션 비슷한 소재로 대기업이 스크린 독점하며 선택권 없애는데.. 이런 영화가 훨 낫다  "
20170228,10,"흠, 말도 안되는 전개가 있긴했는데 스토리가 대게 슬펐고 따뜻해서 즐거웠네요 그냥 누구나 다들 가족에 그리움이나, 가족한테 할수 없늠 라들이나 가족들한테 잘할수 없는 말들이 있었으면 봤으면 좋겠네요~ 저도 같은 입장에서 뜻깊은 영화였어요.  "
20170228,10,무심히 봤다가 눈물나오는 영화...정말 강추^^  
20170227,9,나름 가족이란  마음을  한번 더 생각하게 만드는 영화  좋앗다  
20170227,9,"평이 안좋아서 안보다가 봤는데 후반부의 아름다운 영상, 구도.. 힘든 사람들이 만들어내는 아름다운 결말.  "
20170227,10,생각치 않게 본 영화인데 너무 좋게 다가왔다. 다들 연기를 잘한다. 그래서 감정이입이 잘됬고. 억지스럽지 않아 부담없었다. 감독의 차기작을 기대해보게 된다.  
20170227,6,누부야 에서 너무 깨더라 ...  
20170227,10,아역 연기 장난 아니네요. 아역배우가 정준원이 이영화를 살리네요. 나중에 커서 기대할만한 배우가 될것 같습니다. 흥행보증 수표 배우들 없음에도 간만에 마음을 울리는 그런 영화 였습니다.  
20170227,1,알바들이 진짜 있긴 있구나...  
20170227,10,이요원때문에 봣다.만식이형님 투잡너무 하시네 황정민이나 빨지  
20170227,8,배우들 연기가 다 잘어울리네요 근데 스토리가 좀 이도저도 아닌 느낌이 있어요  
20170227,9,간만에 울었다 누부야때문에~  
20170227,10,재밌음...어제 그냥 봤는데 보시기 괜찮아서 추천드려요  
20170227,1,"허술한 전개, 허술한 스토리... 2시간내내 누부야 타령.... 콩가루 집안의 콩가루 이야기. 근래본 영화중 가장 최악의영화  "
20170227,1,국뽕보다 더 강한걸 맞은 기분....토할것 같아  
20170227,1,왜 망했는지 금방 알 수 있다!  
20170227,6,쓰레기들 천지... 너도 쓰레기 쟤도 쓰레기  
20170226,1,내시간을 돌려주세요...  
20170226,10,매일 똑같은 스타일의 남자캐릭터들이 나와서  비리 얘기하고 싸우는거 보다 훨씬 좋음....  
20170226,3,핵노잼..오글오글~~스마트 워치 광고비 받고 영화 찍었나?  
20170226,6,불우한 상황을 이겨내면서 겪는 가족들의 모습. 그러면서 가족이라는 의미를 알게 된다.  막내의 캐릭터가 너무 세서 원맨쇼의 느낌도 든다. 좀더 다른 재미를 줄수도 있었을텐데~  
20170226,1,알바좀 여지간히 썼으면 좋겠다  
20170226,6,그냥 예고편만 보고서도 예상할수 있는 수준의 내용에서  크게 벗어나지않는 반전없는 훈훈한 가족영화. 영화보다 단막극 형태로 2회분이 적합해보임.  
20170226,1,"우와 그래,알바 이영화 대박이네요!  "
20170226,8,네이버 평은 왜 다 극단적인지 모르겠다 ㅡ.ㅡ;; 10점은 아니고 7~8점대인데... 좀더 디테일 하게 만들었으면... 그리고 아역 연기 다좋은데 조금만 더 리얼하게 했으면... 하는 아쉬움??  전 울면서 봤어요... 감성자극은 훌륭함.  
20170226,10,와우~~~재미있네요.많이 보세요  
20170226,1,감독에게 영화비하고 2시간 손해배상 청구 하고 싶다.  
20170226,1,너무 재미없어서 오히려 신선하군..  
20170226,8,초반에는 모르는 배우들이라 좀 재미없을것 같다는 느낌이었는데중반부터 웃기더니 몰입하게 되고 캐릭터들이 다 매력있고 따뜻하더라구요근데 마지막에 좀 더 이야기를 보여줬으면 하는 아쉬움이 남네요  
20170226,4,억지로 꺼낸다고 나오지 않는 감동  
20170226,10,"관람객마음 한 켠 뭉클해지는 영화, 내 곁에 내 핏줄이 있음에 다시 한 번 감사한다.  "
20170226,10,상영관이 거의 없어 아쉽네요.  
20170226,6,누부야 누부야할때마다 현실성없고  많이 어색한 사투리가 몰입을 방해할뿐이고  다소 억지스러운 전개가 불편함  
20170226,1,알바분들 진짜 너무해요(이것도 기계로 돌릴수있나)  
20170226,7,저런 고질적인 한국형 포스터는 대중의 취향인가? 영화사 사장의 취향인건가? 아니면 배우들의 힘겨루기의 결과?  디자이너의 취향은 절대 아니길 바래본다...  
20170226,5,네이버 평점 믿고 봤다가 9.10은 아닙니다 딱 5.0  
20170226,9,이영화를  보고 우리들의 가족이란.? 무엇인가? 질문 을 던지고 싶네요..  
20170226,1,아무리 촌에 왔다지만 누부야가 머냐 ㅋㅋㅋ 진심 개웃기넹  
20170226,8,뭔가밋밋하긴하지만 나름대로괜찮다 후반부가부자연스럽지만  
20170225,8,이 정도면 가족끼리 보기엔 딱 좋은듯 싶긴한데 혼자 보기엔 너무 식상한 소재는 맞는듯 싶다.  
20170225,3,정도껏 했어야죠. 이건 애늙은이가 아니라 괴물 캐릭터를 만들어 버렸으니  
20170225,1,이게 2017년 정서에 맞는 영화인가 존노잼  
20170225,10,얘들아 영화는그냥 영화다. 얼마나많은 반전과 얼마나많은 생각을하려고 시작부터 스토리가예상이 간다는둥 억지스럽다는둥 2시간남짓한시간에 기승전결을 다 표현하려면 당연히 드라마보다도 억지스러워야하는게맞는거다. 그리고 억지가없으면 영화맞냐? 다큐를봐라차라리  
20170225,10,재밌게봤어요 가족의 소중함을 다시한번 생각하게한 영화였어요  
20170225,10,아저씨 지금 씨 탈 이라고 했어요? 으앙 ㅎㅎ 재밌네요  
20170225,9,온가족이 함게보기 좋은 따뜻한 영화...  
20170225,10,너무 행복하게잘봤습니다!  
20170225,2,전형적인 한국식 가족영화 패턴... 지겹  
20170225,1,조선시대도 아니고 누부야는 대체 머냐.  
20170225,9,"사랑하는 가족, 연인끼리 함께 보기에 너무 따뜻하고 좋은 영화!! 배우 분들 연기도 끝내주게 좋았어요~♬ ^o^  "
20170225,5,뻔한거같지만 적당한 훈훈함  
20170225,6,만능 해결사의 대명사가 되어버린 어린이들  
20170225,10,거짓말안치고 평점주는거첨인데 최근에 xx된도시 x킹 봤는데 그것도 훨배 잼있네여진짜  
20170225,10,조금 유치하기도 하지만 근데 실컷 울었네여..  따뜻한 영화입니다..  
20170225,10,너무 감사합니다.  또한번  가족을 깨달았습니다!  
20170225,10,하 새해 첫눈물 콧물을 이영화가 터트렸구나 ㅜ  
20170225,7,뻔하지만 따뜻한영화다  
20170225,8,오랫만에 가슴따듯해진 영화였네요. 아역 연기를 너무 잘하네요  
20170225,8,"작품성이라든가 스토리전개, 구성의 치밀성, 연기력...뭐 그런 거 다 걷어치우고 그냥 한번쯤 마음을 열고 보면 가슴 따뜻해질 수 있는 영화.  "
20170225,10,관람객또 보고싶다~!!!!  
20170225,5,관람객오랜만에 훈훈했습니닥.마음이 따뜻해진 기분조은 영화!  
20170225,1,이요원 나오는군.. 갑질 마루타 연기.. 안보는걸로...  
20170225,10,띵작띵작띵작띵작띵작띵작띵작  
20170225,10,평점 덧글을 처음 쓰게 만드는 영화  
20170225,10,감동 받았습니다^^  좋은 영화 감사합니다!  
20170225,8,"확  나쁜것도 아니고  감동이 쓰나미 치는것도 아닌데...어딘가에서 충분히 일어날 수 있는 상황에  해피엔딩이라는 조미료를 더한 느낌..ㅎ 함 볼만 합니다. 그리고  기자,평론가 란에 박평식님.. 애늙은이의 청승이라.. 매너리즘에 빠지신건 아닌지..  "
20170225,10,오랜만에 가슴 따뜻해지는 감동적인 영화였던 것 같다. 가까울수록 더 소홀해지는 법인데 가족들을 한번 더 생각하게 되고 돌아보게 된 것 같다.  
20170225,8,충분히 재미있는 영화. 가족영화이면서 자동차추격씬도있음 ㅋㅋ근데 내가 감독이라면 흥행에 성공하고싶다면 신파를 넣기보다는 신파빼고 계속 유쾌한 영화로 만들어서 추석이나 설에 개봉하면 성공할꺼 같음.  
20170224,10,따뜻한 영화입니다 감동 눈물 나요  
20170224,4,억지 감동..평점이 좋아서 봤는데..시간이 너무나 아까웠던 영화..하..평점은 왜 이렇게 좋은거지?..평론가 평점을 참고해야했는데  
20170224,10,관람객가족들과 함께 감동적인 영화 잘봤습니다~~~  
20170224,1,ㅇㅇ 알바들 9점은아냐 ~  
20170224,10,꼬맹이 연기 정말 잘하네!  
20170224,1,하아....진짜 리얼 핵노잼  
20170224,10,"재미있게 잘 봤어요. 소소한 내용이긴 하지만 감동도 있고 재미도 있어요,  "
20170224,10,관람객너무따뜻한영화 좋았습니다. 이솜 너무매력캐ㅎㅎ 이쁘다 흥해라  
20170224,8,관람객5학년 여자 아이들이 재밌게 보았습니다  
20170224,1,"그래, 완전히 망했어요~  "
20170223,9,"관람객가족이 나에게 무엇인가를, 정신없이 돌아가는 내 세계에서 생각하게끔 해서 의미가 있었다. 완성도와 재미는 이런 주제를 완벽히 다루고 있지는 않지만 그 자체만으로 내겐 좋았다.  "
20170223,10,관람객역시 가족이 최고지~!!  
20170223,10,관람객굿굿굿  완전 공감하면서 봤어요  
20170223,10,따뜻한 영화입니다. 볼만해요  
20170223,10,관람객완전재밌고 눈물났어요  
20170222,10,칼부림 난무하는 한국영화 속에서.. 참 좋은 영화  
20170222,10,이거볼만하나요?코미디면웃긴영화인가~~  
20170222,10,재미와 감동 두마리 토끼를 다 잡은 영화  
20170222,10,다들 현실적인 연기를 잘하시는 것 같아요  
20170222,9,뻔하지만 감동적 ㅠㅠ 나만그래?  
20170222,10,캐릭터들의 매력이 장난 아니네요 ㅋㅋ 진짜 현실속의 가족을 보는줄  
20170222,10,이요원이랑 이솜 진짜 케미 굿 엄청 닮았다ㅜㅜ  
20170222,10,간만에 자극 없고 훈훈한 영화를 봐서 마음이 평온해짐  
20170222,10,지친 일상에 힐링을 주는 영화다  
20170222,9,간만에 훈훈하고 따듯한 드라마 한편 본 느낌  
20170222,10,이요원 진짜 우리 언니 같아서 소름ㅋ  
20170222,10,뻔하지만 감동적인 영화 이게 얼마만에 보는 가족영화인가..  
20170222,10,디즈니가 선택한 훈훈한 가족영화  
20170222,10,관람객정말재밌어유유유유호호후  
20170222,10,엄마아빠도 지루하지 않게 재밌게 보신거같아서 기분이 좋아요 ㅋㅋ  
20170222,10,부모님이랑 한번 더 볼만한 영화다 배우들 연기 너무 잘해  
20170222,9,깔깔 웃다 눈물까지 낫음 ㅠ  
20170222,10,즐겁게 본 가족영화다 ㅋㅋ 웃음과 감동 다 잡았네~  
20170222,10,꿀잼 영화 가족끼리 볼만한 영화로 강추  
20170222,10,예고편 보다 훨씬 재밌어요  
20170222,10,간만에 빵터지면서 본 영화네요 능청스러운 연기에 몰입되었어요  
20170222,9,여기 나오는 배우들 연기 다 잘함 ㅠㅠ  
20170222,10,이요원과 이솜 진짜 닮은듯..ㅋㅋ  
20170222,10,개봉전부터 기대한 영화임 역시 존잼  
20170222,9,간만에 재밌는 가족영화 캐릭터의 장점을 배우들이 잘 살린듯..  
20170222,9,관람객꼬마가 연기 엄청 잘함 ㅋㅋㅋㅋ  
20170222,8,스토리는 전형적인 뻔함이 있지만 그래도 배우들의 연기와 이시대 우리가 잊고있는 것을 되돌아 생각해주는 영화  
20170222,6,여러분 다들 알바에요저도 평점만 보고 어제봤는데. ...낚임..그냥 그저그런 영화입니다.속지마시길  
20170222,10,자극적인소재와 연출의 영화만 재미있어하는분들이 아니라면 충분히 잼있게 볼수있는 따뜻한 영화에요  
20170222,5,솔직히 댓글들보고 기대했는데진짜 딱오점영화에요.재미도없고 감동도없고 스토리도 그저그래요...처음으로댓글남기네요.영화보시면 제심정아실거에요^^  
20170221,10,관람객간만에 보는 가족 영화~~디즈니라 믿고 봤습니당 ㅎㅎ  
20170221,4,스마트워치 광고영화인줄ㅋㅋ PPL이 맥끊고 맥이랄게 없는 스토리가 맥을 끊었는데 누구나 쉽게 울 수 있는 감동요소 때문에 그나마 봐줄만했습니다. 그래도 요즘 가족이랑 볼만한 영화 없었는데 가족이랑 보기엔 이게 제일 나음.  
20170221,9,관람객마음이 따뜻해지는 영화  
20170221,8,관람객가족들과의 관계를 다시한번  돌이켜보는 영화네요아이들과 따뜻한 시간을 보낼수 있어서 좋았어요^^  
20170221,5,한마디로 촌스럽다..  
20170221,8,관람객훈훈해요 가족은 역시 모여살아야지  
20170221,10,관람객오랜만에 본 따뜻한 가족영화~!  
20170221,1,"그래, 알바, 그래, 알바  "
20170221,9,재미와감동이 있는 영화 너무잘봤습니다.  
20170220,2,노잼 알바생오지는듯 9점말이되나 4점이상인게신기함    아무나만들수있는 그런영화  
20170220,1,봄방학을 한 초딩조카랑 만화는 보기 싫고해서  봤는데 조카는 만족하네요 절대로 극장에서 돈주고 볼 영화는 아닙니다 왜 ?이런 영화를 만들었을까 의문이 드는 영화였습니다  
20170220,10,관람객추운 날씨에 따뜻한 영화  
20170220,5,딱 그냥 그렇네요..솔직히  좀 실망입니다...억지 감동 스토리..  
20170220,7,관람객재밌었네요. 스토리가 쪼끔 부족한것 같기도ㅜ  
20170220,9,관람객재미있었습니다. 말그대로 자극적이지 않고 가족을 위한 영화였네요. 아이랑 잘 봤습니다.  
20170220,10,관람객가족들이 너무나 달라도 따뜻한 가족이네요~  
20170220,1,관람객잘잤습니다정말너무피곤했어요  
20170220,9,마음이 훈훈해지는 가족영화. 하지만 제작비 부족인지 완성되지 못한 것 같은 결말은 아쉬웠습니다  
20170220,1,애기한테 이런말하기 싫은데 목소리 듣기 정말 싫다 밉상이야  
20170220,10,관람객가족영화가 무엇인지. 보여주는 영화.  
20170220,1,지루함 + 억지웃음 + 억지감동 + 부자연 그러운 전개 + 별점알바 동원  
20170220,9,추운 겨울날 이런 따뜻한 영화 좋네요  
20170220,10,가족관계를 느끼는 따뜻한영화  
20170219,10,우리에겐 이런 따듯한 영화가 필요했습니다ㅠㅠ  
20170219,10,가족영화 너무 좋아요 ㅠ  
20170219,10,진심 빵터지면서 봤다능..능청스러운 연기에 몰입해서 봤어요 ㅋㅋ  
20170219,9,보는데 이요원 우리 언닌줄..ㅋㅋㅋ  
20170219,10,가슴 뭉클하고 힐링하는 영화  
20170219,10,기대한것보다 재밌음 ㅎㅎ  
20170219,10,가족이랑 다시 보고싶네요!!! 간만에 힐링되는 영화였습니다  
20170219,10,오랜만에 눈물 글썽이면서 본 가족영화  
20170219,9,가족의 의미를 되새겨볼 수 있는 시간이었습니다!!  
20170219,10,이런 가족영화는 무조건 가족끼리 사수하시길..  
20170219,10,너무너무 재밋었어요ㅠㅠ 훈훈한 느낌!  
20170219,9,가족끼리 보면 더 좋을 영화  
20170219,10,배우들 다 현실적인 연기를 해서 좋았어요  
20170219,9,꿀잼이다 개봉전부터 기대한 보람이 잇네 ㅎㅎ  
20170219,10,가족영화로 무조건 추천합니다 모든걸 감사하고 이해할 수 있게 만들어주는 영화  
20170219,10,힐링하고 나올 수 있는 작품입니다 현실적인 감동 휴먼 영화  
20170219,10,"올 겨울 마무리 영화는 이거다 그래,가족  "
20170219,10,"뻔하지 않은 가족영화, 훈훈하네요  "
20170219,9,디즈니가 선택한 영화!!! 무조건 믿고 본다  
20170219,4,배우의 연기와 매력을 제대로 뽑아내지 못하고 연기나 상황 면에서 개연성 없는 억지스러운 부분들이 꽤 많은데 이런 걸 좀 잡아줬어야하지 싶다. 중반부까지가 너무 루즈한 것도 문제. 후반부는 뻔하긴하지만 감동코드가 들어가면서 매끄럽게 가긴 하더라만..  
20170219,10,콩가루 집안이지만  피는 물보다 진하네요살면서 놓치는 우리네 가족들 사랑을 다시 생각하게만드네요 끝에는 눈물이나네요 손수건 필요해요.욕은 안나왔으면 더좋을걸그랬어요.여름에 촬영한 영상이라 깔끔하네요.디즈니 랜드가 만든영화라지요.좋았어요.  
20170219,10,배우들의 능청스런 연기에 감탄~  
20170219,10,요즘 날씨에 따뜻하게 볼 수 있는 영화로 추천합니다!!  
20170219,10,마음이 따뜻해지는 힐링영화군ㅋㅋ  
20170219,10,관람객짱이에요 진짜 인생중에 명작  
20170219,9,흥행하고 대박나서 모든 분들이 보셨으면 좋겠네요  
20170219,10,가족간의 이야기가 뻔하지만 재밌는 영화  
20170219,10,스토리도 따듯하고 이솜 갠적으로 팬인데 ㅜㅜ 짱좋  
20170219,10,여기 나오는 배우들이 연기구멍 1도 없이 다잘하네 심지어 아역까지 ㅎㅎ  
20170219,10,누구나 공감할 것 같은 가족영화 ㅋㅋ  
20170219,9,기대한것 보다 훨씬 재밌다 현실 공감 코미디 영화  
20170219,10,가족의 소중함을 다시한 번 느꼈습니다  
20170219,10,오늘 보고왔는데 시간가는줄 몰랐어요.. 즐길 수 있는 영화였어요  
20170219,9,가족간의 정을 느끼게 해주네 간만에 훈훈하고 뭉클하다  
20170219,10,빅재미와 감동을 주는 가족영화  
20170219,10,너무 재밌었어요 디즈니가 선택한 영화라고해서 궁금했는데 대박!  
20170219,10,킬링타임용으로 봤는데 꿀잼ㅋㅋ  
20170219,10,따듯한 영화여서 부담없이 즐기기에 좋다  
20170219,9,오랜만에 가족들 다 펑펑 울다 나옴 ㅠㅠ  
20170219,10,흥행할 영화같아요 적당히 훈훈하고 재밌음!  
20170219,10,깔깔 웃다 눈물도 나고 ㅋㅋ 넘나 재밌게 봤다  
20170219,10,간만에 훈훈한 영화~! 유쾌한 가족영화 느낌  
20170219,10,흥행해서 다들 힐링하는 시간 가지시길.. 현실적인 언니 연기도 좋았어요  
20170219,10,이요원 왤케 이뻐?ㅋㅋ 이솜이랑 완전 닮았어  
20170219,9,뻔하긴 하지만 색다른 감동이 들어있었다.  
20170219,10,오랜만에 눈물 나는 영화였다 감동이야 ㅠㅠ  
20170219,10,역시 남는건 가족뿐이라는 생각밖엔..  
20170219,10,가족끼리 보기에 딱 좋은 영화에요 주말에 나들이가세요~  
20170219,10,추위를 날려버릴 듯한 따뜻함이 들어있다! 무조건 사수!  
20170219,9,이요원과 이솜의 케미가 장난 아님 ㅋㅋ 진자 자매인줄  
20170219,10,뻔하지만 감동적인 영화랄까??  
20170219,10,힐링 하고 나온 기분이었습니다 실제 가족인줄 알앗어여  
20170219,9,여기 나오는 배우들이 다 연기를 잘하시네 ㅎㅎ  
20170219,10,우리에게 필요한 따뜻한 영화입니다^^  
20170219,10,힐링하고 싶다면 무조건 추천!  
20170219,10,오랜만에 가족의 끈끈함을 느낄 수 있는 영화였다  
20170219,10,정말 뭉클하고 눈물나고 감동있고 웃음도 잇고 다 들어있는 영화  
20170219,10,힐링하고 싶다면 꼭 보세요. 배우들 연기도 잘해요  
20170219,9,끝까지 지루하지 않고 진짜 현실 가족의 느낌??  
20170219,10,이요원과 이솜의 꿀 케미에 시간가는줄 모르고 봤습니다 ㅋㅋ  
20170219,10,다같이 가족끼리 보기에 딱이에요!! 소소하고 훈훈함  
20170219,10,엄마아빠도 지루하지 않고 보셧대요 ㅎ 가족영화로 강추합니다  
20170219,10,정준원 미래가 기대되는 영화ㅠㅠ  
20170219,10,오랜만에 가족의 끈끈함을 느껴볼 수 있는 영화였다.  
20170219,10,지금보고나왔어요! 영화잘봤습니당  
20170219,10,추운 겨울날 추위를 날려버릴만한 따뜻한 영화  
20170219,10,재미와 감동 두가지를 다 잡은 영화여서 좋았어요  
20170219,10,깔깔 웃다 눈물도 나고 넘 재밋게봄!  
20170219,10,마음이 따뜻해지는 시간이었습니다  
20170219,10,오랜만에 눈물 글썽이면서 봤다 ㅜㅜ  
20170219,10,가족영화 뻔할까봐 걱정했는데 꿀잼 재밌고 공감가는 부분도 많아서 좋았어요  
20170219,10,자극적이지 않고 좋았음!! 간만에 감동적인 가족영화  
20170219,9,소소하고 훈훈한 재미에 즐거웠어요  
20170219,10,시간가는줄 모르고 봤네.. 가슴도 뭉클하고 눈물까지 낫어 ㅠㅠ  
20170219,10,가족영화로 추천합니다 유쾌하고 훈훈해요  
20170219,10,캐릭터의 장점을 다 잘살린듯 ㅋㅋ 따뜻한 무비  
20170219,10,여기 나오는 배우들 다 좋아하는 배우들이라 재밌게 봤습니다  
20170219,9,가족영화의 끝장판 제목부터 따뜻하다  
20170219,10,현실적인 언니 연기에 반했다^^  
20170219,9,기대한것 보다 재밌어요 이요원과 이솜 꿀캐미!  
20170219,10,빅재미에 빅감동영화 온 가족이 즐길 수 있는 영화^^  
20170219,10,여기 나오는 배우들 다 연기 잘하고 이요원과 이솜 너무 닮앗더라구여!!  
20170219,10,역시 가족뿐이라는 말만 생각나더라  
20170219,10,좋은 힐링 하고 나온 기분~?  
20170219,10,왠지 가슴 뭉클 하고 내 가족을 다시한 번 되돌아 볼 수 있는 시간이었다  
20170219,9,엄마랑 아빠 모두 지루하지 않고 재밌게 본 영화에요!!  
20170219,7,관람객가족과 함께 보시면 좋은 영화입니다. 자극적인 요소없이 편안하고 잔잔한 감동이 있는 영화입니다.  
20170219,7,신파극이라 좀 아쉽지만 상처 받은 이들에겐 위로가 될 듯. 개봉 시기를 잘못 잡은게 아쉬움.  
20170219,8,관람객가족끼리보기에 괜찮은영화네요 찐한감동도있고. 재밌게봤어요  
20170219,7,관람객그냥 볼 만한 가족 영화. 영화보다는 티비 드라마다 더 어울리는.  
20170219,10,요즘처럼 삭막한 현실 속에 가족의 소중함을 느끼게 해주는 좋은 시간이였다  
20170219,10,너무 유익하고 가족끼리보기좋은영화  
20170219,4,관람객시나리오의 문제인지 연출의 문제인지 전체적으로 억지스러워 관객이 좀 처럼 공감하기 어렵다...거의 대부분 한국영화가...이런식으로 만들어져 관객으로부터 외면 받아왔다고 생각한다.  
20170219,1,평점 높아서 7번방의 선물같은 감동이 있을 줄 알았는데..막내 오락이 연기빼곤.. 억지 전개. 서로 못잡아 먹어 연락도 안하던 형제가 갑자기 나타난 막내때문에 깨달음을 얻는다? 딱 VOD용  
20170219,9,간만에 훈훈하고 따뜻한 드라마 한 편 본느낌  
20170219,9,가족의 소중함을 느낄 수 있었던 영화..  
20170219,10,가족끼리 보기 좋은 영화로 가족 영화로 제격인듯  
20170219,9,가족끼리 같이 보면 딱~!!! 간만에 훈훈한 영화로 기분 전환 했어요!  
20170219,10,올해 처음으로 이 영화 보고 눈물 흘림ㅜㅜ  
20170219,10,디즈니가 괜히 배급을 결정한게 아니였넹ㅋㅋ 딱 디즈니표 가족영화ㅋㅋ 좋당  
20170219,10,난 이거 시사회때 보고 너무 좋아서 가족들이랑 개봉하고 한번 더 봄ㅋㅋ 오랜만에 힐링 제대로!!  
20170219,10,"영화 너무 좋다,, 가족들이랑 한번 더 봐야지  "
20170219,10,정만식이라는 배우의 새로운 모습을 볼 수 있던ㅋㅋㅋ 이요원이랑 이솜같은 분위기 넘 좋다ㅋㅋ  
20170219,9,간만에 따뜻한 가족영화 한편이였습니다.. 많은 분들이 보셨으면 좋겠어요  
20170219,10,말하지 않아도 알아요.. 사랑합니다  
20170219,10,겁나 웃기다ㅋ오랜만에 스트레스 확 풀려  
20170219,10,이요원 진짜 우리 언니같아서 소오름...  
20170219,9,가족의 화합을 그린 영화라서 그런지 가족끼리 다 같이 가서 본다면 의미 있을듯  
20170219,10,이게 얼마만에 느껴보는 가족애 영화인가 ㅠㅠ  
20170219,10,꿀잼 영화 가족끼리 보면 딱~이네요  
20170219,10,예고편 본 것 보다 실제 영화가 훨씬 재밌다!!  
20170219,10,오랜만에 훈훈하고 따뜻한 드라마 본 느낌이네요  
20170219,10,캐릭터들의 매력을 잘 살린듯 ㅋㅋ  
20170219,9,오랜만에 가족의 끈끈함을 느끼게 해준 영화입니다~ 이요원 이솜 진짜 닮은 것 같다능  
20170219,10,추운 겨울날 볼만한 따뜻한 느낌의 영화  
20170219,10,너무 재밋었어요 ㅎㅎ 웃음과 감동이 들어있는 영화  
20170219,10,가족들의 의미를 다시한번 새겨볼 수 있는 시간이었습니다  
20170219,9,즐겁게 보고온 가족영화에요! 다같이 극장으로 고고!  
20170219,9,차가우면서도 따뜻함이 느껴지는 영화에요  
20170218,10,재미와 감동 다 잡은 영화  
20170218,10,꿀잼 남자 아역 배우 연기 완전잘해요ㅠ  
20170218,10,여기 나오는 배우들이 연기를 너무 실제처럼 해준 것 같다 굿굿  
20170218,10,기대한것 보다 훨씬 재밌음 실제 가족인줄  
20170218,10,흥행해서 모든 분들이 보셧으면 좋겟네요 ㅋㅋ  
20170218,9,뭉클하고 내 가족을 다시 돌아보게 되는 영화여서 좋았습니다.  
20170218,2,"너무 높은 평점을 보다보니 영화보는 내내 시간이 아까워서 인상을 찌푸리던 내가 이상한건가 하고 되돌아보게 된다.그럼에도불구하고 짧게 개인적인 평을하자면, 가족이란 이름으로 도덕적으로 옳지 못한 행동까지도 아름답게 포장해버리는 무서운 영화라는 생각.  "
20170218,10,이 영화 배우들의 연기력보단 작품성이 정말 좋았던 영화웃고 울면서 봤어요 가족이랑 같이보면 정말 좋은 추억될꺼 같고아이들이 가족의 의미를 다시 한번 느낄 수 있게 해줄 영화가 될까 같아요!!  
20170218,10,가족영화로도 추천하고 공감 100배  
20170218,10,힐링하고 싶으신 분들께 추천!  
20170218,10,우리 모든 가족들에게 화이팅 외치는 영화다  
20170218,9,가족끼리 보면 더 좋을 현실 공감 코미디 영화 ㅋㅋ  
20170218,10,마음이 따뜻해지는 시간이었어요ㅜㅜ  
20170218,10,가족간의 이야기가 너무 뻔할까봐 걱정햇는데 꿀잼  
20170218,10,개봉전부터 궁금했는데 이런 따수로운 영화였다니 배우들 연기도 너무 잘한다  
20170218,9,디즈니가 선택한 훈훈한 영화!!  
20170218,10,마음이 따뜻해지는 가족 힐링 영화~  
20170218,10,엄마아빠도 지루하지 않고 재밌게 봐서 기분이 좋네요^^  
20170218,10,좋은 힐링 하고 나온기분?ㅋㅋ  
20170218,10,엄마랑 아부지 손잡고 깔깔대며 웃을 수 있는 영화  
20170218,9,오랜만에 가족들 같이 다 펑펑 터졌네요  
20170218,10,가족간의 정을 느끼게 해주세요 ㅋㅋ 부모님이랑 한번 더 봐야지  
20170218,10,"가족의 소중함, 따뜻함이 느껴진 훈훈한 영화  "
20170218,10,역시 가족 뿐이다 ㅠㅠ...ㅎ  
20170218,9,깔깔 웃다 눈물도 나고 너무 재밋게 봤어요  
20170218,10,이솜 팬이었는데 연기잘하네요 스토리도 따뜻하고 좋았어요  
20170218,10,오랜만에 눈물 글썽이면서 봄 ㅜㅜ  
20170218,10,간만에 진심 빵터지면서 봤다!! 능청스러운 연기 ㅋㅋ  
20170218,10,현실감도 느껴지는 따뜻하고 재밌는 영화였습니다.  
20170218,10,이요원이 진짜 내 언니 같앗다..ㅋㅋ  
20170218,10,여기 나오는 배우들 연기 다잘함 ㅠㅠ  
20170218,10,시간가는줄 모르고 봤어요 이런 현실적인 감동영화는 무조건 추천!  
20170218,10,가족이랑 다시 보고싶네요 가족영화로 추천~~  
20170218,10,유쾌한 가족영화를 본 느낌!!  
20170218,10,기대한것보다 재밋음 ㅋㅋ 엄마랑 보고왓는데 좋앗어요  
20170218,9,"제목처럼 그래,가족!!모든걸 이해하고 감사해야할듯 ㅠㅠ  "
20170218,10,간만에 재밋는 가족영화 마음이 따뜻하다  
20170218,10,흥행해서 다들 힐링하는 시간 가지셧으면 좋겟어요~  
20170218,10,우리에겐 이런 따뜻한 영화가 필요하다  
20170218,10,현실적인 언닝 연기 ㅋㅋ 이요원 진짜 우리 언니인줄  
20170218,9,가슴 뭉쿨하고 잘봤어요 연기 다잘하시네ㅜ  
20170218,10,끈끈한 가족애ㅠㅠ 영화보면서 느껴졋다 간만에 훈훈한 영화 봤음  
20170218,10,간만에 가족애가 느껴지는 영화 가족끼리 보세요  
20170218,10,오늘 보고왔는데 진짜 훈훈함 ㅠㅠ 이요원 연기 잘함  
20170218,10,추운 겨울날 이런 따뜻한 영화 좋네요  
20170218,10,시간가는 줄 모르고 봤다..가족영화의 끝장판!!  
20170218,9,진짜 현실의 가족을 옮겨놓은 스타일의 영화 꿀잼  
20170218,10,캐릭터의 장점을 배우들이 잘 살린듯 ㅎㅎ  
20170218,10,"제목처럼 그래,가족이다!이요원 진짜 우리 언니 같앗음 ㅋㅋ  "
20170218,10,자극적인 영화만 보다가 훈훈한 영화보니 좋으네  
20170218,10,개봉전부터 기다렸는데 역시 재밋다  
20170218,10,보는데 이요원과 이솜 진짜 닮은듯..ㅋㅋ  
20170218,9,나오는 배우들이 내가 다 좋아하는 배우들이어서 좋았어요  
20170218,10,이건 꼭 스크린으로 봐야 느껴진다 감동 ㅠㅠ  
20170218,10,영화 보는 내내 재미있고 잔잔한 감동도 있네요~적극 추천합니다  
20170218,10,잔잔한 감동이 느껴지는 무비 따뜻하고 좋았습니다  
20170218,10,가족끼리 보면 더 좋을 영화!! 꿀잼이에요  
20170218,10,가족의 끈끈함을 느낄 수 있는 영화였습니다  
20170218,9,간만에 훈훈한 영화를 보면서 기분전환><  
20170218,10,너무너무 재밋엇어용 ㅎㅎ웃음과 감동 두 개를 다잡음  
20170218,10,배우들 다들 현실적인 연기를 잘하시네~  
20170218,10,뻔하지만 감동적인 영화 시간가는줄 모르고 봤다ㅜㅜ  
20170218,10,영화 속에 소소한 재미가 있네요  
20170218,10,진짜 현실 속의 가족인것처럼 느껴졌다  
20170218,10,잔잔한 감동을 느낄 수 잇는 영화였어요  
20170218,9,이요원 연기 잘하네ㅜㅜ영화보는 내내 느껴지는 가족애..  
20170218,10,자극적인 영화가 아니라 훈훈해서 좋다 ㅎㅎ  
20170218,10,추운 겨울날 이런 따스운 영화좋으다  
20170218,10,개봉전부터 기대했는데 역시 기대 이상^^  
20170218,10,이런 영화는 간만인데 너무 재밋게 봤어요  
20170218,10,내가 좋아하는 배우들만 나와서 보는 내내 힐링한 기분  
20170218,10,이런건 무조건 스크린으로 봐야됨 ㅠㅠ  
20170218,10,마음이 따뜻해집니다 재밌게 보고나왓어요  
20170218,10,가족의 화합을 느낄 수 있는 간만에 따뜻한 영화  
20170218,8,관람객할머니부터 초등 손주까지 3대가 함께 볼 수 있는 가슴 짠하고 따뜻한 영화입키다.  
20170218,10,관람객형제를 다시 생각하게 되었다~^^  
20170218,10,하 좋다 정말 감동받을껄  
20170218,5,막내 연기 외엔 나머지 몽땅 낙제인 영화. 특히 감독 연출력은 엉망진창 .  
20170218,10,관람객가족과 함께 정말 보기좋은 감동적인 영화였네요  
20170218,10,질문이요.10살어린이 단체보려는데 폭력성이나 욕나오지 않나요?단체 관람계획중이라서요.  
20170218,10,"자취 인생 8년차. 사회초년생! 그래, 가족을 보고 엄마가 보고싶어서 고향집에 내려왔어요 ㅠㅠ 가족끼리 한 번 더 보려고 합니다! 정말 강추추!!  "
20170218,10,관람객그래가족 진심짱 눈물날거 같아 ㅠㅠ  
20170218,1,평점이 이상하고 조작냄새나서^^  
20170218,10,관람객가슴 뭉클한 감동입니다~  
20170218,6,"한핏줄 가족이라고 보기힘들 정도로 서로가 막말, 막장인데 훈훈하게 마무리하려니 아이러니.  "
20170218,5,그래가 족같은 영화 맹글면 누가 좋아 하겠노. 안 그나?  
20170218,5,볼만한 영화. 그런데 제목이 가장 큰 미스인듯. 상영 시작 전까지 제목 때문에 드럽게 보기 싫었다. 차라리 '가족같은'이었으면 재미라도 있었을듯..  
20170218,10,기대 안하고 갔는데 생각보다 엄청 슬픕니다.  
20170218,6,관람객현대 사회의 분열된 가족 문제를 다룬 영화. 가족들과 함께가 아니라면 돈주고 보지 않는 것을 추천한다  
20170218,10,오랜만에 나온 가족영화ㅠㅠ이영화 초반에는 코미디요소가 많았는데 점점 슬퍼지는 영화ㅠㅠ가족들과 함께 보는거 추천합니다  
20170218,10,따뜻한 영화였네요 가족과 함께 보세요  
20170218,9,마음이 따뜻해집니다 ^^  
20170218,10,너무슬펐어요최고에요너무감동받았어요  
20170218,1,알바 풀었쬬? 솔직히 말해염 중복되는 키워드들이 눈에 띄네요 추운날씨 가족들과 오랜만에 훈훈한 영화로 힐링 ㅋ 조작 ㄴㄴ해  
20170218,4,"전형적인 한국 가족영화의 패턴을 그대로 답습하다,  "
20170218,9,관람객마음이 따뜻해지는 느낌이 납니다  
20170217,2,"스마트워치 PPL 난무. 얼렁뚱땅 넘어가는 억지 스토리 전개. 정만식, 최일화 등 명품주조연 배우가 나오기엔 너무 미완성적인 영화.  "
20170217,6,코미디 영화로서 기본은 합니다. 예측 가능한 이야기지만 재미가 있어요. 아역배우의 비중이 높아서 가족 영화로는 괜찮아요.  
20170217,10,정말 재밋고 감동적입니다 꼭보세요 인생영화♡  
20170217,10,"관람객가장 사랑하면서도 미워할 수 있는 가족이지만그래, 가족 이 영화의 제목처럼가족이야말로 가장 위로가 되는 존재인 것 같다...이요원 배우의 연기도 인상적이었다☆  "
20170217,9,아주 메끄럽게 잘만들어진 영화라고 생각되지는 않습니다만 요소요소 디테일이있고 형제애가족애를 느끼게 해주는 요즘 안만들법한 그런 영화였네요다소 진부한 코믹요소(이요원 서재방에서 쓰러지는척 연기씬에서 옷을 벗기려는장면등 )에서 웃어야 할지 말지 애매한  
20170217,1,이런 영화 다시는 찍지 마세요.  
20170217,9,차가우면서도 따뜻한 무비  
20170217,10,재미와 감동 둘 다 잡은 영화! 눈물 ㅠㅠ  
20170217,10,가족의 의미에 대해 생각해볼 수 있는 영화였어요  
20170217,10,잔잔한 감동을 느끼고 싶다면 추천  
20170217,10,요즘 날씨와 어울리는 영화 ㅠㅠ  
20170217,10,보는 내내 따뜻한느낌이 들었어요  
20170217,10,마음이 촉촉해지는 영화 가족들과 함께 볼만한 영화같아요  
20170217,1,이름때매 그분이 떠올라 1점드립니다.하..  
20170217,9,가족의 화합을 그린 영화다  
20170217,10,순하고 감동적인 가족무비 오랜만에 마음이 따뜻해진다  
20170217,10,웃음과 감동! 짱짱!! 이솜 너무 사랑스럽다 ㅋㅋ  
20170217,10,관람객보고 나면 더 기분 좋아지는 영화!! 요즘 같이 추운 날씨에 맘이 넘 후눈해져써요!  
20170217,10,막둥이 너무 귀여움ㅋㅋㅋ오랜만에 가족 생각도 나구 그런 영화  
20170217,10,재밌게 봤어요. 많은 사람들이 봤으면 하는..  
20170217,9,사람냄새나는 그런 영화ㅎㅎ  
20170217,10,보길잘했네요! 가족에게 잘해야겠어요  
20170217,10,기대안하고봣는데 너무좋다..  
20170217,10,정준원?이라는 아역배우 연기가 사람을 울렸어요..  
20170217,10,엄마아빠가 생각나게하는영화ㅠ_ㅠ  
20170217,7,음 평점이 너무 좋아서 너무 기대를 해서그런지 난좀 음뭐랄까 내용이뻔했음..뒷이야기도상상이갔고 그치만 끝부분에 감동때문에 별을 더줌 ㅠㅠ 슬펐다 가족의 소중함 다시깨닳음 ㅠㅠ 앞부분은 좀 지루 ㅠㅠ!  
20170217,10,오랜만에 훈훈하고 따뜻한 영화를 본 것 같아요  
20170217,10,동화같은 감동? 공감가는 내용도 많고 마음이 따뜻해지네요  
20170217,10,소소한 감동과 재미가있네요ㅎㅎ  
20170217,10,따~뜻~하구만요~^^♡  
20170217,9,가족의 끈끈함을 확인시켜주는 영화  
20170217,10,언제들어도 마음아픈 단어 가족..  
20170217,10,억지감동이 아닌 진심으로 우러나오는 감동  
20170217,10,관람객훈훈한 드라마 . 괜찮게 봤음 가족들 보고싶다~  
20170217,10,관람객기대 안했는데 전달하는 내용이 좋네요 가족이 최고네요  
20170217,10,"관람객딸이랑 같이 봤는데 너무 좋았어요ㅎㅎ 유쾌하다가도, 현실적인 내용에 짠하기도 하고... 여러가지로 공감되는 좋은 가족 영화였습니다!  "
20170217,10,잊고 살뻔 했던 우리 가족의 이야기  
20170217,10,관람객우리 가족을 떠올리게 하는 따뜻한 영화!! 추천합니당^.^  
20170217,10,완전 좋아여! 가족들에게 흔히 일어나는 소재로 영화를 만들어 더 좋네요~!!  
20170217,10,관람객아역 연기가 대박이었어요ㅋㅋㅋㅋ울고 웃다가 나왔네요 따뜻한 영화 에요  
20170217,10,각 다른 캐릭터를 연기하는 배우들의 연기가 볼만하네요  
20170217,5,관람객가족끼리보면참좋을것같네요  
20170217,9,이요원 이솜 진짜 둘다 너무 예쁘다...ㅜㅜ 이솜이랑 같이 한 침대에서 누워 자는 신에서 아역배우 진짜 부럽  
20170217,10,관람객부모님 모시고 가족끼리 보면 진짜 좋을 영화!! 완전 공감쩔고 배우들 매력터지고 울다 웃다 꾸르잼이었어요 ~  
20170217,10,따듯한 영화..감동적이다  
20170217,10,관람객아역이 연기를 넘잘함. 귀여웟어요  
20170217,10,관람객우리엄마 펑펑 울었뜸 ㅠㅠ 최고의 영화  
20170217,10,관람객다들 연기를 잘해서 진짜 현실가족같았어요  
20170217,10,마음이 따뜻해지는 영화  
20170217,10,관람객가족과 함게 보면 가족애에 대한 소중함을 다시 한번 느끼게 해주는 영화 인거 같네요 : )  
20170217,10,"관람객그래가족! 재밌었다!!! 그동안 스트레스를 너무 많이 받아서 힘들어 하다가 오늘 오랜만에 쉬는 날이라 본 건데 정말 마음 편히 웃다가, 마음 편히 울다가 하면서 봤다!! 가족영화 원래 잘 안보는데 선택하길 잘했음!!  "
20170217,10,"재밌음, 가족들이랑 보면 좋을듯?  "
20170217,10,영화 따뜻하고 재밌던데 왤케 상영관이 적지? 흠...  
20170217,6,재목만 보고 스토리와 결말이 이제 예상되는 한국영화 클라스  
20170217,10,관람객언니랑 같이 보고왔는데 현실 공감이 되고..가족과 함께보면 좋을거같다는 생각이 들었습니다 그리고 믿고보는 이요원님의 연기 ★.★  
20170217,9,배우들 연기 호흡도 좋고 영화자체가 감동적이에요  
20170217,10,가족의 의미에 대해 다시 생각해볼 수 있었던 시간  
20170217,10,훈내 진동하는 가족 드라마  
20170217,10,따뜻하고 뭉클하구.. 누구와 함께봐도 불편하지 않을 영화  
20170217,10,"누가 뭐라해도 그래, 가족  "
20170217,10,시골에 있는 우리 가족이 생각 나는구나  
20170217,9,어린아이가 연기를 무척이나 잘하네요  
20170217,10,전혀 어울릴 것 같지 않던 가족이었지만 그래도 가족은 가족이다 -  
20170217,10,요즘같은 시대에 딱 어울리는 영화인것같습니다. 잊고 지냈던 가족과의 소통.. 오늘은 엄마한테 전화라도 한통해야곘어요  
20170217,10,현대인들이 꼭 봐야할 가족 영화  
20170217,8,스크린수만 좀 많이확보됬어도 괜찮을텐데 너무없어  
20170217,10,영화보고 콧물 눈물 흘린거 오랜만 ㅋㅋ  
20170217,10,포스터만 봐도 자꾸 생각나서 울컥하네여..ㅜㅜ  
20170217,1,전술이 잘못된 영화! 아역 미쓰. 경상사투리...에피소드가 가족영화인데 온갖 불법 자행!제목 바꿔야.하모! 우리가 남이가-  
20170217,10,"관람객성인이 되고 각자의 길을 가게되면서 서먹해진 남매들의 이야기가 적잖이 공감이 많이됬고, 영화가 끝나고 나선 틈틈히 가족사진을 많이 찍어둬야겠다고 느끼게 되었다. 그리고 이요원이 너무 말도 안되게 이쁩니당 ㅠㅠ  "
20170217,10,시사회 당첨되서 엄마랑 같이 봤는데 너무 재밌었어요^^ 가족끼리 보면 좋을 것 같습니다.  
20170217,10,관람객가슴따뜻해지는 감동이있는영화  
20170217,10,뻔하지만 감동과 여운이^^  
20170217,10,관람객디즈니가 처음 배급했다길래 궁금해서 오전에 보고왔는데 재밌었음! 언니랑 봐서 괜히 더 웃겼곸ㅋㅋㅋ 부모님이랑 또 봐도 좋을 듯!  
20170217,10,관람객완전 재밌다!!! 진짜 재밌게 보고옴 영화 정말 최고ㅠ  
20170217,10,관람객감동적이예요~~^^  
20170217,10,관람객정말 재밌었어요! 요즘에 볼 수 없었던 가족영화라 더 좋았던것같아요! 가족을 다시 생각하게 해주는 영화이면서 마음이 따뜻해지고 감동적이였네요 가족이랑 보러오면 좋을것같아요!  
20170217,9,그래도 우리가족은 행복한거구나~..  
20170217,10,가족이기에 다시 뭉칠 수 있었던! 사랑합니다우리가족  
20170217,10,디즈니가 선택한 이유를 알겠다  
20170217,10,잔잔하게 보기 딱 좋네요. 자극적이지 않아 더 마음에 들어요  
20170217,10,지금가지의 가족영화와는 차원이 다르다!  
20170217,10,"이요원과 이솜 , 정만식 그리고 막둥이 캐스팅 좋았음  "
20170217,10,중학생 딸이랑 봤는데 너무 감동적이었어요..  
20170217,10,이런게 왜이렇게 입소문이 안났을까 광고좀 하지ㅜㅜ 넘 좋은 영화인데  
20170217,10,관람객간만에 맴 뜨수운 영화봄  
20170217,10,폭풍눈물 ㅠ ㅠ 진짜 재밌는데 관심 못받는거 같아 안타깝 ㅜㅜ  
20170217,9,"관람객날씨도, 마음도 추운 겨울 끝 무렵, 따뜻한 영화였습니다. 배우들의 연기도 좋았어요~!  "
20170217,9,"관람객요즘 너무 정신없고 시끄러운 영화들 속에 잔잔하고 감동있는 드라마 영화라 좋았어요. 부모, 형제 간의 갈등을 풀어나가는 것 또한 ""결국은 가족이다""라는 결말이 현실적이라 더 감동적이었어요.  "
20170217,10,관람객가족끼리 보면 더 좋을 현실 공감 코미디! 배우들 너무 사랑스럽고ㅠㅠ 특히 정준원은 미래가 기대되는 배우 bb  
20170217,10,코미디 가족영화 강력추천합니다!후회하지 않을거에요!!!  
20170217,10,잔잔한 가족영화 재미있게 봤어요!  
20170217,10,관람객겨울에 보기 딱 좋은 가족영화.  
20170217,8,연기자들 연기 다 잘하고 스토리도 매끄럽고 재밌게 봤어요 아역배우 연기 참 잘해서 보면서 같이 울었어요 평소 영화보면서 잘안우는데..ㅎ 요즘 워낙 핫한 영화들이 많아서 밀리는건 어쩔수 없지만 봐도 후회없을 듯요^^  
20170217,1,돈주고 볼만한 영화는 아닙니다.  
20170217,10,요즘 정신없는 사회에서 ㅜ 맘 편하게 볼수있는영화정준원애기 연기 너무잘해서 계속 빵터짐ㅋㅋ  
20170217,10,스케일큰 영화보다 좋다  
20170217,10,관람객첨엔 뭔영화야 했는데 어느순간 완전몰입해서보고잇음ㅋㅋㅋㅋ훈훈한 엔딩 좋고요  
20170217,10,요즘 세대의 가족 구성원으로 살고 있는 우리에게 여러가지로 가족의 의미를 다시 생각해 볼 수 있게 해 준 영화. 재미도 있고 감동도 있는 따뜻한 시간이었어요. 추천합니다.  
20170217,10,관람객웃기는 포인트들도 많고 짠한 감동도 주는 훈훈한 영화였던것 같아요! 오낙 역할 하신 배우 연기 너무 잘하고 귀여웠어요  
20170217,9,관람객아기자기 귀엽고 기분 좋은 영화~ 꼬맹이배우 연기 너무 잘함 ㅋㅋㅋ  
20170217,5,평점이 과하게 높다는 생각이 들었다. 노 감동.  공감도 안되고..  누부야 누부야 할때부터 확 깸.  
20170217,10,더군다나 디즈니영화라니  
20170216,10,이야.. 이요원은 나이 거꾸로 먹나.. 아직도 뽀송뽀송하네 ㅋ  
20170216,10,재밌어요~ 울다 웃다 ㅎㅎ 같이본친구도 눈물을ㅋ  
20170216,10,진짜 재미있어요 가족에 대해 좀더 생각 할 수 있는 영화 입니다  
20170216,10,너무나도 현실적인 이야기였기 때문에 더 인상 깊은 것 같다  
20170216,10,나와 우리 가족을 되돌아보게 하는 영화  
20170216,10,훈훈하니 좋습니다. 꼬마애 때문에 눈물을..ㅜ  
20170216,10,따뜻한 가족 영화. 주말에 가족 나들이 용으로 좋은??  
20170216,10,간만에 힐링영화.. 아 좋다^^ㅎ  
20170216,10,보고 나면 기분 좋게 나올 수 있고 마음 편히 볼 수 있는 영화입니다  
20170216,10,솔직히 별 기대 없이 본 영환데 너무 좋아요.. 가족들이랑 보는걸 추천할게요..!  
20170216,10,내 눈물과 콧물을 모두 가져간 작품ㅜㅜ  
20170216,10,현대인들의 가족 생활을 보여주며 재미와 감동을 한꺼번에 느끼게 해준다  
20170216,9,어린아이가 연기 엄청나게 잘함…  
20170216,10,간만에 가슴 따뜻한 영화였습니다 별로 기대 안했던 영환데 재밌네요^^  
20170216,10,진짜 많이 울었고 진짜 재밌게 봤습니다. 인생 영화 등극  
20170216,10,"사정상 가족들이랑 멀리 떨어져 있는데 그래, 가족 보니까 더 보고 싶더라구요…  "
20170216,10,스토리가 넘 감동적.. 넘 재밌었음  
20170216,10,정만식 개쥬아ㅠㅠ 아역 아가도 개쥬아ㅠㅠ!  
20170216,10,관람객졸라 정만식 맨날 우락부락한 역할만 하다가 겁나 망가지는거 보니까 개웃기넼ㅋ  
20170216,10,온 가족이 함께 보기 좋은 영화  
20170216,10,웃음도 있고 눈물도 있고~ 가족의 의미에 대해 다시 생각할 수 있는 시간이였습니다~  
20170216,10,이런 무자극에다가 감동주는 영화 넘나 좋은것!  
20170216,10,기대 안하고 봤는데 역시 가족 이야기라 그런지 심금을 울렸음..  
20170216,10,많은기대는 안하고 봤는데 너무재밌고 감동적이기도해서 계속 울면서 봤어요...가족한테 항상 감사한 마음을 갖으면서 살아야겠다고 다짐하면서 보게됨.다다른 표현이라도가족을 생각하는 마음은 같다고 생각하게되었고 어린아이인데도 완벽한연기에 감탄함. 매우추천♥♥  
20170216,10,잔잔하니 가족의 소중함을 느끼게 해주네요 아역배우 연기 정말 잘해요  
20170216,9,아무리 미워도 가족은 가족이지ㅎㅎ  
20170216,10,배우들의 연기가 진짜ㅋㅋㅋ 현실 연기도 넘나 잘함  
20170216,10,마음이 절로 따뜻해진당.. 가족들이랑 보고 싶당  
20170216,10,울고 웃긴 영화였습니다ㆍ가족들과 함께 봐서 그런지 더 감동이였네요ㆍ  
20170216,10,"그래, 가족이라는 제목에 꼭 맞는 영화였음!! 우리들에 이야기 잘봤어요!  "
20170216,10,ㅠ눈물나고웃고ㅠㅠㅠ그레이트월도같이봤는데 솔직히그래가족이 더훨씬좋았음 가족영화라 아빠랑손잡고 볼수있는영화  
20170216,10,잊고 살 뻔 했던 따뜻함이 살아나는 드라마.  
20170216,10,영화 속 가족이 진짜 우리들의 가족 같았던ㅋㅋㅋ 재밌네  
20170216,10,"감동적인 영화 그래, 가족  "
20170216,10,관람객기대안하고 봤는데 재밌었음! 엄빠랑 같이 보고 엄청 훈훈한 마음으로 영화관 나왔어요ㅎㅎ  
20170216,10,진짜 가족의 모습을 보여주는 콧등 찡해진다  
20170216,10,자극적이지 않아서 좋았던~ 훈훈하구마잉  
20170216,9,아역배우 연기 짱 잘해ㅜ 졸귀ㅜㅜ  
20170216,10,물질의 어려움으로 형제간에 갈등이 있지만 생각지도 못한 막내의 등장으로 사랑하는 진짜 가족의 모습을 보여주는 재밌는 가족 이야기였어요  
20170216,10,보는내내 친정 엄마 생각에 눈물이 나더라는ㅠㅠ  
20170216,10,자극적인 영화들만 보다가 이런 훈훈한거 보니까 좋넼ㅋㅋㅋ 이요원이랑 이솜 진짜 닮은거 같아  
20170216,10,오랜만에 가족의 끈끈함을 느끼게 해준 영화  
20170216,10,소소한 재미가 있넹 즐겁게 재밌게 보고 왔당  
20170216,10,쉬는 날 엄마랑 즐거운 데이트! 좋은 영화 감사합니다!  
20170216,10,추운 겨울날 이런 따땃한 무비 좋음^^  
20170216,10,오랜만에 훈훈하고 따뜻한 드라마 한편 봤네요  
20170216,10,각 캐릭터의 매력을 장점으로 잘 살린듯ㅋㅋ 진짜 현실 속의 가족을 보는 듯 했다  
20170216,10,과속스캔들을 잇는 훌륭한 가족 영화였습니다..! 감동과 재미를 동시에 느끼고 싶은 분들은 꼭 보시는길 바랍니다!  
20170216,10,이게 얼마만에 느껴보는 가족애인감  
20170216,10,너무 너무 재밌었어용ㅎㅎ 웃음과 감동 짱ㅎ  
20170216,10,가족의 의미에 대해서 다시 생각해 보게 됬네요 잘보고왔습니다  
20170216,10,차가우면서도 따뜻한 가족 무비  
20170216,9,다들 좋아하는 배우들이라 그런지 더 재밌게 볼 수 있었던거 같아요  
20170216,10,가족의 화합을 그린 이런 영화는 정말 오랜만인듯  
20170216,10,잔잔한 감동을 느끼고 싶다면 추천~~  
20170216,10,이요원 진짜 우리 언니 같아서 소름 돋음ㅋㅋㅋ 다들 현실적인 연기들 잘하시네  
20170216,10,감동과재미를 합친 작품 꾸르잼이었습니다  
20170216,10,"뻔하지만 감동적ㅎㅎ 그래, 가족이다!  "
20170216,10,간만에 가족의 의미를 되새기게 되는 감동 영화였다  
20170216,10,재미와 감동 둘 다 잡았넹ㅋ 가슴 뭉클하게 잘 보았음  
20170216,3,오랜만에 극장을 박차고 나오고싶었던 영화. 충분히 예상가능한 뻔한 신파극이었으며 그렇다고 특별히 눈물샘을 자극하지도 않았다.  
20170216,10,가족끼리 보기 정말 괜찮은 영화  
20170216,10,너무 재밌었구 가슴 뭉클하구~ 잘보고왔어요~  
20170216,10,소소하지만 느낌있게 웃을 수 있는 영화였습니다!  
20170216,10,감성적인 가족이야기ㅎㅎㅎ 간만에 좋은 영화 한편ㅎ  
20170216,10,감동 깊고 가슴 따뜻해지는 영화네요  
20170216,10,이게 얼마만에 느껴 보는 훈훈함이냐  
20170216,9,아역배우 정준원?! 연기를 너무 귀엽게 잘하더라ㅜㅜ  
20170216,10,가족으로 나오는 연기자분들 다 실제 가족 처럼 케미 쩔었음ㅋㅋㅋ  
20170216,10,정말 간만에 훈훈한 느낌의 영화ㅋㅋ 이런 영화 얼마만인지 가슴 따뜻해진당  
20170216,10,가족의 소중함을 생각하게 하는 좋은 영화입니다  
20170216,9,기대 이상으로 재밌게 본 그래 가족! 가족들끼리 데이트 하로 가세요!!  
20170216,10,뻔한 매력이 있지만 영화가 주는 재미와 감동은 제대로 받고 왔어요  
20170216,10,감동 그 자체.. 가족들이랑 또 보고싶다  
20170216,10,친구랑 봤는데 왠지 엄마랑 보면 더 좋을거 같은ㅎ..ㅎ  
20170216,10,웃다가 울다가 감동 제대로 받고 왔음  
20170216,10,"이솜 너무 예뻐,,, 이요원도 그렇고 둘다 청순청순  "
20170216,10,웃음과 감동이 가득하득^^ 최고의 가족 영화로 강력추천!  
20170216,10,가족의 소중함을 다시 한 번 느끼게 해주는..  
20170216,10,디즈니가 이 영화를 왜 선택한지 보니까 알겠더라 딱 가족영화의 정석 같았어  
20170216,9,이요원씨 팬이라서 봤는데 드라마도 그렇고 역시나 영화에서도 좋았어요ㅎㅎ  
20170216,10,가족에 대한 교과서 같은 영화  
20170216,10,훈훈하게 잘 봤어요~ 가족들이랑 한번 더 보고싶네요~  
20170216,10,보고 나면 마음이 푸근해진달까?  
20170216,10,코미디와 감동 두마리 토끼 다 잡았네  
20170216,9,역시 디즈니 영화는 가족과 함께 보는 걸로ㄱㄱ  
20170216,10,"가슴 따뜻해지는 훈훈한 영화 그래, 가족  "
20170216,10,"그래, 가족이라는 영화를 통해 가족의 소중함을 다시 한번 깨닫게 됬습니다  "
20170216,1,그냥 평점이 왜이렇게 높은지 모르겟다  
20170216,10,"그래, 가족 왠지 느낌있는데?  "
20170216,10,"끊을 수 없는 것이 가족이라는말, 또 한번 생각하게 하네요  "
20170216,10,기대할수밖에 없는 조합이네여  
20170216,9,역시 장남들이 철이없어 ㅋㅋㅋ  
20170216,10,"막내 동생이랑 정만식 너무 귀엽잖아,,  "
20170216,10,훈훈하게 보기 좋은 따뜻한 영화  
20170216,10,기대 안하고 봤는데 재미는 확실히 있습니다  
20170216,10,이런 장르의 영화는 정말 오랜만에 보는거 같은데 그래서 그런지 더 재밌게 볼 수 있었던거 같아요~  
20170216,9,막내 졸귀ㅠㅠㅠ 너무 귀여워 나도 저런 동생 가지고 싶음ㅠㅠ  
20170216,9,"다른영화 보고싶었는데,부모님이랑 같이 볼거라 무난하게이영화 선택. 부모님보다 제가 더 재밌게 봤네요.상영관만 어느정도 잡았으면,입소문으로 흥행할텐데 안타깝...영화,꽤 좋아요.강추합니다^^  "
20170216,10,간만에 가슴 따뜻한 훈훈한 영화였다!  
20170216,10,재밌넹ㅋㅋㅋ 젤 큰 언니 우리 친언니 같았엉ㅋㅋ  
20170216,10,나도 모르게 눈물 흘린건 안비밀…!  
20170216,10,보고 나면 기분 좋아지는ㅎㅎㅎ 부담없이 보기엔 좋다  
20170216,10,뻔하지만 재미와 감동은 확실히 있다  
20170216,10,배우들 너무 현실감있게 연기 잘하고 감동적이였어요 가족과 보기엔 딱 좋은 영화예요ㅎㅎ  
20170216,10,오랜만에 훈훈한 느낌의 영화였네요^^  
20170216,10,진짜 재밌구 감동임.. 좋음 이런 영화  
20170216,9,추운날 따뜻한 가족 무비도 나쁘지 않은듯  
20170216,10,현실 가족 그 자체ㅎㅎㅎ 재밌네여  
20170216,10,가족과 함께 보기 딱 좋은 영화ㅋㅋ 간만에 부모님과 괜찮은 영화 한편 보고 왔음!!  
20170216,10,이런 따뜻한 가족영화 오랜만이네요!  
20170216,10,관람객마음이 따뜻합니다. 좋은 영화입니다. 추천해요! bb  
20170216,10,무엇을 말하려고 하는지 알겠네요...넘 따뜻하다~~~~  
20170216,9,이런 가족 코미디 오랜만이라 더 재밌게 감동있게 볼 수 있었던거 같음ㅎㅎ  
20170216,10,보면서 많이 웃고 많이 울고.. 감동 그 자체다ㅠㅠ  
20170216,10,아 예고편 보니까 내스타일이라서 봤는데 훈훈하니 힐링한 기분이에요~  
20170216,1,그래 가족은 결국 망가구나  
20170216,10,형재자매간의 사이를 재미있게 풀어냈어요 ㅋㅋ  
20170216,10,믿고 기댈 수 있는 가족 있어 얼마나 행복한지 모릅니다  
20170216,9,감동 그 자체! 가족이 얼마나 중요하고 고마운 존재인지 또 한번 깨닫게 되었어요  
20170216,10,자극적인 영화들보단 요런 드라마같은 감동영화가 좋음!  
20170216,10,따뜻한 감성 드라마 ^^ㅎ  
20170216,10,역시 가족이 가장 큰 힘이자 내 삶의원동력  
20170216,10,수경이한테 정말 많이 공감하고 감정 이입되더라..ㅜ  
20170216,8,따뜻한 영화..웃음과 감동이 있는 영화..새삼 가족과 부모님의 소중함을 알게 해주는..가족과의 사진 많이많이 찍어야겠다  
20170216,9,현시대의 가족구성원들이 충분히 이해하고 받아들일 수 있는 내용 같네요  
20170216,10,관람객재미와감동이 있는 영화 정말오랜만이네요~가족들과의 에피소드를보면서 공감도되고 마음이 훈훈해졌습니다~아역의 연기가정말명품이었어요~  
20170216,10,가족영화로 딱 좋을 것 같아요  
20170216,9,관람객재밋어요 가족의 의미를 찾앗어요  
20170216,10,구수하고 사랑스러운 영화~~  
20170216,9,재미도 있고 가족이란 찡한 감동도 있고 ..오랜만에 영화보며 가족애를 생각하게 되네요..  
20170216,10,가족과 함게 보면 참재미있습니댜  
20170216,1,평점이 너무 과도하게 높다  
20170216,10,관람객가족끼리보면 더 좋을 영화!!! 오랜만에 부모님이랑 같이 볼 영화 개봉해서 너무 좋아요  
20170216,10, 짐같아도 가족이네요 몰입해서 봤어요 중간중간 뜬금없이 웃긴장면도 있고ㅋㅋㅋㅋ꼭은아니더라도 한번쯤보면 좋은영화  
20170216,10,"가족이 함께보면 더 실감나는 "" 그래가족"" 혈연속에서 찿는 끈끈한 가족의 힘  남보다 못하지만 그래도 가족이니까  사랑을 느낍니다 한국의 모든 가족화이팅 합시다 ""그래가족"" 꿈은 꼭 이루어 지리라 ""그래가족"" 가족이니까   끈  "
20170216,1,알바 못된놈들ㅡㅡ!!!  
20170216,10,관람객진짜 가족영화!! 부모님이랑 한번 더 보러갈꾸에요  
20170215,10,가족끼리 보기 정말 좋은 영화같아요 보는 내내 감동적인 장면도 많았던것같아요.진짜 가족끼리 보는거 추천합니다!  
20170215,10,기대됩니다!!  보고 오신 분이 오랫만에 마음이 따뜻해지는 영화였다고 강추하시네요^^   삭제  
20170215,4,평점보고 기대해서 갔는데 재미없어요.. 낙이가 누부야 누부야 하는것도 어색해서 듣기싫고.. 앵간하면 재밌다 재밌다 하구 나오는데 정말 실망하고 나왔습니다ㅠㅠ 도움되는건 1도없고 암걸리는 상황만 반복되고..  
20170215,1,살다살다이렇게재미없는영화는덕혜옹주이후처음이다덕혜옹주는재미없기만했지이영화는짜증났다누부야누부야하는데박차고나오고싶었음  
20170215,8,자칭 짠돌평론 평식이 답지않게 1빠를 ㅋㅋ 요즘 일없냐? 가오안스게 뭔 1빠여 평식이도 이제 그냥 평식이 되부렀네 ㅋㅋ  
20170215,10,"그래,가족.영화,정말잘봤습니다.평범한가족영화일거라생각했는데,배우들의연기를보며 예상하지못했던 감동과사랑을느꼈습니다.가족은 곁에있는것만이 아닌 표현하고  서로의지해야함을 알게해준  소중한영화~~♡  "
20170215,10,저한테는 10점만점에 10점짜리 영화였습니다. 맨날 돈 번다고 일한다고 바빠서 가족들한테 연락도 잘 안하고 집에도 잘 안가고 힘들 때 생각나는 게 가족인데..?찡하고 가슴이 울었네요 ㅠㅠ 정말 우리 사는얘기같고..요즘 보고 힘든 가슴따뜻한 영화같애요  
20170215,10,영화보며 울고 웃고 시간가는줄모르고 봤네요...가족영화..따뜻한영화네요.사투리가 귀에 맴도네요..^^가족사진이 찍고싶어지네요..^^  
20170215,10,관람객기대 이상으로 넘 좋았어요 특히 마지막 장면이 여운이 기네요  
20170215,10,"영화를 보고 가족애를 느끼게 되었습니다. 주연으로 나온 이요원이 좋아 아무생각 없이 보게되었지만 아역으로 나온 정준원(낙이)군에 연기에 눈물을 흘렸습니다.요즘 같이 추운 겨울 따듯한 영화 한편 추천드리고 싶습니다.그래,가족 영화 추천합니다.  "
20170215,9,관람객짠하고 술프고 재밌고 웃고 하는 영화였어요 재밌엇어요~~~!  
20170215,8,관람객듣기만해도 찡한 가족 재밌고 감동적이에요  
20170215,9,자극적인 영화가 판치는 요즘 시대에 오랜만에  유쾌하고 마음이 따뜻해지는 편한 영화를 본거 같다.  
20170215,7,그래서 수경이 인생은요? 하고 묻고 싶어지는 영화...이요원 때문에 봤다.  
20170215,10,솔직히 처음에는 볼 영화가 없어서 보았다. 보다보니깐 점점 집중하게 되고 영화가 끝났을 때는 가족의 소중함을 느끼게 되었다. 입대가 얼마 남지 않았는데 가족의 소중함을 더더욱 느끼게 되었다. 가족의 소중함을 느끼고 싶다면 보셔도 좋을것 같습니다  
20170215,10,간만에 훈훈하고 눈물나는 영화 봤습니다.  
20170215,10,솔직히 기대를 크게 안하고 봤는데....재밌게봤네요~~~ 울고 웃고!!! 뻔한 가족극일 거라는 생각을 하고봤지만 기대이상의 감동과 웃음이 있었어요^^배우들 연기최고! 특히 정준원군 앞으로도 크게 성장할것 같은 배우네요!!  
20170215,10,"따뜻한 가족 영화, 무난하게 볼만  "
20170215,6,관람객가족이 함께보기 적당합니다  
20170215,10,친구랑 시사회에서 봤는데 언니랑 보고 싶어서 오늘 개봉하자마자 극장가서 또 봄 ㅜㅜ감동이야 진짜...  
20170215,10,가족과 함게 보면 좋을거 같아요ㆍ  
20170215,10,"관람객오랜만에 날씨도 추운데 따뜻한 가족영화를 본것같아 너무너무 좋았어요. 가족으로 나오는 배우들 전부다 실제 가족처럼 연기해서 더욱 재미있게 본거 같아요^^ 특히 남자 아역배우 정준원이 너무 연기를 귀엽게 잘했던거 같아요~!! 그래, 가족 파이팅~!!  "
20170215,10,관람객요즘처럼 분위기 퍽퍽할 때 유쾌한 가족영화로 분위기 전환하는 것도 좋을 거 같네요. 요원씨랑 만식씨 호흡도 볼만하구요. 잘봤습니다. 그래 가족 보고나면 우리도 이제 가족이다. 그래 가족.  
20170215,1,재민ㄴ잇느대ㅐㄴ는믐  
20170215,10,재미도 있고 감동도 있어요.  오랜만에 울고 갑니다. 부모님생각 많이 나네요...  
20170215,10,관람객가족과 함께보면 좋을듯한 영화!잘봤습니다.  
20170215,9,50에 막내를 낳은게 약간은 무리라고 생각했는데 그럼에도 눈물을 흘리게하는 감동적인 이야기  
20170215,7,관람객애초에 뻔할거 알고간거고 부모가 아니라 남매에 초점을 둔 것도 괜찮았고 편안한 연기가 좋았다  
20170215,10,따뜻한 영화에요ㅠㅠ...  
20170215,10,여기 한줄평들이 국어책 읽는거같은 느낌이든다  
20170215,10,어제 조작된 도시보고  잼있다고 느꼈는데 이영화는 또다른 재미와 감동~~주말에 부모님이랑 또 보러 갈겁니다~~최고~~  
20170215,8,관람객그냥 심심할때보면 재밋음  이요원 왜캐이쁘냐  
20170215,10,관람객아역이 왜케 연기 잘해 ㅋㅋㅋ 재밌었음!!  
20170215,10,관람객너무나 다르지만 그럼에도 가족이라는 것! 훈훈하고 따뜻한 영화였어요  
20170215,10,자극적인 영화들만 보다 이 영화보니까 힐링이네요ㅎㅎ온 가족이 다같이 보기에 좋은 것같아요!  
20170215,10,관람객온 가족이 보기에 좋은 영화네요!! 마음까지 따뜻해집니다ㅎㅎ  
20170215,10,"가족끼리 보면 아주 좋을 영화입니다~ 배우들 연기가 재미도 있고, 교훈도 있는 그런 영화입니다~ 훈훈하게 봤습니다~^^  "
20170215,10,"아이들과 함께 봤어요.때리고 부수는영화만 선호아던 아들래미..보면서 깔깔웃다 슬쩍 눈물도 훔치네요ㅜ코믹과감동이 함께하니 넘 재밌게봤구요~힐링영화 맞아요,정말..아들녀석 친구한테 꼭 보라고 전화하네요.이런 영화 넘 좋아요.온가족이 함께보시길 강추합니다!  "
20170215,10,강추위에 가족끼리 보면 더욱 좋은 영화에요.  
20170215,10,역시 가족뿐이죠~~!!  
20170215,10,관람객마음 따듯해지는 가족영화 재밌어요~~  
20170215,10,관람객보고 있을 때 몰랐는데영화가 끝나자마자 가족에게 전화를 거는 나를 발견!재미는 넓고 감동은 깊네요 ㅎㅎㅠㅠ  
20170215,10,관람객재밌게 봤어요. 따뜻함과 재미 둘다 느끼고 왔습니다  
20170215,10,오랜만에 마음 따뜻한 영화를  보았다  꿀잼!!!!  
20170215,9,가족의 소중함을 알게된 영화 정만식 악역배우도 어울리지만 달달함 캐릭터도 잘 어울리네요 ㅎㅎ  
20170215,10,간만에 따스하고 사랑이 넘치는 영화였습니다. 보고나니 가족사진 찍고 싶어지네요...  
20170215,10,진짜로 감동적이고 감성적인 가족애가 담긴 영화....  
20170215,10,가족끼리 보기 너무 좋은 영화. 마음이 따뜻해지는 좋은 시간이었습니다  
20170215,10,그래가족 오늘 보러갈 예정입니다  
20170215,10,재미있게 볼수있을것같습니다.  
20170215,10,가족끼리 보기에는 너무나 감동 깊은 영화입니다.  
20170215,10,가족이랑 다시보고싶다  ^^  
20170215,10,"오랜만에 개봉되는 가족영화 ""그래 가족""늦추위를 따뜻하게 녹여줄거 같아요. 2월 시즌이면 졸업과 입학으로 가족들과 축하할일들이 많은데 ""그래 가족""영화 한편으로 가족에 끈끈한 사랑을 느끼고자 합니다. 우리모든 가족 화이팅! ""그래 가  "
20170215,10,가족끼리 볼 수 있는 따뜻한 영화  
20170215,10,오랜만에 느껴보는 따뜻하고 훈훈한 가족드라마^ ^  
20170215,10,웃고 울다 장난아님..  
