0,1,2
20190128,9,추가 하드캐리했네 ㅠㅠ 다들 행복해라  
20190124,3,거대한 똥 싸질러 놓은다음 그래도 일단 치워놓긴 한 여주그런데 똥을 치워도 냄새가 남아서 그 냄새 대신 없애주느라 뛰고 구른 서브남주여주가 똥을싸든 말든 아무 짝에도 쓸모없는 남주  
20190123,1,추는 그냥 똥차녀를 사랑한죄박에 ㅜㅜㅜ 그냥제발 추 행복하게해줘 장난하냐고  
20181206,6,여러분 고래는 물고기가 아니라 포유류에요  
20181122,10,잼나요 비교없이 아무생각없이보면 잼남  
20181027,8,"볼때 마다 울게되요 보면서 3번정도는 운거같아요 ㅠ 이해 안되는 부분도 있지만 울음이 나도 모르게 나와요 . 재미는 없고 분위기도 어두운 편이지만 춘,추,곤 각 인물의 희생이 감동적이에요.  "
20181022,10,"중국식 애니모방의 결정판, 짬뽕스타일  "
20181014,2,평점 누가 이렇게 준거지? 이거 남편이랑 첫데이트에 보고 영화 선택권 잃은 영화입니다. 억지스러운 전개와 황당한 세계관이 영화 몰입도를 매우 낮추어 보고 나면 맛없는 음식을 배부르게 먹고 소화가 안되는 느낌입니다...  
20181010,10,영상미도 예쁘고 재밌다..  
20180927,2,어장녀의 망상을 판타지의껍데기를 잔득 씌워 만든 영화; 딱 돌싱녀들이 좋아할 영화임;  
20180922,4,오글오글×뜬금없음의 하모니!! 나도 고래고기 먹고 싶다~!  
20180904,10,나를 울린 추의 애절함이  
20180825,6,제목이랑 예고편 보고 뭔가 대단한 스토리가 있을 줄 알고 기대하고 봤는데 개연성 너무 떨어지는 듯....; 내용 전개를 너무 흔하고 쉽게 쓴 느낌... 시간 낭비한 느낌입니다...ㅠ  
20180822,5,미야자키 하야오의 거대한 그늘.  
20180822,10,비와 바람이 되어 너에게 갈게  
20180816,1,아 발암... 영화를 보고 병을 얻을것만 같은 답답함 여주가 주변사람들 다 죽이는 스토리  
20180707,1,"0점이 있었다면 0점을 주었을 영화 12년 은 어디다 팔아 치웠는지 모르겠고 일본 애니의 진득~~ 한 클리셰들과 , 쉽게 이야기를 설명 하자면 개연성 하나 없고 논리 하나 없이 한국 영화 스타일로 울어라 이자식들아~~~ 하는 영화.. 보지마세요  "
20180624,10,너무재밌다.. 감동적  
20180622,1,그냥 추가 너무 불쌍함...솔직히 여주 민폐였음; 뒷북이지만 자고 싶으시면 보는거 추천드림...  
20180620,10,중국 애니의 선입견을 깬거 같네요 ㅎ 중국의 지브리 같은감성ㅎ  
20180601,3,개연성 없고 뜬금없는 스토리  
20180529,2,추가 너무 불쌍하다...ㅠㅠ  여주인공은 너무 이기적이고 참 답답한 스토리...보고난뒤 기분이 별루다... 추가 주인공으로 나왔으면 슬픈애니메이션로 평점 높았을거 같다... 추가 좋은여자만나 행복하길~!!!  
20180527,6,영상은 예쁘지만 스토리가 다소 아쉽네요..너무 기대하고본것같아요.  
20180515,6,음악이 너무좋아요 ㅠ ㅠ  
20180424,8,열린결말은 정말 끔찍하게 싫다 덕분에 우울증걸릴삘이다 지금. 제발 좀 해피엔딩으로 확! 그었으면 아니 그보다 남주 여동생은 죽었나 살았나? 마지막에 그걸 보여줬으면 좋겠는데 보호자가 남주인거 같은데 여동생 설마 오세암에 길손이 처럼 아사했으려나? ㅜㅜ  
20180422,9,보는내내 울컥하고 질질짯는데..ㅠㅜ흑마지막 장면 짱이에요 ㅜㅜㅜ  
20180413,10,비와 바람이 되어 너에게 갈께  
20180409,2,이걸 지브리 애니랑 비슷하다는 말은 안 했느면 좋겠음 지브리그 저렇게 그림을 부자연스럽게 그렸냐? 마법천자문정도의 수준이라도 생각하면됨  
20180401,1,늙은 할머니쥐 호루라기 들고 인간세상 갔는데  그뒤 어떻게 된건지?  
20180331,1,"미야자키 하야오의 여러 작품에서 스토리와 화풍과 캐릭터까지 여기저기 베끼고 짜집기하고 짬뽕해서 만든, 그야말로 중국스러운 한심한 잡탕 만화! 욕이 절로 나온다. 1점도 아깝다.  "
20180328,10,"꿀잼,감동이거 보고 동생 울음ㅠㅠ  "
20180326,8,추..ㅠㅠ♡ 넘 좋다..  
20180326,9,"네이버평점은 무시가 답.스토리 전개 중 설명이 필요한 부분이 몇개 있긴하지만, 충분히 멋진 영화다. 애니 보고 운건 가구야 이후로 처음이네.다소 난해했지만 여주 행동이 이해안가는건 아님. 춘은 곤을 연민. 추는 춘을 사랑. 하지만 춘은 추를 우정.  "
20180326,1,내용:죽고살리고 죽고살리고 죽고살리고 싸우다말고 싸우다말고 싸우다말고 울다말고울다말고울다말고만드느라고생한것이외에는점수를줄수없는작품.아니동영상평:중국을 지나고 나오는 이세상의 모든것은 짝퉁 쓰레기가 된다.중국은 삼국지와 미세먼지 두가지로말한다.  
20180326,1,춘 개 민폐.추~~~ㅠㅠ  
20180326,10,와..이렇게 멋진영화를 왜이제야 본건지  
20180326,6,미쳤다 진짜 ㅋㅋ 추의 마음은 대체 어디로... 영상미만좋고 스토리 개연성이 부족함  
20180326,1,이거 5점 이상 다 알바임 레알  
20180326,1,센과 치히로의 행방불명 2002년작이다. 언제 벗어날래.  
20180326,10,마음을 비우고 차분하게 볼수만있다면~~분명 뭉클해지는 순간이 많은 작품입니다..요즘과같은 물질만능 주의~변심을 밥먹듯하는 세태를꾸짖는 작품인것같아~~오랜만에 즐~감상했네요..^^시작하는 연인들에게~~꼭추천해주고 싶은 작품입니다..^^  
20180325,10,"아래 안좋은 평들이  많은게 도저히 이해 안가네요. 저는 정말 재미있게 봤습니다. 삶과 인생에 대해 던지는 메시지도 강렬하게 남겼고, 여러가지 모습의 사랑과 감정이 풍부하게 담겨있어요. 정말 감동받았어요 꼭 보세요 인생영화에요  "
20180325,8,추가 다했다 진심... 추 너무 짠하잖아...  
20180325,7,추가 다한영화...영화보는내내 추만 불쌍했다...  
20180325,1,"처음에 일본 애니메이션인 줄 알고 봤는데, 보면 볼수록 일본 애니를 엉성하게 따라한 느낌을 지울 수 없었음. 스토리도 개연성 없이 흘러가는 느낌. 보고 나서 이렇게 찝찝한 기분은 간만임.  "
20180325,6,"울면서 보긴했는데 할아버지랑 추가 ""굳이 그렇게까지 희생해야했을까""하는 생각이 드네요 좀 납득이 안가요  "
20180325,7,추... 다음에는 꼭 만나서 사랑을 이루길..  
20180325,10,난 재밋게봤는데? 중국애니매이션 처음보는데 잘만들었잖아 너무 그러지마  
20180325,6,주인공을 별로 응원해주고 싶지 않았다.   곤 하나 살리고 자기 죄책감 덜자고 모든 이에게 민폐였던 춘에게 감정이입을 느끼기 어려웠다.  
20180325,2,센과 치히로 외 지브리 애니 죄다 섞어놓음. 역시 중국.  
20180320,4,영상미랑 특유의 분위기는 좋지만 스토리가 너무 개판이다. 추 말고는 정가는 캐릭터도 없고 여주인공 개발암 캐릭터  
20180310,10,추..너 때문에 펑펑 울었다....  
20180227,10,재미있었다굳굳 추ㅠㅠ  
20180224,4,센과치히로느낌약간나긴하는데 그림체라던지 자연스러운 이어짐과 스토리성과 디테일이 너무 다르고 디테일이 없기에 그냥 만화라는 느낌이 듭니다. 그리고중국특유의 느낌이나기때문에 비슷한것같네요 생각없이 보기에 괜찮네요  
20180213,6,그냥  평범하게 봤는데 추 진짜 너무 불쌍하고 여주는 암걸리고  
20180210,10,엄청난 감동이였습니다. 보는 내내 많이 울었네요.  
20180206,6,요고 뱃사공 볼때만해두..ㅋㅋㅋ 진짜 센과치히로 완전 베꼈단 소리가 허튼소리는 아니구나 싶었는데용...다르네용ㅋㅋㅋ이건 이거대로 명작ㅠㅠ센과 치히로는 신기해함서 잼나게 봤었는데이건ㅠㅠ휴지붙들고 봤어요ㅠㅠ서브남주 혼자 다 하는 영화ㅠㅠ추 살려줘ㅠㅠ  
20180202,10,서로를 위하는 마음이 아름답네요  
20180131,8,별 기대없이 봤는데 재밌어요뭔가 뭉클한 느낌~  
20180126,4,아... 이건 뭐. 무슨 소리야?  
20180123,1,보자마자 센과치히로의 행방불명 따라한건줄 바로 알았다  
20180119,1,초반 분위기 잡더니 무너지는 영화  
20180117,3,그냥 중국문화체험 시킨다고 치파오입히고 차마시게하는데 왜 이러고있는지는 안가르쳐주는느낌.  
20180116,7,재밌는데 울컥 할 정도 물론 집에서 봤지만  
20180115,3,"본격 고래 육성 영화. 1시간 반동안 고래 키움. 총 3점인데 고래 울음소리 녹음한 제작진에게 1점, 왜 12년이 걸렸는지는 모르겠지만 12년 걸렸다니까 예의상 1점, 마지막 1점은 추가 불쌍해서 줌.  "
20180115,3,여주가 추를 무시해버리는데? 추만 불쌍하잖아;  
20180115,10,제 인생 최고의 영화입니다.  
20180108,10,"진짜...제 인생의 명작입니다.  ... 진짜웬만하면 안우는데... 3번이나 ㅇ움.... 인생의   영화....많은것을 느끼게ㅔ 해주었어요!!!....감사합니다.,  "
20171231,3,이렇게 공감 안 되는 스토리와 캐릭터들은 처음 ...  
20171228,5,마지막에 울긴했는데 처음부터 끝까지 답답함. 곤아 봄 가라면 가 계곡 안가고 주인공 위험에 처하게해.  
20171228,4,진짜 배경 이랑 서브 남주로 4점인 줄 알아라 배경 만 이쁨 스토리 거지 같고 여주 매력없고 이기적이고 심지어 연기 못하는 배우 같음ㅋㅋ 이해안가는게 어떻게 무슨 생각으로 고래키우는 스토리로 2시간을 채울려고 한건지...추 너무 불쌍히ㅐ  
20171220,9,결말은 맘에 안들지만 나름 재밌는 영화였다  
20171214,5,발암물질인 여주 때문에  1점  주려다가  추를 생각해서 5점 남긴다 .  추 ㅠㅠㅠㅠ  
20171209,2,관람객서브 남주가 주인공이여야 한다...  
20171206,1,관람객이돈으로 치킨 사 드세요 여러분  
20171203,10,자신을 희생해가며 사랑하는 사람?을 지켜주는..ㅜ 감동 ㅠ  
20171201,10,별 기대 안하고 봤는데 영상미도 좋다만 결말에 마음이 무거워지긴합니다  
20171129,10,이해 안되는 장면도 많았는데 이상하게 눈물은 왜이리 나는지..  
20171126,2,쿤 목소리 들으러 갔더니 앞에 대사 열마디 나오고 고래로 사라진 후 내용은 총체적 난국.... 내가 뭘 본 것인가.. 나중에 추가 고구마를 굽더군... 그게 바로 이 영화다. 발암 여주는 끝내 먹지도 않던 그 고구마  
20171123,1,정말로 여주를 사랑하고 몸바쳐 헌신한 사람은 바로 추였는데 정작 여주는 그것도 몰라주고 곤만 찾고... 너무 답답하고 짜증났다. 이 영화의 진짜 주인공은 바로 추인것같다.  
20171122,1,여주인공 씨111발련아 그렇게 살지마 ㅈ같은년아 내가 널 죽여버릴뻔했잖아 이개11새111끼야  
20171114,3,관람객너무 별로였다... 분위기도 내내 무겁고... 시각적으로도..너무 옛날 스타일 ㅠㅠ  
20171112,9,평들이 왜 안좋을까요. 전 갠적으로 너무 흥미있고 재미있었어요. 소장해야 겠어요.  
20171112,10,평균조정 차원. 사드땜에..ㅋㅋ  5점대는 아님  
20171106,1,이것은 11점을 주고싶은 내 마음이다  
20171102,8,별점왜이렇게낮지..  
20171028,9,"솔직히 개연성 없는 전개로도 흐르고,다른영화랑 비슷하다고 느낀 부분도 있음.12년동안 준비했다지만 그만큼 대단한걸 못 느낀건 사실임.그래도 영상미가 좋아서 그림보면서 눈호강도 했고,나름의 탄탄한 스토리였다고 생각함. 보면서 울었음  "
20171027,10,너무 평가절하된 작품~.~  
20171025,1,춘 저× 뭐야 존나 욕하다가 끝아 대륙감성 힘들다  
20171023,1,처음에 스토리 괜찮다 싶었는데 고래 키우는 내용만 3분의 2를 차지하는거 같다. 너무 질질끄는거 같아서 지루함.한마디로 노잼.  
20171020,1, 이걸 12년 동안 제작 했다고 했나요?그림체는 일본 애니메이션 따라 한것같고 스토리 전개가 뻔하고 뭔내용인지? 간추려 보면 남주 죽음 여주가 살려냄 그과정에서여주 남자 사람 친구 죽음 결론: 남주 여주 해피엔딩 끝? 그런스토리 나도 만듬  
20171019,6,영상이나 분위기는 괜찮은데 스토리가 중구난방에 후반으로 갈수록 아쉽다.  
20171014,9,관람객영화에 대한 만족도는 9점 까진 아니지만 한중일 연합된 애미메이션이라는 것에 의의를 두며 큰 시도라 생각을 두고 점수를 드립니다. 가볍게 보면 재밌어요  
20171012,9,"일본 하울움직이는성 주인공 헤어스타일 귀걸이와 비슷하게 보이는건 우연의 일치가 아닐까? 주인공의 헤어스타일은 전형적인 중국국민시대의 단발머리다. 중국국민시대를 배경으로 한 여자애들의 헤어스타일은 거의다 비슷하다, 그걸 베낀거라고 하면 너무 억지다.  "
20171012,3,중국은 애니에도 국뽕이 숨어있네  
20171011,6,시원섭섭하네요 ㅌㅌㅌㅌ  
20171009,1,후기 보고 결정할걸 IP 티비로 4천5백원이나 줬는데 세상짜증남 그 눔에 고래는 인간계로 왜이리 안가  
20171005,8,관람객애들보다는 어른들이 보기 좋은 애니메이션 이었던것 같아요  
20171004,8,관람객신비로운 이야기 속에 들어갔다 왔네요  
20170930,1,고구마 백개 하루종일 질질짜고 안헤어지는 영화내용의 전부  
20170925,10,잘봤어요.분명 해피엔딩인데 많이슬픔  
20170919,10,"영계 상상력도 뛰어나고, 여름의 눈과 홍수가 현재 기상재해와 비슷한 타이밍이 신기하고, 희생으로서 재탄생하는 곤과 춘과 추가 멋집니다. 셋 다 누군가를 위해 목숨을 바쳤네요. 홍수는 결국 영혼관리자의 세상 정화였던 듯하고, 추는 곤과 춘도 만나겠네요.  "
20170919,1,"다 보고나서 이시대영화인가 의문이 듬 .연약한척하고 의지없고 의존적이고 고집만 더럽게 세서 ,주변사람들 죄다 희생 시키고 마지막에 원하는대로 되서 환하게 웃으면서 끝남. 고구마백개먹은기분 .  "
20170910,8,관람객재밋다재밌다 재미있다 재미지다  
20170909,1,중국 짝퉁자동차 같이 이거저거 다 합쳤군.  
20170831,10,"짱!우리 아이들도 재밌다고 하네요담에  또 보고 싶다고~^^근데 별 하나 주는 사람은 이해가 안가네요그래도  제작가님,목소리 출연한 분들 별하나만 있어도 화이팅!  "
20170828,9,포스터만 보고선 일본애니라 생각했는데 중국어가 나오길래 당혹ㅋㅋ 마지막에 영매가 추 살려줘서 참 다행  
20170827,2,시나리오 작가가 중간에 교체됐거나 투자자가 개입한게 아닌가 싶을정도로 사건전개가 엉망진창이다다만 영상연출이나 작화가 지긋지긋한 사회주의 리얼리즘은 벗어난듯하고 발전가능성도 보인다열심히 베끼다보면 어쩌다 30년내로 물건하나 나올듯  
20170825,1,짝퉁 일본영화.  모든 요소를 담다보니 아무것도 담지 못함. 등장인물들이 어떤 행동을 왜 하는지 아무도 공감하지 못함. 여자애는 감정없는 로보트같고 남자애는 시키지도 않은 짓 골라하며 희생정신 오지는척. 개연성이란걸 갖췄으면.  
20170824,10,펑펑울엇다. 역대급...  
20170823,8,평점 좋겠지하고 들어왔는데 엄청 욕먹었구나 이 영화.. 난 개펑펑 울어서 눈부었는뎉ㅋㅋㅋ 여주 발암은 인정하지만 재밌게 잘봤음 역시 평점보고 영화 선택하면 안될듯 늑대소년 이후로 제일 짠내나는 남주는 추다.. ㅠㅠㅠㅠ  
20170820,10,비와바람이되어 너에게갈게 .  
20170820,7,막 재밌진 않아도 실망스럽진 않았는데.. 다들 평이 안좋네용12년이 걸렸는지는 의문점이 걸리긴 하죠...하지만 좋은 영화였어요. 중국에서도 이런 퀄리티가 나오구나 싶었죠! 저는 나름 재밌게 봤답니다  
20170817,6,불교기반 중국의 윤희사상을 잘 표현. 시각적으로 굿. 스토리라인은 별로다. 특히 몇몇 이해불가 행동들은 거슬린다. 그건그렇고 이쁜이로 변신한 쥐아줌마의 뒷 얘기가 궁금타.  
20170817,9,관람객남자의 첫사랑과 짝사랑을 보여주는 영화  
20170815,1,제작기간 12년....그동안 무슨일이 있었던거니?  
20170814,1,이런 쓰레기 영화는 오랜만이구나  
20170812,8,관람객나름 감동적이었습니다  
20170812,7,추ㅜㅜ여주진짜;;추가 여주보고 인간세상가서. 같이 살라 할 때. 얼마나 울었는지 모르겠다.정말 딴거 다 됐고. 추가 너무 불쌍해ㅠ 추ㅠㅜㅠ  
20170811,1,난 또 나만재미없었나~했네;;다른분들의 말씀에 동의합니다^^12년 고생해서 만든 쓰레기입니다.정말 여주답답하네요..남주도물론답답하고 마지막에 둘이 안이어지고끝나는것도 답답하고 질질끌어서싫고 결론 ----보지마세용  
20170811,10,난 그림체도 좋고 재밌게봤는데ㅠ신서유기를 봐서그런지 중국전통집?아파트?도 눈여겨보게되고ㅎㅠ추도 춘도 모두 이해가되던뎅....중국냄새가 여기저기났지만 일본애니만 보다가 보니까 신선했음!!!그래서 추 얘기만 따로 안나옴?ㅎ새사랑찾아 추..  
20170811,1,나의 붉은 돌고새? 마지막에 돌고래야 날개야 뭐여  
20170810,8,주인공때문에 화나고 서브남주로 감동다잡은 영화  
20170807,1,OOO기같은 어우 열받아 결제하고 봣다가 빡쳐서 껏다  
20170806,10,관람객화려한영상!! 아이들과 저도 모두 만족스러운 영화였어요!!  
20170802,1,곤은 고자 새X이다...  
20170802,10,관람객첨 부터 끝까지 푹빠져서 본듯하다  
20170731,10,관람객재미없었어 이거 노재 보지마게요  
20170728,10,추 너무좋다 ㅠㅠ .. 2기나와서 추랑춘 이어졌으면 ..  
20170728,10,?? 중국에서 이미 본 사람인데 번역이 약간 이상하네요..?  
20170727,10,삶과 세상의 이치에 대한 매우 감성적이고 미친듯이 슬픈영화 매우재있다  
20170727,2,여주인공 세상민폐녀.... 남주인 '추'가 다했음.. 하ㅠㅠ  
20170727,1,추가 밥상을 차리고 숟가락을 밥을 떠서 춘과 곤에게 떠먹여줬는데 받아먹는것도 못함. 손으로 턱을 움직여줘야 할정도.  
20170726,3,개발암 역대급 여주인공. 보는 내내 답답 짜증이나서 몰입이 되질 않았다.  
20170726,1,이건진짜말도안되고그냥쓰레기.  
20170725,10,아름답구 슬퍼서 울면서 봤는데...  의외로 평점 너무 낮당  
20170725,5,자신을  희생하는 장면에서 사실 슬펐는데 추만 불쌍하고 기억에 남는다. 중국드라마나 영화에선 늘 서브남주만 개고생하고 기억에 남는 그 특징이 그대로 드러난것 같네  
20170725,9,관람객지브리 따라 그리고 어쩌고 다 떠나서 감명깊게 보았습니다 영상미와 사운드가 무척 훌륭하네요 설화같은 이야기 좋았고 아름다운 영화였어요 보면서 많이 울었네요  
20170725,1,여주민폐년 보는 내내 속터지는줄돈아까워서 끝까지 봤는데 그냥 이해 안가는것들 투성이육성으로 욕이 터져너옴  
20170723,7,지브리 카피와 스토리 개연성은  정말...별로였지만..영상미는 좋았습니다.  
20170723,1,이건 똥이다 보는 내내 발암이고뭔 희생은 남들이 다하고보고나면 짜증만남 개똥임  
20170723,1,12년 걸릴 게 뭐가 있다는 거지. 일본 애닐 뱃긴 흔적이 역역하구먼 ㅉㅉㅉ 하여튼 짱깨 새끼들은 인성이 참...  
20170723,10,관람객재밌게봤어요 너무재미있습니다. 강추!!  
20170722,5,그... 마녀는 인간세계에 왜 간거에요? 왜 봉인 되었던거고?  
20170722,10,깊이와 감성이 있는 에니메이션이네요. 지브리와는 또 다른 감동을 받고 갑니다. 감사합니다.  
20170722,10,"아이에게 보여주고 싶지 않은 애니. 할아버지 할머니의 손녀사랑, 추 소년의 모든것을 희생한 아픈사랑을 다뤘지만 관객들의 평점이 낮은 이유는 여주의 행동때문. 그만큼 몰입하고 봤다는건데900억 이상의 흥행수입을 올렸지만  평점은 지속적으로 하락세.  "
20170721,1,이해하지 못했다...  
20170721,5,여주인공 한명 때문에 몇명이 죽어나갔는지.. 그 쥐몰고 다니던 할머니는 갑자기 젊은 여자가되서 인간계로 갈거라고 갔는데.. 왜 간건지..? 내가 못보고 놓친건지.. 막판으로 갈수록 이해하기 힘든영화.  
20170720,3,지브리횽내? 표절? 한다고 용쓴느낌이 많은데 중국치곤 나름 잘만듬  
20170720,9,추때문에 별점높다..사랑한다 추야...★  
20170720,5,지고지순한 불쌍한 추... 추생각에 눈물이난다. 에라이나쁜 남주여주  
20170720,10,희생이 너무 감동적이네요  
20170719,7,관람객빨강의 여운이 남는 영화  
20170719,10,나 이거 3번봤음 3번다 울었고 매번 볼때마다 재밌었음 리얼 실화임  
20170718,8,관람객재밌었습니다. 중국영화라 걱정했는데  
20170718,2,일단 스토리개연성이 아니다  
20170718,10,정말 인생영화 하나 더 늘었네요 ㅠㅠ 폭풍눈물  
20170718,5,뜸금포가 너무 많은 애절함  
20170718,10,"와 평점이 생각보다 낮아서 의외다. 난 진짜 재밌게 봤는데. 지브라 스튜디오 영화를 좋아해서 그런지 유대감도 있었고.아름다운 영상, 아름다운 음악, 그리고 스토리가 굉장히 좋았어. 한편의 아름다운 동화같지 않았어? 난 만족해!  "
20170717,10,재미있게 봤어요...고래소리도 좋고  다양한 인물들... 상상력이 풍부하네요~~ 여러번윤회를 거쳐야 삶을 살수있다는..말이 가슴에 와 닿네요..그리고 추. 비와바람이 되어 너에게 갈께..안녕~ ㅠㅠ  
20170717,1,너무너무너무재미없습니다  
20170717,10,넘  재밌고  넘슬퍼서 울뻔  
20170717,9,관람객환상적인 비주얼과 음악  
20170717,1,이걸 12년에 걸처 만들다니....12년 동안 뭘한거야??  
20170717,6,진짜 영상미만 좋은 영화 추가 살아서 춘이랑 이어졌으면 별 다섯개인데..  
20170717,10,"이 영화에 8점 미만으로 준 무지인들은,, 춘,추,거름,여름비,겨울눈을 이해  못했거나 중국을 무조건 반대하는 수꼴이거나 영화를 볼줄모르거나 일본애니오타쿠 4명 중 하나이다..가장 속상한게 2010년 이후 한국영화중 이영화보다  잘만든 영화는 없다는것  "
20170716,6,장면 하나하나 아름다운데 보면 볼수록 화가 나는 영화  
20170716,7,관람객서브 남주인 추 때문에 심장 아팠어요ㅠㅠ추야 사랑해ㅠㅠ  
20170716,9,슬프고 여운이 많이 남는 영화이네요결말이 좀 어설프긴하지만볼만한 영화였어요  
20170716,5,주연보다 조연 비주얼이 더 예쁨... 그 물다루는애랑 불다루는애랑 약만드는앤가 너무 예뻤어  
20170716,10,관람객애니메이션을 좋아해서.작년에 중국버젼으로 여러번 봤지만 한국서 개봉하길래 보게 되었음 일본애니와 비슷하지만 특유의 아련함보다는 색채나 음향 배경들속에 중국만의 느낌을 살리려는 면이 보여서 좋았음 앞으로의 중국애니도 살짝 기대을 해 볼수있겠다싶음  
20170715,1,짝퉁천국 짱깨들이 이번엔 일본명작을 카피해서 만들었네요. 작작 좀 하지...1점도 아까운 쓰레기..  
20170715,1,너무 지루하고 스토리가 재미 없음.. 돈아깝게 봄 ㅠ  
20170715,1,짝퉁천국 중국이 센과치히로 짝퉁 영화 만듬 ㅇㅇ  
20170715,1,역대급 민폐녀자기살려준남주하나살려주겠다고자기좋아하는 어릴적 친구죽이고마을 물에담굼질하고친할아버지 민폐로 죽이고친할머니타고다니고근데그것도 그 남자애를 졸졸따라댕겨서 혼자 쌩난리치다가 죽은남자애가구해준거영화에 복선은많은데하나도안걷음스토리엉망  
20170715,10,중국의 첫 애니메이션의 발판이 되어 앞으로도 일본을 능가하는 고유의 색깔로 스크린을 채우고 관객들을 사로잡기를 야기하며 10점 전하고자합니다.  
20170715,2,초반 : 설마 중국이 이걸..??후반  : 역시 중국  
20170715,1,당신의 빨간고래는 안녕하신가요라는 책이 있는데 그 책에 빨간 돌고래가 나옴. 그 작가는 좀 억울할듯  
20170715,1,고구마로 시작해서 고구마로 끝나는군요... 뭐...뭐야 이건....  
20170715,3,제목을 [나의 붉은 고래]가 아니라 [나의 중화 사상]이라고 바꿔야될거 같다  
20170714,1,12년 동안 지브리 카피한다고 애썻네 ... 지브리 애니인줄 알고 다운로드 했다가 중국어 나와서 당황 .. 그림만 베낀줄 알았더니 ... 등장인물.. 전개방식 .. 버라이어티하게 베꼈네 ....  
20170714,2,관람객이거 왜 개봉했어요? 왜???  
20170713,10,관람객너무재밌얶어요ㅠㅠㅠㅠ제동생도 너무좋아했네요  
20170713,10,관람객추ㅠㅜ 잔잔한 영화..  
20170713,8,관람객아무생각없이 보면 괜찮은 파괴신영화  
20170712,10,관람객어른들이 꼭 봐야할영화입니다  
20170712,10,관람객볼만했네요 잘봤습니다.  
20170711,2,여주  민폐...짜증남ㅋㅋ 재미없다소리잘안하는데재미없어요  
20170710,5,관람객기대 수준 이하입니다..  
20170710,8,관람객괜찮았어요~ 결말이 아쉽습니당  
20170709,1,이걸.. 내가..결재해가며 봤다..센과치히로 많이보고 짝퉁찍어낸느낌.. 도데체가 뭘 얘기하고싶은건지 모르겠씀!!  
20170709,9,관람객유치할수도 있는데 나름 기억에 많이 남는 매력있는 애니메이션 영화였어요 ㅎㅎ  
20170709,2,지브리애서 고소 안당하는게 신기함....키키가 나오는 줄 알았음  
20170709,5,관람객그냥저냥 추 정말로 짜안..  
20170708,1,어우... 안대요 이건  
20170708,3,창문열고 소리지르고싶다. 고구마 한박스 먹은느낌..  
20170707,6,관람객노래에 빠져들었다 내용은  
20170707,8,"관람객슬프긴한데 슬프기만 하다. 누군가는 계속 희생을 하다가 끝나서 더 슬프네, 눈물이 많은 편이라 울긴 많이 울었다...  "
20170707,7,관람객그럭저럭 봤어요  가족끼리요주변이 넘 한정된것 같아요ㅡㅡ  
20170706,8,관람객아이하고 보기엔  조금어려운 작품이네요  
20170703,6,관람객조금은아쉬운애니메이션이었네요  
20170703,6,블라인드 테스트 해보고 싶다. 일본어로 더빙한다음 사람들한테 보여주면 어떤반응일지 ㅋ 김치년들이란  
20170702,9,펑펑울었습니다.. 저는 너무 재밌게봤어요 정말 희생과 희생 이야기...  
20170702,10,관람객소년을 살리기 위한 소녀의 희생  
20170702,1,중국 고전에서 왜 센과 치히로에 나오는 캐릭터들이 깜짝등장 도대체 남자역할 맡은 중국 가수인지 배우인지 빠순이들이 10점 테러로 점수가 높았다. 진짜 이런 답없는 지뢰작에 만도 못한 쓰레기가 작품이 원작은 수작업해도 안걸렸는데 cg범벅인 작품이.ㅋㅋ  
20170701,10,진짜 내 인생 최고의 영화였다.  
20170701,5,관람객재미있기는 재미있었다  
20170701,3,관람객중국 감성이 물씬 풍기면서 손발이 오그라들지만 볼만함.  
20170630,6,관람객생각이 많아지게하는 영화네요 하지만 영화는 재미 없었음  
20170630,6,중국인들이 붉은색좋아해서 붉은고래인가  
20170630,9,관람객생각보다 너무 좋았음. 내용적으로 ㄱ영상적으로도.  
20170630,1,내용없이 지브리따라한다고 짜집기..참...내용이 개연성도 없고ㅋ총체적 난국인 애니메이션임ㅋ  
20170630,10,관람객즐겁고 감동이 많은..  
20170630,7,관람객남자애 불쌍했당....  
20170630,10,관람객생각했던거보다 재미잇고 감동적이네요  
20170630,9,춘의 사랑이 사랑임을 몰랐기에 곤에 대한 죄책감때문일거라며 시작한 영화는 첫사랑의 어리숙함이 성숙함으로 나아가는 과정이었다. 소녀와 소년의 사랑은 완벽할 수 없으며 실수 투성이다. 그게 정상이다. 동화같지만 슬프고 아픈만큼 아름답다.  
20170630,1,3D애니메이션은 미국 2D애니메이션은 일본 ..한국 중국은 아직 한참 멀었습니다  
20170630,8,관람객흠... 이기적인 여자아이.  
20170630,1,이거 안  본 뇌 삽니다....  
20170630,6,영상을 보다보면 센과 치히로의 행방불명이 보고 싶어진다. 어른스럽고 똑똑한 아이가 아니점을 감안하고 보면 덜 불편할 거 같지만 그런걸 제외하고 보기엔 머리가 너무 굵어지지않았나 싶다.  
20170628,1,여주때문에 고구마천만개먹은거같은느낌 남자한테 눈이멀어 다망치는스토리 추는왜죽이냐 개빡치네 그저 여주머리에는 곤밖에없음  
20170628,10,곤(땅)만 바라보는 춘(봄).춘(봄)만 바라보는 추(가을).추는 봄의 땅(생명의 시작)을 살림으로써 봄을 이해하고 이름처럼 생명의 결실(부활)을 얻는다.  
20170628,1,나의 붉은 개잡짬뽕  
20170628,5,관람객일본 작품을 대놓고 베껴서 만든 중국영화. 중국스러운 것이라고는 빨간색과 중국어뿐인 카피작.  
20170628,9,섬세한 영상미와 더불어 이야기의 기반과 의미가 인상적입니다. 편집된 것 같은 스토리도 넣었으면 훨씬 더 좋은 이야기가 되었을 것 같습니다. 삶과 죽음 그리고 희생에 대해 생각해볼 수 있는 시간을 마련해 준 것 같네요.  
20170628,7,"관람객지브리 스타일로  차별화된 매력은 없었지만, 낙후되었던 중국 애니메이션이 발전하는 계기가 되어줄 작품임에는 틀림 없다는 느낌입니다. 아름다운 영상미가 돋보였습니다.  "
20170628,1,일본에 가장 잘하는걸 중국이 짝퉁으로 만들었다. 그뿐.  
20170627,1,지루하고 지루하고 지루했다  
20170627,9,관람객중국이 이제 애니메이션도 잘 만드네요. 프리윌리와 센과치히로는 섞어놓은 듯한 영화였어요. 츈 진짜 개핵철벽녀. 츄 개핵까임...불쌍한 츄  
20170627,1,정말 이 영화는 말이 필요없다  
20170627,9,하이큐보단  재미있게봐서  9점  
20170627,2,관람객감정이입하는데 조금 어려웠던 영화!  
20170626,10,전체적으로 이야기가 너무 긴편인것만 빼면더빙도 보고싶은 다시보고싶은 영화  
20170626,5,관람객지루햇~~!~!~!~!~!~!~!~|~}  
20170626,2,노래만 만드는데 12년 걸렸나보다. 생각하면 할 수록 별점 5점이나 줬던게 아까워 다시 고칠 정도. ost 덕분에 2점 줍니다..  
20170625,9,"관람객감동적이었습니다. 스토리 규모 자체가 크고 장황하게 시작했다가 다소 급하게 마무리한 느낌도 들지만, 참신하다고 느껴진 부분도 많고, 보는 내내 한편으로 마음도 푸근했어요.  "
20170625,10,이 영화를 보고 중국은 대단한 나라라는걸 느꼇다.  쥐어짜내는 억지 감동을 만들어내는 일본애니보다  이 영화처럼 감정표현을 잘 소화시키고 꽃말하나하나 까지 디테일 하게 챙기는 부분에서 중국을 다시 보게됬다. 추 너무 멋있었고 진짜 감동적이었다...  
20170625,2,"기괴한 디자인과 보기싫은 스토리만 있는 괴작. 갑툭튀하는 설정과 전혀 이입안되는 여주의 언동이 이를 배가시킨다. 헌신적인 추에게는 조금 마음이 가지만 그외엔 무슨 의미인지 알지도 딱히 알고 싶지도 않은, 그저 따분한 중국식 판타지세계만 보여주는 영상.  "
20170625,1,이런 애니를 기대하고 보는사람들이 더신기 예고편만봐도 토나오는 지브리 따라한 애니더만...12년동안 지브리 따라하는 짱깨 클라스 유사인류..어디가겟냐  
20170625,1,별 반개도 아까운 그런...  
20170624,10,따뜻한 내용이였어요~ 좋네요  
20170624,1,"""나의 잃어버린 2시간 "" 왜 마이너스평점은 없나...사전 검열을 통해 수입 및 배급을 막았어야 하는 영화. 나의 붉은 뿔달린 날치. 혹은 나의 지갑과 시간 도둑  "
20170624,10,기대하지않고 보았는데 생각보다 훌륭했습니다. 극중 개연성이 다소 떨어지기는 했지만 아름다운 미장센이 계속 여운에 남네요.  
20170624,7,관람객스토리가 크게 재미있진 않네요.  
20170623,6,원래 중국작품은 생각이라는걸 안해서 뜬금없는 경우가 많음.  
20170623,10,관람객나의 붉은 고래♡ 뒤에 쿠키영상있으니깐 꼭꼭! 보세요!  
20170623,1,영화보다 암 걸리고 싶으면 추천함  
20170623,7,관람객그냥 그럭저럭.. 잼나지는 않았어요...영화관에서 보긴  아깝단 생각이..  
20170623,1,영화보다가 뛰쳐나오고 싶었던 적은 처음.  
20170623,1,보고나서 황당한 영화는 처음이었다. 분명 영화 초반까지는 신선한 세계관 설정에 재미있었는데 그게 끝이다. 연출도 정말 조잡하고 세계관이나 인물 설정의 부실함이 그대로 드러난다. 내 돈 으악  
20170623,1,진짜 쓰레기이다.. 내용이 뭔지도 모르겠고..영화를 관통하는 주제가 없다.  
20170622,8,관람객무난한 평작 결말은 좋았다  
20170622,10,평소에 고래를 좋아해서 그런지 몰라도 진짜 여태껏 봤던 영화(애니)중 제일 재미있었음 ㅜㅜ 물론 추가 안타깝고 여주가 답답했지만ㅜㅜ 또 보러가고 싶은 영화 ㅜㅜ  한중일 합작이라고 들었는데 중국 일본느낌은 나는데 한국느낌은 찾아볼 수가 업어서 아쉬웠음  
20170622,5,관람객무슨 스토리인지 모르겠다..  
20170622,2,뭔가만들다가 이상하게되버린영화  
20170622,10,관람객중국어 더빙 위화감도 없고 굿!  
20170622,2,이 영화를 12년간 만들었다고? 12살이 만든 게 아니라?  
20170622,8,관람객만남과 이별에 대해 생각을 하게 만들었습니다  
20170622,8,관람객음... 추가 정말 보는내내 안쓰러웠던 ....  
20170622,7,관람객일본 애니메이션인지 알고 봤다가 중국 애니라서 깜놀..이것 저것 영화를 너무 짬뽕을 해놔서 깜짝놀랬어요.그냥 보기에는 무난해요  
20170622,1,12년이 걸리면서 내용이 너무 심오해지고 배가 산으로 간 느낌... 그래서 어떤걸 이야기 하고 싶은것인지.... 그래서 무엇에 감동이던 재미이던 교훈이던 남아야 하는것이 있을텐데 무엇이 남았는지  추가 주인공인건지 아니면 추의 사랑을 말하고 싶은건지  
20170622,1,어....음...그러니까  
20170622,3,관람객잼없..었음.... 하지만 그림은 이쁨  
20170621,8,관람객굿굿굿굿수ㅛ수ㅛㅜ슈슈슈슈ㅛ  
20170621,1,이 영화를 보며 애틋한 감정을 느끼려했지만 결국 남자친구랑 낄낄대며 봄  
20170621,7,관람객기대없이 봐서 그런지 지루하지않고 재밌게 봤어요. 그림도 좋았어요. ㅋ^^  
20170621,10,마지막 메시지가 좋았어요  
20170621,1,관람객무근본 영화의 한계를 보여준다  
20170621,3,그림은 좋으나 내용이 ....  
20170621,10,영상미 짱짱 스토리 개연성은 좀 없어도...오글거리고 심쿵하는 맛으로 봐따!!  
20170621,10,나의... 붉은... 고래?..  
20170621,3,평점 보고 갈걸..완전 후회했네요.... 휴...민폐 여주와 서브남주의 일방적 희생 지고지순한 사랑 이야기  
20170621,1,"우리나라는 예술을 탄생시킬 수 없다. 왜냐하면 진정 혼을담아내는 작품이 없거든, 애니도 면밀히 따지며 문학 예술이거늘, 이 나라 앞날이 답답하다.  "
20170621,6,"관람객스토리는 정말 이상하고, 그림체는 아름답다  "
20170621,2,관람객기대이하의 전개와 영상미  
20170621,1,짱깨들 영화가 뭐 발전이있나? 쓰레기지  
20170621,10,관람객뭔가 신비스러운영화..대박추천 감동적이면서 해피앤딩  
20170621,3,관람객여주 개발암 지브리짬뽕영화ㅎ같이 보러간 사람에게 미안한 마음  
20170621,6,12년짜리똥. 대작?글쎄다..  
20170621,10,최고입니다최고입니다  
20170620,8,"관람객나래이션이 몰입에 조금 방해됐지만,, 오랜만에 좋은 애니를 만났네요..  "
20170620,2,"이 영화는제 생각으로 11년은 놀고, 1년동안 제작한 영화 같다..'  "
20170620,1,역시 짝퉁국이 만든 짝퉁 영화.  왜 이렇게 평점이 높은지 정말 이해 불가  
20170620,5,관람객중국 특유의 세계관이 약간 불편하지만 어디서도 보지 못했던 느낌의 에니메이션임은 확실.  
20170620,1,역시 일본 애니메이션만 봐야겠네요...  
20170620,7,"평점이 생각보다 낮아서 긴장하고 봤는데 난 재밌었음!!확실히 지브리 느낌도 많이 나고 어색한부분도 있었던건 사실이지만, 여주의 민폐도 답답했지만ㅋㅋㅋ  그정도의 평점을 받을정도인가? 싶다. 난 재밌었다  "
20170620,4,이야기를 막 어거지로 이어간다. 어이가없어서 눈물이났다  
20170620,9,관람객순수하고 상당히 공을 들인 적품이라고 생각함. 공간을 상상력으로 창조한다는 것이 쉽기도 하지만 어렵기도 함 잘 했다고 봄 고래에 대한 애정이 있다면 그렇게 욕이 나오지는 않을 것임 중국도 아 런것을 잘하지 라고 생각했음  
20170620,10,나는 너무 재밌고 너무슬프고 너무너무 좋았어  
20170620,1,"열심히 디자인한 캐릭터는 이유없이 사라지고 인물들의 감정엔 도저히 이입이 안되며, 정말 의미 없었던 나레이션 어딘지 어색한 작화 등 불만만 쌓여서 나오는 영화  "
20170620,1,12년을 제작했다는대 정말  의문이고 스토리 연계가 전혀 안됨  기대를 엄청했더니 기대라는 놈한태 뚜까 맞고왔내요 ㅎㅎ  
20170620,9,관람객흥미롭게 봤지만 마지막내용이 흐릿  
20170620,1,영상미는 있지만 캐릭터는 매력 없고 스토리는 맥락 없음  보다가 개민폐 여주 때문에 짜증까지 남  
20170620,10,관람객너무 잘 만든 그림체...  
20170620,1,이거 제작하는데 뭐 십 몇년 걸렸다해서 기대하고 봤더니 와 내용이 똥은 여자애가 싸놓고 치우는건 그 여자애 좋아하는 남자애가 치움 여주 발암이고요 진짜 겁나 지루함 나랑 영화 같이 본 사람 잤어요  
20170620,1,베스트 말처럼  왜  12년이 걸렸는지 도무지 알수가 없다.한달평균  2회가량 개봉관을 찾는 내가 이때까지 상영중에 나와본게 처음이다쓰레기 완전 OOO기....일본 애니메이션을 따라하려고 한것같은데실상은 영 아니올시다~별 1점도 아까움...  
20170620,8,영상미는 좋았다고 봄. 하지만 인물이나 배경 설명이 부족해서 설정에 대해 이해하는데 30분..  
20170620,6,글쎄~~~왜 12년이나 걸렸을까요???  
20170620,4,비와 바람 어쩌고에서 빵 터졌다... ㅋㅋ  캐릭터들 설정도 이상하고 스토리가 개연성이 전혀 없다.  영상미만 노력한 흔적은 보임.  
20170620,10,하루 알바생들이 있는건가.. 난 진짜 하루가 존노잼에 내용 반복에 억지스럽고 뻔한내용이라 노잼이고 이건 그래도 신박한 스토리에 영상미가 너무 이쁘던데..? 중국영화맞아..?하고 생각했음 근데하루가 평점이 높고 이건 평점이 쓰레기네 왜지  
20170620,1,와..진짜 이걸 만들려고 12년 고생 한 사람들이 대단하다...앞으로 중국은 애니 만들지 말았으면 좋겠다!  장면 장면 볼때마다 오버랩되는 다른 영화들이 떠올라서.하아...ㅜㅜ  
20170619,10,관람객완전 재밌엇어여인생영화  
20170619,1,어디서 센과치히로에 비교를 해? 스토리 전개 뜬금없고 지루하다  
20170619,1,1점도 아까운 영화임ㅉㅉ  
20170619,1,1도 아깝다 0.1도 만들어달라  
20170619,1,영화판엔 디워가 있다면 애니판엔 나의붉은고래가있다 김청기도 을고갈 일본애니 배끼기기의 달인  
20170619,3,"토토로, 센과치히로의 행방불명, 고양이의 보은...오마쥬라기보단 지브리 아류의 느낌. 이야기의 개연성까지 떨어져 당황스럽기까지한 개성없는 애니메이션.  "
20170619,3,진짜 재미없어요스토리 개연성이 너무 없어서 짜증이 났어요  
20170619,5,이런 류(지브리를 지나치게 의식한) 만화영화들이 제일 자주 빠지는 문제가 설정을 만들기 위한 불필요한 설정을 너무 많이 넣는다는 점입니다. 자연스럽게 영화가 난잡해지고 개연성이 우주를 향해갑니다. 작화는 나름 괜찮았는데 개연성이 모든걸 망쳤습니다.  
20170619,1,살다가 이런 쓰레기 영화는 처음이다 억지강동+노잼+주인공암덩어리+조잡함  
20170619,1,그림체도마음에 안들고 센과치히로 같고  
20170619,1,여주 개발암물질 아몰랑 어떻게든 되겠지라는 마인드랑 남자새끼는 지가 박스안열어보고 병걸리고 대신 할아버지 디지고 또 왜 여주한테 지 모든걸 바치냐??? 이걸 12년동안 만들었덴다 ㅋㅋ  
20170619,1,여느 영화는 세 줄로 스토리 요약이 가능한데 이 영화는 이야기가 중국 산으로 가서 요약이 불가함ㅋㅋ 예고편에 나온 장면이 제일 예쁜 장면. 나머지는 걍 은비까비 보는게 낫겠다 싶을 정도의 작화.... 얼굴 작화 붕괴 올 정도면 말 다했음.  
20170619,5,관람객첨엔 잘보다가 후반부에는 졸았어요...  
20170619,7,다른 생각 없이 다른 영화랑 비교도 없이 논리성이나 개연성에 굴하지 않고 그냥 아무생각없이 감정선만 따라가다보면 감동적이게 볼 수있는 영화. 12년 걸린건 여전히 의문.  
20170619,7,이영화추가 다살린영화 민폐라는 단어는 춘을 위해 주인공이 민폐영화  
20170619,1,최대 12프레임의 잃어버린 12년  
20170619,10,난 진짜 감동적이게 봤어요외람된 얘기지만 영화 ost는 멜론에 왜 없는건가요 ㅠ노래가 너무 좋은데 ㅠ  
20170619,10,영상미와 가슴 저릿하게 만드는 목소리의 글귀들.. 극이 끝나고 참 좋았네요  
20170619,10,비와 바람이 되어 너에게 갈게. ㅜㅜ  
20170619,1, 지삐 모르는 여주인공 주위 상황이랑 변화가 시작되었으면 그걸 알야아하는대 지삐모를는 x년 발암 그자체 보지마라  보는 내내 열불터진다  
20170619,1,영화 번역하다 암걸림.  
20170619,8,관람객내용은 신박하고 좋았는데 좀더 독보적인 스타일로 표현했다면 좋았을거같아요. 영화보는내내 지브리가 생각나더라고요~ 아쉽습니다.  
20170619,1,"정말 재미없어요, 졸리고, 이건 뭔가요? 내돈 돌리도. 심하다 심해, 이거 언릉 개봉관 내리시죠. 다른 사람들 피해입히지 말고요, 무슨 수익 몇억이니 다 개소리  "
20170619,3,기본점수 1점에 돌고래 소리 녹음하느라 고생한거 1점 그리고 고생만하다 가는 추를 위해 1점 준다. 나머진 그냥 의식의 흐름기법으로 만든 듯.  
20170619,1,관람객이건 뭐 일본흉내도 정도껏 해야지... 철학을 좀 담아보겠다고 시작은 했는데 중국 특유의 우기기와 아몰랑. 밑도 끝도 없는 전개. 앞뒤 하나도 안맞는 캐릭터들의 행동.  
20170619,8,관람객전체적으로볼거리늠있어서좋았으나 그래픽이떨어지고타깃이산만해몰입도가약햇다  
20170619,1,최하 별점이 하나라는게 너무 아쉽네요. 줄수만 있다면 한 -10점까지는 때려박고싶은데... 영화 개연성은 똥국에 말아먹은 수준이고 여자애는 완전 발암 캐릭터에....만약 이 영화보러갈 생각이있다면 당신의 뇌를 뜯어 말리세요.  
20170619,6,"관람객그래픽은 진짜 많이, 퀄리티가 떨어집니다. 어쩌다가 구름이나 마법쓰면 나오는 그래픽이 훨씬 좋아요. 스토리는 진짜, 누가 주인공인지 모르겠어요. 너무 우울한 장면들이 10에 11는 돼서, 보는내내 우울했어요. 마지막에는 우울을넘어 분노로 바뀌죠.  "
20170619,1,가장 중요한 인물의스토리와 전개가 불친절하고 겉멋만든영화 떡밥회수는 하지않고 내용전개도부실하고 한정된시간에 중요인물외에 인물에대한내용을넣으려하니 내용이초과되어 제대로 설명된부분이없다 메인악역이없으니 갈등요소가 고조되지않았다  
20170619,9,이거 진짜 안보면 후회함..나도 평보고 볼까 말까 고민했지만 보길 너무 잘했다는 생각이 듬  
20170619,10,블루레이 국내출시를 위해서도 100만이상 흥행을 했으면 합니다. 한중일 합작의 좋은 예가 되었으면 합니다. 주인공이 제 취향이네요. 음악도 괜찮습니다.  
20170619,5,처음부터 끝까지 추의 희생으로 만들어진 영화. 앞부분은 초스피드 전개 보여줘서 당혹스러웠는데 고래키우는 얘기는 쓸데없이 길다.  
20170619,9,네 저는 워낙 좋은 색안경 끼고 보는 사람이라 심하지 않은 이상 뭐든지 감동받고 좋아합니다.  개인적으로 '고래' 라는 소재를 좋아하기도 했고 판타지이려면 애니밖에 소화할 수 없다고 생각하기 때문에 전 너무 감명깊게 봤습니다. 사랑하는 마음을 배워가요  
20170619,1,예고편만 봤을때 대작이라고 생각하면서 오랜만에 영화관에 갔지만 볼수록 후회만 되는 영화. 초반 CG와 방향성은 나쁘지 않았던거 같은데 개연성 없는 스토리 진행에 마지막으로 갈수록 여주의 민폐는 갑오브 갑... 제목을 악녀로 바꾸면 스토리 공감은 될듯  
20170619,10,다들 쿠키영상 보셨는지 몰라도.. 스포일려나..  남주 살아나는거 알고 있을려나?  
20170618,9,관람객재미있는데 중국어라 집중이 좀 안되고 안와닿은점이 없지않아있네유  
20170618,10,관람객신박한 내용으로 어린아이들이 보기에 볼만합니다  
20170618,10,나만 당할 수 없다. 꼭봐라 ㅜ ㅜ  
20170618,3,"뭔가 대단한 애니메이션을 만드려고 했던 것 같으나 실패.중국의 제작자, 관객 수준을 알 수 있었던 영화  "
20170618,10,"중국 애니 의외네요. 붉은 고래들, 노을 등 은은한 붉은 톤 색감도 예쁘고, 영상미가 돋보이는 영화였어요. 전반적으로 재밌게 봤습니다만, 서브남주가 너무 안됐네요ㅠㅠ  "
20170618,1,과연 예고편의 광고는;;  
20170618,9,색감이나 등장인물들의 디자인 같은건 신선했음ㅠㅠ 아 진짜 추ㅜㅠㅠㅜ 브금도 분위기에 맞았고... 살짝 등장인물들에게 감정이입을 못하겠긴 했음 근데 진짜 추ㅠㅜㅠㅠ마지막 진짜 울컥... 스토리는 한국 성향??엔 안맞아도 먼가 다른 애니메이션과는 좀 다른  
20170618,1,여주 발암;; 지루했어요  
20170618,1,여주랑 서브 남주의 할머니 할아버지만 존나 불쌍하다;애들 살릴라고 다 죽어가는 할아버지랑 이미 죽은 할머니까지 도와준데다가 부모없는 손주를 할미가 열심히 키워줬드만 폐륜도 저런 폐륜이 없음.  
20170618,1,사공이많아 겁나 헛질한 느낌 여주 초민폐녀 주인공 사는 곳이 타락해서 노아의 방주마냥 리셋하는 개념이면 이해라도함 내용 자체에서 여주가 하는 행동에 공감대형성 불가  
20170618,5,"더 주자니 카피적인 부분이 너무 노골적이고덜 주자니 노력한 부분으로 노력상 정도의 반 점수를 줍니다. 한일중 애니라고 영화 홍보 때리던 것에 비해 한국 비중 거의 없고, 스토리 너무 끊어지듯 튀어나오고 그래 솔직히 공감 가는 거라곤 삶은 힘들다 이뿐  "
20170618,10,일본 애니메이션과는 또다른 중국애니메이션이 너무 매력적이였습이다. 연인끼리 보러가는 것을 추천합니다~ 대한극장이서 너무재밌게 봤어요.  
20170618,2,감성이 쥐어짠다고 나오나..그냥 춘장냔이 여기저기 개민폐인 영화 개답답 여주인공  
20170618,1,진짜 절대로 보지마세요역대최악  
20170618,4,12년동안 뭐한거야...추만 불쌍해..  
20170618,10,오늘 영화 보고 왔는데 너무 재미있었어요! 중국어로 나오기도 하고 저한테는 너무 좋은 경험이었어요  
20170618,7,오랜 기간 공을 들인  영화라고 해서 기대하고 봤던 영화.하지만 스토리가 단순하고 전개가 매끄럽지 않아 중간 중간 의문이 드는 장면이 종종  있었네요. 그래서인지 보는 도중 주변에서 왜? 어떻게 된거지? 애매모호?하여 재차 확인하면서 보더군요.그냥보통  
20170618,1,10점이 이렇게 많다니 알바 뿌린 것도 아니고... 여주인공은 쓸데없이 이기적이고 서브남주는 쓸데없이 희생적이다. 너무 많은 걸 담으려다 보니 연출에 좀 더 시간을 둬야 하는 장면이 휙휙 넘어간다.  
20170618,1,원래 잘 웃는편이 아닌데 보면서 끅끅대면서 웃었습니다인물들 대사같은거  인상깊게 하려고 여기저기서 많이 참고한거 같은데 뭔소린지 모르겠구요 돌고래 재주넘는거 보다가  돌고래 트라우마 생길거 같은 영화 그리고 쥐 할머니 어떻게 된거  
20170618,4,국내에서 볼 때 절반 정도가 잘려나간것처럼 개연성도 없고 뜬금없고...  보고나서 시간 아까운 영화는 살면서 손에 꼽는데 그 중에 하나입니다.  
20170618,1,핵노잼쓰레기입니다 열글자쓸시간도아깝다  
20170618,9,재밌었음 ㅋㅋ 솔찍히 기대없이 봤음 중국꺼라 ㅋㅋ근데 재밌었음 좀 슬퍼영 ㅠㅠ  
20170618,1,"스토리 설정은 좋음, 작화도 나룸 괜찮음, 스토리는....공짜로 보여준다는데 시간 때울 거 없으면 그때 보셈.  "
20170618,1,배경 음악이 아주 좋아서 잘 잤습니다!  
20170618,1,김치년이 버무려진 영화. 이래서 내가 여친을 안 만든다.  
20170618,1,중국 애니메이션은 무조건 거르자  
20170618,1,우와 10점 준 사람의 싫어요 수가 1점 준 사람의 싫어요 수보다 훨씬 많은 영화는 처음이야  
20170618,1,제작기간동안 대체 뭘 한건지 이해가안된다.여주인공을 개 패고 싶은 감정이 생기는 영화.  
20170618,1,그냥 달빛궁궐임;; 걍 달빛궁궐 보세요  
20170618,1,여주 왜사냐 진심...약속시간 남지만 않았어도 보다 나오는것을 겨우 버팀..신나는 동물농장 이후 역대급 애니메이션..  
20170618,10,처음으로 평점써보네요 개인적으로'너의 이름은'보다 재미있었습니다 엄마랑 보러갓는데 나오면서 둘다 눈시울이 붉어져서 나왔네요 !!보러가시는김에 쿠키영상도 꼭 보시고 한번쯤은 볼만한 영화라고 생각합니다 추 짱♥♥♥  
20170618,10,전 진짜 재미있게 봤는데 하지만 추가 불쌍한건 사실이지만 저는 애니를 원래부터 좋아하고 중국애니는 처음보는거라 나쁘진 않았습니다.  
20170618,6,배경은 볼만합니다.그러나 캐릭터의 개성도 없고스토리를 이끌어가는 힘도 부족한듯  
20170618,7,관람객호구남의 사랑이야기...퀄리티는 그럭저럭이지만 재밌었네요.  
20170618,1,아직 애니미개국 짱개수준... 노력은 했지만 애니 전체적 완성도를 보면 일본은 넘사벽이고 한국보다도 아래... 이걸 만들려고 그리 오래걸렸나...  
20170618,10,스케일도 거대하고 전체적인 분위기도 대륙스러워서 좋았다. 거대한 스케일을 보고 있으면 가슴이 탁 트이는 기분이었다. 개연성은 좀 아쉬운데 너무 혹평 때리는 사람들이 있으니까 10점. 개인적으로는 7.5점 정도 주고싶다  
20170618,2,너무  빨강색만 강조대 보여요 호감가는 캐릭터도 없고  
20170618,1,사건의 개연성이 엉망입니다. 이 영화가 말하고자 하는 바를 찾을 수 없습니다.런타임을 맞추기 위해서인지 세세한 감정 묘사는 모두 배제되어 있고 그 덕분에 짧은 감정 묘사로도 충분히 안타까움을 묘사할 수 있는 서브 남주만 부각되었습니다.  
20170618,7,"Cg는 참..., 동작은 부자연, 한심한 뜬금포 연출.좋은 그림체와 참신한 소재를 가지고 이정도밖에 안되나?카피하면서 느는거라지만 이건 정말...ㅜㅜ소재와 그림체때문에 그나마7점  "
20170618,1,1점 준다. 많이 줬다. 7년 만들었다고?? 지브리 같은 소리하네. 70년 만들어도 힘들듯.  
20170617,9,내용은 좀 아니지만 영상은 정말 멋졌어요!! 추도!!  
20170617,7,뭔가 아쉬운 느낌의 진지함.. 확실히 지브리 따라가긴 멀었구나  
20170617,10,기대 하나도 안했는데 너무 감명있게 봤습니다!! 사운드도 예술이었습니다  
20170617,10,"재밌네요,그럭저럭ㅋㅋㅋ근데 스토리는 좋은데 아니 그 여주는 왜 그래요ㅋ별 내용이 없고 할아버지 할머니 엄마 추만 불쌍해 죽을듯ㅋㅋㅋㅋ 그 다른 남신 분량 좀 몇초나온 캐릭이 더 멋짐ㅋㅋㅋ12?13년은 이해가 안가지만 재밋엇음  "
20170617,10,영화가 참 좋았는데 번역이 부족해  
20170617,10,관람객굳굳굳!!!대박이예요 ^^  
20170617,9,아름답다..  중국감성도 좋네요  
20170617,1,...센과치히로 아류작  
20170617,4,"자연의 아름다움을 듬뿍 보여주는 연출은 정말 최고였습니다만, 그외에는 정말이지 알 수가 없어요.  결국엔 영화에서의 재앙은 모두 여주가 발생시킨거고 그래놓곤 여주가 애써 해결하려 하고 그걸 사랑하는 조연이 커버해주고..교훈도없고 반전도 없는..  "
20170617,10,나만 볼순없지....  
20170617,10,내 생애 최고의 애니메이션 영화  
20170617,6,아름다운 사랑이야기로 미화한 철 없는 여자애가 남자 한테 정신 팔려서 자기 마을 집안 한 남자 인생 모두 망친 내용이다. 애들하고 같이 볼 영화는 절대 아니고 남녀 커플끼리도 보지 말고 여자애들끼리만 가서 봐도 여주 욕하고 나오는게 이 영화다.  
20170617,6,그냥 중국어가 듣고 싶어서 보러갔을 뿐  
20170617,4,평식햏 말이 맞다...  
20170617,1, 절때보지마라 제발 진짜 부탁이다 보지마라 보고 후회했다  
20170617,1,이렇게 성의없는 그림의 애니는 간만에 본다.이정도일줄은...배추도사 무도사..가 생각났고...물론..그보다 더 아래...아 실망....안본눈 사고싶다  
20170617,1,휴 ㅋㅋ 끝나기만을 기다렸네  
20170617,1,와.진짜 시간도 아깝고 돈도 아깝고 재미도 없고 제작 시간만 길지 뭐 재미가.에휴..진짜 돈 아깝다 보지 마시길.  
20170617,6,12년 제작한중 합작아름다운 영상미거대한 홍보 아래 초라한 콘텐츠 아쉽다  
20170617,2,영상만 아름다운 영화...왜 12년이 걸린거지?화면보다 스토리에 더 집중했음 좋았을텐데...  
20170617,2,"불효녀에 사람들에게 그 한명이 엄청난 피해를 주고,답답하디 답답한 영화  "
20170617,8,추의 일편단심에 가슴앓이 하다 갑니다 ㅠ...  
20170617,10,허위주와 붉은고래 그 자체이다  
20170617,10,너무 슬퍼서 소리내서 하루종일 끅끅 거렸음 ㅜㅜ 조조라서 나밖에 없어서 다행이지 추... 너무슬퍼 아직도우는중  
20170617,9,관람객비와 구름이 되어 널 만나러갈게 :)  
20170617,7,역시 애니는 일본....  
20170617,4,영상미는 괜찮지만 스토리 개연성이 무지 떨어짐 복선은있으나 마나... 캐릭터나 이야기 전개 과정이 많이 아쉬움  
20170617,10,관람객추 너무 멋있다ㅠㅠ 시사회때 보고 개봉하고 또 봤는데 진짜 좋아요 한번 더 볼꺼임 끝나고 쿠키영상도 있어요ㅋㅋ  
20170617,10,관람객영상도 스토리도 완전 좋았음ㅠㅠ!  
20170617,10,관람객재밌어요 ㅎㅎ 나의붉은고래  
20170617,5,영상미는 괜찮았는데... 모든 일의 원흉인 여주인공 발암^^ 떡밥도 다 안풀리고 흰머리 남자애 추만 개고생하는 영화...  
20170617,10,관람객극장 갔다가 예고편 보고 궁금해서 개봉날 바로 봤는데 기대 이상 ㅠㅠ 영상미 대박입니다  
20170617,10,재밋어요  오늘 또 보러갈거에요  
20170617,10,관람객 간만에 내 스타일 영화 찾음 !! 눈호강 실컷 하고 나온 애니메이션! 시각에 집중하다보면 어느새 스토리까지 마음에 찡- 하게 들어옵니다 ㅠㅠ 여운 장난아님 ㅠㅠ  
20170617,1,난생처음 별점남기러 들어왔어요 ㅠ웬만한 지루한영화 잘본다고 자부하는데 그냥 잔잔~~하게 시간때우기용으로 봣고 끝나기2-30분은 그냥 짐짜 나가고싶었어요 영화보다 나간다는 사람들 이헤안됫는데 진짜 나갈뻔햇어요  
20170617,1,진짜 보는동안 언제끝나는지만 기다렸을정도...  
20170617,1,지브리 짝퉁 애니메이션  
20170617,1,별 한개도 아깝다. 개소리를 아주 찰지게 들은 기분이다. 제작자 입장에서 평점이 낮으면 기분이 나쁠 수 있겠지만 영화를 본 주관적인 관객의 평점이 다 한 목소리로 말하니 주관적의견이 객관적 의견이 되는거다 반대폭탄 만들지말고 겸허히 받아들이시길.  
20170617,1,"지브리 애니메이션과 비교하면 우리나라나 중국이나 일본따라가기 멀었다는 생각이 많이 드네요... 우리나라, 중국 애니메이션은 인물들 표정이나 움직임이 왠지모르게 어색해요.. 상황에 안맞는 표정 움직임 같다는 느낌이랄까? 지브리는 안그런데..  "
20170617,10,개연성은 조금 부족하지만 작화가 훌륭하고 추의 사랑이 마음 아프게 한다  
20170617,4,개봉 뜸들이는 영화치고 괜찮은 작품 본 적이 없다.  
20170617,4,감동도 재미도 없었던 영화  
20170617,1,진짜 돈이 아갑고 화만 나네요  
20170617,1,여주 때매 세상 멸망할뻔 함 민폐 개오져서 빡침  
20170617,1,"그림체 3d 배경 움직임 다 어색하고 조잡해요...2,30년전 만화영화같아요 인물 배경 등 지브라 따라한 거 같고, 이야기가 계속 늘어져요 같은 내용이 반복되고,,,, 억지 감동짜낼려하고,, 혼자봤으면 중간에 나갈 뻔했네요  "
20170617,10,아니 평점왜케 안좋지ㅋㅋㅋㅋ 난 재밌었는데 울면서 본 난 뭐가됨..  
20170617,8,정말 괜찮았던영화. 영상미에 너무 신경을써서 스토리가 약간 묻히기도함  
20170617,10,허위주 때문에 보러온거라서 기대 안하고 봤는데 진짜 재밌고 가슴 먹먹한 영화.  
20170617,10,관람객감명있게 잘보았고 중국 만화 역사중 최고 였다.  
20170616,10,방금 보고왔는데 추 이시대의 진정한 남자다  
20170616,1,솔직히 1점도 아깝다. 중국 영화여서 그런지 자본력을 이용한 알바 댓글이신가 아님 기대를 진짜 안하고 보셨나.. 사실 일본 영화 정도로 기대한건 아니지만 너무하다. 이게 최선이라면 중국은 20년은 필요할듯. 줄거리 뿐만 아니라 케릭터의 행동도 이해x  
20170616,10,재밌었어요! 추가 넘 멋있엇어요 추를 위한 영화  
20170616,3,"영상,ost 좋았습니다. 근데 설명이 부족하고 캐릭터들의 행동들이 전혀 이해가 안 갈 정도로 개연성이 부족했습니다. 제값 주고 볼 영화는 아닌듯요.  "
20170616,6,전체적인 구성은 좋은데 부분적으로 보면 분명 어디서 본거고 특히 비주얼은 그냥 센과 치히로임 아름다운 화면과 노래로 참 멋진 장면이다. 생각하는 동시에 지브리 어느 장면이 떠오름. 왜 그 좋은 제작능력으로 독자적인걸 만들지 못하는걸까?  
20170616,10,그냥 이건 두번 볼수있는 영화다 죽음과 사랑이 마음의와닿는영화 꼭 영화관에서 봐야하는 영화  
20170616,9,"기대를 안하고봤는데 영상미, 설정이랑 분위기..그리고 짠한 스토리가 너무 좋았어요ㅠㅠ완성도가 아주높은건 아니지만 나름의 분위기가 그걸 커버해주네요.. 유명 애니영화처럼 입이 쩍벌어지는걸 생각하고 오시는건 피하는걸 추천드립니다. 암튼 좋은영화였네요  "
20170616,9,개연성은 떨어지나 영상미도 좋고 음악도 좋았다. 추같은 사랑이 있을까 싶다  
20170616,1,굉장히 불친절한 영화 심각하게 급전개만 하는다가 이해가 안되는 부분이 너무 많음 그렇다고 재밋거나 영상미가 좋지도 않고  
20170616,6,예술을 함에 있어 누군가를 따라하는 게 명예로운 행동은 절대 아니다. 하지만 현실은 그 따라한다는 것 조차 쉽지가 않다는게이걸 보고 좀 느껴진다  
20170616,1,돈보다 시간이 아까운 영화 그냥 최악임 영화 1년만에 보면 재밌게 볼듯  
20170616,1,리얼리티는 김치 전사가 우위다 ㅅㅂ ㅋ  
20170616,7,"짝사랑하는 여자애를 위해 그 고생을 했는데, 여자애가 한다는 소리가 ""오빠 같아.""  "
20170616,10,그림체가 너무 멋있어요! 감동적인 부분도 있네요!  
20170616,2,근데 진짜 뱀이랑 왜싸움?  
20170616,1,돌고래소리 녹음하느라 수고하셨습니다.  
20170616,4,걍. 드럽게 재미 없음...세상 이기적인 주인공 여자가 일다 벌리고 개민폐. 엄마랑 '추'만 세상 불쌍함.. 비와 바람이 되어 찾아 갈께. 진짜 좋아하는 사람은 볼 줄도 모르고 기적이니 나발이니 아우 막판엔 천불나고 추만 불쌍.. 영상미만 볼만함  
20170616,10,더이상 상상이 아닌현실 철학 적인 애니  
20170616,9,이거보러갔다가 영 아닌거같아서 티켓안사고 한참 망설이다 본건데 대박일단 시나리오가 억지없이 너무 잘 나왔네요마지막에는 나도 모르게 눈물이 주륵주륵...하 정말 간만에 대박영화  
20170616,1,중국놈들 사드때문에 한국놈들 죽인다는데 중국영화 수입해서 트는건 사대주의냐?  
20170616,9,"영상미,스토리 이정도면 솔직히 좋은영화다..평점 태러할꺼면 안보면될것을...하울에움직이는성,센과치히로 등등 이런 영화급으로는 아니지만 영상미하나는 진짜좋다고본다.게속 평가 내릴꺼면 다른 애니영화 보러가라  "
20170616,9,관람객워낙 발전된 애니메이션 영화에 익숙해서 다소 매끄럽지 않은 느낌은 있지만.. 또 그만큼 참신한 느낌은 있습니다.  
20170616,10,추.. 너를 기억할게ㅠㅠ 사랑하는 사람을 향한 추의 모습이 너무 슬퍼요ㅠㅠ 영상미 진짜 예쁘고 여운도 남으니까 꼭 한 번 보세요!!  
20170616,10,기대 했음에도 불구하고 대만족!!! 시간나면 또 보러가고싶을 정도!  
20170616,10,스토리 핵슬프고 영상미  엄청 좋음   오늘 n차 할 예정  
20170616,10,재밌었어요 영상미도 스토리도 굿굿  
20170616,10,개봉하는날 바로 봤는데 역시나!!! 영화 너무 재밌었어요!  
20170616,10,보세요 보세요 두번보세요  
20170616,10,왜 다들 중국 중국 하는건지 편견으로 뭔가를 보는게 참 안타깝다.. 영화자체로만 보니 너무 아름답고 뛰어난 영화였음!  
20170616,8,"초중반엔 너무 유치하고.. 개연성도 부족, 주인공 행동도 맘에안들고.. 그저 지브리 따라간것같은 몇몇 요소가 보여서 별로였지만 끝까지 보고나면 괜찮은 영화인것같습니다. 애니보고 펑펑운것도 참 오랜만. 전체적으로 다소 미흡하지만 감성하나는 좋았네요.  "
20170616,10,"최고의 영화 , 추천합니다  "
20170616,1,요새 힘드신 분들만 보길.. 어이없어서 웃음밖에 안나옵니다 덕분에 많이웃은듯... 본격 주인공 지들만 행복한 영화.... 내가 평점알바한테 속을 줄은 몰랐다.  
20170616,5,돈주고 보시면 큰일나는 영화예요서브남주의 고난과 역경과 멋짐보고 싶으면 추천해드려요남주는 뭐하는 거 없음 그냥 존재만 하니까 남주보시고 싶으시몀 비추천해드려요  
20170616,1,보면서 내내 고구마를 물없이 먹은거같다.. 민폐여주 너무 지겹고.. 중국만화영환줄도 모르고 그냥 예매해서 봤던건데..기대하지말걸.. 풍경은 예뻤다 근데 중간중간 작화와 어울리지않는 쓰리디란..  
20170616,8,그냥 추가 너무 멋지다...스윗가이  
20170616,10,추...존잘...하..내가 살다 살다 애니메이션 남주를 고정픽하게 될 줄은..  
20170616,10,영상미대박이구 추너무 애잔행?  
20170616,1,이거 짝퉁 일본에니메이션이네요  
20170616,9,작품성을 놓고 보기에는 조금 난해할 수도 있는데 스토리도 좋고 영상미랑 음악이 정말 괜찮아서 극장에서 몰입하고 보는게 너무 즐거웠다. 추 앓이 추가요.  
20170616,10,관람객영상도 너무 예쁘고 여운이 오래가는 영화. 가슴에 콕콕 박히는 대사도 참 많고 마지막엔 눈물도 나오더라 ㅠㅠ 추 행복해라  
20170616,5,평점을 보니  어떤 영화인지 더 보고 싶어지는데? 얼마나 쓰레기면 평점이  다 이래?  
20170616,1,솔직히 1점도아까움 내돈주고보면 더 욕했을법한 영화1분광고가 다였던 영화... 스틸컷또한^^..기대많이했으나 최악이었음재미도없고 감동도없고 여주가 고구마 오백개는먹은듯한 답답함을갖고있음  
20170616,10,비와 바람이 되어 너에게 갈께  
20170616,10,오늘봤는데 최고의영화....너무 신선했고 중국감성 좋았고 아름다웠어요ㅠ 저는 지루할틈없이 울고웃고반복하면서 보았네요 저에겐 최고의영화  
20170616,10,나만 엿 먹을 순 없다....  
20170616,1,미세먼지 책임전가에 경제보복이나 하는 깡패국가 영화는 평점 1점이 딱 알맞다  
20170616,1,1점도아깝다옛날만화영화 깨비깨비..배추도사무도사.. 그런거생각나는 비주얼에개연성 전혀없는 스토리..열심히만들어놓은 cg는 뜬금없는 곳에서 의미없게튀어나와서 호기심이전혀. 네버. 들지않음대체 난 왜본걸까엿먹이려고 싫어하는사람한테 추천해야겠다.  
20170616,1,"제가 본 모든 영화통들어 가히 베스트오베스트 최악이라 자부합니다. 내 삶에 몽정기2, 성냥팔이소녀의 재림보다 더한 영화를 보다니... 무시무시한 영화임엔 확실함  "
20170616,10,기대없이 봤는데 정말 정말 나와서도 한동안 마음아프고 생각나는 영화 최고  
20170616,7,민폐여주갱신 ㅋㅋㅋㅋ 추를외치고있는나를볼수잇음  
20170616,9,잔잔하게 진행되는이야기라 지루할수도 있으나 충분히 아름답고 슬퍼요  
20170616,1,너희가 뭘 좋아할지 몰라 다 준비해봤어 (욕) 써놨다니 평점이 사라졌네 ? 이게뭐람 ?  
20170616,1,재미가 심하게 없어요...화장실만 가고 싶어지는 영화. 다 어디서 본듯한 장면뿐 30분짜리였으면 우와 했겠지만 요 그 좋은 오스트도 계속 나오니 소음공해 같았습니다  
20170616,10,방금 보고 오신분 있나보다 전 좋았어요 혼자 울면서봤음  
20170616,9,관람객기대를 1로 두고 갔더니 9로 오름. 또 볼 것이다! (그래요 좀 많이 어디서 본 것 같은 익숙함 뭐 이런 거 있긴 했어... 그럼에도 난 만족스럽다  
20170616,10,생각보다 괜찮았어요! 웅장하고 음악 아름답네요  
20170616,9,"개인적으로 최근 동안 나온 스토리가 산으로 가는 느낌인  지브리 작품들보다는 훨씬 낫습니다(지브리 골수팬이니 오해없으시길) 여러 작품을 섞어 놓은 느낌이 다소 없지않아 있지만 인간사, 윤회 등의여러가지를느낄 수 있는 작품. 영상미 또한 아름답습니다.  "
20170616,8,"일단 총제작기간12년이라는 중국특유의 뻥튀기(허풍)는 걸러내고 보는게 맞는데, 영화보면 그래도 많은인원이 오랜시간작업한거같음. 아직 일본애니에비해 섬세함+완벽성추구가 확실히딸림. 스토리진행 개연성 개뜬금포, 과유불급이 보엿던영화. 그래도 가능성은보엿음  "
20170616,1,와 진짜 짜깁기 일본 하울움직이는성 주인공 헤어스타일 귀걸이 진짜 한시간 반동안 고래키우고 ... 내용은 뭐가 먼지 모르겠고 진짜.ㅣ최악  
20170616,8,흥미진진하고 볼만한듯  
20170615,1,갠적으로 인소보고 온 기분....  
20170615,10,일단 허위주씨 목소리가 너무 멋있었고요ㅠㅠ 내용도 감동적이고 교훈도 있어서 눈물났습니다..중국애니 앞으로 기대해볼만큼 좋았고 영상미도 좋네요!!  또보러 주말에 가고 싶어요  
20170615,9,"여주인공 때문에 암걸려서 항암치료 받아야겠습니다,외눈할아버진 악마인줄 알았더니 천사.. 남주는..하.. 안타깝다 개운하진 않은 영화지만 영삼미도 좋고 나름 중국인의 사상이나 뭘말하고싶은지는 알수있는 영화입니다 감동도 있고  "
20170615,3,"도대체 왜 12년이 걸렸는지 의문이 드는 영화. 12년동안에 있었던 괜찮은 영화란 영화를 다 때려박기 위함인가. 마지막의 마지막까지 뜬금없음을 보여주는 일관성을 가진다. 영화의 모든요소들이 이렇게 애매하기도 쉽지 않은데, 어떤의미로는 대단하기까지하다.  "
20170615,10,진짜 방금 보고왔는데 계속 기억에 남을정도로 재밋었고 감동이였어요 그냥 한번봐볼까하고 보셔도 진짜 재밋으실꺼에요! 전 기다리고 있던 영화라 예고편도 안보고 봤는데 진짜 재밋었습니다. 스크린 안으로 들어가려고 한건 이 영화가 처음이였어요! 진심으로 추천  
20170615,9,"아주 먼 옛날, 아름답고 슬픈 사랑 이야기 여운이 오래 남습니다  "
20170615,10,광고 그림체보고 혹!해서 봤다가 좔라 훅 갔음 영화관에서 보다가 재미있겠지 있겠지 하다가 후반부갈수록 재미는 포기하고 여기까지 왔는데 엔딩이나 보고 가자가자하는데 질질끌며 계속 질질짬 그러다가 엔딩보고 곤이 아니고 내가 현실세계에 돌아온 기분.실화냐?  
20170615,5,머리가 두개야 해일이 오는데 엄마 나두고 할머니 앞에서 자살 패륜무쌍  
20170615,1,음.이건 좀 ..영상미가 뭘 따라한거 같은데 그래도 마니바니마니마니 부족 합니다. 비추라고 자연스럽게 말할수있어요 중국 아직 애니메이션은....  
20170615,5,  지브리 벼랑위의포뇨랑 내용이랑 센과치히로 합친거 같은느낌이 드는거같아요  
20170615,4,돌고래 곤이가 말을 안해요...… ... . 왜죠...  
20170615,10,남자 킬러....ㅎㅎ  
20170615,10,보고싶어요 ㅠ...예고편 중국노래 무비 너무 슬퍼요  
20170615,1,실화냐 진짜...하...할말도없다  
20170615,7,중국이 문화강국이 되면 한국은 개털되네!!  진짜 분위기가 완전 지부리구만 에효!!  한국은 아직도 기억나네!!  만화책 모아놓고 불싸지른 기억!  꼰대나  꼴페미나!!  에어리언 대 프레데터!!  누가 이기든 희망이 없다!!  
20170615,6,이 영화는 중국에서 개봉했을때 스토리땜에 정말 육을 많이 먹었는데 한국에서 좋은 평가 많이 받은거 같아서 신기  
20170615,8,관람객자국의 스토리를 잘 변형 시키고 있다는 점에서 중국 애니메이션의 미래는 그리 어둡지않아 보인다.  
20170615,6,기대만큼은 아니였어요.. ㅎㅎ  
20170615,10,관람객기대 이상의 감동... 추를 잊을 수가 없어요ㅠㅠ 쿠키영상 보고 오여루ㅜㅜ 휴 꼭 보세요. 영상미나 스토리 모두 완벽  
20170615,10,뭔가 포뇨랑 센과치히로 느낌났다! 애니감성은 역시 감동과 여운이 진하다!!  
20170615,10,진짜 여운 최고네요...  
20170615,10,마지막에 울 뻔했어요ㅠㅠ 간만에 제대로 된 애니 봤네요다시 보고싶어요ㅎㅎ 엔딩크레딧 있으니까 꼭 보세요!!  
20170615,10,재미있을법한데 인기 아니면 패작이겠네960억투자하고 12년동안만든거면  
20170615,9,화려한색감과 스토리가 굿이였습니다 슬퍼요 ㅠㅜ  
20170615,10,색감도 그림체도 전부 이뻤음!  
20170615,10,영상미도 넘나 좋고 오랫만에 취저 애니 ㅠㅠ 넘 좋당  
20170615,10,"SNS에서 예고편만 보고도 넘나 기대했는데, 기대만큼 잘봤구나 싶었던 영화!!  "
20170615,10,오오~ 간만에 애니메이션 느낌이 참 좋으다 긋긋  
20170615,10,개봉만 기다렸는데 정말 재밌게봤어요! 쿠키영상도 있으니까 다들 꼭꼭 보길 ㅠㅠ  
20170615,10,넘 재밋어요 화려함도 잇고 감동적ㅠㅠ  
20170615,10,아름답고 슬프고ㅠㅠ.... 영상미와 음향 스토리까지 빼놓지 않고 다 좋았어요ㅠㅠ dvd 나오면 살거예요 ㅠ  
20170615,10,완전 진짜 재밌어요!! 다들 꼭 보시길!!!  
20170615,10,재미지게 잘봤네요~!  
20170615,10,재밌다던데 보고 싶습니다.  
20170615,7,서브 남주가 주인공인 영화..  
20170615,10,관람객중국의 세계관과 애니메이션이라는 장르의 조화가 너무나 좋았습니다  
20170615,10,"솔직히 중국 애니 기대안했고 친구추천으로 본거지만 후회없는 영화였어요 성우분들 연기 잘 하시고, 스토리도 탄탄해서 재밌게 본 것 같아요. 친구랑 같이 또 보러갈꺼에요.  "
20170615,10,정말 너무 좋았습니다. 재밌었고 감동적이었어요. 그래픽도 완전 화려하고 자연스럽더라구요 웅장하고 진짜 최고!!  
20170615,8,이게 중국갬성인가요?ㅋㅋㅋ 처음맛보는 중국애니.. 신선했어요  
20170615,10,신선한 캐릭터 생각보다 정교한 cg 돈아깝지않았음  
20170615,10,이름난 영화들 장르불문 하루에도 극장에서 두편씩도보는 20대여잔데요 요근래본영화중 최고고 앞으로 내인생영화 러셀크로우의뷰티풀마인드 담이에요 너무 슬퍼서 소리내서 하루종일 끅끅 거렸음 ㅜㅜ 조조라서 나밖에 없어서 다행이지 추... 너무슬퍼 아직도우는중  
20170615,6,그럭저럭 재미는 있었으나 여자주인공 민폐기질에 눈살 찌푸리고 보게됨...여주와 남주는 참 비호감임 영화에서 오히려 서브남주가 측은해질 지경..영상미는 참 예뻤는데 지브리 느낌이 많이 났음  
20170615,1,"스토리개연성, 12년동안 뭘한건가 싶을 정도의cg ,이해가안되는 컨셉의 캐릭터들, 암걸리는남주와여주, 복선이 있으나 마나인 스토리전개... 오랜만에 영화 관람하며 지인과 함께 실성하고 욕했네요. 10점 준 사람들은 진짜 재밌게 본건지 알바인지 의문..  "
20170615,8,영화 끝나고 추를 울부짖으며 앓는 나를 발견..이건 추를 위한 영화다..  
20170615,10,흠 지브리를 연상시켰으나 재밌게 봤습니다 중국이라 짝퉁인줄 알았는데 전혀 그런느낌 안들었어요! 꼭 보세요  
20170615,3,이런류의 영화들은 지브리의 그림자에서 벗어날 수 없지..  
20170615,2,별로 지브리 짝퉁 느낌 10자  
20170615,10,흠.. 그럭저럭 좋네요 ㅎㅎ  
20170615,10,정말 멋진 영화!!!!  
20170615,3,[지브리] 하위호환버전  
20170615,6,기존 동양권 애니메이션들의 설정을 긁어모은 듯한 기시감  
20170615,4,중국판 <달빛궁궐> 본 듯  
