0,1,2
20190106,10,교육적인 애니메이션.재미도있고 아이들에게 너무 괜찮은 내용이네요.  
20181226,10,제 인생  손꼽히는 감동 애니입니다  눈물이 주르륵  
20181225,10,고양이에거도 주인에대한 충성심이있다는걸 알게해주는 감동적인영화였습니다  
20181225,10,우연히 봤는데..많은걸 느끼게 해 주는 작품이네요..최곱니다..  
20181129,6,관람객잘봤어요 재밌었어요 다음  
20171225,10,동심자극하고일본길고양이에삶을아주잘표현한것같다  
20171224,9,관람객사람의 시선이 아닌 반려견의 시선으로 바라본 영화!만화영화의 고정관념을 깨버렸어요. 강아지를 키우고 싶다면  꼭 추천드려요!!!  
20171126,7,말로 형용하기 힘든 감성적인 부분이 있음. 재밌다. 볼만하다.  
20171112,9,관람객감동적인내용.아이들과 함께보기 좋았어요.  
20170906,10,아이들눈높이에맞게재미있고감동적이예요  
20170625,8,관람객아들과 함께 한 영화여서  그런지  재미있었습니다  
20170622,7,관람객아이가  재미있다고하네요  
20170620,10,관람객애니였지만 많은걸 생각하게하고 따뜻했던 감동이었고 끝나고 애들과 영화내용을 같이 나눌 수 있어서 좋았음  
20170611,6,관람객애들이보자고해서본 .졸다나와서 무슨내용인지 모르겠다는 .  
20170610,6,관람객볼만합니다. 시간되면 보세요  
20170605,8,관람객딸과함께 본 영화중 손에 꼽을정도로 재미와감동이였습니다  
20170605,9,아이들이랑 같이봤지만 어른인 제가 더 재미있었어요감동도 있고 내용도 너무 좋았습니다  
20170602,10,감동먹었당...애니 보고 감동먹긴 첨인듯ㅋ  
20170525,6,고양이의 매력에 반하고 우정에 빠진다  
20170525,9,감동과 따뜻함이 넘치는 영화네요.  
20170522,10,완전 재밌어요!!!~~~  
20170522,9,"고양이들의 우정이 참 보기좋았고, 한편으로는 인간으로서 반려동물을 끝까지 책임져야겠다는 마음과 반성을 하게되네요.  "
20170520,3,편하게 볼 수 있다면 그게 장점  
20170505,9,관람객아이들이 신나하고 잼났어요  
20170504,10,관람객아이가재밌었다고하네요^^  
20170503,1,관람객루돌프많이있어우와핫  
20170427,10,관람객5세아이 루돌프에대한 환상이  ㅎㅎㅎ 그래도 넘즐거운시간이였습니다  
20170410,4,재미있게 잘 봤습니다.  
20170409,8,관람객감수성을 키울수있는 너무나 감성적인 영화였어요  
20170403,8,사람을 가르키는 만화...안보려했는데 다보게하는만화군요  
20170331,10,관람객아주 재미있게 잘봤어요.  
20170323,9,관람객재미있고유익하게잘봤습니딘  
20170317,8,관람객아이가 지루해하지 않고 잘 봤어요^^  
20170310,5,관람객아이가 영화가 길다고 좀 지루해했어요  
20170304,10,난 이거 개꿀잼이였음....♡  
20170304,10,관람객이야기도 재미있고 아이듀 좋아했어요  
20170222,9,관람객나름괜찮았어요~^^  
20170220,9,관람객조카랑 보러갔는데 정말 재미있었어요솔직히 아이들이 보기엔 좋긴한데 고양이 키우는 입장으로는나오는 주인들이 좀 별로 였어요  
20170219,8,관람객글자를 동물들이 안다면?  
20170219,8,관람객재미도있지만아이들한테 교훈도줄수있는영화  
20170218,8,관람객얘들이 참즐거워 하니다 꼭 보여주세요  
20170217,10,관람객재미있어요 아이들이정말좋아하내요  
20170216,10,관람객아이들이 재밌게 봤어요  
20170216,10,관람객스토리최고. 감동최고.  
20170216,6,관람객아들하고즐거운시간보냈어요  
20170214,10,"진짜 별 100개 주고싶네요 ㅎㅎ그래픽은 몰라도 진짜 제가 살면서 본 영화중에서 제일 좋았던 영화같네요..ㅠㅠ처음엔그냥, 좀 유치하다 ㅋ 란 생각이 들었는데,보고난 후엔 말이 안나오네요 ㅠㅠ 진짜 보셔보세요ㅠㅠ여러분12살 초딩이지만ㅠ진짜추천드려요  "
20170213,10,이거 완전....짱이네요.ㅎㅎ다음에도  재미있는 영화 많이 나왔으면 좋겟네요.  
20170213,9,관람객따뜻하고 좋은 영화다  
20170208,9,관람객저희 아들들은 넘 좋아하네요  나름교훈도 있고 재미와 감동이 있어 재미있게 봤어요.  
20170206,9,관람객감동 아이와 재밌게봤어요  
20170206,9,관람객잼있게 잘 받았어요 애기도 좋아하네요.  
20170205,10,짱이에용!겨울방학엔 강춥니당저도 재미있게 봤어요~안보신분들 강추용♡-♡  
20170205,10,관람객진짜 재밌게봤습니다 역시 일본애니는 인정하네요  
20170203,7,관람객아이들끼리도 잘보고 나왔어요우리가 아는 루돌프가 아니라는  
20170131,7,관람객6살 딸이랑 2016년 마무리하러 보러갔어요눈물이 나더라구요 ㅎㅎ약간 지루한 감은 있었어요  
20170130,10,관람객너무 재 밋게 봤어요ㅡㅎ  
20170130,10,관람객초등아들과 봤는데 잔잔하고 유익한 영화였어요~  
20170129,8,관람객애들이좋아해저도재밌게봤습니다  
20170129,7,관람객4살.딸아이가.너무 무서워해서 보다 중간에.나왔어요 ㅎㅎ전잼있던데 ㅋ  
20170129,10,관람객5살딸아이와 시간가는줄모르고 너무재미있게 잘 봤습니다^^  
20170128,8,관람객아이가 좋아했어요. 폭력적인 대부분 요새 아이들 영화와 달라서 좋네요  
20170128,10,관람객완전 재미있고 감동적이고 눈물도 나오는 영화입니다   온가족이 행복한영화이고 가족과 함께 보게되어 더욱 행복한영화입니다  
20170127,8,관람객아이들이 재미있다고 해요~~  
20170127,9,관람객ㅡ재밍잏다고하내요.ㅇㅇ  
20170127,8,관람객예매해두고 까먹고못봤네요  
20170127,10,관람객재임ㅇㆍ오ㅡ정말정안  
20170127,8,관람객아이들이 엄청  좋아해요  
20170126,10,관람객친척동생이랑 함께 봤는데 재밌었어요ㅎㅎㅎ감동도 있고~~^^  
20170126,7,관람객크리스마스 영화인줄 알고^^  
20170126,8,관람객아이가 너무좋아하고 재미있게봤네요  
20170126,5,관람객그닥 초딩이 보기에는  너무 유치하네요  임팩트도 약하고 겨울 왕국같은 명작은  이제  안나올라나 ....  
20170126,10,관람객아이들과 처음부터 끝까지 즐겁게 봤습니다. 강추!!  
20170126,8,관람객재미없다는 평도 많았는데..저희  애들은 재밌게 잘보았답니다~^^  
20170126,9,관람객생각보다 재미있었습니다  
20170126,10,관람객애들이 너무 좋아하네요~~^^  
20170126,10,관람객가족애와 친구들과의 우정..어른들에게도 감동적인 영화였다.  
20170126,9,관람객아이랑 재미있게 봤어요  
20170126,10,관람객아이들이 감명깊게 보아 뿌듯햇어영  
20170125,10,관람객루돌프라는 이름때문에 산타가 나오는 영화인줄...  아이두 좋아햇고 개인적으로 저두 좋앗어요...감동두잇고 눈물두 흘렷네여  
20170125,9,관람객아이들이 보기에 괜찮은  영화  
20170125,8,관람객아들과 재밌게 잘봤어요~  
20170125,5,관람객지루함. 온가족은 아니고 7세이하를 위한 영화. 뻔한 스토리.  
20170125,10,관람객아빠 아이 모두가 즐겁게 볼수 있는 가족영화요  
20170123,8,관람객6살 딸아이가 넘 재밌어 하네요^^  
20170123,10,관람객아이들이 넘 재미있어해서 후회없던 영화..동물의 캐릭터가 귀엽게 묘사되어 아이들이 더 좋아했던 것 같다  
20170123,10,관람객루돌프와 많이 있어요 우정이 아이들의 눈에 더사랑스럽게 보이는거 같아 보기좋았어요..  
20170123,9,관람객제목이 루돌프라 크리스마스 영화인줄..어른들이 봐도 감동을 주는 영화입니다. 한번 더 봐도 좋을거 같아요.  
20170122,10,관람객아이들이 제일 재밌었다고하네요  
20170122,10,루돌프와 많이 있어 너무 재밌다.  
20170122,7,관람객아이들과 같이 보기좋아요 잔잔한 감동도 있고 용기와 희망을 붇돋는 영화라 어린아이들 자신감 항상에 좋은 것 같습니다  
20170122,10,관람객너무나 귀여운 영화입니다. 굿굿굿^^  
20170122,8,관람객그냥 저냥 볼만함 집에서 보기 좋음  
20170122,10,관람객잼있게 보세요.. 즐거운주말  
20170122,9,관람객잼있고 감동적이었어요~^^  
20170122,10,관람객감동도있고 중간중간 웃음도 선사해주네요아이들도 재미있게 잘봤어요  
20170122,10,관람객재미있게 잘 봤어요 ^^  
20170121,10,관람객아이들이 너무 좋아합니다^^  
20170121,8,관람객재밌었어요6살아이가 살짝지루 해했지만?마지막엔좀슬펏어요집에와서 종종 많이있어 말투를 흉내내곤 하네요^^  
20170121,8,관람객색감이 너무 예쁘고 캐릭터들이 귀여워요  
20170121,4,"관람객너무 지루함,,,아이들도 재미없다네요.  "
20170121,10,관람객아이들이 너무나 재미있게 봐 줘서 좋았습니다!  
20170121,9,관람객완전 재밌어요^^ 5세 아기도 좋아하네요  
20170121,10,관람객만족합니다 평이참좋더라구요  
20170120,8,관람객별기대 안했는데아이에게 가르침도주고...좋은 기억으로 남을듯해요볼수록 재밌더라구요  
20170119,8,관람객5세 아이가 재미있어했어요  
20170119,10,관람객5살 아이와 함께 봤는데 재밌게 잘 봤어요. 마지막에 너무 슬퍼서 살짝 울었네요..  
20170119,10,"관람객배울점이 있는 친구의 소중함, 집의 소중함을 아이들과 나눌 수 있어서 좋았어여  "
20170119,7,관람객아이가 재미있어하네요  
20170119,10,관람객초1여학생 재미있게 잘 봤습니다 초1여학생 재미있게 잘 봤습니다  
20170119,9,관람객아이들이 많이 좋아합니다  
20170118,10,관람객아이들과 별기대 없이 봤는데정말 안 보면 후회했을 애니메이션!스토리가 탄탄하고냥이들의 우정에 아이들과 함께울면서 봄^^보고나서 가슴이 따뜻해짐을 느꼈어요  
20170118,8,관람객나오는 고양이도귀여웠고 제법 감동적인영화ㅎㅎ  
20170118,8,관람객아이들이너무너무좋아하고귀여운고양이들  
20170117,7,관람객아들과 잼나게 잘봤습니다 잔잔하게 감동도있고~~^^  
20170117,10,관람객울아들 붙들고 같이 울었네요ㅠ 아이들에게 재미와 감동을 다 주는 영화인듯^^  
20170117,10,관람객아이들과 함께보기 괜찮은 감동적인영화에여  
20170116,10,관람객아빠랑 6세딸아이랑 봤는데 졸지도 않고 잼있게 잘봤다고 하네여 감동도있고ㅎ 아들이랑 볼라했는데 벌써 내려갔네요ㅠ  
20170116,9,관람객5살 아들이랑 봤는데 재미 있어요 뭔가 다이나믹 하거나 그렇진 않는데 잔잔 하네요아이들 남자 아이들 보다는 여자아이들이 더 재미있어 할듯 ㅎㅎ  
20170116,10,관람객재미있게봤어요7살아들이 끝나고 나오면서 재밌다며 또 보러오자고하네요~^^  
20170116,9,관람객애기가 고양이나온다 엄청좋아하고봣네요~~^^애기가어려 내용을이해하긴어렵지만 재밋게봣어요^  
20170116,8,관람객3살 4살 8살 9살 아이들 같이 봤는데 다들 재미있었다고 하네요^^ 색감도 좋고 내용도 좋았어요~  
20170116,8,관람객내용신선하고  감동적이네요  
20170116,7,관람객아이가 중간 중간 지루해하는 면이 있었지만 그래도 끝까지 잘 보았어요.  
20170116,9,관람객좋아요좋어여좋어요~  
20170116,8,살짝 지루한면도 있었지만 마지막이 몰입도가 많았었네요  
20170115,7,관람객재밌습니다 재밌습니다 재밌습니다  
20170115,10,관람객아이들과 함께 봤는데~넘 재미있었어요~~~~! 강력추천!!!  
20170115,7,관람객애들은 좋아할만 합니다  
20170115,10,관람객5살 딸랭도 집중해서 잘 봤어요. 잔잔하지만 눈물 나는 이야기네요. 저도 재밌게 봤어요.  
20170115,10,이거 저희집에 책도 있어요ㅜㅜ 이렇게 영화로 보게 되어 너무 반갑고 기쁘네요 ㅜ  
20170115,10,관람객감동적이고 아이가 너무 재미있어하네요  
20170115,4,관람객조등학교 저학년 친구들까진 볼만한 영화네요  
20170115,8,관람객아이들에게 공부를 열심히 해야한다는..약간의교훈을 주네요~~^^  
20170115,5,관람객아이들 눈높이엔 볼만하다고 생각됩니다  
20170115,10,관람객재밌어요.재밌어요.재밌어요  
20170115,9,관람객생각없이 보러갔는데 감동도 있고 좋았네요  
20170115,10,관람객아이들이 아주 재맜게 보았습니다.  
20170115,9,관람객슬퍼서 눈물이 났다네요 우리딸  
20170115,10,관람객좋아요^^항상이용하고 싶어요 감사합니다  
20170115,9,관람객고양이들의 우정을 그린 재미나도 가슴뭉클한 이야기  
20170115,9,관람객애들이 보기에 좋아요 감동도있고  
20170115,9,관람객아이들에게 감동과 따뜻한 우정을 가르쳐준 영화  
20170114,3,관람객재미없음유치한내용임  
20170114,10,관람객많이 공감이 되는 영화이네요..아이도 무지 좋아라 합니다  
20170114,10,"처음엔 좀 지루하다 느꼈는데 후반부로 갈수록 감동이 있는 영화였어요.7살 아들하고 같이 봤는데, 아이 보단 제가 눈물이 나더라구여.  "
20170114,7,관람객아이들과 함께 재밌게 관람했어요  
20170114,10,관람객너무 귀여운 캐릭터와 따뜻한 스토리로 어린 아이들과 함께 보기 정말 좋아요!!^^  
20170114,10,관람객넘좋아네요ㅈ아이가 행복해  했어요  
20170114,8,관람객딸내미와 처음으로 극장에서 본영화~내용도 잼있고 좋았어요  
20170114,8,관람객아이들이  넘좋아했어요~  
20170114,9,관람객마음이 따뜻해지는 영화  
20170114,8,관람객아이들이랑 재미있게  잘봤어요  
20170114,8,관람객아이들과 재미있게 봤어요  
20170114,10,관람객교육적이고 유익한 영화였습니다. 기회가되면 다시보고싶네요.  
20170113,9,관람객아이도 감동적이라며 또 보고싶어하네요  
20170113,10,관람객너무 재미있었어요 감동도있었구요  
20170113,9,관람객6살여아 재밌어했어요어른인 제가 봐도 울컥했네요잔잔한 일본스타일이긴하네요  
20170113,8,관람객아이랑 함께보기 좋았어요  
20170113,10,"관람객아이도 재미있어하고, 아이아빠도  울컥했다며~ 즐거웠어요!!^^  "
20170112,8,관람객아이가 너무 좋아합니다.  
20170112,6,관람객아이들이 재밌어했어요. 잔잔함속에 재미가 있네요  
20170112,10,관람객성우가 매우 베리 좋았다  
20170112,10,이런게 디즈니보다 뛰어난 명작이 아닐까 오타쿠애니보딘 1000배나음  
20170112,9,관람객아이들이 잼있다고 하네요~  
20170112,10,관람객감동과재미.모두갖춘영화.캐릭터도너무예쁘고사랑스럽지만스토리도여운이남네요아가들과함께기대없이봤는데제가더집중모드로관람했어요좋은영화.추천합니다  
20170111,10,아이들과 처음본 영화에요ㅎㅎ 각 캐릭터마다 개성있고  고양이의특성을 알고 관람하니 왜인지 우리집고양이가 생각나 더욱 재밌었어요 아이들도 넘재밌어하고 포스터봣을땐 많이있어?그게뭐지 햇는데 이유를알고나니 ㅋ넘재밌었어요  
20170111,5,관람객허무맹랑이야기 일본어배울사람보기  
20170111,9,관람객아이가 너무재밌게잘봤어요  
20170111,8,관람객아홉살 아들이 이 영화는 재미있고 슬프고 감동적인 영화라고 하네요  
20170111,10,감동적이고 재밌네요 굿굿강추  
20170111,9,"관람객아들이랑 조카보여줬는데, 잼있다고 하네요  "
20170111,9,관람객초등 3학년 아들이 너무 재미 있다고 다시 보고 싶다고 하네요  
20170111,8,관람객아이가 넘 재미있어 하고 지루하지 않아서 좋았어요  
20170111,10,관람객정말정말정말감동적입니다.  
20170111,2,ㅠㅠ그냥딱어린이용인거 같네요 현실적인저로써는 그냥유치하고 노잼 별점 다는사람들 다 아동인가봐요...ㅠ 전재미없었음  
20170111,9,관람객아들이 너무 재미있었다고 합니다  
20170111,10,관람객재밌게 잘 보았습니다  재밌게 봤어요  
20170111,8,관람객착한내용.. 아이들은 좋아해여~~어른들은 밋밋할 수 있어여...  
20170111,10,모든 생명은 소중하고 인간이 만물의 영장이지만 다른 생명도 지켜줄수 있어야 한다. 절망은 어리석음의 결론 이라는 말이 가슴에 와 닿는다. 길냥이 뿐 아니라 모든 소중한 생명은 함께 같이 더불어 살아가야 하는 가치있는 존재들이다.  
20170111,10,관람객아이들이 너무 잼이있게 봤던 영화였습니다.어른인 전 감동적이었답니다.  
20170110,4,영화킬러 3살 아이가 리액션이 없네요. 보름전에본 씽은 아직도 이야기하는데..  고양이 좋아하는 6살 딸은 화장실 핑계대고 들락날락..   씽이나 한번 더볼껄 그랬네요. 어른인 나도 집중이 안되더라구요. 노잼.  
20170110,10,관람객7세 남아 여아 둘다 재밌게봤어요  
20170110,6,관람객아이들이 보기에는 괜찮네요..좀 지루하긴해요..  
20170110,10,관람객8살 아들과 5살 딸아이랑 재미나게 봤어요...ㅎ  
20170110,8,관람객너무귀여운고양이들^^  
20170110,8,관람객유치원생ㆍ초등생에게 다 재미있는영화예요초등생 아들 재밌어하고 저도 감동적이라 눈물 찔끔 했네요ㅎ  
20170110,5,관람객딱 일본스타일 영화. 잔잔하게 보긴 좋을듯 합니다~ 너무 기대해서 그런지 기대만큼은 아니었던듯  
20170110,3,관람객좀 지루함 보다가 애들이 잠  
20170110,8,얘들 보기 무난한 일본 애니네요  
20170110,9,관람객아이들이 재미 있어 해요  
20170110,6,관람객그냥그랬네요. 저는. 재미없었습니다  
20170110,10,관람객아이와 함께한 첫 영화였어요 영화에 대한 정보도 없이 무작정 예매하고 봤는데 보는 내내 집중했네요재미도 있고 감동도 있고..내용이 참 좋았어요우리애들 집에 와서도 tv광고만 보면 루돌프 봤는데 귀엽다하고 신나하네요꼭 추천하고픈 영화예요!!!  
20170110,10,이 영화 보시면 일본 3D 애니메이션이 얼마나 발전 했다 이런거 느끼실수 있음..  
20170110,10,관람객아이가 좋아했어요주인공들 이름부터 호감갔는지 처음부터 끝까지 집중해서 보더라구요.  
20170110,9,관람객아이들과 보기 좋은 영화에요  
20170109,9,관람객아이들이 잼있어하네요  
20170109,10,정말 재미있고  감동적인 영화 같습니다!  
20170109,10,관람객고양이를 너무 좋아하는 아들과 함께^^감동과 즐거움이 모두 담겨있는 영화였습니다루돌푸와 타이거가 세계일주 하게되는 영화도 나왔으면 너무 좋겠습니다^^  
20170109,10,관람객정말 정말 재미있네요^^  
20170109,10,관람객6살10살 딸램들이 매우 재밌었다네요. 교양있는 고양이가 매우 인상적이었다네요~  
20170109,10,관람객아이들이 너무 좋아해요저도 감동받았습니다  
20170109,6,관람객재패니메이션의 어설픈 디즈니 흉내내기정서는 완전 일본정서극의 전개가 너무 지루했음  
20170109,1,완전노잼 최악 극혐 절대보지마세요 구천원날림 ㅜ 진짜유치하고 5살들도 안볼듯  
20170109,8,관람객6섯아들첨으로끝까지재미나게보았어요~내용도좋고장면장면들도이쁘고...^^  
20170109,10,관람객개봉 한달전부터 손꼽아 기다려 딸이랑 보러갔는데 정말 재밌게 보고왔어요..  
20170109,7,관람객스토리를 짐작할만한 그런... 하지만 아이들은 좋아했어요~~  
20170109,10,관람객아이가 감동적이고 잼있었다고 해요  
20170109,8,관람객아들때문에봤는데보다 안자고같이재밌게봤어요  
20170109,10,관람객재미있어요재미있어요  
20170109,9,관람객고양이가 글을 배운다는 설정이 신선했지만... 글쎄..  
20170109,10,관람객아이가 너무좋아했어요 전좀지루한감이 없지않았지만  
20170109,8,"관람객아이가 보러가자고해서 갔는데 일본애니였음.좀 모호하고  그럭저럭 보기는 나쁘지않았습니다만, 평범한 스토리전개로 전체적으로 잔잔합니다  "
20170109,8,관람객영상미가좋구머찝니다  
20170109,9,관람객방학맞이 딸이랑 봤는데 딸램 너무 좋아하네요. 일주일 지난 지금도 계속계속 이야기 할만큼 재미있었나봐요. 저도 그랬구요.  
20170109,10,관람객애완동물..버려지는 동물들에 생각하게 만들어요.그리고 모험..우정..사랑..용기..배려..화해.. 의지와 노력..배움...  글자와 책..학교..교실..이리 섬세하고 아름다운 애니가 있을까요..최고에요  
20170108,10,관람객6살아이와 재미있게봤어요지루하지않고 교훈과감동까지 너무좋은영화입니다  
20170108,7,관람객무난하게 봤는데 아이들이 보기에 더욱 적합하겠더군요  
20170108,9,"관람객잔잔하게 재미있는 영화, 어른들도 눈물이 나는 영화였어요  "
20170108,7,어린아이랑 보기에는 그럭저럭 그리 재미있는것두 아니구 그리 감동있는것도 아니구 주인공 루돌프가 집을 나와 험나한 과정이나 여정을 보여줄주 알앗는데 영화 이야기가 너무 단순히고 너무 평화로이 잘풀리고 마지막에 그래두 뜻밖의 마무리가 생뚱 맞았어요  
20170108,10,관람객아이들과 함께 보기 좋네요감동적....  
20170108,8,관람객아이가 굉장히 재미 있어 하네요.  
20170108,10,관람객아이들이 보기에는 감동도 함껭있네요^^~  
20170108,9,관람객애가 슬프다고 울었네요...재미있었네요  
20170108,10,관람객스토리가 너무 아름다워요 순수하구요~배경영상도 디테일한게 너무 보는재미가있네요  
20170108,9,관람객아이랑 처음으로 본 영화네여..영화 보는 동안 웃기도하고 마지막엔 좀 슬프다며 울먹거리기도 했네여...아이들이 보는 영화임에도 내용이 알찬 듯해서 좋았어여~~그런데 시작하기전 광고가 너무 많아서 아이들 집중력이 흐트러질까 그점만 빼면 잼있게 잘 봤어요  
20170108,8,관람객나름 재밌습니다. 아이가 좋아하네요  
20170108,7,관람객우리 아드님이랑 조카가 보고온거...  
20170108,9,관람객감동적이고 아이들과함께보기 좋은 애니메이션 이다  
20170108,8,관람객7살 아이가 재미있게 봤어요~~^^  
20170108,9,관람객아이들과 무척 재밌게 봤네요  
20170108,6,관람객애들은 재미있어했으나 저는 .... 나도모르게 잠들었었다는....  
20170108,10,관람객생각보다 재미있었어요~아이와 즐겁게 봤네요~  
20170108,10,관람객진짜 재미있게 봤습니다~  7세 아이가 아~~주  푹  빠져서 마지막 자막 끝날때까지 떠날 생각을 안할정도로요~~  
20170108,10,관람객감동적이구  배움이 중요하군요  
20170108,10,관람객루돌프와 많이있어 너무 귀엽네요 ㅎㅎ아이와 보기엔 좋구요  
20170108,5,관람객따분함 스토리전개  필요  
20170108,10,관람객아이들과 보기 넘 좋은 영화입니다  
20170108,10,관람객애들 넘넘 재밌데요~~~!  
20170108,8,잔잔한 감동도 있고 재미밌었어요기대안하고 보면 더 재미있을듯..  
20170108,9,관람객아이들이 재밌어하네요  
20170108,7,관람객좀 지루한듯하다 마지막엔 슬펐어요  
20170108,10,관람객너무  웃겼어요..세상에 고양이가  공부를? 저런  양이 있으면키우고 싶네요..ㅋㅋ  
20170108,9,관람객요즘 애완동물에 대해 다시 생각하게 하네요  
20170108,10,관람객아이가 재밌었데요 . 만족스럽네요  
20170108,10,관람객기대보다 너무 재밌어요  
20170108,9,관람객재미있게 잘 보았어요6살된 아들도 잼있다네요  
20170108,9,관람객웃음과 감동이있는 영화반려동물에 대해 돌아보는 영화  
20170108,9,관람객아이들이 너무 좋아했어요~  
20170108,8,관람객좋아하는 고양이가 나오고 모험하는 모습을 보니 아이들이 재밌었다고 하네요  
20170108,8,관람객고양이를 통해 전달하는 메시지가 무언가를 생각해보았다아이들에게 꿈과 희망 그리고 자신감을 느끼게 해 준거같아 유익하게 보았다  
20170108,9,관람객바른생활 고양이네요^^ 보이는 것이 전부가 아닌데우리는 눈으로만 새상을 보는것 같아요^^  
20170108,3,관람객재미있었어요 독특한만화였어요  
20170107,10,관람객재미있고 알찬내용~~~  
20170107,10,관람객5세 딸 아이가 지루해하지 않고 집중해서 끝까지 잘 봤고 영화가 끝난 후 엄청 재미있다며 또 보고싶다고 합니다.^^ 내용도 아이들이 이해하기도 쉽고 재미있어요.  
20170107,8,관람객아기랑재미나게봤어요  
20170107,10,관람객다섯살 아들 끝까지 집중해서 잘 보고 나왔어요  
20170107,6,관람객내용은 좋은데 아이들이 집중하지 못하네요  
20170107,7,관람객아이들이 좋아하네요~~  
20170107,2,관람객냐용이 너무 지루하네요  
20170107,7,관람객아이들과 함께 보기 좋은 영화인듯 해요  
20170107,10,관람객감동적인 스토리입니다.캐릭터들이  너~~무 귀여워요.다음번에 또 보고싶은 영화에요.  
20170107,10,관람객감동도있고 재밌었어요♡  
20170107,9,관람객따듯한 영화예요~~다섯살 딸래미도 슬프다고 울었어요...  
20170107,6,관람객아이들에게 많은 메시지를 주는 영화입니다~^^  
20170107,9,5살 미만이 보기에는 다소 내용이 어려운 것 같다는 생각입니다. 영상미와 ost는 매우 좋았습니다.  
20170107,8,관람객아이때문에 봤는데 제가 울었어요 ㅋ 저는 만족해요^^  
20170107,8,관람객대체적으로좋은데스토리가길고좀지루한느낌이들어요  
20170107,10,"홍범기 성우님, 신용우 성우님 응원합니다  "
20170107,5,관람객아이들과 보기에 좋은영화였어요~단 어린 아이들에겐 시간이 좀 길었다 싶어용  
20170107,10,루돌프와 많이 있어일본 애니메이션으로 은지랑 오늘 관람감동도 있고 일본 지역의 조용한 느낌이 좋았다추천작!! 아이들과 같이 관람 추천이에요  
20170107,7,"관람객아이들은 재밉게 봤다구 하는데.,저랑 신랑은 쪼~~~금 지루했어요.,^^;;  "
20170107,10,관람객유익한 영화이고 재미있게 봤습니다.  
20170107,8,관람객아이랑 함께 봤는데 재밌어하네요  
20170107,8,"관람객별기대도 없이 봤는데, 생각보다 감동이 밀려오는 영화입니다.  "
20170107,10,관람객재미있음.재미있음 재미있음추천  
20170107,10,관람객아이들과 나름 정말 즐건시간을 보낸거같아요 교육적인 부분도 있고ㅋ귀요미 루돌프ㅋ많이있엉^^ 쵝오♡  
20170107,7,관람객감동이였어요 ♡아이들이 즐거워했어요  
20170107,6,관람객고양이가 귀엽지만 뭔가 스토리에서 말하는게 아쉬움이남았다  
20170107,10,관람객아이가 너무 재밌다고 또 보고싶다고 하네요 감동 그자체  
20170107,3,관람객대박지루함  애가 재미없다고 지루해한 만화 처음임  
20170107,10,관람객애 하고봤는데  집중하고 잘보네요  
20170107,10,관람객엄청 감동 재미 온가족이 보기 좋아요  
20170107,9,관람객좋네요 어른한테도 감동적인 영화 였어요~  
20170107,10,관람객너무너무재미있었어요 ㅎㅎ  
20170107,9,관람객똑똑한 고양이들이네요~~^^감동적이었어요~~  
20170107,9,관람객지루하지않게 잘봤어요 7살아들 끝에서 울었답니다 감동적이다고 ㅋㅋ  
20170107,8,관람객재밌고  애들이랑 보니 좋아해요  
20170107,5,꿈을 품게 되네요^^ 일본 홍보 만화같기도 ㅎ  
20170107,8,관람객일본의 고즈넉한 풍경보기를 좋아하는 어른으로서는 괜찮았어요.아이들 보기에는 살짝 조용한 영화인거 같네요^^  
20170107,10,관람객재밌어요^^ 5살짜리도 잘 봅니다 조아요  
20170107,6,관람객모험떠나고 이런건줄알았는데공부하는거네요 ㅠ  
20170107,10,관람객결말은 맘에 들지 않았지만 보는 내내 아이들도 즐거워하고 지루하지 않고 좋았어요.  
20170107,10,관람객잼나요.동심으로 돌아간기분  
20170107,9,관람객좋아요내용구성알찹니다  
20170107,9,관람객애들이랑 보러갔는데 볼만하네 나름 감동적이네 저도 모르게 가슴 뭉클하고 울컥하드라구요나오는 캐릭터들도 귀엽고 일본 느낌 물씬 풍겨요일본지명도 나오고요  
20170107,9,관람객조금지루했어요ㅠㅠㅠ  
20170107,8,관람객완전 잼나요~~아이들과 함께 보기에 너무나 좋은 영화입니다  
20170106,7,4살. 5살 아이들과 봤는데..5살 아이는 재미있다 하나..여태 본 애니중 제일 지루햇어요. 잔잔하게 감동적인 애기에요.  
20170106,10,관람객아이랑같이봣는데ㅡ재밋엇요  
20170106,8,관람객고양이 너무너무 귀엽고 애기도 너무 재밌어했어요~  
20170106,8,관람객아이가 보고 싶어해서 봤는데역시 후회없는 선택이었습니다.집에 와서도 계속 주저리주저리 얘기하네요..아마 남자아이들은 좋아할것 같아요.  
20170106,10,관람객정말 정말 재밌었어요~^^  
20170106,10,관람객아이들에게 왜 지식을 쌓고 지혜로워져야 하는지 배울수 있는 영화입니다.  
20170106,10,관람객완전 재미있는영화네여 앞으로도 이런영화가 많이 나오길...  
20170106,10,관람객아이데리고 갔다가  엄마가  질질  울고나온 영화 완전만족  
20170106,9,관람객감동과재미 모두있어요^^  
20170106,10,오늘 엄마랑 이영화 를봤어요 짱짱  
20170106,8,관람객아이들은 즐겁고 재미있게 관람하였다네요  
20170106,8,관람객너무너무 재미있어요~  
20170106,6,관람객초등학교 저학년 아이들 정도는 몰입해서 잘 보던데 저희 애들은 아직 좀 어렵더라구요. 스토리 이해도 조금 안되보여서 중간중간 설명도 필요하구요.... 참고하세요  
20170106,9,관람객올해6세된 아들 생애첫 영화관 나들이였는데 끝까지 잘봤어요.데빌이란 개 나올때 무섭다고 울더군요 겁이많은 아이라 ㅋㅋㅋ재밌었어요~  
20170106,9,관람객아이들이 좋아해요  추천  
20170106,8,"관람객흥미진진하면서도 마지막에 루돌프가 주인을 찾아갔는데,주인은 다른 고야이를 데려다 놓아서 아이들이 슬퍼하더라구요~ㅠ  "
20170106,10,관람객재밌게 잘봤어요. 일본영화라 그런지 좀 더 편안하게봤어요  
20170106,9,관람객아이들이 재미있어합니다. 감동도있다함니다.  
20170106,8,관람객재미있지만 조금은 지루한감도 있어요 ㅋㅋ  
20170106,9,관람객아이랑봤는데 조금 슬퍼요ㅜㅜ  
20170106,10,관람객아이들하고 잘봣어요 눈물운 안나오드만..ㅋ  
20170105,9,관람객애들과 볼만했어요~~  
20170105,8,관람객아이들과 재밌게 잘봤습니다~  
20170105,10,관람객아이가 너무 재미있게 봤다고 좋아하네요~어른도 꽤 잼있게 본영화~ 방학맞이로 볼만 하네요  
20170105,10,관람객아이들이 울면서 봤다고 하더군요. 너무 재미있었데요~~특히나 고양이 좋아하는 아이들에겐 강추입니다!!  
20170105,7,관람객아이가 감동적이라하네요^^  
20170105,9,"관람객온가족함께 지루하지않고 재미있게 봤답니다.첨에 잔다고했던 남편도 재밌다고 끝까지 보고,17개월 아가도 울지않고 재미있게 잘 보았답니다.  "
20170105,6,그림은 예뻐요.. 아기자기하고 뭔가 가슴 뭉클해지는내용은 내가 순수함이없어진건지 그냥그랬어요...좀 지루했어요  
20170105,7,관람객루돌프와많이있어..  
20170105,9,관람객좋았어요 동생이랑 같이보러 갔는데 동생은 좋았던거 같아요  
20170105,8,관람객7세 아이4명이 봤는데 친구들한테 추천하고 싶다고 하내요  
20170105,7,"관람객재미있고,감동적이네요^^영화잘받습니다.  "
20170105,10,관람객아이들이 재미있게 잘 봤대요  
20170105,9,관람객첨엔 지루한감이 있었는데 시간이 갈수록 집중하게 되었고 딸도 보고나니 잼있었다고 하네요  
20170105,9,"관람객어른이보기에도 재미있어요. 캐릭터자체가 아이들이좋아하는 이미지여서 아이도좋아했구요^^  재미있게, 즐겁게잘봤습니다.  "
20170105,8,관람객엄마가 알고 있는 일본 만화영화 느낌은 아니네요~7살 딸과 함께 봤는데 무섭다고 울고 슬프다고 울고..무서운 영화는 아닌데ㅠ엄마는 가끔씩 지루한 순간도 있었는데 오히려 아이는 잘 보네요~  
20170105,9,관람객애들이  보기 좋은 영화예요  
20170105,7,관람객조금지루하네요 애들은그냥저냥보여줄만해요  
20170105,10,관람객아이와 재미있게 봤어요~감동적이였어요  
20170105,10,관람객감동~감동~^-^  아이가 너무 재밌어했어요^^  
20170105,10,관람객감동도있고 너무 재미있게 봤어요.  
20170105,8,관람객재미잇어요~  많이 잇어가 무슨말인가 햇더니 ㅎㅎ 귀염진 양이들보는재미가 쏠쏠~  
20170105,7,관람객다소 지루한...애니매이션 ㅜ  
20170105,7,관람객아이와 볼만했어요~ 잔잔하니 괜찮아요  
20170105,10,관람객5세 아이와함께 재밌게 봤어요~ 감동도있구요~  
20170105,1,관람객일본 냄새 물씬나는 영화에요.어떤 여자 애들은 보는 내내 귀엽다고 연신말하던데..저희 아이는 '많이 있어'가 나올 때마다 은근 공포스러운 효과음이(스윽 두둥 하는 소리가 계속 남) 무섭데요.그래서 결국 도중에 나왔어요.  
20170105,10,관람객4살 아이가 정말 잘봐요^^ 덕분에 어른인 저도 같이 재미있게 봤ㄴ요^^  
20170105,9,관람객아이들이 신나게 잘봤어요  
20170105,8,관람객아이가 고양이를 좋아해서 재미있게 잘보았습니다. 전 보다가 울어버렸네요. 루돌프와 많이있어의 우정이 감동적입니다.  
20170104,10,관람객아이들이  재미있었다네요~~ 저는 함께하지 못 했지만 아이들이 재밌게 봤다니 좋네요  
20170104,10,관람객아이와 함께 즐겁게 보았습니다. 극장 분위기도 화기애애^^  
20170104,7,관람객겨울방학이라 아이들과 봤어요 루돌프가 어린 루돌프를 만났을땐 눈물났어요 자기 집이아닌 길고양이로 돌아갈때 가슴이 뭉클했습니다  
20170104,8,아이들이 지루해하지않고 잘봤네요 디즈니처럼 빵빵한 ost는 없지만 소소한 감성이 느껴지네요~ 고양이든 사람이든 공부해야됩니다ㅋㅋ  
20170104,6,"관람객캐릭터는 아이들이 좋아할만하나,대사가 유아가 이해하긴 어려운 부분이 있는 듯 합니다  "
20170104,6,관람객첨엔 지루하기만 했네요!ㅜㅜ 끝부분에 루돌프가 집으로갔을때 슬퍼서 살짝눈물도 나고. .  
20170104,10,관람객일본특유의 영상미등. . . 동양적 감성등. . . 재밌네요 예쁘고 ㅎ  
20170104,8,관람객7살 작은 아이가 울고나왔어요ㅎㅎ넘 귀엽고 잼있었어요  
20170104,10,관람객뭔가 뭉클하네요 ㅎㅎ  타이거가 너무 매력적인 캐릭터인듯  
20170104,10,깨달음을 주는 메세지가 담겨있는 영화에요. 재미있고 감동적이기도 하구요. 고양이 좋아하시는 분들은 특히 더 좋아할듯 싶어요. 어른이 보기에도 좋은 영화에요 강추!!  
20170104,8,"관람객8살 아들하고 같이 봤어요.아들이 감성적이라서 너무 쟁미있어하고,슬플때는 눈물짓기도 했네요ㅎ 그림도 이쁘고 볼만한 영화같아요^^  "
20170104,8,관람객10살7살 아들끼리 보았는데 재미있었다고하네요.. 금방끝난 느낌이라고 하니 재미있게 봤나봐요~  
20170104,10,관람객글을 이제 읽기시작한 딸과 함께 처음본 영화인데교훈도 감동도 있는 너무 멋진 영화랍니다!  
20170104,10,관람객재밌었어요. 교훈도 있고 흥미로워요. 어린 남자아이들이 보기에도 지루하지 않습니다.  러닝타임도 긴편이 아니라 딱 재밌게 보고 나왔고 아이들이 즐거워하니 더 만족스럽습니다. 추천하기 좋은 영화에요. 따뜻한 이야기. 특유의 순수함과 귀여움도 공감됩니다.  
20170104,10,"관람객아이들이랑 함께 봤는데 엄마인 내가 감동받은 영화였어요. 재미있기도 했고, 감동도 있고 아이들에게 또 다른 감정을 느끼게 해주던 영화였어요^^  "
20170104,10,관람객재미있었어요~아이들이 좋아했습니대.  
20170104,10,루돌프는 용감했고 많이있어는 멋있었고 부치는 귀여웠다 다 좋았다 이 영화에서 나쁜건 인간밖에 없었다  
20170104,10,관람객일본애니답게 내용과 감정선이  섬세하게 진행되서 아이가 감동의 눈물을 흘렸네요~~아이들에게 책을많이 읽어야한다는 내용을  각인시킨 작품!  
20170104,8,관람객아이들이 보기에 재미있는 영화입니다감동도 있고  의리도 있고  ^^  
20170104,10,일본서 보고옴 최고..  
20170104,9,관람객좋았어요!! 아이가 매우 좋아함  
20170103,10,관람객아이랑 갔는데 진짜 재미있게 봤어요 !!  
20170103,10,관람객애들과 끝까지 자리를 지키며 잘봤네용ㅎ가슴 찡한 부분도 있었는데 그런데로 눈물 꾹 참고 상영 마쳤습니다  
20170103,8,관람객스릴있고 시간가는 줄 모르는 전개는 아니었으나 훈훈하고 기분 좋은 이야기였어요^^아이와 엄마는 즐겁게 봤습니다 ㅎㅎ  
20170103,7,관람객아주 마니 재미있었습니다 중간까지는 ㅎ 뒷부분이 살짝 아쉽긴해요  
20170103,8,전반에  살짝  지루한면도  있지만  후반부로갈수록  감동입니다  6살 아들은  잼있게봤고  전 감동받으며 눈물찔끔했네요  
20170103,8,아이들과 보기에 큰 부담없이 잔잔하고 유익하고 좋은 내용들이네요!  
20170103,8,관람객다섯살 딸과 봤는데 아이에겐 좀 길었나봐요단순한 스토리라 흐뭇하게 볼 수 있는 밝은 만화네요  
20170103,10,관람객아이들과 함께  관람하니  교훈도 되고  즐거웠습니다루돌프도 넘 용감하고 귀엽네요~즐거운 하루였습니다  
20170103,10,관람객아이와 재미있게 잘봤습니다~  
20170103,10,관람객감동.재미 두 가지 모두~~  
20170103,10,관람객아이들이 엄청 좋아했어요. 감동적이기도 하구요~^^  
20170103,10,ㅠㅠ감동이였어요 아이들이너무좋아해요  
20170103,10,관람객너무 재밌게 봤어요눈물 찔끔 감동이었어요^^  
20170103,10,관람객감동적이에요! 딸과함께 재 미있게 잘봤어요  
20170103,8,관람객아이들과 보기 좋은 영화입니다~  
20170103,9,관람객아들둘과함께봤는데요..저는마지막에눈물까지흘리고왔네요~ 화면은참예쁜데완전어린아이들은조금힘들겠어요~  
20170103,10,관람객재밌게잘봤습니다^^  
20170103,8,관람객아이들이 너무너무 재미있게 봤네여~~ 감동도 있고 재미도있고~~ 아이들과 재미있고 좋은시간이였어여~~  ^^  
20170103,8,관람객아이와 함께 보기 좋은 영화~  
20170103,10,관람객작은 고양이인데 글도 배워 가며 자기 목표를 향해노력하는 모습이 너무 보기좋았어요  
20170103,8,관람객뻔한 스토리일 것 같지만예쁜 고양이와 따뜻한 스토리..아이와 보기에도 좋은 영화  
20170103,8,관람객한글배우는 우리딸에게 좋은 자극이 될 영화네요^^ 개인적 취향으로 강아지보다 고양이를 좋아하는것도 딱이고요^^  
20170103,8,관람객큰웃음은 없지만 잔잔하네요  
20170103,10,관람객아이들과 감동적으로 봤어요.감성을 건드리는 아름다운 영화입니다  
20170103,7,관람객아이가 끝까지 재밌게 봤어요 지루할쯤 긴장을 주고 재미도 주고 감동도 있는 좋은영화네용  
20170103,10,관람객애들이 같이 봤어요  애들이  엄청 좋아하구  재밌어요  애들하구 보기좋은거 같아요  
20170103,9,32개월 아들이랑 같이봤는데 집중하고 재밌어하고 저도 끝에 감동적이였어요  
20170103,9,관람객딸이 방학이라 마침 좋아하는 동물이 고양이라..  잼나게 보았습니다. 일본영화의 편견이 있었는데 참 재미있게 보았습니다.  
20170103,10,관람객넘 잘봤습니다. 마지막 부분에서는 어른인저도 약간의 눈물이~~  
20170103,10,관람객아이들이 좋아했어요~연령이 어린 둘째는 무섭다고 했지만 전반적으로 재미있어요  
20170103,10,관람객 맘이 찡해지는 만화~~  눈물남~~ 아이들도 중간중간 눈물난다하고~~  잼있어요~~~^^  
20170103,9,관람객루돌푸가 용기를내서데빌과싸워서이기는장면을보고나서용기를내면은모든게다이루어진다는것을알았다  
20170103,9,관람객너무 재미있네요..애들이 너무 좋아하네요~~~  
20170103,10,관람객초등 유치원 아이 재밌어요~^^  
20170103,8,관람객아이들이 보기 좋은영화에요~어른이 보기에는 뻔하 내용이지만 애들은 재밌게 지루하지않게 잘봤어요  
20170103,10,"관람객감동, 우정,슬픔,행복이 공존하는 영화네요 뭉클하게 잘봤어요  "
20170103,10,관람객조카랑 재밌게 잘봤어~  
20170103,10,관람객재미있어요 감동입니다가족과함께봐도괜찮아요  
20170103,10,"관람객아이들때문에보게된애니지만처음부터끝까지지루하거나시시하지않고재미있게본몇안되는영화중하나인것같아요.디테일하나도너무좋고역시일본애니,하나뵌요아쉽지만ㅠ거기나오는대사를메모까지해둔접니다ㅎ  "
20170103,9,관람객너무 감동적이고 재밌어요..아이들이 보기 좋은내용이예요  
20170103,10,관람객끈기와용기 우정을 배울수있었어요 루돌프가 울때 아이들도 슬프다고 함께울었네요  
20170103,9,관람객재미있었어요 약간 지루한 부분도 있어요  
20170103,2,애니메이션을 좋아하는데 못보는게 많아요..이렇게 오전에 한편만 상영하거든요...애니도 다른 영화들처럼 여러편 상영할수는 없나요....상영을 많이 안해줘서 별하나...  
20170103,7,관람객평범한내용 재미를 주는 포인트가 없네요  
20170103,9,관람객재밋게봣네요지루하지않고..  
20170103,5,관람객잘봤습니다잘봤습니다  
20170103,10,관람객재밌어요가족끼리 보기 좋아요  
20170103,8,관람객이이들이 즐거워 했습니다  
20170103,8,관람객어른들이 보기에도 좋았어요 교훈도 있고 감동도 있궁?ㄷ  
20170103,9,관람객아이들이랑 보기에 유익하네요.재미보다는 감동과 스토리가 좋았습니다  
20170103,8,관람객아이가 재밌게 봤고 좀 슬펐다고 하네요  
20170103,10,관람객감동도 있구 잼있어요  
20170103,8,관람객아이와 재밌게 봤어요~ 교훈도 있고 감동도 있었습니다^^  
20170103,8,조카랑 같이보러갔는데 나만 울었다 ㅋㅋㅋ  
20170103,8,관람객잠깐씩 웃기기도 했지만 조금 지루함을 느꼈어요.생각했던것과는 조금 달랐지만 울딸은 마지막에 슬펐다고하네요  
20170103,5,관람객기대보다 좀 ...그냥저냥 그랬어용  
20170103,4,관람객내용이 좀 이해하기.어려워해서...전 별루였어요  
20170103,9,관람객아들은 잼있다고 하는데 어른들은 좀 지겨웟다능...ㅋㅋ  
20170103,8,관람객재밌게 봤어요. 6살 아이도 함께 :))  
20170103,8,기대없이 아이때문에갔는데 혼자 울었다.ㅋ  
20170102,8,관람객5살아들이 방학이라서 영화봤어요. 고양이가 귀엽네요. 일본애니메이션이고 아이도 쉽게 이해할수 있는  내용이였습니다. 막바지에 조금 지루했는데 나름 감동도 있고 교훈도 있어요. 89분짜리니까 미리 화장실 다녀와서 보게하세요.  
20170102,10,5살딸과 처음으로 본 영화가 너무 감동적이고 재밌어서 더 오래오래 기억에 남을거 같아요~^^5살 딸도 말로 설명하긴 힘들지만 무언가 가슴속이 뭉클했나봐요~^^ 엄마는 눈물 닦느라 바빴습니다^^  
20170102,9,관람객4살아이랑 재밌게 잘 봤어요. 감동도 있고 잔잔한 영화에요.  
20170102,9,관람객아이들과잼있게봤어요^^  
20170102,10,관람객애들과함께 즐겁게 보앗습니다  
20170102,9,관람객아이들이보기에좋은영화예요ㅎㅎ  
20170102,9,관람객감동적인 영화였어요~ㅎ  
20170102,10,관람객아이와 보기 좋은 영화^^  
20170102,9,관람객아들과 함께 봤는데재미 있었어요~^^  
20170102,10,관람객가족들과 재미 있게 잘보고 좀 슬픈부분도 있네요  
20170102,10,관람객아이와 같이보기 좋아요  
20170102,9,관람객한 달을 광고로만 접하다가 드뎌 개봉했다는 소리에  예매를 해서 봤어요. 첨엔  별 기대없이 보다가  고양이 특유의 귀여움과  웃음과 감동이 있어서  다 보고 나서 잘봤다라는 느낌이 들었어요..저희 애기도 다시 보고 싶다고^^  
20170102,8,관람객괜찮은애니엿어요 영화만보면후반대자버리는우리딸 시번엔안자고다봤어요ㅎㅎ  
20170102,8,관람객약간 지루한감이 있었던거 빼고는 나름 여러 교훈과 감동을 준 영화.  
20170102,10,관람객아이들과 재미있게 봤네요^^  
20170102,9,관람객재미도 있고 감동도 있고~~  
20170102,9,관람객아들이랑 같이봤는데 어른이 보기에도 괜찮에요!  
20170102,10,관람객엄청잼있네요 얘들이 완전좋아해요웃기고슬프고 그렇다네요  
20170102,9,관람객애들이 재밌었다고 하네요  
20170102,8,관람객어른인 제가  봐도넘 재밌게 봤답니다  
20170102,10,관람객루돌프와 많이있어의 서로를 생각하는 모습이 보는내내 따뜻한 감동을 주었답니다.아이들과 함께 보기좋은 영화네요~^^*  
20170102,7,어른인 전 중간에 조금 졸았고;;; 6살 남자아이는 잘 보다가 데빌 무섭다고 고개돌렸지만 다 끝나고 넘 슬펐다고 했어요 저도 슬펐지만 음... 솔직히 말하면... 3일전에 본 씽이 더 재미있었어요 ㅠㅠ 아들도 그랬고요;;;;  
20170102,9,관람객7세 남아.집중해서 잘 보네요.지루하지 않네요~엄마도 편안한 맘으로 볼수있어 좋았어요.  
20170102,10,관람객아이들이 너무 좋아하네요..마지막에는 좀 슬펐다면서 감상 소감까지..ㅎㅎ  
20170102,7,관람객애기가고양이를좋아해서 보게된 영화인데~그냥그냥 볼만한..ㅎㅎ  
20170102,10,관람객5살 아이와 보기 좋았어요 용기도 배우고 우정도 느끼고 아이에게 좋은 영화였어요  
20170102,9,관람객좋았어요 감동이 있었어요  
20170102,10,관람객재미있고 감동적입니다~  
20170102,8,관람객네 말도안되는 이야기이긴하지만 나름 감동  
20170102,10,"관람객아들놈5,8살 두녀석이 잘 보앙ㅎ답니다  "
20170102,2,3D? 뭐냐 이건 예고편만 봐도 느껴지는 허접함;  
20170102,10,관람객재미있어요.애들이랑보면 좋아요.조금 슬프기도 하네요.  
20170102,7,관람객아이들은 재미있다며 영화 끝나고 한번 더 보고 싶다고  말을 하더라구요 어른들은 아이들 눈높이에서 보면 잼나게 볼듯요~  
20170102,10,감동적이였습니다. 아이와 같이보려고 예매했었는데 중간중간 눈물을 흘렸네요  
20170102,10,관람객애기들하고 부모님하고 같이봤는데 부모님도 너무좋아하셨어요ㅎㅎ애기들영화는 항상 주무셨는데... 배경음악도 너무 좋았고 중간에 감정이입이되서 살짝슬펐지만 돈아깝다는생각이안들정도로 재미있었어요~ 가족 영화로 적극추천하고싶어요ㅎㅎ  
20170102,4,관람객초등저학년에서 미취학아동이 볼만한 영화같아요많이있어가 다치거나 루돌프가 집을 찾아갔을때 빼고는 그다지 감동도 별로고 오랜만에 포켓몬이랑 해서 재미없는 영화였어요  
20170102,10,지루하다길래 잘 생각하고 생각없이갔다가 너무 훌쩍거리고왔나봐요저는아주 감동적으로봤어요 물론내딸도요  
20170102,10,관람객^^너무 좋았습니다. 영화가 진짜 잼있어요.. 8살 조카랑 이모랑 봤어요... 내용이 알찹니다.  
20170102,10,관람객감동적이고 슬퍼요 재밌습니다.  
20170102,9,관람객요새 너무 자극적인 영상물이 나오는 시점에서잔잔하고 여운이 남는 영화를 보았네요  
20170102,9,관람객나름 잼있네요이름이 ㅎㅎ  
20170102,9,관람객5살 아이랑 재미있게 봤어요~~^^ 감동도 있고 좋았어요~~~  
20170102,9,관람객재미있게 아이랑 잘보았어요  
20170102,7,관람객많이있어와 루돌프의 우정이 감동적이었다크리스마스 내용이 들어갈것같았는데  조금아쉬웠다두마리 다 키울수도 있는데 거부당한것 같아(스스로나왔지만)슬픈듯ㅜ  
20170102,5,관람객아이들이 아주 좋아라햇어여~!자주 봐야겟어여!ㅋ  
20170102,10,관람객그래픽이나 동물캐릭터도 너무 귀엽고 정감이 많이 가는 영화였습니다~이렇게 좋은영화를 아이와 함께할수있어서 좋았습니다  
20170102,10,다섯가족이 보고왔는데아이도 어른도 너무 잼나게봤어요~^^  
20170102,8,관람객아이들이보기에 넘 재미잇네요~~  
20170102,9,관람객재미있고 감동이였어요. 6살 아들도 재미있게 봤고 마지막에 눈물을 또르르 흘렸어요.  
20170102,10,관람객아이가 너무 재밌었데요^^  
20170102,10,관람객9살 남자아이와 봤습니다.100점 만점에 100점을 준다고 하네요 ㅎㅎ저고 정말 재밌게 봤습니다  
20170102,10,관람객9살 딸과 재미있게 봤습니딘  
20170102,9,관람객아이들이 정말좋아해용  
20170102,8,관람객음..7살5살 재미있다고는 하는데  저는 그냥 ㅋ약간지루하네용~  
20170102,8,관람객아이들도 좋아했고 같이 본 어른들도 교훈을 얻을 수 있는 영화였습니다.  
20170102,10,관람객진짜진짜  재밋어요~~잔잔한  감동~~~7살 딸이  슬프다고  눈물흘리는데  저도  감동적이었거든요~~꼭  아이들과 같이   보러가세요  
20170102,7,관람객유아에게좋을듯...  
20170102,9,관람객4살8살이랑봤는데.너무재밌게 잘 봤어요.4살은 끝부분가서는 울었어요. 찡하게 감동이있는 영화였어요.  
20170102,10,개봉관이 너무 적은게 아쉬울 정도예요...  친정엄마댁 갔다가 애들이랑 봤는데...  교훈&감동&재미 모두 잡은 이야기 인것 같습니다  
20170102,10,관람객디즈니 애니메이션과는 또 다른 재미가 있었습니다.고양이가 글자를 안다는 설정이 신선했었습니다  
20170102,10,관람객재미있었습니다~^^  
20170102,9,기대없이 봤는데 아이들도 좋아하고 내용과 영상도 좋았습니다. 추천해드리고싶어요♡  
20170101,7,관람객애들이 좋아하네요ㅋㅋ  
20170101,10,관람객재미있게 잘 봤어요 감사합니다  
20170101,10,관람객재밌어요 완전 ㅋㅋㅋ베0  
20170101,10,오늘 루돌프와많이있어 봤는데... 중간에 많이있어가 죽는줄알고 조마조마해서  심장터질뻔했당ㅠㅠ 오늘은 루돌프와많이있어 봤는데 엄청 좋았당~~1월 몇일에 끝나면 다운로드 해야겠당~~ 언제 끝나나요??  
20170101,10,관람객영화가 넘 재미있어요. 내딸의평가예요  
20170101,10,관람객아이와  재미있게봤어요  
20170101,9,관람객친구가 되었단장면이 기억이 남네요 재미있었어요  
20170101,10,관람객아이가 엄청 재미있어 했고 집중했어요저두 잘 보았어요  
20170101,8,유치하거나 가볍지 않고 재미와 교훈을 두루 갖춘 완성도 높은 작품.  성인들에게 더 추천.  
20170101,10,관람객아이와 함께.가족모두볼수있는 재미있고 유익한 영화네요잘봤습니다  
20170101,7,관람객영화재밌게 봤어요.^^  
20170101,10,관람객아이들이 즐겁고 잼나는 시간을 보냈습니다~♡  
20170101,10,관람객애들이 아주 재밌어합니다  
20170101,10,관람객온 가족이 함께 보고 웃기도 하고 마음까지 따뜻해지는 감동까지 주는 좋은 영화였습니다~^^  
20170101,9,관람객7세3세 아이들과 같이봤는데 괜찮았어요  
20170101,10,관람객생각보다 재밌고 감동적 ㅠㅠ  
20170101,6,관람객아이는 담담한데 제가 많이 울었어요  
20170101,1,일본은 3D 애니메이션 만들면 안될듯... 어째 몇년전  CG를 보는것 같다.  
20170101,10,관람객아이들이 너무 좋아해요.  
20170101,8,관람객굿입니다용ㅎㅎㅎ넘 좋다네요  
20170101,10,관람객재미있습니다가족 모두 즐거운 시간이었습니다.  
20170101,6,관람객아주감동이엇ㅅ읍니다  루돌푸와교양있어해도될것같아요  
20170101,9,관람객5세 아이가 재밌다고 하네요.  
20170101,5,관람객애들보기에는 괜찬네요  
20170101,10,애들이랑 보기에 좋아요.  
20170101,10,관람객아이들보기좋아용ㅋㅋ  
20170101,10,관람객집나감 개고생.ㅋ힘들때 길을 가르쳐주는 친구가 진정한 친구  
20170101,1,관람객아 정말 지루했어요ㅠ5살딸도 지루하다고 울고ㅠ저도 울고싶었다는..부치없었음 어쩔뻔..  
20170101,8,관람객3살짜리 아기랑 봤는데 쫌 지루해하더라구요~~ 전 나름 재밌었습니다^^  
20170101,10,관람객정말 재미있게 봤어요.고양이들에게 배울점(?)도있었고요.^^  
20170101,8,관람객지도가 한국말로 나왔으면 더 좋았을거 같아요  
20170101,9,관람객재밌었어요~^^~ 편히 예매해서 기다리지 않코 잘 봤습니다!!  
20170101,10,관람객댓글에 재미 없다고 해서 기대하지 않고 갔는데최상이였어요  
20170101,7,"초반 지루, 나중엔 감동 많이있어와 루돌프. 데빌이한테 고기 얻으러 간것도 감동  "
20170101,10,관람객웃음과 감동을 한번에~너무 재미있었습니다  
20170101,9,관람객아이들과 보기 좋아요. 고양이들 귀엽고 깜찍하네요  
20170101,10,관람객아이들이 재미있게 보았다네요  
20170101,10,관람객어른과 아이 모두 즐겁게 볼수 있는 애니메이션입니다..저희 가족 너무 재미있게 봤어요..  
20170101,10,리예 배신자ㅜㅠ 길냥이들의 미워하지 마세요  
20170101,7,관람객볼만했어요  마지막엔 슬퍼서 눈물찔끔  
20170101,10,아이들이 보고 너무재미있어하네요 궁금증을 자아내고 생각하면서 스토리를 생각해보면서 영화를보니 너무재미있네요  
20170101,9,관람객너무 재밌고 아이와 너무 감동 있게 봤어요  
20170101,10,관람객재밌어요..재밌어요  
20170101,9,관람객내용도 있고.. 어른인 제가 봐도 감동적인 면이 있었어요~친구들의 우정에 대해 생각해 볼수도 있고~ ^^  
20170101,8,관람객8세 아들과 봤어요..아들도 완전 집중하고 저도 안졸고 재미있게 봤네요^^  
20170101,9,관람객고양이 키우는 사람으로서 무척 재미있네요  
20170101,8,관람객잔잔하고 약간은 슬픈 내용이네요  웃긴 장면없이 차분해서 7살 딸내미는 지루해 하긴 했습니다  
20170101,9,관람객7세 아들은 아주 좋아하네요^^  
20170101,8,관람객고양이들 너무 귀여워요>_< 4살 아들이랑 봤는데 감동적인 장면에서 같이 눈물을 주르륵..ㅎㅎ 아이한테는 약간은 지루할지도 모르겠다 싶었는데 그래도 재미있게 잘 봤어요^^  
20170101,10,저는아줌만데 두번이나 눈물흘렸어요~ 재미도있고 교훈도 있어서 너무 좋은영화였다 생각되네요^^  
20170101,10,생각보다 많은 감동을 주는 내용입니다.  고양이를 기르고 있어서인지 더 감정이입되는 내용도 많고 좋았어요  
20170101,10,관람객감동과 재미가잇는영화 아들이 보고싶다그래서 보러갓는데 제가 더 재밋게 봣네요ㅎㅎ  
20170101,6,관람객조금 지루한감은있었지만 나름 감동도있고 재미있네요  
20170101,9,관람객초2  울아들  냥이를좋아해 보러갔는데 마지막엔 안타까움과  가슴아픔도 잠깐있지만..  감동적이고  잼나게 봤네요~  
20170101,10,관람객아이와 같이 보기 좋았어요 어른도 재미 있게 볼수 있고 아이에개 남는 것도 있고 좋아요  
20170101,9,관람객가족과 함께 간만에 잘 봤습니더.  
20170101,10,관람객ㅈㅗㅎ아요. 재밌어여  
20170101,9,관람객애들이랑 보기 좋았어용  
20170101,10,관람객재밌게 잘 봤어요 아이들이 좋아해요  
20170101,9,관람객감동있게 넘넘 잘봤네요 아이와 함께 새해첫날 기분좋게 시작합니다~적극추천영화예요  
20170101,10,관람객아이들이 많이많이 재미있었다고 합니다. 감동적이었대요^^*  
20170101,10,관람객루돌프 많이있어 ㅎㅎㅎ5살아이와 흥미진진 재미있게 보았어요  
20170101,9,관람객4살조카와 함께 봤는데 유치하지도. 그렇다고 너무 어른스럽지도 않고 너무 좋은영화였어요!!!  
20170101,8,관람객생각했던거랑 다르긴한데 감동도 있고 괜찮아요  
20170101,8,관람객재미나요 훈훈하고조으네요  
20170101,8,관람객새해 첫날 애들이랑 보기 좋은 영화에요  
20170101,10,관람객올해 8살된 딸아이랑 봤는데 엄마손잡고몇번을 울먹이더라구요~감동을 많이주는 영화입니다^^  
20170101,8,관람객쟈밍ㅅ어여 재밍서요  아이들과1ㅘㅅ어요  재미잇네여  
20170101,9,관람객아이가 정말좋아해요~~  
20170101,8,"관람객아이와 보기에 시간도 적당하고,재미있었어요~  "
20170101,10,관람객6살 아들은 영화관에서 만화보면 악당이 나와서 항상 무서워 하는데 이 영화엔 악당이 없네요 야옹이를 좋아해서인지 재미있개 잘 봤어요  
20170101,10,솔직히 초반부는 지루한 감이 있었는데 후반 15분을 위한 영화인것 같아요 스무살 먹고 영화관에서 펑펑 울었다는ㅠㅠㅠ 돈내고 또 볼 의향 있습니다! 어린 아이들은 중간에 살짝 무서워하기도 하더라구요  
20170101,10,세딸과 함께 봤는데 5살막내가 대성통곡을 해서저랑 끌어안고 울었네요.영화끝나고 더심하게울어서 사람들 다 나가고나서야 겨우달래 나왔네요.넘 슬펐어요.뒷내용은 머리에안들어올정도로요...지금도 그장면을 생각하면 눈물이 나네요....  
20161231,10,"관람객5세 아들과 함께 갔는데, 아이도 집중해서 잘 봤지만 전 더욱 즐겁게 잘 봤어요.너무 가슴 따뜻해지는 영화에요. 강추입니다!!!!모든 캐릭터들이 하나같이 다 사랑스러워요.전 또 보고싶어요ㅋㅋ  "
20161231,9,넘 재밌고 눈물 살짝 또 웃고 많이있어 넘 매력적이에요  
20161231,10,재밌어요 !!약간슬프기도했어요 ...  
20161231,10,관람객처음에 제목이 생소해서 이건 무슨 내용인가~~  궁금했었는데  보고나니  정말 괜찮은 내용이더군요~~  스토리도 짜임새있고 각각의 캐릭터들이 정말 생동감있고 사랑스럽더군요^^  꼭 한번 보세요. 요즘 만화영화들은 정말 어른이봐도 재밌는것 같아요~~  
20161231,10,관람객어른이나 아이들 모두 생각하면서 볼 수 있는 괜찬은 영화였습니다~  
20161231,7,관람객괜찮았어요아기도 41갤인데 재미있었다고 얘기해주네요  
20161231,8,관람객우정이 멋지네요..사람들도 착하고..^^  
20161231,8,관람객젬 있습니다~ 고양이 캐릭티 너무 귀여워요  
20161231,8,관람객아이와 보기에 좋은것같아요루돌프 많이있어 화이팃  
20161231,8,관람객약간 슬프고 재밌기도 했어요.  
20161231,8,관람객재미많이있어.아뵤용용.  
20161231,8,관람객아이랑 보기에 좋으네요  
20161231,10,관람객4살6살 아이들과 재밌게봤어요~교육적으로도 내용이 좋았어요.마지막엔 뭉클~조조봤는데 종종 이용하고싶어요~  
20161231,10,관람객아이들과잼나게관람잘했어요.  
20161231,10,관람객오늘 봤는데 너무 재미있어요 애들이나 어른들이봐도 좋을것같아요 기대이상으로 괜찮았어요~~  
20161231,8,관람객아이들이쉽게이해할수있는내용 캐릭터도귀엽네요  
20161231,9,관람객아이가 재밌어 하네요~~  
20161231,10,관람객너무 재밌는 영화였어용  
20161231,10,관람객어른도 재미가 있음너무 우리아들 5세인데 재밌어 하네요^^  
20161231,8,양 귀를 찢어버리고 얼굴에 5차선 도로를 내줄꺼야!!!  
20161231,8,관람객둘은 진정한 가족이 되어다 ^^  
20161231,6,배경은 무척 세밀하고 아름다운데 캐릭터들 눈 크기가 머리크기 넘나 커서 개인적인 호감도 떨어지고 좀 지루함. 개의 캐릭터도 성격 변화가 억지스럽고... 작정하고 의리를 보여주겠다는 것이 느껴져서 거부감.  원작을 한 번 읽어봐야겠음  
20161231,10,관람객재밌게 잘봤어요ㅎㅎㅎ  
20161231,6,관람객캐릭터는 귀여웠으나...전에 본 비슷한 내용이네여.그래도 아이들은 재밌게 봐서 다행입니다.  
20161231,8,관람객아이들은 좋아할만한 영화~^^  
20161231,10,관람객아이와 아주 재미나게 관람했습니다. 물론 아이들 영화다보니 예상가능한 스토리라인이긴 했지만 사랑 우정 배려심등을 듬뿍 느낄수 있는 따뜻한 영화였습니다  
20161231,10,관람객재미있고 웃겼어요.최고였어요  
20161231,8,관람객많이있어 라는 이름이 재미있네요  
20161231,7,관람객조금지루하지만감성을 자극하고  볼만하네요~~  
20161231,9,관람객아이들과 흥미있게 볼 수 있습니다.  
20161231,7,관람객고양이들이 너무 귀엽고..의리있고 감동적이였어요  
20161231,10,관람객아이들이 너무 재미있게 잘 보았네요~~~  
20161231,9,관람객재밌어요~~~~^^  
20161231,9,관람객감동적이고 볼만 했습니다  
20161231,8,관람객아이랑 재미있게 봤어요  
20161231,10,관람객장말재밌었어요 감동적이고 귀여운캐릭터들을 볼수있어 좋았습니다  
20161231,8,관람객6세 딸아이 첨엔 지루해하다가나중엔 슬프다며 눈물한방울 ㅠㅠ조금 지루한감은 있으나 그럭저럭 잼나요^^  
20161231,10,관람객울 막둥이가 넘좋아하네요  
20161231,10,관람객사랑을 끝까지 지키는 고양이에게 사랑이 변하는 인간으로서 미안해지네요^^아이들과 너무 감동적으로 잘봤습니다..일곱살 막내가 영화보면서 '엄마 언제끝나?'하고 물어보지 않은건 이번 '루돌프와 많이 있어'가 처음인듯  합니다^^  
20161231,9,관람객아이가 엄청 재미있어 했어요  
20161231,10,관람객아들보다 제가 더재밋게본듯ㅋㅋ감동도있고 재밌었어요♡  
20161231,8,관람객어른들눈높이에선 늘그렇듯이 미소가지어지는영화입니다 아이는 재미있었다고하네요ㅎ  
20161231,10,관람객good재밌어요!  
20161231,10,관람객아이들과 보기 좋아요 베리굿  
20161231,8,관람객아이들이 재미있어합니다.  
20161231,10,관람객8살 우리아들 울면서 봤네요. ^^ 집에서 키우는 고양이생각하는듯 싶네요.  
20161231,10,관람객우리아이들이 너무재미있게 푹~빠져서 잘보고왔습니당~~^^  
20161231,8,관람객아이들과  보면 재미있어요.  
20161231,8,관람객약간은 여아 취향 인듯해요  
20161231,10,관람객아이와보기에 교훈도 많고 귀여운 케릭터도 좋았습니다. 매우 볼만합니다^^  
20161231,9,관람객감동적인 영화였어요~  
20161231,10,관람객아이도 좋아하고 내용도 좋고 재밌어요!!ㅎ  
20161231,9, 감동적이에요..동물을 넘 사랑하는 우리 딸 엄청 울었답니다ㅠ  
20161231,9,관람객재밌어요.아이들도잼있다고다시보고싶다고하네요^^  
20161231,8,관람객감동과 재미가 동시에 있어요  
20161231,10,3학년 딸과 보러 갔는데 상상도 못했던 감동에 몰래 눈물 훔치느라 혼났습니다. 전 45살 아빠인데요....  
20161231,10,상영관내놔라 이놈들아  
20161231,9,관람객아주 유쾌하게 봤다~~~  
20161231,9,관람객아이와 보기좋아요~ 추천해요!  
20161231,10,관람객추운겨울에 맘이 따뜻해지는 영화~~^^  최고였습니다.  
20161230,9,관람객재밌어요~네살 아들 첫 영화로 선택했는데 아들 영화에 쏙 빠져서 한눈 한번 안팔고 몰입하더라구요루돌프가 울땐 아들도 슬프다고 눈물 뚝~^^주인공들 넘 귀엽고 사랑스럽고...추천 빵빵  
20161230,4,관람객그냥  기대한것보단 좀지루했던거같아요 .그림체는예쁜데..  
20161230,10,관람객눈물나게하는 감동이 있는 애니매이션루돌프와 많이있어의 찐한 우정그리고배워야산다는 메세지까지굿굿  
20161230,10,관람객집고양이 루돌프가 길고양이로 적응하는 과정. 그리고 집으로 돌아가기 위해 노력하는 와중에 많이 있어 에게 걸도 배우고 하는 것들이 참 흥미로웠어요. 애들이랑 같이 보기 참 좋은 영화인듯..  
20161230,1,진짜재미없음 일본특유의 캐릭터중심..캐릭터 설명하는데 80분 다쓴듯 캐릭터가매력적이지도않고 몰입도안됨 대사가 중구난방으로 뭘 이야기할려는지도 모르겠음 솔직히 제작비가아까움 이렇게 대충스토리짤거면 뭐하러 영상미는 넣은건지.. 애기들도 무서워하고 시끄러움  
20161230,10,관람객캐릭터들도 귀엽고 내용도 잔잔하게 좋았어요~^^  
20161230,7,관람객재밌고 메세지도 좋아요. 상영시간이 좀  짧은 느낌은 있지만...  
20161230,10,관람객애들이너무좋아해요루돌프너무귀엽다네요  
20161230,9,관람객재밌어요 애들은 울다웃다 보더라구요~  
20161230,10,관람객재미와 감동까지~잘봤습니다~  
20161230,10,관람객되게 재밌고 감동적인 영화에요  
20161230,9,아이들과 재미있게 보고 왔습니다특히 고양를 좋아해서집중하며 아이들이 봤네요  
20161230,10,관람객고양이 루돌프 겨울방학 맞이해서 아이들이 넘. 재미있게 그리고 감명깊게 잘 봤습니다.  
20161230,9,관람객재미있게 봤어요^^♥♥  
20161230,9,관람객아이도 재미있게 잘 봤지만 엄마도 재미있었어요 애니보고 이렇게눈물이 나다니..  
20161230,8,관람객아들과 보았는데 아들이 잼나게 보고 내용도 좋았어요  
20161230,10,아이와 같이가 보고 왔습니다!교훈적이 내용도 있고 슬프고 재미있고 우리 아이도 좋아하고 정말 잘보고 왔습니다!  
20161230,10,관람객아이가 생각보다 너무 재밌게 잘 보더라구요~^^마지막에 슬프긴했지만 루돌프가 넘 귀엽네요^^  
20161230,9,관람객6살짜리 동생이 정말 재미있게 봤네요~  
20161230,8,관람객8살 아이는 재미있어했어요~^^5살 동생은 이해가 안가는지 지겨워했습니다.!! 감동과 웃음도 있고 아이들과 편하게 볼수있었던 작품이었습니다.  
20161230,10,관람객캐릭터들이 이쁘고 귀여웠고내용도재밌었어요~^^  
20161230,10,관람객우리아이 2이랑 봤는데 둘다 재미있다고 하는군요  
20161230,8,관람객3살 6살 아이들과 함께 잘 봤어요 마지막쯤엔 가슴찡한 장면도 있고 귀여운 고양이 보며 아이들이 너무 좋아했어요  
20161230,10,관람객루돌프와 많이있어 잘봤습니다. 재밌고 다음에도 재미있는영화 많이 만들어주세요  
20161230,7,관람객잔잔한스토리인듯했는데^^5살공주는감동적이였다고마지막에울먹거렸네요~시간은적당했어요ㅡㅂㄱ  
20161230,9,관람객너무너무 재미있었어요^^  
20161230,10,관람객기대했던 아이들과 잼있게 잘봤습니다~  
20161230,10,관람객캐릭터도 귀염과 감동과 재미가 함께 있네요..어른이 봐도 재밌어요..  
20161230,8,관람객동물들이 귀업고 재밌어요  
20161230,10,관람객재미있게잘봤습니다ㅋㅋㅋ  
20161230,9,관람객재미있어요대사가 다소 어려운 부분도 있지만 괜찮습니다  
20161230,10,관람객아이들이 재미있게 잘 봤어요~  
20161230,10,관람객재미있었어요 9세 6세  
20161230,10,관람객아이들이 너무 즐겁게 보았습니다.  
20161230,10,관람객6세아이와 재미있게 봤습니다  
20161230,8,귀여운 고양이가 나와 재미있어요.  아이들이 좋아 하네요. 나름 감동적인 면도 있어요.  
20161230,9,관람객아이가너무재미있어하네요.정말즐겁고유익한시간이었습니다.  
20161230,10,관람객어른들의 감성을 울리는 영화에요. 저는 울고 애들은 왜우냐고 ㅋㅋㅋ  
20161230,10,관람객감동있고 즐거운 영화였어요  
20161230,10,관람객애들이 고양이귀여워하면서 재밌게봤어요^^  
20161230,8,관람객soso...ㅋㅋㅋ  
20161230,10,관람객아이와함께봤는데 감동도있고재미있네요ㅎㅎ  
20161230,9,"관람객우정, 교양, 도전 같이 유익한 소재들을 재미있게그려냈습니다  애들도 어른도 좋았어요^^  "
20161229,8,어른들 보기는 좀 유치하지만.. 그래도 재밌었어요ㅎㅎ 교육적인 내용이 많아요.중간 중간에 조금 지루 하기도 했는지 극장안에 어린 아이들이 집중을 못하고 있더라구요. 그래도 시간이 짧아서 볼만 했어요~  
20161229,8,관람객재미있게 잘봣어요. .  
20161229,1,4살아이랑 보기엔 지루하고. 저두 재미없더라구요.  
20161229,9,요즘 개봉 중인 애니메이션 가운데에서 가장 낫지 않은가.  
20161229,10,관람객내용이 지루하지 않고 잘봤습니다  
20161229,10,관람객감동적이에요^^ 아이와 눈물 흘렸어요ㅠ고양이들도 귀엽고 너무 좋았어요~~  
20161229,5,관람객아이의 입장에선 감동영화지만 저는 전반부에 지루한면이있어 딴짓 하다 후반부부터 집중해서봄감동이있긴한영화 참고로 내 뒷자석 남자아이 펑펑 울더라는...ㅋㅋ  
20161229,8,관람객아이와 함께 봤는데 재밌게봤어요아이도 재밌게봤다고 하네요주인공 고양이가 너무귀여워요  
20161229,10,관람객딸아이와 함께 즐거운 시간이었어요. 루돌프와 많이있어의 우정과 사랑에 아이도 감동받았는지 눈물도 흘리고ㅎㅎ 적극 추천합니다  
20161229,10,귀여운 루돌프와 듬직한 많이있어의 케미가 아주 굿입니다 .!감동이 있습니다.  고양이 친구들 오늘 너네 때문에  행복한 시간이 있었어 ~!!! 애니는 우리의 상상력을 자극시키면서 순수성을 다시 찾아주는것 같다  
20161229,10,관람객재밌어요^^아이들이 너무 재밌게봤어요  
20161229,8,관람객어른들이봐도 좋아요~~  
20161229,8,관람객마음 따뜻해지는 영화네요좀 슬프기도 하공^^~별기대없이 봤는데 잼나게 잘봤어요~  좀 어린애들이 보기엔시선집중하긴 그렇고 점잖은 6.7세부턴 내용도 새기면서 관람하기좋을듯하네요물론 어른들 보기도 괜찮네요^^~  
20161229,9,관람객아이들이 많이 재미 있어 하네요  
20161229,10,관람객아이와 같이 너무 재밌게 보았어요.5살 남자아이도 슬프고 재밌었다고 하네요~  
20161229,7,관람객스토리가 루즈한 편이긴  한데  애들은 재밌다고 함초저학년까지는 재밌을듯  
20161229,10,재밋게 잘 봤어요~~^^  
20161229,7,관람객6살아들하고같이보기좋았어요  캐릭터도좋았고스토리도군더더기없어집중해서잘보더라구요^^아기고양이 루돌프의성장스토리쯤?  
20161229,10,관람객7살 딸아이가 좋아해요~~  
20161229,8,관람객애들이 재밌어하네요^^  
20161229,10,"관람객감동과 재미 둘 다 있네요~ 5살 딸이랑 재미나게 봤어요~말안듣는 5살 딸에게 ""엄마말 안들으면 얼굴에 5차선 왕복도로를 솨샤샥~~"" ㅋㅋㅋ 하고 웃네요  "
20161229,10,관람객아이들 영화인줄 알고 봤는데 은근 감동적이 였습니다 잼나게 잘봤습니다  
20161229,7,"관람객힘든 상황이라도 목표를 이루려고 공부를 하는 주인공이 인상적이었어요. 아파트가 나오지않는 마을도, 고양이에게 공간과 먹을 것을 나눠주는 등장인물들도 보기좋은 장면이었습니다.  "
20161229,10,관람객감동적이욤...아이들과함께..  
20161229,9,관람객아이가 너무 기대하고 기다렸던  영화!!    울딸 완전 조아했어요~~~      살짝 지루해질쯤 한번씩 웃겨주기도하고  긴장감 생기게도 하고...    무서운거 싫어하는 아이한테는 조아요^^    어른들도 잔잔하니 걍 볼만한정도에요~~    괘안아요  
20161229,9,애들하고 같이보기에 좋네요.  
20161229,7,관람객아이들이 잼났다고 하네요~  
20161229,10,관람객정말 재미있어요 정말로  
20161229,8,관람객교훈적인 내용이네요 아이가 재미있어 해요.  
20161229,10,"관람객9,6세 아이들과 봤네요~ 6세 아이는 좀 지루해했지만 9세딸과 전 감동도 있고 마음도 찡했네요~ 좋은 영화였어요~  "
20161229,8,영화는 참 좋은데 아이들이 너무 시끄러웠음.  
20161229,10,관람객너무너무재밌어요..  
20161229,10,"어린이 명작동화를 본것 같은 감동... 감동재미.교육적인 교훈이 있는 너무나 좋은 영화. 지금도 ""많이있어""라는 대사를 생각하면 가슴이 먹먹하네요. 강추입니다  "
20161228,8,감동적이고 성우분들의 연기력이 독보였습니다  
20161228,10,딸이랑 끝까지 재미잇게 봣어요 ㅎ  
20161228,9,한달전부터 기다렸던 아이들과 오늘 보고 왔어요오히려 어른들을 위한 힐링동화였어여평소 애니를 좋아하는 저도 잼있었는데 저희 와이프는 눈물이 났다고 하네요 글구 저희 뒷좌석 애기 엄마도 울었다고 하네요~~  
20161228,10,최곱니다ㅠㅠㅠㅠㅅ용우님 범기님도 최고ㅠㅠ  
20161228,10,용우님범기님너무너무잘생기셨고 영화보면서 5번이상울었어요!!!꿀잼입니당ㅠㅜ  
20161228,10,진짜 재미있어서 오열ㅠㅠ 꺄애애  
20161228,10,완전 재미있고 감동적이고 눈물도 나오는환상적인 영화입니다 남녀노소 함께볼수있는 온가족이 행복한영화이고 가족과 함께 보게되어 더욱 행복한영화입니다!!!!  
20161228,10,루돌프와 많이있어 너무너무 재미있어요 또 보고 싶네요ㅎ  
20161228,10,강추!!! 진짜 짱입니다. 오늘 용우님과 범기님 짱!!! 루돌프는 귀엽고 많이있어는.... 사랑입니다(멋있어요~♥)루돌프와 많이있어 꼭 봐야하는 영화 입니다. 성우님들도 화이팅 루돌프와 많이있어도 화이팅입니다~★  
20161228,10,세상에 루돌프는 너무 귀엽고 많이있어는 정말.. 상남자가 따로없어요ㅠㅜㅜ 어른이들도 재미있게 볼수있어요ㅠㅠ♡  
20161228,10,오늘 많이있어를 보기위해 살아있었어요!!!!ㅜ ㅜ ㅜ ㅜ  
20161228,10,아이와 보기 참 재밋엇어요  
20161228,10,영화가너무너무너뮤재미이쪄쪄영  
20161228,10,재미있게 봤어요  꼭 보시길 추천할게요  
20161228,10,정알 유익하고  재미있었습니다  
20161228,10,재밌었어요 짱 아이들과 많이보세요  
20161228,10,재미있고 너무 귀여워요  
20161228,8,루돌프는 나오지만 산타는 안나오네요~ 그래도 아이들이 너무 재미있어했어요^^  
20161228,9,따뜻하고 재미있는 영화였어요~^^  
20161228,10,아이가 감동으로 눈물을 흐르는 모습에  저도 같이 울었어요  
20161228,10,내용이 감동도 있고 재미있어여  
20161228,10,아이가 너무 보고싶어한 영화 루돌프와 많이있어 너무너무 재미있어요  
20161228,10,교훈적으로 재밌어요  보러가요 고고고  
20161228,9,너무재미있고감동이예요  
20161228,9,아이들과 겨울 방학에 보면 교훈적이고 따뜻한 영화라 추천해요! ^^  
20161228,10,아이와 정말 재미있게. 관람했어요---!!!  
20161228,10,재미있게 보고 갑니다~  
20161228,8,슬프고 재미있는 영화라네요 아이들이~^^  
20161228,10,스토리도 흥미롭고 성우분들 목소리도 너무 좋네요~~  
20161228,10,감동과 재미 두마리토끼를 다잡은 훈훈애니  
20161228,10,굿입니다재미있게봄 추천  
20161228,9,시사회보고나왔는데 너무재밌어요.애들이랑 같이보세요강추  
20161228,10,아이와 잼나게봤어요 대박이네요  
20161228,10,재밌게 봣습니다 대박나세요!  
20161228,10,재미있었어요. 우리나라와 다르게 길냥이에게도 관대하고 좋네요.  
20161228,10,재밌어요 ㅋㅋ 아니가 좋아하네요  
20161228,10,감동적이고 재미있어요  
20161228,10,서로아껴주고  소중함과  삶에대한교육을가르쳐준 영화엿어요~~  
20161228,10,재미와 감동까지 10점이요  
20161228,10,루돌프와 많이있어 감동도 있고 우정도 있고 모험도 있고즐겁게 봤습니다.최고입니다.  
20161228,8,세상을 몰랐던 고양이 친구를 만나  달라지는 모습 누구나 한번쯤 해볼만할듯 합니다  
20161228,9,4살 7살 남매와 너무 재미있게 잘 보았습니다.성우분들 무대인사도 보고 너무 아이들이 좋아하네요~!!감동적이고 연말 따뜻함 가득 채워주는 영화라 너무 감사히 잘보았습니다. 방학 알차게 보내게해주셔서 감사해요!!  
20161228,9,길고양이 이야기를 소재로 재미있게 다루었네요..감동적이고 재미있어요  
20161228,9,재미있고 즐거운 만화 애니 극장에서 고양이가 나오니 좋아요 ^^  
20161228,9,귀여운 고양이들의 미소가 띠는 애니메이션 길고양이들에게 좋은 마음이 생길것같아  
20161228,9,교육적인 내용도있고.아이들과보기.좋은애니라.추천합니다..  
20161228,10,너무너무너무잼있어요  
20161228,8, 감동적인 일본애니메이션~~~대사중에 기억에남는 말:절망은 어리석은자의 결말내게 지금 딱 와닿는말인듯어른에게도 뭔가 배울수있는 쵝오의 감동 애니~~♡  
20161228,6,귀엽고 감동적인 이야기인거 같네요..잘봤습니다  
20161228,8,잼있었어요~아이들이 눈 떼지않고 잘봤어요♡  
20161228,10,딸이랑 보니 재미었어요  
20161228,10,생각보다 아이가 너무 좋아합니다~  
20161228,8,세계여행도 가능하겠군요  
20161228,8,감동도 있고 아이들이 좋아해요. 길고양이들이 귀엽네요. ^^  
20161228,10,재미있고 감동적이네요아이들이랑 잘 봤어요  
20161228,10,재미있어요~ 연말엔 루돌프와 많이있어와 함께!!  
20161228,10,많이있어와 루돌프가 너무 귀여워요!! 보다보면 피식피식 웃게 되요^♡^ 어린아이들과 꼭 오세요!!  
20161228,10,루돌프와 많이있어 사랑스러운 고양이들이네요  
20161228,10,너무  재미있어요~~^^  
20161228,10,가족과 함께 볼 수 는 영화  
20161228,10,너무 재밌게봤어요 홍보 많이 할게요  
20161228,10,너무 재미있어요~~^^  
20161228,10,너무감동적이네요 ㅠㅠ 재밌었어요  
20161228,10,길고양이가 되는 모습에 안타까우면 친구에 대한 우정과 감동이 느껴지는 애니메이션이였어요:)  
20161228,10,재밌었어요~~다음에또보고싶네요  
20161228,10,아이들이 너무너무 좋어했어요 감동적이었구요  꼭 보세요^^  
20161228,10,엉뚱하지만 재밌고 따뜻한 영화였어요~ 재밌었어요!!  
20161228,10,9살 딸이랑봤는데 너무재밌어하네요. 물론 저도 같이 웃고 재밌게 봤어요.  
20161228,9,아이와재미있게봤어요  
20161228,10,어른이 봐도 재미있어요  
20161228,10,가족들이랑 잘보구 갑니다~  
20161228,10,루돌프와 많이있어와의 우정 너무 재미있었어요  
20161228,10,너무재미밌어요. ㅎ 친구라는  이름으로 감동적이였답니다♡♡  
20161228,10,재미있게  잘봤어요  아이들많아서 시끄러울줄알았는데 아이들도 끝까지집중잘하더라구여 ~^^  
20161228,9,재밌었어요. 왜 많이있어인가했는데 ㅋㅌ 더빙은 별로 안좋아하는데 귀엽더라구요. 누구랑 봐도 졸을거같아요  
20161228,10,너무 재미잏어요^^  또보고싶어요  
20161228,10,캐릭터들이 넘 귀여워요★잼납니더^^  
20161228,10,이힛 넘 잼있네요왜 루돌프와 많이있어인지 알아버렸어요ㅋ 아이들과 함께하세요  
20161228,10,고양이 루돌프 너무 귀여웠어요~따뜻한 감동과 슬픔 그리고 재미도 있었어요~아이와 정말 재밌게 봤는데요~겨울방학 영화로 추천하고 싶네요~^^  
20161228,10,올해 최고의 감동적이고 서정적인 애니메이션  
20161228,10,완전 재밌어여 감동이 있는 애니  
20161228,10,아이들과 너무 재밌게 봤어요^^  
20161228,10,재미있고 많이있어 캐릭터정말 멋찌네요~^^  
20161228,8,관람객아이와 재미있게 봤습니다  
20161228,10,재미있어요~~최고예요  
20161228,10,감동있고 아이들이너무나잼있게 봤어요~^^  
20161228,10,아이들이 넘넘 재미있었다고 하더라구요..냥이들 넘 귀여워요~~^^  
20161228,9,관람객아이와 재밌게 봤어요..엔딩이 좀 슬퍼서 아이에게 미안함이 좀 드네요  
20161228,9,루돌프 정말 귀여워요. 많이 있어는 고양이보다 호랑이에 가까운듯ㅋ. 루돌프와 많이있어의 우정이 가슴 훈훈하고 좋았어요. 아이들이 재밌다네요. ^^  
20161228,10,너무너무 재미있게 봤어요~~^^  
20161228,10,고양이들이 너무 귀여워여일본영화라 그래픽도 예뻐요  
20161228,10,아이들이 너무 좋아하네요~~~  
20161228,10,아이들과 재밌게 봤어요 ^^  
20161228,10,아이들이 너무 좋아하네요~  
20161228,10,넘 재미있어요~~~굿  
20161228,10,가족들과 함께 보기 좋은 감동적인  영화에요  
20161228,9,무지완전재밌게봤어요^^  
20161228,10,관람객생각보다재미있엇어요.아이들이랑보기좋아요  
20161228,8,관람객아이랑 같이 볼수 있는 영화  
20161228,7,관람객아이가 잼있게 봤습니다  
20161228,8,관람객아이들과 즐겁게 봤네요  
20161228,9,관람객아이들과 보기 딱 좋네요 ㅎㅎ  
20161228,9,관람객아이들이  보기엔는    ㄸ딱  좋은 영화 임용  
20161228,7,관람객무난한 내용에 잘보았지만 많이 있어가 루돌프를 훈육하는 장면에서 어린아이가 무섭다며 울음을 터트렸네요  영화보고 나와서도 그장면이 충격이었는지 많이있어 무섭다고  하네요  
20161228,10,관람객아이들과 보기 딱좋은  영화네요  교훈적인 내용도 많고 ㅡ7곱살 딸아이가 너무 재미있었다고 하네요 ?  
20161228,8,관람객잼 있네요. 근데 아이가 약간 지루해 합니다  
20161228,5,살짝 지루한감이 있어요 7세는 언제끝나냐고~6세는 몸을 비틀고 9세는 별로라고  
20161228,10,많이있어 카리스마 짱. 길냥이한테 설레기는 또 처음이네.  같이 본 조카는 계속 5차선 왕복 대사 따라 하면서 미친듯이 좋아함 ㅋㅋㅋㅋ  
20161228,9,관람객재밌었어요 코 끝이 찡해지는 감동도 있구요 그런데 6살5살 아이들이 보기엔 좀 영화가 길었나봐요 힘들어 하네요재밌었습니다  
20161228,10,관람객5살 딸아이와 함께 엄마인저도 또 한번 성숙해질수있는영화 재밌게 봤습니다^^*  
20161228,8,관람객6살 딸아이와 봤는데 재밌네요^^  
20161228,8,관람객4살 딸아이가 너무 재밌게 잘봐서 좋았어요 내용도 재밌구 좋은 시간이였네요  
20161228,10,관람객재미있게잘봤어요아이도지루하지않게잘봤어요  
20161228,8,관람객아이들 교육용으로는 좋았으나제가 보기에는 다소 졸렸어요...  
20161228,10,진짜 평점 안남기는 사람인데이거는 힐링용으로 꼭 보시길..굳이 아이 안데리고 가더라도 혼자봐도 좋을 영화에요재밌고 감동적이고..또감동적인..너무재미있게 잘봤습니다. 정말 너무 잘봤어요 감사합니다  
20161228,10,관람객완전 편하게잘보았습니다재미도 있었그감동두~~  
20161228,10,고양이가 자아정체성을 찾아가는 이야기 ! 그리고 마지막 주인 가족의 잔인함에 상처입은 루돌프가 너무 슬펐다 ㅠㅠ  
20161228,10,예고편보고 너무 귀여워서 보고싶은데 상영관이 너무 없다ㅠ 거의 오전 시간대;;  
