0,1,2
20190124,10,라이언필립 때문에 봤다  
20190121,1,ㄹㅇ 주인공 개 발암이네 진짜;;  
20190107,10,너무 재미있던데 대충 킬링타임용으로 즐기기 괜찮음  
20181214,6,적당한 킬링타임용 영화  
20181214,9,모든일엔 댓가가 따르는법...  큰교훈을주는 영화네요~~인생을 쉽게살지맙시다여주가 별로였지만 스토리는나름 괜차났요  
20181214,6,조이킹 많이컸내 .. .  
20181214,10,재밌어요 ^^이기홍씨 난중국사람인줄 ㅋ 한국분이셨네  
20181214,6,킬링타임용으로는 좋을 것 같은데 딱히 킬링 안해도 되는 시간을 써서 보는 바람에 별 삼 드립니다.. 잘걸...  
20181214,1,결말까지 예상가능한 노잼영화  
20181214,2,집에서 불끄고 혼자봤는데도 그닥 여주보다가 암걸릴려는찰라  마지막죽어서 통쾌  
20181214,6,주인공 완전 발암캐... 멍청한인간이 힘을 가지면 끔찍한 일이 일어남을 보여준다.  
20181214,2,여주인공 진짜 왜케싫지? 보는내내  
20181214,6,여주 극발암캐릭터네..  
20181214,10,존나 사춘기년 하나땜시 사람들 다 죽고 암튼 망할 사춘기년이 문제야. 기홍이는 문제없어  
20181214,10,짐 티비서 해준다.. 잼다  
20181214,4,싱크대밑의 찌꺼기 분쇄기에 머리카락이 감겨서 빨려들어가는 장면 뭐임?파이널 데스티네이션 스핀오프(외전)이냐?여주인공 가시나 귀여워서 참는다.라이언 필립은 아빠로 왜 나와?차라리 링컨차를 타는 변호사에서 했던 여성 연쇄살인마 루이스 룰레 역할이 더 나음  
20181207,10,재밌게 봤다~~ 영화는 영화로 봐야 재밌다~  
20181113,8,딱히 무섭지도 징그럽지도 않지만 스토리가 흥미있었음. 결말이야 너무 허무하지도 과하지도 않은 평범하고 뻔한 결말이지만 그렇다고 흥미 떨어뜨리진 않는거 같은데 호불호가 꽤나 갈리네..  
20181019,1,결말이 이렇게 허무한 영화는 본 적이 없다.. 너무 급작스럽게 끝난 기분..  
20181007,1,진짜 1점도 아까움...정말 뻔한 스토리..  
20181005,1,이건 절대로 1점이 아니다. 이걸 보느라 시험공부를 안해서 떨어진 내 점수가 1점이다.  
20181003,6,다소 현실감이 떨어지는 소재였지만 킬링타임용으로는 제격이었다. 영화 '파이널 데스티네이션'을 연상시키는하이틴 스릴러는 역시 언제 보아도 신선하다. 중국제 뮤직박스를 영화의 소재로 설정한것도 흥미있었고이름모를 배우들의 열연 또한 볼만했다. 다만  
20180926,8,가볍게 볼 수 있는 틴에이지 호러물.. 나쁘진 않습니다. 데스티네이션 같은거 좋아하면 재밌게 볼 수 있음..  
20180918,5,여주 졸라 멍청하네.. 숫자 계산도 제대로 못하고 가네..  
20180917,7,딱 7점짜리 영화네요.ㅋㅋ 그럭저럭 나쁘지는 않습니다.  
20180916,8,흥미진진했음! 볼만한 영화.  
20180810,1,이기홍 때문에 참고 보는데 보는 내내 욕 밖에 안 나온다 여자주인공 진짜 개답답해서 한대 치고 싶음 공포영화지만 전혀 1도 안 무섭고 그냥 사람 죽이는 거에만 초점 맞춘 쓰레기 영화.. 사람도 그렇게 흥미롭게 죽지도 않고 이건 뭐 진짜 절대 보지마세요  
20180726,10,엥 이게 호불호가 갈릴만큼 노잼이었나; 재밌었는데.. 좀 기대하고 본 영화인데 기대만큼 재미있었음. 역시 영화는 불끄고 집에서 혼자봐야되는듯. 마지막 결말이 좀 당황스러웠는데 그래도 재밌었음. 이기홍 짱!  
20180719,5,장르를 잘못 분류한듯.... 그냥 저냥 볼만한 틴에이지 무비인듯  
20180710,1,"방금 보고와서 쓴다.첨엔 재밌어보였는데 중후반 갈수록 뻔하게 흘러가고 뻔한사람이 죽고 죽는것도 개뻔하고 이걸 본 시간이 아깝고 열받아서 처음으로 리뷰쓴다 나는 시간이 남아돈다, 얼마나 뻔한지 한번 보자는 사람만 봐라  "
20180625,8,좋아요~^^ 보는동안엔 유치뽕딱 이거모야 하는느낌 들었는데 볼수록 재밌어요 저는 호러 수릴 매냐  
20180530,6,볼꺼없을때 볼만한영화라는 평점들이있길래 시간이나 때우자하고 보게됬는데 대충 어느정도 뻔한결말이였고 주인공때문에 답답함이 턱턱 막힐때도있긴했지만 어느누구라도 다 비슷비슷한 생각과 행동을 취했으리라 싶기도하고 기홍씨가 자주나와서 오히려 더 보고싶기도했다.  
20180528,10,쓸모없는 갑툭튀로 도배하는 공포영화보다 훨씬 나은 영화 거기에 기홍씨 많이 나와서 좋음 ㅋ 그리고 쿠키영상이 시사하는 바가 매우 공감 누구나 원하는 건 있지만 그것에 대한 댓가를 생각하지는 못함 뭐 이 영화의 경우는 극단적이지만 소품도 매우 정성들임  
20180520,4,음...어디가 무섭다는건지 모르겠습니다 ㅋㅋㅋㅋ  
20180516,6,주인공 여자애가 돌대가리  
20180414,1,여주가 죽어서도 민폐임...  
20180405,1,시간이 아까운 영화 그 자체  
20180405,10,2편 나오길ㅎㅎ생각없이 봤는데 넘재밌어요~~~~  
20180401,1,호불호?이기홍팬들이 그렇게 물타기라도 해보고싶은가본데 그냥 최악의영화다. 여주 핵발은케릭인데 소시오패스급이라 시덥잖은소원빌겠다고 주변인들 다죽인다. 소원빌면 주변인죽는거 알면서도 학교에서인기인되게해달라는 소원빌때 그부분이 영화에서 제일무섭더라 소오름;  
20180224,10,여주 소원비는것에 답답했지만저게 내일이면 나라도 안빈다는보장을 못하겠다...암튼 마지막 쿠키영상이 젤 맘에들었슴  
20180218,10,현실적이고 재밌었뜸ㅋㅋ  
20180217,6,꽤 괜찮은 소잰데 스토리와 연출이 많이 빈약했다. 캐릭터들은 너무 어색하고.. 상자의 비밀을 알아가는 과정이 너무 허술하다. 중간중간에는 내가 데이티네이션을 보는건디 위시어폰을 보는건지...  
20180212,8,그냥 뻔한 결말... 1소원 1목숨에 7번째 소원인거 감안하면 충분히 나올 수 있는 결과여서 그다지 반전도 아니었음 볼 거 없을때 보면 좋은 영화  
20180212,10,나름 신선했고 여주가 조금 답답하기도 했지만 충분히 공감은 갔음  
20180212,4,"7가지 소원을 통해 자신의 삶을 바꾸고 싶어하는 10대 소녀의 이야기는 그럭저럭 공감되는 부분들이 있지만, 의도하지 않게 멍청함과 웃음을 유발하는 공포 장면들은 어설프다.  "
20180211,9,볼만한 영화 중 하나다.  
20180209,2,연기들을 너무 못 해서 숨이 막힌다  
20180208,5,킬링 타임~ 하이틴류~  
20180205,8,잘봤어요 이정도믄 괜찬은데평점 너무낮다 진짜루용  
20180128,7,"무서운 소원상자에 관한 이야기이지만, 15세 관람가라서 특별히 잔인한 장면은 없습니다. 결말도 나름 반전이 있고, 그런대로 재밌는 영화 같네요.  "
20180128,9,주인공은 여러개의 평행우주를 경험했고 결국엔 해피엔딩이 아닌가.  
20180128,7,드래그 미 투 헬을 결말을 보고 안타깝다고 생각 했었다. 하지만 이 영화의 결말을 보고는 사이다 100잔 마신 느낌이었다.  
20180128,4,암걸리는 영화 클레멘타인 보고 낳았습니다  
20180126,2,모든게 엉성한  허접영화.  
20180122,4,이게 왜 평점이 높은줄 모르겠네요 유치해요 진짜 잠올뻔..  
20180121,8,해피 데스데이랑 비슷한데 좀 더 재미없음...  
20180121,6,클레어 모레츠 닮아서 봤는데 아쉽네. 내 소원은 내가 말하는대로 모든게 이뤄지는 능력을 달라  
20180120,4,볼만은한데 보다보면 여자주인공이 답답한느낌이들고마지막은 좀 허무한느낌?공포를좋아하시는분들께는 별로 추천하고싶진않아요  
20180120,6,애매하다.. 공포물이라고 하기엔 너무 부족하고..미스터리가 나으려나... 뭔가 상당히 장르가애매한데볼만은했다 킬링타임으론 좋았다  
20180114,1,너무 영화 볼게 없어서 이거 봤는데 B급도 아닌듯. 공포영화라기보다는 하이틴영화에 약간의 스릴러만 들어간 영화?이기홍이 많이 나온다는 장점 외에는 모든 것이 단점이 흠인 영화였음.  
20180112,6,신선한데 여주 개 발암 . 앜 !!!!  
20180109,8,관람객그냥 그럭저럭 볼만함 귀신안나와서좋음  
20180107,2,무섭지도 않고 죽일까 말까 밀당하는게 짜증난다 여주 하는짓땜에 보다가 암걸릴수도있다  
20180106,7,어설프지만. 킬타임 수준은 됨. 반전도 있고. 누구나 한번쯤 생각해보는 7가지 소원은 뭘까?  
20180102,6,관람객공포영화가 다 그렇듯 그냥 무섭기만하지 스토리는..  
20180102,5,중간 중간 굉장히 답답한 주인공의 행동 때문에 미칠 것 같았지만 맨 마지막에 자기가 죽였던 여러 사람들이랑 아빠는 살리고 자기 혼자 죽어서 다행이다라는 생각만 하게 되는 영화 그리고 여러 캐릭터들의 데스 씬들은 거의 다 순 억지밖에 없었다.  
20180102,5,지루하진 않은데 여주 너무 발암;  
20180101,4,소재는 좋은데 연출이 12세 관람가 수준. 여주는 너무 생각도 없고 철도 없다. 찝찝스러위 1시간 보고 더는 못보겠음.  
20171223,1,너무너무너무너무너무너무재미있습니다  
20171217,5,"여주 죄책감 없음, 공포영화라기 보단 찐따의 꿈  "
20171217,1,어슬픈전개. 지루한내용 식상하다  
20171214,5,"어딘가 익숙한 기분. 흥미는 떨어지지만. 여주인공 개짜증나고, 마지막 장면 통쾌함.  "
20171204,6,위시마스터하고 데스티네이션이 섞인 느낌  
20171204,7,익숙한데도 불구하고 궁금해진다  
20171127,8,"스릴+공포+호기심자극, 괜찮은 호러물.  "
20171126,1,여주 너무 멍청해...  
20171120,7,이제 민호가 저 소원 상자 들고 메이즈러너 가서 애들 다 쓸어 버리면 되겠넹....  
20171119,3,친구들이랑 치맥하면서 4500원 주고 봤는데 이거 보자고 한 친구 죽이고 싶었음 ㅎㅎ 인태양 ㅎㅎ  
20171114,8,그냥 조용히 보기는 좋았던 작품...  
20171112,1,진짜 OO재미없음 진짜 기가찬닼ㅋㅋㅋ 최고의 호러무비 ^^ 짱이에용^^ 강추 ^^  
20171110,8,이기홍 서양인들이랑 같이 있어도 전혀 안꿀리고 멋지네.  
20171110,4,여주 못생겼어 진짜.게다가 하는짓도 비호감.. 공포스럽진않다  
20171109,7,공포영환데 전혀 안 무서움.. 그리고 여주 중간부터 개발암 그 자체.. 그래도 재미는 있었음 기홍짱 너무 잘생기고 귀엽고.. 결말은 무한루프인가 싶었는데 내가 생각했던 결말은 아니었음 아무튼 킬링타임용 영화  
20171107,6,킬링타임용으로 적합.공포는 못느끼겠다  
20171105,10,최신공포영화.  나름 괜찮았고. 섬찟했던 영화. 밤에 혼자 보기에는 좀 무서움..암튼 재밌었음.  
20171105,1,꾸벅꾸벅 졸면서 봤다... 평점 조절  
20171104,6,어디선가 본듯한 이야기들의 짜깁기. 마치 구전동화의한부분을 보는듯한 느낌  
20171102,1,"일단 여주 개쳐빻은년이 인싸인척, 이쁜척 하는게 토악질 나오고 주변사람 죽여놓고 지 애미 숨진걸 감성팔이로 피해자 코스프레 하는게 씹역겨웠는데 결말은 괜찮았음^^  "
20171031,5,관람객너무 기대를 해서인가 별로 안무서웠어요  
20171030,8,괜찮았음 특히 하드하지않은게 젤 맘에듬  
20171029,7,뭐그럭저럭~메이즈러너의 민호를보니반가웠음ㅋ  
20171028,8,아무 기대없이 봤는데 만족스러웠던 영화. 갖고 싶은것 많은 철없는 십대가 비는 소원들이 가져오는 사람들의 죽음과 그를 감당하지 못해 극단적 결말에 치닫는 이야기를 무섭지만 살짝은 코믹한 분위기로 잘 그려냈고 사망 시퀀스의 서스펜스가 꽤나 좋았다.  
20171028,2,응 시간개아까움. 연출도졸라 지루하고 뒤로갈수록 별로 기대가안됨. 개연성 1도없고 여주는 못생겼고 조연들 연기는 서프라이즈급  
20171027,3,제임스완의 촬영감독으로만 남았어야지 왜 연출을 하니!애나벨 연출할때부터 알아봤지만 이건 더 졸작이잖아!그냥 카메라감독으로 남아줘라 아무리 애써도 당신은 제임스완이 못된다. 좋은 소재로 이렇게밖에 연출못하다니..감독의 역량이 얼마나 중요한지 알게해준다.  
20171025,8,데스티네이션 보는것 같았음.. 볼만은 한데..먼가 아쉽네요  
20171024,5,죽음(불행)을 불러온 뮤직박스 그리고 멜로디소재는 좀 흥미로운데 전개는 예상했던 것보다는 그리 공포스럽거나 스릴이 느껴지진 않았던...  
20171024,10,관람객먼가..살짝 아쉽지만 나름 볼만했던 영화.  
20171023,5,마지막에 왜죽은걸까여 이해가안돼요  
20171022,1,감독은 호러의 개념부터.  
20171022,9,애나벨보다 훨~ 잼있네~~!!!  
20171022,1,빡대갈ㅋㅋㅋ 7개빌면 죽는데 과거로 돌아간다고 안뒤지겟냐  
20171021,6,킬링타임용 심심풀이용으로 괜찮음. 다만 클리셰 덩어리  
20171021,3,하이틴 공포는 이제 유치하고 너무 뻔해서 못 보겠다  
20171021,3,소재부터....이럴수가  
20171020,2,마지막 장면 덕분에 +1  
20171020,8,20년전 미국 tv시리즈에서 봤던 흔한 내용  
20171020,2,오글거리게 유치한 졸작.  여주인공 캐릭터뿐 아니라 심지어 외모까지도 비호감이라 몰입 더 안됨 ㅋㅋ  레오네티 이 양반은  애나벨도 그렇고 공포 연출 재능이 없는듯.   샌드버그 (애나벨2 감독) 님에게 가서 좀 배우고 오도록~~  
20171019,4,서토 물건 불패 영화 같다. 서토 물건 쓰면 불행이 온다  
20171019,6,빠른전개 좋았다 나라고 해도 멈출수 있었을까??  
20171019,4,"절대 저주없이 소원을 100개로 늘려주고 이후 내 영혼도 걍 나두고 넌 세상에서 없어지렴,, 멍청한 여주  "
20171018,6,"투문정션, 트윈픽스에서 그 아름다웠던 세를린펜이 음식물찌꺼기 분쇄기에 머리가 걸려 유명을 달리하는 안타까운 옆집 할머니 역을 하다니..  "
20171018,7,데스티네이션 느낌도 나고 뭔가 유치하지만 흥미로운 영화 학생들도 보기 좋을 만한 이런식의 공포도 난 좋음.. 뭐랄까 약간 몸에 안 좋은 패스트푸드가 집밥보다 더 맛있는... 아빠가 라이언필립인거 후반부에 알았다.. 많이 늙었네  
20171018,6,"이영화에서 가장 몰입이 안되는건 여주가 그리 착하지도, 똑똑하지도, 예뻐보이지도 않는다는것이다... 그래도 현실에 만족하고 살라는 교훈은 있어 그런대로 나쁘지만은 않다.  "
20171018,1,이거보고 농담아니라 여자친구랑 헤어졌어요.  
20171018,3,주인공 여자애 진짜 너무 이기적이네..정황상 자신때문에 사람이 죽어간다는걸 저능아라도 알만한 상황인데끝까지 제 욕심만 채우려고...  
20171018,5,전형적인 10대 하이틴 b급 공포물....   공포영화 많이 본 사람이라면 굳이 볼 필요없다..  그다지 흥미롭지도 않을 테니까..  
20171018,6,관람객그냥 그럭저럭.. 무섭진않고  
20171018,6,주인공 좀 예쁜 애로 좀 쓰지... 쩝. 영화는 킬타용으로 괜찮음.  
20171017,3,미국영화 보면서 연기력에 대해 전혀 생각해본적 없었는데이영화보고 연기드럽게 못하네 라고 생각이 들었다 ㅋ더 무서운건 혹시나 이 영화가 시리즈물로 나오는게 아닐까하는생각이.. 아 내 시간 아까워  
20171017,7,전형적인 b급영화 킬링타임으로 괜찮음 기대하고 보진말길  
20171017,7,"내용 뻔함, 공포감 쏘쏘, 재미는 볼만함, 여주는 바보?  "
20171017,10,관람객생각보다잼남. 짧음.  
20171017,6,여주 귀엽고요. 남주 메이즈러너. 15금이라 공포영화 아니고요!! 파이널 데스티네이션 느낌이지만 그보다는 부족하고요. 분명 본거 같은 느낌은 느낌인가요? 리메이크 인가요? 19금이였다면 점수 더 주겠지만 아쉽네요.  
20171017,1,이게 반전이냐? 누가봐도 알겠는데 결말  
20171017,6,"섹시한 주인공도, 크게 잔인하거나 소스라치는 장면도, 굉장히 신선한 연출이나 반전도 없지만, 크게 흠 잡을 것 없는 이야기와 호기심과 긴장감의 적절한 조율이 꽤 높은 수준의 몰입감을 선사하는 아기자기한 공포 영화. 심심할 때 한 번 볼 만하다.  "
20171017,10,이런 천조국 영화에 댓글알바가 있나? 방금 봤는데 준수함 공포영화는 모조리 찾아보는 사람으로써 한마디 하자면 무섭다기보단 인과를 보면서 가볍게 보기 재밌음 데스티네이션 같은 느낌도 나고 1점 주면서 욕하는건 취향차이일듯  
20171017,1,장르를 드라마로 소개해야할 듯  
20171016,4,"영화가 실망스러운 것보다 라이언 필립의 망가진 모습이 더 슬프다. ㅠ,.ㅜ  "
20171016,7,누구나 알수있는 줄거리 결말이지만 나쁘지 않아요그냥 킬링타임용으로 적당한 영화 적극추천은 아니지만본다면 나쁘지않은 영화라고 말씀드리릴수있습니다  
20171016,7,파이널 데스티네이션 비슷한 식상한 소재지만 흥미롭게 만들었다.  
20171016,7,찐따주인공의 끝을 보여주다  
20171016,7,여주인공 호감도가 떨어지고...이기홍은 연기 공부 좀 더 해야될 듯~ 영화는 볼 만했음  
20171016,6,애나벨2보고 재밌어서 이거 봣는데 애나벨2보다는 재미 없음. 그냥 저냥 볼만한데 주인공 여자 극혐임. 보면서 주인공 빨리 OOO 빈 영화는 이게 처음임;;  
20171016,7,볼만하면서도 지루한 공포영화.  
20171016,7,"엄마의 자살후 넝마주이가 된 아빠가 상자를 줏어온다. 소원을 7개 들어준다 적혀있어 시험하니 진짜 이루어지고, 조사 해보니 소원은 피의 댓가와 7개 다쓴후 영혼을 가져간다 한다. 결국 모든 죽음이 상자때문임을 알고 마지막소원으로 시간을 되돌리고 죽는다  "
20171016,8,굉장히 재밌게 봤습니다. 나라면 어떤소원을 빌까하고....라이언필립 많이 늙으셔도 멋있네..  
20171016,9,막장이지만 재미있는건 어쩔수 없네 나또한 욕망이 없는 인간이 아니란 얘기겠지  
20171016,5,공포물로 보기에는 많이 부족하고 미스테리 정도로 생각하고 보면 그나마 볼만한듯..  
20171016,7,아주 무난하게 볼만하다 근데 공포...인가?  
20171016,7,꽁짜는 없다는 좋은 교훈을 주는 영화청소년들에게도 추천함  
20171015,7,나름 볼만은 했는데 된장년의 최후...  
20171015,7,자극적인걸 찾는분은 비추천이 많을겁니다.  제취향임^^ 킬링타임용으로 제격이고 볼만합니다  
20171015,2,평점 믿고봤다가ㅡㅡ 공포아님 귀신은 안나오고 사람죽는거만 나오다가 끝남  
20171015,4,무난한 호러물~ 타입슬립까지 해내는 상자~  
20171015,4,그렇게 펑펑쓰다가 그 꼴날줄 알았지  
20171015,2,제 소원은 이 영화 보기전으로 돌아가는것입니다. 당장요  
20171015,1,알바가 아니라 저 한국애 빠순이 애들이 평점 높게 준듯.  
20171015,7,나름 볼만하다. 간혹 잔인한 장면도 나와줘서 지루하지않고 내용전개가 물흐르듯 이어져 괜찮았다.  
20171015,5,스토리 별로고  무서운장면도 없는 영화 실망이다..  
20171015,1,속지마세요 진짜 재미없고요 여자 주인공 패죽이고싶어요  
20171015,5,멍청하면 죽는다는 교훈을 주는 영화.  
20171015,6,혼자서라도 영화관 찾는 호러매니아에게라면 욕 입빠이 먹을테지만 평범한 관객에게라면 동반인과 함께 볼만한 적당히 라이트하고 적당히 무서운 호러물. 그래도 어떻게든 제휴할인은 받아야 본전 생각이 안 날 것임은 확정이지만.  
20171015,4,주인을 잘 못 만나니 식상한 괴담 수준일 뿐  
20171015,10,저 상자 필구다!!! 갖고싶다 !!  
20171014,7,볼 만 합니다.킬링타임용으로 추천.  
20171014,8,재밌었음 아주 아주 많이  
20171014,6,"멍청한 메갈냔의 최후가 어떤건지 제대로 보여준영화,,  "
20171014,10,굿굿굿 ~!!! 왠지 감독이 후속편까지 염두한듯 ... 나왔음좋겠다!! 갠적으론 꽤괜찮은 스토리라  나올꺼같음^^  
20171014,10,재미있게 봤다. 끝을 좀 다르게 했으면 어땠을까 하는 생각도 든다.  
20171013,5,데스티네이션이랑 흡사~ 소원있고 없고 차이뿐  
20171013,2,김치년덜 영화보여줬음 팝콘 정도는 니덜이 사도 돼지 않컸니? 오늘도 뻐카하나만 달랑 없는 슴가 달랑 거리는거마냥 달랑달랑 쳐들고 다니는거?  
20171013,9,재밌기만하고만 왜들 난리 평점에 ㄹㅇ재미 없다는 평 보고 고민 많이했는데 호러물 매니아라 재미없어도 가벼운 마음으로 별 기대없이 봤는데 스토리도 마음에 들었고 나름 반전도 있고 보는 내내 몰입감 쩔었음  
20171013,2,기홍이도 딱히 작품 보는 눈은 없는듯  
20171012,7,조이킹은 귀엽고 이기홍은 풋풋하다 부담없이 볼수있는 공포영화  
20171009,4,어릴때 비디오대여점에 일단 들어가긴 했는데 진짜 볼만한 게 없어서 고민하다 억지로 집어온 그런 느낌의 영화다.  
20171001,6,"THE  FINAL DESTINATION  mix  호러 영화.   중국산 소원박스로 인해 소원이 이루어질때마다  주변사람이 다 죽어나감, 뻔한 소재지만 각 장면마다 상당히 긴장감 넘침 다만 주인공이 cute하다는 이야길 듣고 어이가 없었네요..ㅎㅎㅎ  "
20171001,10,꽤 잘만들었네요ㅎ 굳굳  
20170928,10,호불호가 심한데 까다롭지 않은 나는 그냥 재밌게봤음  
20170908,8,관람객추천하고싶은 영화!!!!  
20170827,7,관람객생각보다 많이 안 무서웟어요  
20170823,5,관람객생각보다 뻔하고 안무서움  
20170821,4,관람객그냥 그럼10자10자  
20170819,6,관람객그럭저럭 재미나게 봤습니다  
20170818,4,관람객별로였어요....ㅠ  
20170812,4,관람객그냥그래요하나도 아무서워요  
20170811,8,관람객하이틴 무비!! 그런대로 볼만함.  
20170811,8,관람객진짜 사람들이 다양하게 죽는다....마지막에 반전  
20170810,8,관람객생각보다 꽤 나쁘지 않았던 영화인거 같고 그렇다고 괜찮네 하는 영화는 또 아닌거같다  
20170810,4,"C급 하이틴과 C급 공포가  만나 B급 코미디가 되는 기적, 위시어폰과 함께 합니다..  "
20170809,9,관람객생각보다스토리가탄탄했다  
20170809,7,관람객재밌어요~~!!!!  
20170808,1,관람객500포인트 받을꼬당  
20170808,8,관람객나름 재밌게 봤는뎅..ㅋㅋㅋㅋ 굿!  
20170808,8,관람객욕심은너무무서운것..  
20170805,6,관람객..보시면 알게됩나다  
20170805,10,관람객무서운데 재밋어요 근데 데스티네이션 보는느낌 ㅎㅎ  
20170805,1,아 미개하네 한국배우 나왔다고 점수 엄청 주는거봐라. 아이엠디비 평점 4.7이다. 즉 한국에선 저 배우 안나왔으면 욕 엄청 먹었을 영화란거지  
20170804,10,관람객아주아주 신선하고 무서움  
20170804,7,관람객재밋었오용 와오아아앙  
20170803,8,관람객버려진 물건을 함부로 손대지마라~~~무섭땅~~  
20170803,9,관람객마지막은소보름 은근집중해서봣네요.  
20170803,9,관람객빠른 전개! 시간 때 우기 좋음!  
20170803,8,여자주인공극혐인데ㅋㅋㅋㅋ재밌게잘봤습니다  
20170802,8,이기홍 때문에 봤는데 많이 무섭지도 지루하지도 않았음 ㅋㅋㅋ 결말이 좀 아쉽  
20170802,9,관람객러닝타임도 짧고 오락영화로 딱 괜츈. 사건이 계속 일어나서 지루하지 않고 재미있게 봤는데 결말이 살짝 당황 스럽네요 하하하 기홍이의 쿠키 영상이 있다는 ㅋㅋㅋ  
20170802,9,관람객ㅋㅋ 클레어가 뮤직박스 막 쥐고 있을 때 겁네 공감 100% ㅋㅋㅋㅋ 막 무섭진 않은데 나름 잼남  
20170802,9,관람객너무 무섭지 않게 만든게 좀더 스토리와 주인공의 감정에 이입할 수 있도록 한 것 같아서 괜찮았다. 답답하면서도 주인공의 생각이 이해가 되는 인간적인 영화인 것 같았다.  
20170801,4,관람객기대보다 별로 그냥 배우들의 연기만 좋았지 스토리는 최악  
20170801,1,관람객재미없어요 보지 마세요  
20170801,1,관람객재미가 더럽게 없어요.... ㅜㅜ  
20170801,9,볼만했어요. 좀만 더 무섭게 만들수도 있었을거같긴 한데... 쨌든 볼만합니다!!  
20170801,8,그냥 적당히 주고싶다..  
20170731,10,엄청 무섭지도 않고 적당히 무섭고 딱 좋았습니다.  
20170731,2,관람객돈 아까워 죽겠음 걍 ㄹㅇ 영화 보기 전으로 돌아가게 해 달라고 상자한테 소원 빌고 싶다  
20170731,10,관람객재밋어요 가끔씩 놀라는 장면도 나오고  
20170731,8,관람객재미없어요 예고편이 영화의 절반임  
20170731,10,볼만하고 재밌는 영화였어요!  
20170730,6,뻔한공포에 뻔한 줄거리 그냥 노멀합니다.  
20170730,7,관람객생각보다 안무섭고 너무 뻔함  
20170729,10,잔인한 부분에서 딱 끊어줘서 오히려 좋았음 되게 긴장되고 재밌는데 상영관이 별로 없어서 실망  
20170729,7,관람객그냥 킬림타임용으로 ㄱㅊ음 조금 무섭기도 하고  
20170729,8,생각보다 무섭진 않았지만 스토리가 흥미로웠어요  
20170729,8,관람객끝이좀 허무하긴하지만 볼만함!  
20170728,6,관람객재미잇게봣습니다.무섭기도하고  
20170728,6,관람객저는 재밌게 봤는데 같이 보신분은 별로라고 하셨어요. 호불호가 갈리는 편인거 같네요.  
20170728,2,"기대했던무서움관달랐던영화.영화 끝자락으로갈수록답답해짐.그리고끝나면고구마100개먹은듯한 답답함과허무함이밀려옴.그리고 맨끝에 매우 예상가능하고 뻔한얘기를넣어놓음.만원주고이영화보기는시간대비돈이아까움.살짝의공포를즐기고싶다면봐도상관없지만, 가능한보지않는것을추천  "
20170728,10,관람객막그렇게 재미잇진않은데 깜짝깜짝놀라요  
20170728,9,관람객볼만했습니다그럭저럭무섭고  
20170728,8,평가를 하는건 안좋다고배웠지만그냥 너무완벽하고 깔끔한데..뭔가없어요 재미가 있는거같기도하면서 없기도하면서 군더더기 하나없고 찝찝한거 하나없어요 근데 그게없어요 그게 말로 표현할수없는 그거  
20170728,10,으  기홍이형나오네 .. 무서운거좋아해서 볼려는데 재밌을까  
20170728,8,관람객하나를 얻으면 하나를 잃고 결국 계속 갈망하다 마지막엔 파멸이라는 말이 숨겨진듯  
20170728,10,댓가가 아니라.. 대가  
20170728,10,옛날 tv 에서 본 환상특급이 생각나네요...ㅋㅋㅋ~~~ 그리고 영화 헬 레이저 공포 영화가 얼핏 비슷하네요... 잘 봤습니다...  
20170727,10,상영을 하는 곳이 있어야 보든가 하지;;;나쁜 놈들아  
20170727,3,관람객뭔가웃기고 희한합니다  
20170727,6,관람객집에서 무료할때 보기 좋은 영화 ㅎㅎㅎ 결말이 생각보다 좋네요  
20170727,1,이거 개봉한 날에 친구들끼리 보러갔는데 진심 영화 끝나자마자 영화관에 있던 사람들 다 뭐야 이러면서 욕함 ㅎㅎ 애들끼리 나오면서 영화값 날려서 개빡쳤음 ㅎㅎ 참고로 나는 무서운영화 못보는 사람인데도 눈 다뜨고봄  
20170727,6,관람객킬링타임으로 적절한 영화 그 이상도 이하도 아니다  
20170727,9,관람객너무재밌게봤습니다 굿  
20170727,10,관람객ㅎㅎ 의외로 잼씀. 엄마랑 손잡고 잼께 봤어요. ㅎㅎ  
20170727,9,관람객완전 재미있엇요 시간가는줄 몰랏네 ㅎㅎㅎ  
20170727,4,실 관람객임 ㅋㅋ 이거 볼 바에 몇 달 전에 개봉한 7번째 내가 죽던 날 보세요 ㅎㅎ쿠키영상 못 봐서 그런가 리얼 떡밥 줘놓고 안 풀린 것도 좀 있었음 다만 공포영화 초심자정도는 볼만함 수위가 그리 안 높음 딱 그정도임  
20170727,6,ㅋㅋ기대 안하고 보면 볼만합니당 진짜 딱 5~6점짜리 영화에여 ㅇㅇ  
20170726,10,관람객굿 재미있었어요 나에게도 저런상자가 생긴다면 소원빌수있을까  
20170726,7,"관람객그냥 청소년공포영화인데 무섭다기보단 잔인했어요 별로그냥,,,어이가없어요ㅠㅠ  "
20170726,6,무섭지  않은 것 같다. 잔인하고 소리가 커서 깜짝 깜짝 놀람  공짜란 건 없다는 걸 알려준  것 같다.  
20170726,8,관람객시간가는줄 모르고 봤네용|  
20170726,1,스샷만봐도 씹망스멜ㅌ  
20170726,8,관람객재밌게 잘 봤네요.  
20170726,1,응아니야 돌아가~~영화보기전으로 돌아가버려~~!  
20170726,6,관람객그냥 무난함. 딱히 지인들에게 추천하고 싶은 영화는 아님. 공포영화 좋아해서 개봉하면 찾아서 보러다니는데 공포영화 못보는 사람도 볼 정도...공포매니아라면 비추함.그냥 조금 있으면 애나벨이나 장산범 개봉하니까 그 영화나 기대하면서 기다리는게 이득일듯  
20170726,9,호불호가 갈리는거 같은데 댓글알바 아니고 제가 제대로된 평점 남길게요.저도 무서운거 잘보는 편이고 컨저링1이후에 괜찮은 공포영화는 없었다고 생각했는데 이 영화가 최근본 영화중에 제일 재밌고 은근 무섭습니다 앞에 내용이 예상은 가지만 스릴감 있네요  
20170726,10,재밌어요! 막 무섭진 않고 내용이 재밌네요! 보는내내 긴장도 되고 추천해요!  
20170726,1,삼류 소재와 시나리오를 적절히 사용! 불필요한 아시아 소재 사용과 이를 제대로 다루지도 못했고 나름대로 아시아인 바라보는 시각이 어떤지 알 수 있었음. 더불어 시나리오 고삐리가 써도 이것보다 나을 듯  
20170726,3,완전 허접하고 허무하고 노잼이요 집에서 봤으면 중간에 껏을 겁니다스토리 뻔하고 결말도 뻔하고 재미없고 나갈 때 다들 이게 뭐지..이러고 나갔어요이거말고 다른거 보세요 그냥 정말 킬링타임용입니다.  
20170726,8,그런대로 볼만했음ㅎㅎ  
20170725,6,시간 때우기 용이에요. 그리고 스토리 예상가능함.  
20170725,8,재밌었음 베드엔딩이라 더 재밌었네여 ㅋㅋ  
20170725,10,이 영화 엔딩이 깔끔하다고 한 자칭 평론가들은 다 쓰레기놈들이다. 지들이 허무해서 남들도 겪어보란 식으로 평점을 남긴 게 분명하다. 그러는 나도 평점 10점을 갈겨놓고 있다.  
20170725,10,기홍이 보는맛에 봤다고 하는 애들 전부 다 뚝배기 깨버려야한다.  
20170725,9,그러니까 결국엔 무언가에 힘을 빌리지말고 나 스스로 살아가라 뭐 그런 뜻 아닐까?  
20170725,8,누구나 한번쯤 생각해봤을듯한 소원들 그리고 그 소원에 따르는 댓가...음 생각보다 많이 무섭지않았어요 너무 긴장안하셔도될듯 ㅎ  
20170725,7,"워낙 공포 마니아라 기대 1없이 그날의 심야영화로 볼만 단, 여주 정신 못차리고 멜로디상자에 무분별하게 소원 빌때부터 암유발 올라오면서 몰입도급감.. 제작진 감독빨 광고라 치기엔 컨져링 못견주는 부족한영화, 데스티네이션 오버랩 정도. 단,남주의매력  "
20170725,6,오늘 조조로 봤는데  극장안에 아무도 없이 혼자서 봤는데 조금은 무서웠음.  
20170725,10,관람객공포영화라기엔 무섭지는 않지만 이기홍때문에 봤는데 스토리도 꽤 괜찮음ㅋ  
20170725,9,관람객고2여자인데 저는 재밌었습니다 소리가 너무 무서워서 힘들었어요 그리고 정말 무섭게 죽더군요 무섭고 재밌었습니다 추천하지만 각자 무서움의 정도가 다르게 느껴질 수 있으니 알아서 보세요 그래도 추천합니다 사실 좀 아무말 대잔치같아요 아무튼 보세요  
20170725,10,"공포영화치곤 그렇게 공포스럽지않고, 스토리가 소름돋게 전개되서더좋은거같다. 죽는게 특히 신기하게 죽어서 소름돋았음...  "
20170725,7,관람객그냥저냥 볼만해요. 킬링용  
20170725,1,이거 영화아님ㅋㅋ 주인공 설정이며 스토리 하나같이 쓰레기  
20170725,3,영화가쓰렉이네요ㅎ  
20170725,8,뻔하지만 볼만한영화너무 무섭거나 잔인하지않아서 좋았다  
20170725,8,컨저링과 비교하기엔 그렇지만 충분히 15세 관람가로서는 최선을 다한영화였습니다. 마지막에 점점붕괴되는 여주연기도 꽤 훌륭했구요. 개봉한지 일주일도 안되서 조조로 8시아니면 오후11시에만 시간표를 잡아놓을정도의 영화는 아니라 안타깝네요ㅠ  
20170725,1,영화 리얼 보고나서 다음영화로 이거봤다 18000원 날리는중이다  
20170725,8,"외국 영화 자막에 ""이거 실화냐?"" 라는 자막 떳을때 데드풀 번역가가 생각났었는데 맞았다 그리고 여주랑 남주 13살 차이 실화냐?  "
20170725,10,팝콘은 잘 들어가구요 ㅋㅋ 정말 처음부터 끝까지 예상되는 뻔한 스토리이구요. 내용도 정확하게 제가 꿰뚫더라구요 ㅋㅋ 뻔하지만 신선한 소재로 ㄹㅇ 브금 캐리 했습니다. 진짜 재밌어요 ㅋㅋ 집 가는 길에 친구랑 영화 얘기 엄청했어요..  
20170725,1,공포영화를 보다가 졸립긴 처음이네요  
20170725,4,관람객너무 뻔한? 식상했네요  
20170725,2,공포영화를 못보는편인데요... 이영화는 정말추천드리고싶지 않습니다. 이영화를 정보고싶으시다면 메인광고를 보시면 다본것입니다ㅜㅜ 악령이 나와 깜짝깜짝 놀래킬줄 알았는데 전혀 없더라구요ㅎㅎ 그냥 비추입니다 47m가 더무서운듯해요 ...  
20170724,1,"리얼 아무말대잔치에 개연성없이 분위기조성차 천둥번개 치는거 너무티나고, 수도꼭지랑 음식물처리기뭐라할말없고 이건뭐..이기홍은 몇장면 나오지도않고,,대사는또 왜 그런지..여자주인공은 발암물질1호,쿠키영상도 발암물질2호. 특가로 표사서봤는데 정가였으면울었다  "
20170724,7,"관람객글 쎄요, 소원상자라는 설정은 흥미를  끌기에 충분했으나 끝이 너무 뻔하달까요 ,,, 저는 결말이 너무너무 아쉬워서 ㅜㅜㅜㅜ  전체적으로 좀 별로였어요  "
20170724,2,나무 뻔한 결말과 스토리. 파이널 데스티네이션과 어설픈 틴에이지 영화의 잘못된 만남.  
20170724,4,관람객재미는 없는거같아ㅋㅋ  
20170724,10,전설의 호러+스릴러+고어=데스티네이션 1편의 귀환입니다!!!  
20170724,1," 댓글알바에 낚이는 거 오랜만이다 돈,시간 버리려면 추천! ㅎㅎ 기대 안하고 봐도 재미없음! 여주가 초딩바보임. 각본은 무섭다 무서워 무서워!인가 그 책보다 수준이 낮고 반전..은 있음 끝까지 재미가 없다는게 반전임.  "
20170724,1,시간도 돈도 아까움 덩캐르트인가 그거보셈  
20170724,6,쉽게 얻을 수 있는 행복은 달콤하지만 그 휴혹에 빠져 나오기란 너무 힘들고 댓가가 따른다.   달콤한 유혹의 행복 대신 의미 있는 하루하루를 살아 가야 하지 않을까..!!  
20170724,6,관람객공포영화치고 전혀 무섭지않았음. 공포가아니라 약간 스릴러물..?미스테리물이 적합한듯;  
20170724,9,여주 배우는 겁나 칭찬하고 싶다 연기력이 오졌는데 캐릭터 자체는 진짜 죽여버리고 싶더라 암걸림  
20170724,1,진심으로 귀신하나도 안나오는 노잼 컨저링같이 무서운거 기대하고가면 클남 그냥 영화임 커플가는사람둘 막 여자친구 꺄악꺄악 머이런거기대하지마삼  
20170724,6,솔찍한 평점으로6점드림....내용 전개는 괜찮은데....죽는방법이 좀 허무하고 긴장감이 조금 부족했다는점....  
20170724,1,주인공 뇬 답답해 미치겟네 ㅜㅋ 암걸리고 싶으면 보셈 ㅋㅋㅋ  
20170724,9,결말이좀 허무...? 라해야하나 이런느낌은좀있지만전체적으로 스토리도 괜찮고 다괜찮았는데ㅎㅎ  
20170724,1,쓰레기 좆노잼영화쿠키영상까지 쓰레기야  
20170724,1,1점도 아깝다 진지하게 평점 안쓰는데 처ㅡ음쓴다.돈 개아까움  
20170724,9,"공포영화 좀 꺼리는 편인데 이건 괜찮네요,  "
20170724,8,이기홍 존멋ㅠㅠ앞으로 자주봤으면 좋겟음!!  
20170724,10,배우들 다 매력만점ㅎㅎ 이기홍 왠지 막 자랑스러워요 ㅎㅎ  
20170724,9,소재도 신선하고 꽤 재밌는데요?! 약간 하이틴 무비 삘도 나서 신선헀습니다  
20170724,10,주변 사람의 목숨이 위협받는걸 알면서도 뮤직박스에 집착하는 사람들.. 대체 인간의 욕심의 끝은 어디까지일까..  
20170724,2,진짜 최악임 뻔한스토리에 지루하고 무섭지도 않음돈낭비 시간낭비역시 알바는 존재하는듯 ㅋㅋ속지마세요  
20170724,7,귀신이 나오는 줄 알았는데 안나와서 좀 아쉬운 건 있지만..그런대로 짧은 시간 동안 보기 괜찮았습니다. 컨저링 급 영화는 아닌 것 같고.. 여주를 지금 찾아보니까 컨저링 때 나왔던 아이였네요.ㅎㅎ 감독님과 좋은 인연으로 또다시 작품을 같이 했나봅니다!  
20170724,7,관람객별로안무섭습니다ㅣㅣ  
20170724,7,그럭저럭 괜찮음. 베헤리트 생각납니다.  
20170724,10,특히 나같은 10대들이 좋아할만한 영화!!!! 킬링타임용으로도 딱이다!!!  
20170724,3,졸작 틴에이저 호러 환타지 영화가 또 하나 나왔군요. 극장에서 보기엔 너무 시간이 아까웠네요. 여주인공이 이하이 닮았더군요.;;;  
20170724,1,노무노무  염병을 해요 ..  
20170724,1,이 영화에서 제일 흥미진진하고 재밌던 장면=뺨때리기  
20170724,9,관람객먼가 허무..?그치만 잼!  
20170724,1,와 영화보고 평점 당연히 5점대 예상하고 왔는데 이딴 영화가 평점 8? 진짜 뻔한 스토리에 여주는 암걸려 미치겠고 나중에는 어떻게 또 황당하게 죽으려나 기대하면서 영화를 봤네. 개인적으로 역대급 쓰래기 영화 딱 평론가말이 맞는듯 B급 코미디  
20170723,10,이기홍 땜시 본건데 재밋네 ㅋㅋ  
20170723,10,오르골 음악도 은근 매력적이었고 배우들 연기도 좋습니다~~ 은근 긴장감 있넴  
20170723,9,영화가 주는 메시지도 좋고 시간가는줄 모르고 볼 수 있는 영화였습니다  
20170723,9,내가 워낙에 쫄보라 그런가;; 진심 잼나게 봤네요  
20170723,1,댓글알바에 제발 낚이지마세요돈버리는 지름길입니다진짜 최악의 영화에 손꼽을정도  
20170723,10,관람객배우 연기도 좋고 사운드 및 연출 그리고 분위기까지 전부 만점이였습니다. 이번 여름 최고의 호러영화! 꼭 애인이나 부모님 손 꼭잡고 보시는걸 추천드립니다! 시간이 순식간에 식은땀과 사라질겁니다!  
20170723,8,뻔한 공포영화들과는 달라서 좋네요  
20170723,9,적당히 긴장감도 넘치고 괜찮은 영화였어요  
20170723,7,킬링타임용으로 그럭저럭. 죽을듯말듯하는장면은 쫄깃쫄깃하고 좋았다.  
20170723,10,막 잔인하거나 징그러운 공포영화가 아닌데도 은근히 사람 피말리게 하더군요  
20170723,9,음악소리 나올때마다 놀라게 되요  
20170723,8,진짜 긴장감 넘치게 잘만들었다  
20170723,9,"긴장감과 스릴 가운데, 이기홍의 연기가 좋았어요  "
20170723,10,이기홍 이번에도 훈내 진동 ㅋㅋ 헐리웃에서 인정받는 한국배우라 더 호감!! 흥하길!!  
20170723,10,세상에 공짜는 없다는걸 또 한번 깨닫게 하네요  
20170723,8,역시 사람은 하지말라면더하는듯..  
20170723,8,뮤직박스가 소원 들어줄때마다 내가 다 소름돋더라-_-  
20170723,10,재미없다는 평도 좀 있던데 난 엄청 재미있게 봄 ㅋㅋㅋㅋ  
20170723,9,올해 손에 꼽을만한 공포영화  
20170723,9,혼자 영화보러가는거 좋아해서 혼자봤는데 괜히 혼자본 기분 ㅜㅜ…  
20170723,9,식상한 공포가 아닌 업그레이드된 공포임 이건 진짜 추천이다  
20170723,2,진짜 여주가 너무답답하고 지루하기만 햇어요  
20170723,5,공포라하기엔 좀 애매한? 볼만은 하더라  
20170723,9,지루함이 보일 틈이없다 상영내내 알차게 보여줌 꿀잼이양  
20170723,8,기대이상이였고 이기홍연기도 기대이상이였다 캬캬  
20170723,10,꼭보세요. 색소폰 장면을 잊을수가 없네여. 세금 잘내자는 교훈도 얻는 올해 최고의 영화  
20170723,8,내가생각했던 장르랑 비슷해서 좋았다  
20170723,2,평식이 행님의 18자 마치 OO스러운 평론가 평이 딱 맞을듯. 평식이 행님이 곰팡내라 했으니 노잼 예상.  
20170723,9,마지막 쿠키영상있는데 맘에 들었음 이기홍 분량많아서 더좋았어 ㅠㅠ  
20170723,9,어린나이 사람들이 공감하면서 보게될것같은 느낌이다  
20170723,8,보는 내내 긴장감 안놓쳤다 손으로 가리는 영화가 아님  
20170723,10,이기홍 팬이라면 보는것도 좋을듯 무엇보다 스토리가 탄탄하다  
20170723,9,다들 연기도 소름돋게 잘하면서 내 온몸에도 소름..  
20170723,9,예상했던것보다는 덜무서웠고 무서움보단 스토리가 일리있고 굿임  
20170723,10,일반 뻔한 공포영화보다는 백배 천배는 낫다 진심  
20170723,3,그냥노잼이에요. . . .그닥. . .  
20170723,10,지금 평점보단 훨 재밌는 수준이고 공포감도 딱 적당하다  
20170723,9,잔인한거야 있지만 엄청 공포는 아니였음. 그래도 딱 스토리 있어서 좋았던거같음. 놀래키는것도 없고! 보다보면 시간 빨리감..  
20170723,8,생각보다 재미지고 이기홍이 너무귀여웠다 ㅎ><ㅎ  
20170723,9,사람의 욕심은 끝이없다.. 깔끔하게 잘 만든 영화  
20170723,9,결말..예상치못했는데 아쉽고 허무한감이있지만 너무 재밌게 봄  
20170723,9,몰입도가 높아지니까 90분이 개짧게 느껴졋다  
20170723,9,심리랑 스토리의 조화가 무서움+긴장감을 잘드러낸듯  
20170723,10,심리적인 공포.. 데스티네이션 재밌게 본사람들은 꼭 보세요  
20170723,9,스토리구성이나 설정 자체가 신선하네요  
20170723,8,기홍이.. 너무좋다 결혼한줄도 모르고 넘나 좋아했네 ㅋㅋㅋ  
20170723,9,앞으로의 일을 알것같으면서도 긴장감이랑 몰입은 최고조  
20170723,8,너무 무섭지도 않으면서 적절한 스릴러가 맘에 듭니다  
20170723,8,이기홍나와서 뭔가 되게 뿌듯하면서 자랑스러웠다 ㅎㅎ  
20170723,9,새로운 장르같은데 스토리가 매력터짐!!  
20170723,9,뮤직박스볼때마다 가슴이 찌릿ㅋㅋ 이런비슷한 영화 또나오길  
20170723,9,희대 명작 진짜 에나벨을 뛰어넘어선 수준 엄지척이다  
20170723,9,긴장감폭발이다.. 욕망뒤엔 대가가 달려있다는것을...  
20170723,8,내용은 뻔한것같아도 교훈이나 메신저주는 영화 이런게 좋드라 나는  
20170723,10,사람들의 행동으로 이어지는 공포감.. 진짜 시간가는줄모르고 좀  
20170723,10,보는내내짜증이 어휴 보면서 여주걍죽길바란영화는첨이네 ㅡㅡ  
20170723,1,와 최소1점이라서 1점줌 0점이없어서아쉽네  
20170723,2,이기홍때문에 별하나 줬다 진짜 공포영화로써 노잼  
20170723,10,반전 오져요 !!!! 생각지도 못한 결말????  
20170723,1,무서운 부분이 어딨냐?  
20170723,1,시간 많고 돈 많고 재미없는 거 좋아하면  보기 좋을 듯  
20170723,10,너무 재밋어요  다시또보싶어요  
20170723,1,알바에 속지마라 공포매니아다 30년살면서 더보이드이후 최악의 공포영화다  
20170723,10,젊은애들한테 인기많을듯 젊은나이에 오고가는 스토리랄까 굿  
20170723,8,덩케르크보단 재밋엇다.귀신 나오는거 아니고 데스티네이션 느낌이긴한데약간 b급 영화정도 라고 생각하고 기대안하고 보면 재밌을듯 .민호우 흥해라!  
20170723,8,전개가 빠르면서 유연한 공포물이라 지루하지 않았어요  
20170723,10,미친듯이 놀래키고 무서운건아니고 살짝잔인하지만 스토리구성을 잘만들었다고 본다  
20170723,10,호불호좀 갈릴거같은데 나는 이런 호러물 좋아해서 재밌게봄~  
20170723,10,긴장하면서 진짜 재밌게 잘봤다 ㅠㅠ  
20170723,9,결과는 뻔한거같았지만 중간에 스토리라던지 연기도 다 퍼펙트 했습니다  
20170723,10,친동생이 겁많은데 이거는 안가리고 잘보드라구요 ㅋㅋ  
20170723,10,볼만하고 느낌있는 공포 고급진 공포  
20170723,8,이기홍 많이 나와줘서 행복했음ㅋㅋㅋ 사랑해여  
20170723,10,데스티네이션의 색다른 시리즈를 보는듯한 느낌 넘나 재밋어용  
20170723,10,세상에 공짜없고 모든 것엔 대가를 치른다..  
20170723,9,배우들 호흡도 좋고 이기홍 너무좋다..연기도 좋고 연출 스토리 다좋아요  
20170723,10,귀신나오는것보다 이렇게 소름돋고 온몸이 찌릿해지는 영화는 이거지~  
20170723,10,이런 날씨엔 극장에서 요런공포영화보면서 팝콘먹어줘야함  
20170723,10,평범한 일반적인 공포가 아니여서 더볼만했어요 추천합니다  
20170723,10,공포보다는 인생의 교훈이 느껴진다랄까 스토리가 맘에 들었음  
20170723,10,반전있네 ㅋㅋ 무튼 데스티네이션이랑 비스무리한데 더재밌당  
20170723,1,진심 공포광인데 이렇게 재미없는것도 처음이네요수입되면서 편집을 했는지 죽는 장면도 뭐랄까..죽다가 만?? 그런 느낌이고스토리 개연성도 없고...그래도 애나벨 꼬맹이가 이렇게 훌륭하게 커서 1점 줍니다  
20170723,10,영화가 주는 메시지도 있고 교훈이 돋보이는 신선한 공포영화  
20170723,10,눈을 뗄수 없을정도로 몰입이 장난아니였어요  
20170723,4,돈이아깝다 ㅋ 결말도 허무하구... 뭔내용인지 전혀 모르겟다...  
20170723,9,진짜 간만에 몰입하면서 재밌게 봤다 연기가 다들 짱  
20170723,8,이기홍이 너무 귀엽게 나와서 무서운영화 잠시 잊음 ^^  
20170723,10,빅스케일이 아니지만 엄청나게 집중시키고 긴장시키게 만든다. 놀란 천재!  
20170723,10,시원하게 더위날리고 싶다면 이영화가 굿초이스~  
20170723,10,딱히 엄청 무섭고 그런거 없고 라이트하게 보기 좋음  
20170723,8,사람들 심리를 잘 헤아려 만든것같아요  
20170723,10,뮤직박스 그게 뭐라고.. 안타깝다 그래도 재밌게 봄  
20170723,10,배우들 연기도 좋고 여주괴롭히는애 개이쁨..  
20170723,10,가볍게 호러 즐기기 좋은 영화?  
20170723,10,되게 막 무섭지도 않고 적절한재미가 더해져서 좋았습니다  
20170723,10,사람들 한명씩 죽어나갈때마가 개소름이지만 결론은 재밌었다  
20170723,10,이기홍 올만에 스크린으로 봐서 완전 재밌게 봄 ㅠㅠ 앞으로 자주좀 나와줬음 좋겠다  
20170723,10,시간가는줄모르고 봤다 간만에 재밌는 공포영화 본듯  
20170723,10,이기홍 졸귀.. 내스타일ㅠㅠ 돈안아까움  
20170723,10,조금 아쉬움이 남지만 무난하게 잘 봤어요  
20170723,10,무서운거 잘 못보는 사람도 즐길수 있을듯  
20170723,10,웃긴것도 있으면서 공포가 더해지니 색다른 느낌이 듭니다  
20170723,10,소소하게 볼만하고 무서운것도 적당하니 추천합니다  
20170723,8,무섭지만 않고 스토리 전개도 있고 재밌어서 굿  
20170723,10,긴장감이랑 스릴이 넘치는 와중에 이기홍 연기가 너무 돋보임 ㅠㅠ  
20170723,9,이런 무더위속에선 이 영화가 딱이다  
20170723,10,킬링타임으로 보면 딱 일듯 괜찮게 봤어요!  
20170723,9,아진짜 데스티네이션 보는거같았어 것보다 더 스릴도 쩔었음  
20170723,8,징그럽긴했지만 스토리가 탄탄해서 재밌었다  
20170723,9,좀색다른 느낌? 공포여도 신선한 느낌이 팍 옴  
20170723,10,나는 개꿀잼이였는데 스릴대박이야  
20170723,9,평점보다는 훨 낫고 감독이 세부적으로 신경써서 잘만든듯  
20170723,10,생각보다는 재밌게 잘봤고 스토리도 좋았어요  
20170723,9,메이즈러너때 기홍오빠 매력에 빠졌었는데..이번에도 기대를 저버리지않았다 ^^  
20170723,10,중간중간 웃기면서 긴장감도 유발하고 내스타일이야  
20170723,9,꿀잼!! 보면서 나도모르게 헙헙 하는 부분이 만아뜸 ㅋㅋ 8점 이상은 충분히 받을만함 ㅋㅋ  
20170723,10,예고편 이상으로 무섭더라.. 올해 나온 몇 개 안되는 공포영화지만 그래도 그중에서 제일 괜찮았음  
20170723,7,가볍게보기 좋은 영화.  
20170723,10,나라면 소원 알차게 5개 다 빌고 마지막에 저 포함해서 이세상 모든 사람들에게 이물건이 안보이게 해주세요 라고 소원빈다  
20170723,8,재밌음 ㅇㅇ 볼만함 ㅇㅇ 그냥 틴에이져물임  
20170723,7,지루하지않앗던영화 정말많이무섭진않은데 2번째앞줄여자가 거품물고 쓰러지셧음..ㅠㅠ공포영화보고 쓰러지는사람이잇긴하더라구요 소리에 나두 깜짝깜짝놀랏엉  
20170723,1,리얼보다 재미없다...  
20170723,2,개노잼 희대의 돈OO 살다가 이렇게 뻔한 영화 처음 봄  
20170723,6,잔잔한 분위기로 공포를 이끄는 연출은 굿!세상에 공짜는 없다는 걸 다시 알게 해 준 영화  
20170723,10,관람객가나다라마바사아자차  
20170723,10,널 이길 방법을 찾았어 내 소원은 이 영화 보기 전으로 되돌아 가는거야  
20170723,9,관람객기대안하고 봤는데 재밌어용! 나름교훈도있고 볼만합니당  
20170723,10,영화 적당하게 무서워서 공포영화 못보는 제가 조금 즐기며 볼수 있어서 좋았습니다. 개봉전부터 평점너무 안좋아서 기대안하고 갔었는데 정말 재밋게 보고왔네요.하지만 팝콘을 던질까봐 사가지는 못했습니다...ㅎ  
20170723,3,킬링타임용 영화ㅋㅡㅅㅡ  
20170723,3,댓글들 도대체 스토리가 뭐가 좋다는거야.. 뭔가 복선 나올때마다 그게 뭘로 이어질지 뭔 반전으로 나올지 다 예상가서 재미없더라. 친구랑 봣는데 내가 스토리 예측다해서 둘다 노잼으로봄ㅋ  
20170723,5,넘나 내용뻔하고 유치하네요 틴에이지스릴러라고 누가했던데 주인공생각수준과 내용이 네..딱 틴에이지..사람죽는부분에 긴장되고 조금무섭긴하나..공포영화좋아하시는분들은 화날수준..공포영화 싫어하시고 못보시는분들 나도 이런거한번!하고 도전하기는좋을듯합니다..  
20170723,10,이건 무조건 봐야합니다. 정말  최고로 재밌었던 영화. 무서우니깐 최대한 여럿이서 가세요  
20170723,6,돈 이까웠어요ㅠㅠ 잔인한건지 모르고 봤는데 엔딩도 뭔지 모르겠고... 근데 심장쪼이는 맛은 있어요  
20170722,10,진짜꿀잼이에요 강추합니다  
20170722,4,파이널데스티네이션 초등학생 용  
20170722,8,이야밤에 뭐라도 봐야해서 공포영화가 이거하나라 아무것도 모르고 처음보는 제목이지만 그냥 봤음 아무기대없고 아무내용도 모르고 무작정 본거치곤 나름 볼만했음 초반은 지루할수 있어용  
20170722,1,발연기 으웩 다신 보기 싫어 거지 같아  
20170722,7,적당히 재미있고 적당히 무섭지만 둘 다 약간 어딘가 부족한 편. 스토리 전개는 참 마음에 드는데 마지막 엔딩이 마음에 안 들어서 감점. 그래도 발상은 좋았던 영화.  
20170722,5,정확한 평점 너무 뻔하고 주인공인 여자 발.암이다 그렇게 추천하고 싶지는 않네  
20170722,8,공포영화라기보단 공포드라마??별로인듯 나쁘진않음 .. 컨저링정도  
20170722,6,골룸이 떠올르는건 왜일까?  
20170722,9,데이트 무비로 괜찮은데요 ㅋㅋ  
20170722,9,예상을 벗어나는 짜릿함이 있어요 ㅋ  
20170722,9,와 초반부터 썩어죽는거 너무 쎈거아냐?ㅠ  
20170722,10,"생각보다 재밌더라구요, 자연스러운 배우들의 연기도 좋았고 오랜만에 만족스러운 스릴러였습니다.  "
20170722,9,보는 내내 스릴만점ㅋㅋ지루할 틈이 없다  
20170722,10,잠시나마 더위를 잊게 해준 영화..  
20170722,9,"세상에 공짜는 없는법, 무엇이든 대가가 따르는것 같다  "
20170722,10,결말이 예상되기는 하는데 그 과정까지가 흥미진진함  
20170722,9,역시 여름에는 이런 영화가 와따죠 ㅋ  
20170722,9,한국 배우가 헐리웃 영화에 나오는게 자랑스럽다 ㅎㅎ  
20170722,8,"과하지 않은 공포영화, 적당한 공포?  "
20170722,10,사람이 하나하나 죽어갈때마다 내 심장도 죽어가는듯ㅠ  
20170722,9,잔인한 장면들도 꽤 있고 스릴 넘치는데여 ㅋㅋ  
20170722,9,"스토리도 나름 괜찮고, 주인공들이 어려서 하이틴 무비 보는 기분도 들음  "
20170722,10,은근 무서운데요? 저런 뮤직박스 있으면 나도 소원 빌거같음..  
20170722,8,그냥 가볍게 즐기기 좋은 공포영화  
20170722,9,이기홍 나올때 괜히 반갑ㅋㅋㅋ 재밋네요 ㅋㅋ  
20170722,10,사실 별로일거라고 생각했는데 아니어서 놀란 영화임. 은근 사람 쫄리게 하는 맛도 있고 마지막까지 긴장하고 보게함 ㅋㅋ  
20170722,10,배우들 다 매력만점ㅎㅎ 이기홍 왠지 막 자랑스러워요 ㅎㅎ  
20170722,10,질질 끌지 않아서 좋앗다~ 가볍게 보기 좋은 스릴러 공포  
20170722,9,간만에 긴장하고 본 영화였어요  
20170722,10,오랜만에 보는 스타일인데요?ㅎㅎ 이기홍배우 나올때마다 괜히 막 좋네요 ㅎㅎ  
20170722,10,다들 연기 잘하고 스토리도 은근 좋음  
20170722,10,너무 욕심부리지 말아야겠다는 생각을함  
20170722,8,극장에 사람이 없어서 더 무서웠음  
20170722,10,흥미진진 :) 배우들 보는 재미도 쏠쏠하구 마지막 쿠키영상도 맘에들어요!  
20170722,9,다들 연기도 잘하고 괜춘 ㅋ  
20170722,10,간만에 긴장하고 본 영화였어요  
20170722,10,"""공짜로 얻은 부,명예는 반드시 댓가가 따른다""라는것을 알게 해준 영화  "
20170722,10,뮤직박스에서 나오는 노래소리는 진짜 섬뜩했다.. 아직도 계속 귀에서 멤도는 느낌  
20170722,10,예상치 못한 결말이지만 뭐 나름 재밌게 볼만했당 ㅎㅎ  
20170722,9,예상햇던 것 보다 더 짜릿하고 흥미로워습니다  
20170722,10,이기홍 나와서 바로 보고왔는데 진짜 연기하며 비주얼하며 ㅠㅠ 좋다..  
20170722,10,역시 공포영화는 야밤에 봐야제맛 ㅎ  
20170722,10,꽤나 재밋는데요? 한국인 배우가 나와서 신기했네요  
20170722,9,갠적으로 잼나게 봄요~ 90분이 훅 지나감.. 내가 진짜 원했던 호러영화였다.  
20170722,9,심장 쫄깃!! 짱짱!! 맘에드는 영화  
20170722,10,반전 대박 ㅋㅋ레알 겁나놀람ㅋㅋ  
20170722,9,밤에 보니까 더 재밋는데요 ㅎㅎ  
20170722,2,관람객이점도아까움....정말로 ㅜㅜㅜ  
20170722,7,여주의 암걸릴듯한 찌질한 행동과 스토리의 뻔한전개에도 불구하고 재미는 있었다  
20170722,10,제가 무서운 영화를 잘 못보는데 이건 정말 긴장감 있기 잘 본거 같아요 :) 다 필요없고 이기홍 짱 ㅠㅠㅠ 너무 귀여워 ㅠㅠㅠ  
20170722,1,짜증나요 돈 아까워요 알바 때문에 높아요 진짜 짜증나요 보지마요  
20170722,9,솔직한영화평: 무서운거 기대하는분들은 실망할지도몰라요. 진짜 무서운 장면 하나도없고 심장만 쫄리는데 스토리좋고 신박하고 약간하이틴영화느낌나요 갠적으로 전 재밌게봤는데 남친은 별로라고하네요..호불호가 많이갈릴듯 결론: 무섭진않은데 스토리는 재밌음  
20170722,1,평점 너무 높게잡혀있음 이기홍이기홍댓글이랑여자평점이 80%가넘네.. 7점생각하시고 보면됩니다.  
20170722,2,당위성이 부족해 몰입이안되고 광고 영상이 다임.내용이 뻔한것도 뻔한건데 여주인공의 철없고 생각없는 행동이 이해할수있는 선을 넘어섬.. 보면서 스트레스받음. 놀래키는것 말고는 무서운게 없는데 놀래키는것도 몇장면 없음  
20170722,10,걔랑 보니까 좋더라..괜찮은 영화다.  
20170722,1,광고시간에 나오는 애나벨2예거폄이 더무서웠다  
20170722,9,솔직히 쫌 뻔하긴 해도 몰입하게 되더라 ㅋㅋ  
20170722,10,스토리있는 영화가 더 맘에 들어여~~  
20170722,10,"공포영화 좀 꺼리는 편인데 이건 괜찮네요,  "
20170722,9,여름에 보기 딱 좋네요ㅋㅋ  
20170722,9,이기홍 존멋ㅠㅠ앞으로 자주봤으면 좋겟음!!  
20170722,10,엄청 무섭다기 보다는 계속 소름돋는 기분? 닭살 돋아서 혼낫네 ㅋㅋ  
20170722,8,사람들이 소원을 하나하나 빌때마다 그 다음 희생자를 기다리고 있는 나를 발견..  
20170722,10,인간의 욕심은 끝이 없는 것 같다  
20170722,10,그럭저럭 볼만한 공포영화  
20170722,9,소재도 신선하고 꽤 재밌는데요?! 약간 하이틴 무비 삘도 나서 신선헀습니다  
20170722,10,눈을 뗄 수 없게 하는 긴장감!  
20170722,10,존잼 ㅋㅋ 꼭극장에서 보시길  
20170722,8,주변 사람의 목숨이 위협받는걸 알면서도 뮤직박스에 집착하는 사람들.. 대체 인간의 욕심의 끝은 어디까지일까..  
20170722,1,씹노잼 진짜 오천원이 아깝다ㅅㅂ 결말반전이라더니 다 개소리였어ㅋㅋ영화 무서운거 없고 걍 잔인하기만 함.캬~진짜 최악의 영화닼ㅋㅋ  
20170722,1,결말 ㄹㅇ 극혐  진짜 내 돈 아깝네 저 상자한테 소원빌고싶네 이 영화 보기전으로 돌아가게 해달라고ㅅㅂ  
20170722,10,이기홍 땜시 본건데 재밋네 ㅋㅋ  
20170722,10,오르골 음악도 은근 매력적이었고 배우들 연기도 좋습니다~~ 은근 긴장감 넘쳐서 눈을 뗄 수가 없었네요  
20170722,10,영화가 주는 메시지도 좋고 시간가는줄 모르고 볼 수 있는 영화였습니다  
20170722,10,내가 워낙에 쫄보라 그런가;; 진심 지렷당..  
20170722,8,뻔한 공포영화들과는 달라서 좋네요  
20170722,1,진짜 재미없어요..공포영화 좋아하는 사람들이 보면 실망할지도...  
20170722,9,적당히 긴장감도 넘치고 괜찮은 영화였어요  
20170722,10,막 잔인하거나 징그러운 공포영화가 아닌데도 은근히 사람 피말리게 하더군요  
20170722,10,음악소리 나올때마다 놀라게 되요  
20170722,8,진짜 긴장감 넘치게 잘만들었다  
20170722,9,사람이 하나하나 죽어갈때마다 내 심장도 죽어가는듯ㅠ  
20170722,10,이기홍 이번에도 훈내 진동 ㅋㅋ 헐리웃에서 인정받는 한국배우라 더 호감!! 흥하길!!  
20170722,10,세상에 공짜는 없다는걸 또 한번 깨닫게 하네요  
20170722,10,역시 사람은 하지말라면더하는듯..  
20170722,10,뮤직박스가 소원 들어줄때마다 내가 다 소름돋더라-_-  
20170722,8,상영관이 별로 없어서 힘들게 봤네요ㅠㅠ 극장에 사람이 없어서 그런가 더 무섭게 느껴졌어요  
20170722,9,내 인생에 손에 꼽을만한 공포영화  
20170722,8,혼자 영화보러가는거 좋아해서 혼자봤는데 괜히 혼자본 기분 ㅜㅜ…  
20170722,10,흥미진진 :) 배우들 보는 재미도 쏠쏠하구 마지막 쿠키영상도 맘에들어요!  
20170722,5,영화 내용보다 2017년 7월 20 일날 인천 롯데시네마 12시5분 영화 보신 분들 혹시 아실꺼예요. 영화 보는 내내 떠들고 웃고 조용히 해요 아줌마라 했더니 아줌마 아냐 사장이야 하며 쌍욕을 하신 그  아줌마 땜시 영화 망쳤어요. ^^  
20170722,10,다들 연기도 잘하고 괜춘 ㅋ  
20170722,10,올해 본 영화중에 가장 스릴넘쳤음  
20170722,10,뮤직박스에서 나오는 노래소리는 진짜 섬뜩했다.. 아직도 계속 귀에서 멤도는 느낌  
20170722,10,꿀잼 ㅜㅜ 보는 내내 긴장을 놓을 수 없었다  
20170722,10,예상햇던 것 보다 더 짜릿하고 흥미로워습니다  
20170722,9,나름 더위 식히기엔 괜찮음  
20170722,10,역시 공포영화는 야밤에 봐야제맛 ㅎ  
20170722,10,꽤나 재밋는데요? 한국인 배우가 나와서 신기했네요  
20170722,10,솔직히 나라도 소원 들어준다면 한번 해볼듯..  
20170722,10,절대 보지마시길 바랍니다 . 공포영화 매니아로 9년동안 안본 영화가 없는데.... 정말 재미없습니다... 개봉과 동시에 봤는데 스토리 개연성도 없고 작품 연출 실력도 현저히 떨어지는 C급영화 질문받습니다  
20170722,10,심장 쫄깃!! 짱짱!! 맘에드는 영화  
20170722,1,이거 영화관에서 볼바에  데스티네이션 집에서 봐라  이건 공포영화도 아니고 죽는방식도 엄청 허접함  
20170722,10,눈에 익은배우들도 많이 나오고 은근 재밋어요 하이틴 스릴러?  
20170722,10,반전 대박 ㅋㅋ레알 겁나놀람ㅋㅋ  
20170722,10,밤에 보니까 더 재밋는데요 ㅎㅎ  
20170722,9,90분의 러닝 타임도 적당하니 마음에 들고 흥미진진했습니다  
20170722,8,긴장감 쩔..ㅠ_ㅠ 올만에 몰입해서 봤다  
20170722,10,대가를 치르지 않는 소원은 없다  
20170722,10,데스티네이션 시리즈 진짜 좋아했는데 요즘 뜸해서 서운했거든요 ㅎㅎ 근데 위시어폰이 그 빈자리를 채워준듯! 둘이 비슷하면서 재밌어요 ㅎ  
20170722,7,참신하고 재미나네요^^ 싱크대 신에서 스릴감 완전 짱!!  
20170722,6,보고왔는데 그냥 볼만했어요 ㅎㅎㅎ 공폰데 데스티네이션같기도 하고 ㅎㅎ 러닝타임이 짧아서 아쉬웠어요  
20170722,9,저도오늘봤어요개인적으로이기홍너무멋있구요조이킹도완전좋아욧엔딩크레딧과마지막반전도기대할만해요^^  
20170722,4,댓글 알바인가?? 무서운 거 좋아하면 보지 마세요! 무섭지도 않고 잔인한 장면도 다 자체검열했구요. 스토리는 너무 뻔하디뻔함 ㅋㅋ 다 예측가능 ㅋㅋ 그리고 초중반부 한명씩 죽는게 너무 지루함의 연속...  
20170722,2,실망스러움 공포 영화가 아니고 그냥 하이틴+뻔한 죽음  
20170722,1,내가 이런영화를 왜 돈주고 봤을까....  후회중임  
20170722,10,안보면 후회함 끝내줌 진짜 재미남  
20170722,10,방금 심야영화로보고왔는데 진짜재밌음 무서운거못보는사람도ㄲ 그렇다고시시하다는게아니라 내용이몰입감도쩔고 공감되는것도많고 걍보샘 존잼아또보고싶다 참고로 귀신이나 유령은 1도안나왔음 마지막쿠키영상꼭보삼!!  
20170722,10,긴장감 쩔..ㅠ_ㅠ 올만에 몰입해서 봤다  
20170722,10,대가를 치르지 않는 소원은 없다  
20170722,10,데스티네이션 시리즈 진짜 좋아했는데 요즘 뜸해서 서운했거든요 ㅎㅎ 근데 위시어폰이 그 빈자리를 채워준듯! 둘이 비슷하면서 재밌어요 ㅎ  
20170722,9,생각보다 더 재밋음~~ 이기홍 나와서 더 맘에듬ㅋㅋ  
20170722,1,개에바 장르 공포아니고 드라마임  
20170722,9,분량이 이기홍이 많아서 아주 만족해요 ㅎㅎ 소재도 신선한 재미  
20170722,10,그다지 무섭지도않고 부담없이 볼수있는영화.  
20170722,10,소원! 모두의 행복을 위한 소원을 가져야 겠다는 생각이 들었다. ㅠㅠ  
20170722,10,올해 그렇다할만한 공포영화가 나오지 않아서 좀 시무룩했는데 위시어폰이 제대로 터져주는듯 간만에 긴장하면서 봤다  
20170722,10,"계속 졸리는 허접호러보다, 가볍기 즐기기 좋은 이런호러는 언제든 환영  "
20170722,10,전개가 빨라서 그런가 나도모로게 집중하면서 되네요. ㅎㅎ  
20170722,10,볼만한 공포 ㅎ 몇번이나 눈감았는지 모르겠다  
20170722,9,공포영화 못보는 사람들이 보기 적당한 작품...킬링타임 영화임  
20170722,10,"영화 흐름이 스피드하고, 시간가는줄 모르는 호러호러!  "
20170722,10,엔터테이닝한 호러영화!! 왠지 공감하면서 보게 된다는 ㅎㅎ  
20170722,10,중간중간에 제 심장을 쥐었다폈다하는 적절한 긴장감이 좋았네요~ 우리 민호 오러영화 출연작  
20170722,10,날씨가더워서 영화관에서 시원햇습니다~ 마지막 불 켜질때까지 보고나오세요 ㄷㄷ  
20170722,10,공포영화를 좋아하질 않아서 잘 안보는데 뭐랄까 하이틴스럽고 너무 무섭지않아서 좋았습니다~  
20170722,10,방학해서 친구랑 보는데 킬링타임 영화 라 좋아요 ㅋㅋ.  
20170722,10,파이널데스티네이션 같이 임팩트 있고 볼만해요~  
20170722,10,이기홍보러 갔다가 친구랑 손 부여잡고 ㅎ 움찔움찔  
20170722,10,귀신의 공포보단 장면의 긴장감과 예고된 죽음의 공포감이 저를 옭아맸습니다  
20170722,9,기대한 것 만큼 괜찮고 매력적인 영화였어요  
20170722,9,예측하면서 보는 쏠쏠한 재미가 있네요..  
20170722,10,빠르고 스피드한 스토리 전개에 쉴 틈 없이 극장재미 느낌  
20170722,10,"설정, 스토리 모두 신선하고 볼만했어요!! 굿굿  "
20170722,9,평점보다 괜찮아서 놀랐음~ 내용도 나쁘지않고 좋았어요  
20170722,10,심장 쫄깃ㅋ.. 매력적인 공포영화였음!!  
20170722,10,엇 쥔공이 컨저링 아역배우ㅎㅎ 많이 컸다ㅎㅎ 이기홍 자랑스럽 ♡  
20170722,9,꼭 사람들은 하지말라면 더하더라ㅠㅠ..배우들 연기도 좋고 끊김도 없이 자연스러워서 더 좋았음  
20170722,10,식상한 공포들 억지로 무섭게 하려고만 해서 더 거부감이 느껴지는데 요건 스토리도 흥미롭고 재밌네요~  
20170722,10,은근히 잼나요~ 남자친구랑 봤는데 둘이 손 꼭 잡고 봤어요  
20170722,9,딱딱 요점만 정리해서 나오는 기분?!  
20170722,10,사람들이 뮤직박스에 집착할때 괜히 막 공감됨. 나같았어도 그럴듯  
20170722,10,수상한 물건 만지지 말라니까 왜 자꾸 만져!1  
20170722,8,재밌다. 첨 삼촌 죽을따 웃어야될지 어째야댈지 ㅋㅋㅋㅋ 라이트하게 보기 좋은 영화. 주인공 괴롭히는 백인여자애 이쁘다  
20170722,5,딱 평점5점 정도가 무난한듯 다른 공포영화가 상영을 안해서 볼거없으면 이거보는걸 추천. 그러나 살짝 전개가 지루하고 뻔한내용이라..  제돈내고보는건 약간비추. 쿠키영상있으니 꼭보시길  
20170722,1,일점도 주기 아까운 영화 뻔한 스토리에 도대체 왜 공포영화인지도 모르겠고 쿠키영상나오는데 그거 보고 코믹영화인줄알았음 이기홍 왜 이런 영화 찍었는지 모르겠고 왜 이게 평점이 높은지 이해가 안감 보지마세요 긴장감 하나도 없는 공포영화  
20170722,1,내가 살다살다 영화보면서 평점에 후기남긴적은 처음인데 진짜 ㄹㅇ 펙트야 아직까지 얼마나 재미없었으면 영화이름도 몰라서 영화관에서 찾아보고 후기쓴다 댓글알바 너무 많이한다 얼마받고하냐 나도 알바해서 내돈찾게  
20170722,1,너무 지루한ㄷㅔ... 평점믿고 볼게안되네  
20170722,9,"어떤 내용인지 막 찾아보고 본 건 아니고그냥 공포영화 보고 싶어서 봤는데 긴장 되는 순간도 많았고, 반전도 있었고... ㅠ 무엇보다 여주가 연기를 너무 잘해서화났다가 무섭다가 슬펐다가 맘조렸다가 하면서재밌게 봤어요~ 추천입니다!!  "
20170722,1,공포영화 못보는사람도 재미없다  
20170722,3,오늘 봤는데 무섭지도않고 정말 호불호 갈린다고 하는말이 맞나봄 여자친구는 재밌다고 하는데 난 개인적으로 엄청 별로였음 배우분들 연기력은 엄청나서 1점에서 플러스 2점드림  
20170721,5,무서운거 좋아하는사람들은 절때 보지마세요 1도 안무서워요  
20170721,6,본격 여주가 빡대가리라 사람들이 고생하는 영화  
20170721,10,여자주인공 마음 충분히 이해가더라고요 반전도 있고 덤으로 이기홍까지 ~  
20170721,1,공포영화 잘보는 사람은 개노잼...뻔한스토리... 그냥 하이틴 영화 보는줄  
20170721,8,무서운걸 못보는 사람도 도전해볼만한 영화인듯  
20170721,6,"가볍게 볼 만한 영화다. 킬링타임용이다. 그닥 무섭지도 않고 잔인한 장면은 있지만 많이 충격적이지도 않았다. 딱 중간 정도. 기대한 것에 비해서는 실망감이 컸다. 스토리가 뻔하고 딱 예상 그대로. 그렇다고 핵노잼은 아니니, 기대하지 않고 보면 될듯  "
20170721,10,제인생에서 2편이 나오길 기다려지는 영화는 처음입니다 진짜 연기도 잘하고 엄청 재미잇어요 딘짜 강추합니다!!!  
20170721,1,그 엄마인가 아줌마가 긴꽁지머리로 한것부터가 좀 설정 억지같앗고 그 싱크대 통돌이돌아가는거 거기에 완전 일부러 머리카락을끼고 버튼도 일부러키고 완전 억지 완전 구립니다.  
20170721,10,꽤나 신선했던 공포영화 기존 공포영화들과는 차별화되는 느낌?? 꼭 사람들은 하지 말라고하면 더하는듯..  
20170721,9,스토리 있고 무서움도 적당한게 괜찮았네..  
20170721,10,심리적인 공포가 대단하네요;;  
20170721,10,간만에 만족스러운 영화였습니다~ 젊은 친구들이 좋아할 스타일이에요  
20170721,10,약간 하이틴 무비 느낌도 나면서 흥미진진해서 몰입해서 볼 수 있었습니다. 인간의 욕심은 어쩔 수가 없나봐요  
20170721,10,인간의 추악함과 이기심의 끝을 보여주는 영화  
20170721,7,1도 안무서워요. 진짜로ㅋㅋㅋㅋ 공포영화보면 적당히 운가리고 적당히 귀막으면서 보는 사람인데 무난~무난~한 영화라능  
20170721,3,알바분들이 많으시네요.. 오늘 봤는데 여주 너무 답답하고결말도 좀.. 귀신나오는 영화 일줄알았는데 상자가 다하고무섭다기보단 애들 죽는게 더 극혐인영화.. 솔직히 좀 돈버림..  
20170721,1,10점준 새ㅡ끼들은 알바가 틀림없다. 1점도 아깝다  
20170721,10,재밌었어요 ㅋㅋ 결과는 좀 뻔했지만 ㅠㅠ  
20170721,9,애나벨보다 재미있다.. 이번여름 공포영화하나 나왔네.  
20170721,3,개허무 개노잼....  
20170721,10,"소원을 얻었지만, 그에 맞는 대가를 치뤄야 한다..  "
20170721,10,뻔한 공포영화일줄 알았는데 아니었어요ㅠㅠ…  
20170721,9,이번 여름의 시작을 제대로 장식해주네 ㄷ ㄷ  
20170721,10,가볍게 즐길 수 있는 호러영화랄까요? 적당히 무서우면서 볼만하네요  
20170721,10,잔인함이 난무하는 일반적인 공포영화들과는달리 사람의 행동만으로도 공포를 느끼게 한다  
20170721,10,꽤나 잘만든 것 같아요~~ 볼만했습니다  
20170721,10,사람의 심리를 잘 이용한 공포영화같다  
20170721,10,올해 괜찮은 공포영화가 안나오는것 같더니 이건 제대로구나..  
20170721,10,이기홍 분량이 꽤 되더라~ 괜히 자랑스럽네 ㅋㅋ  
20170721,10,솔직히 최근 몇년사이에 나온 공포영화 중에서 가장 긴장되긴 하드라 무엇보다 사운드가 대박임  
20170721,10,스릴+공포 제대로 느낌 오랜만에 꽤나 괜찮은 공포영화가 나온듯  
20170721,10,이기홍 때문에 보게 된 영화인데 보고나서 후회ㅜㅜ.. 나와서도 계속 생각나서 큰일나씀..힝  
20170721,10,집중하다보니까 끝남 흐름도 빠르고 러닝타임도 적당함  
20170721,7,결말안타깝다 볼만해요  
20170721,10,생각보다 잼있는데?? ㅋㅋㅋㅋ 넘나 무섭 ㅠ 후아  
20170721,8,관람객요근래 나오는 외국 공포영화에서는 SNS를 스토리를 이끌어가는 주요 매개체로 사용을 많이하는것같다. SNS중독..  주인공의 욕심은 끝이없고ㅋㅋ귀신은 안나오지만 나름 깔끔하게 만든영화라는 생각이든다. 내용은 뻔하지먀 교훈을 주는영화?  
20170721,10,관람객보고 나면 여름이란걸 잊게 됨 ㅋ  
20170721,10,"이 영화는 세계관이 3개같아요. 주인공들이 계속 평행우주를 강조하여 여주의 엄마, 딸, 친구 이기홍 이렇게 각각 시선으로 세가지 세계가 있는듯 내용 참 뻔하지만 재밌어요 무서운건 거의 없어서 못보는 사람도 볼 수 있어요.  "
20170721,1,담배두갑을사는게 정신건강에 더 좋습니다  
20170721,7,관람객킬링타임용으로 봤는데 괜찮았습니당  
20170721,8,관람객걍 양호 너무 비슷한 레퍼토리  
20170721,10,아 내 팝콘.. 몰입하느라 손이 안가더라 ㅡ ㅡ  
20170721,10,"시각, 청각 모두 만족 시킨 영화  "
20170721,1,이 영화를 미국판 리얼이라는 이유를 알게될 것이다.  
20170721,10,관람객ㄷㄷ 시간가는 줄 모르고 봤네요! 추천!!!  
20170721,10,관람객팝콘을 안 사길 잘한 듯 !! 최고의 공 포 영화!  
20170721,10,올해 본 공포영화들 중에선 (몇개안되지만) 인상깊네요  
20170721,10,보는 내내 몇번이나 닭살 돋았는지 모르곘다..  
20170721,1,걍 장르를 스릴로 바꿔라무슨 이게 공포야  
20170721,9,관람객기대없이 봤는데 시간 가는줄 모르고 봤네요!  
20170721,6,음 딱히 공포에 초점을하면 그렇게 무섭지가않다 소리가커서 놀라는것뿐 무섭다고는 느껴지지않는다 그래도 나름 연기가 볼만했다 마지막 소원상자를 놓치지않겠다는 집착과 광기는 좋았다 미드를 보는느낌이였다.  
20170721,10,관람객이거 완전 레알 시간 순삭! 친구들이랑 다 같이 보기 좋은 영화 !!  
20170721,10,관람객솔까 1점 영화는 아닌데 평점 왜 이럼? 트와일라잇+데스티네이션 섞어놓은 틴에이지 판타지 슬리러물인데 약간 무서운 장면 첨가됨 지루한 부분 없고 막판 은근 예상못한 부분도 있어서 딱 7점-8점 정도. 별점 조정 용으로 10점 줌. 무난평타팝콘무비  
20170721,10,중간중간 놀라는 요소들도 많고 보는 내내 긴장도 되고 괜찮았던 영화였습니다  
20170721,9,깔금한 공포영화. 괜찮았어요  
20170721,10,생각보다 시간이 후딱 지나가네요.. 단지 무서운 영화가 아닌 교훈까지 주는 영화라 더 좋은 것 같아요  
20170721,10,관람객진짜 '시원하게 영화관에서 영화감상'하고 싶다면 굿초이스임  
20170721,10,관람객스릴러 요소가 더 많았지만 완성도가 괜찮아서 좋았음!  
20170721,7,관람객아무 생각 없이 보기 좋았어요.무섭지 않아요.  
20170721,10,관람객상자에 집착하는 여주의 모습이 넘나 공감되기도 하고.. 킬링타임으로 딱 제격입니다  
20170721,9,"기대했던영화인데 볼만해요.. 언제부턴가 국내나 일본 공포영화가 식상하드라구요, 서양쪽이 더 잘만드는 것 같아요  "
20170721,10,세상에 공짜는 없다는걸 또 한번 느끼게 해준 영화  
20170721,9,이번 방학 때 친구들이랑 보기 좋은 영화네요  
20170721,10,관람객올해 여름 본 첫 호러라 10점 준다 틴에이지 다크 판타지 스릴러 >>> 호러이 뮤직박스 있으면 나도 썩게 만들고 싶은 사람 쫌 있는데...허허  
20170721,9,관람객딱 시간때우기 좋은 영화!! 근데 쿠키영상 있는지는 몰랐넹ㅋㅋ  
20170721,10,관람객영화 흐름이 빨라서  시간 가는 줄 모르고 봄  볼만함  
20170721,10,관람객공포 영화 못보는 나한테는 볼만한 듯 그리고 생각보다 이기홍 많이 나오네?  
20170721,10,관람객한시간 반 순삭!! 제대로 몰입해서 봤네  
20170721,9,관람객극장에서 시원하게 보기 딱 좋은 영화~ 짠내땀내 안나고 오락적이고 깔끔하니 누구나 즐길 수 있는 영화임. 이기홍 넘나 귀여움. 공포영화에서 이래도 됨?  
20170721,10,관람객예상보다 완전 재밌는 영화! 킬링타임 팝콘무비로 강추! 끝까지 꼭 보세요 막판까지 예상할수 없다는!  
20170721,10,관람객막 무섭지는 않은데 킬링타임용으로 충분히 즐길만한 요소가 많음! 재밌음 ㅎ  
20170721,10,"관람객상영 시간이 길지 않아 보기 딱 좋고, 쪼이는 맛이 있음  "
20170721,10,관람객혼자보지 말고 친구나 애인이랑 보는 걸 추천. 군더더기 없이 깔끔한 호러였고 컨저링 같은 거 무서워서 못보는 사람이랑 같이 봤는데 위시어폰은 그정도까진 아니었는데 긴장하면서 끝까지 다봄 다보고 나서 재밌다고말함 끝에 이기홍 쿠키영상도 있어서 다보고왔옴  
20170721,9,관람객생각 보다 재미짐! 나름 쫀쫀한 긴장감에 뮤직박스에 목매는 주인공이  안쓰럽다 ㅠㅠ  
20170721,10,배우들 연기도 좋고 스토리도 흥미진진하네요  
20170721,9,이기홍 너무 좋음ㅎㅎ잘나가는거 같아서 보기 좋다ㅎㅎ 아 물론 영화도 꽤나 잼남  
20170721,10,사람에 따라 호불호가 갈릴것 같긴함. 난 이정도 신선한 공포 딱 좋던디  
20170721,10,시간이 어떻게 지나가는지모르겠다~ 결말이 신선함  
20170721,10,한국 배우가 나오니 더 반가운 기분 ㅋㅋ 영화도 재미씁니다 ㅋㅋ  
20170721,10,관람객시간 맞아서 봤는데 재미짐 ㅋㅋ  주인공감정에 완전 몰입 ㅠㅠ  
20170721,10,무슨 일이든 대가가 따르는법..영화는 생각보다 볼만함  
20170721,10,데이트용 무비로 강추 ㅋㅋ 지금 평점보다 더 잼미나요  
20170721,4,유치하고 재미없었음.소리만 크고 별로;;배우들 연기는 좋았지만 스토리 가 너무 재미없었고너무 진부했어요 . 설마~하는부분에서 역시나 로 바뀌게 하는ㅎㅎ  
20170721,10,관람객무섭고 재밋네요 추천!  
20170721,10,"딱 적당한 것 같아요, 오랜만에 긴장하며 봤습니다  "
20170721,6,잘 모르겠든데 여러 장르가 이상하게 짬뽕돼서  
20170721,9,고급진 공포영화였음. 역시 이런건 영화관에서 봐야 ㅎ  
20170721,9,배우들한테 감정이입해서 보게 되는 영화  
20170721,10,사운드 효과만으로도공포감 조성성공. 빵빵한 음향 땜에 극장에서 보길 추천  
20170721,10,가볍게 볼만하고 인시디어스 보다 더 긴장하고 본것 같아요  
20170721,10,하지말라는건 좀 하지마라ㅠㅠ 아우 긴장되서 혼났네  
20170721,9,재밌었어요 소름돋을정도로 무섭고  약간 잔인한부분도있긴한데 좋았어요  
20170721,6,공포인데 공포같지 않은 느낌.  
20170721,5,ㅋㅋㅋㅋ어제봤는데 살다살다 이렇게 안무서운 공포영화는 처음이였어요 진짜 옆에 내친구얼굴이 더 무서울정도  
20170721,10,지금까지 본 공포영화 중에서 제일 최고였음!!!진짜 이 영화가 귀신안나오고 무서운 영화임...!!!팝콘먹다가 목에걸려서 기침나오는데 참느라 죽을뻔함...ㅋㅋ그것만빼면 진짜최고인 영화!!연기잘함!!  
20170721,9,"10 내평점공포물너무좋아요 보고싶어요컨저링4편만들어 위시어폰 관려있는 분을 제작 만족가다중국여자 왜죽어지 내용나와다,재밌가다.  "
20170721,10,마지막에 여주가  엄마때문이엿어!! 하는 부분이 이해 ㄴㄴ인디 설명해주실분 찾아욤  
20170721,10,관람객영화관 한가운데 혼자앉아서 봤습니다.제겐 공포보다 인생의 교훈을 남기네요  
20170721,1,재미 오지게 없음;; 인종차별 개 쩌는 백인영화 딱 그 수준. 공포라면서 왜 웃기기만 하냐 여주인공은 왜 중이병에 걸렸냐  
20170721,9,재밌겠다!! 예고편 보니까 생각보다 재밌을듯  
20170721,7,관람객가볍게 보기좋은 영화입니다  
20170721,1,리얼과 견줄만한 영화 돈을주고 본다면 ㅎㅎ  
20170721,9,고2여자인데 저는 재밌었습니다 소리가 너무 무서워서 힘들었어요 그리고 정말 무섭게 죽더군요 무섭고 재밌었습니다 추천하지만 각자 무서움의 정도가 다르게 느껴질 수 있으니 알아서 보세요 그래도 추천합니다 사실 좀 아무말 대잔치같아요 아무튼 보세요  
20170721,10,골조자체는 전형적 팝콘무비. 이런장르 매니아라면 그냥 볼만은함  
20170721,1,방금  보고왔습니다 영화보고 후기  1 주운물건을  함부로 가져오지말자 2 착하게  살자  이상입니다  감사합니다  
20170721,4,본격 여주 암걸리는 드라마 욕나올뻔  아참고로 엔딩크레딧1 개있어요 ㅋㅋ 다나가고 혼자 엔딩크레딧보고왔네 쿠키영상에 이기홍 나와요  
20170721,8,[알바아님] 파이널데스티네이션 + 소원. 더운 여름 그냥 보기 좋음  
20170721,1,"후기??? 예고편이 다임 걍 보,지,마 ㅋㅋㅋ  "
20170721,4,아왜그래진짜 쥬인공 이거는 주인공 핵발암 하드캐리임 보지마세요 ㅋㅋ나  
20170721,6,관람객하이틴 드라마인가....천둥 소리가 젤 무서웠다  
20170721,10,관람객Ggahshsueuhwgyeu  
20170721,1,관람객그야말로 개노잼 왠만한영화 다 재미있게보는 1인 근대 내가재미없다면 진짜 노잼  
20170721,1,방금 봤는데 30분 보다가 배그하러 나왔습니다엔딩까지 버티시면 돈 아까워서 보신걸로 알게요  
20170721,7,관람객잔인할것같은 장면들이 묘하게 비껴나가서 비위상할건 없었다. 애들 공포영화느낌..  넘기대했나..  
20170721,7,위시어폰보다 47미터가 더 재미있음. 생각지도 못한 반전.  
20170720,3,이거 왜 CGV홈페이지에 안뜨냐  
20170720,5,영화 삽입곡들은 좋더라  
20170720,10,여주 연기가 좋음. 이기홍 멋있고 너무길지도 짧지도 않고 너무 재밌음  
20170720,9,아무 생각없이 보기에 딱! 생각보다 괜츈  
20170720,10,"스릴, 로맨스, 코믹 모든요소가 삼박자로 맞춰진 공포물로 획기적이고 너무 재밌었어요 인생영화입니다. 무서운영화를 즐겨보는 편인데 이때까지 봤던 영화 중 가장 무섭게 봤어요 강추합니다! (나만 당할 수 없다)  "
20170720,7,영화관에서 볼려고 하는데 상영관이 왜 이렇게 없나요? 장난치시는것도 아니고 1관 이라도 상영을 해야 영화를 보든 안보든 하죠...ㅜ 상영관좀 많이 열어줘요  
20170720,4,딱히 귀신이 나오는게 아니라 뭐..소원 이뤄지면 사람 죽는 그런거임귀신나오는줄알고 봣ㄱ는데..  
20170720,1,내마지막소원은 이영화를안봤을때로 되돌려줘 !  
20170720,4,방금 봤는데..영화가 .어쩐지 운수가좋다더니..끝내 그런영화고 겁많은 사람들 입문용으로좋습니다 애나벨로 엿먹이면될듯  
20170720,10,정말 무서운 영화였습니다 희대의 명작!  
20170720,10,다크하우스보고 이거보니까 겁나 명작같아보임그거 안봤어도 무난하게 볼만했다  
20170720,5,공포는아님 무서운거 안나와  
20170720,6,기대하지마세요 그냥 볼만했습니다 근데 비싼돈주고 볼만해라고 물어보면 권해드리곤 싶지 않네요  
20170720,8,"연기, 스토리 괜찮음..공포물답게 공포 요소도 꽤 다분하다 고 생각. 전 추천이요~!  "
20170720,5,알바들 열일하네;;; 공포 영화라는데 무섭지가 않음 스토리도 지루  
20170720,3,보는데 관람객기절함 ㅋㅋ;;내용은 ㅂㄹ  
20170720,5,"학교괴담 느낌이랄까요? 공포 장르를 워낙 좋아해서 볼만했습니다. 다크하우스에 비하면야 감지덕지지만, 평작 그 이상 그 이하도 아닌. 그래서 별5 중간.  "
20170720,4,걍12세 관람가 해도됨  
20170720,10,생각보다 재밌다.  킬링타임용으로 딱!  
20170720,6,B-급 하이틴 호러 무비 수준인듯  
20170720,5,그건 그렇고 준이 말한 마지막 소원이 뭘까  
20170720,10,솔직히 말해서 별 기대없이 봤는데지루하지않고 스토리흐름도 좋았습니다.피가 낭자하는 공포물을 별로 안좋아해서이영화는 보기 편했던거같습니다.  
20170720,9,팝콘무비로 적격! 기홍이 보는 맛이 있음 ㅋ ㅑ ~~>_<  
20170720,5,내가 돈을 받아야 될거 같음..  
20170720,10,와 이거 역시 죽임..ㄷㄷㄷ  
20170720,3,무섭지도 않고 스토리도...  
20170720,10,하드 꿀잼 ㅠㅠ 돈이 하나도 안아까워요  
20170720,9,생각보다 볼만함  킬링 타임 무비로 딱 인듯  
20170720,2,멍청한 여주와 어설픈 미드흉내  
20170720,4,돈주고 영화관 갔는데 스토리가 무서운게 아니고 잠들까봐 무서웠음  
20170720,5,관람객생각보다엄청별로엿다제대로보지도못햇다  
20170720,1,진짜 희대의 명작입니다. 실컷 웃고 나왔네요!  
20170720,10,호불호가 있겠지만 모든 사람들이 대체적으로 재밌게 볼만한 너무 하드하지 않은 공포라서 더 좋았네요  
20170720,8,여주 연기 덕분에 재밌게 봤음 특히 후반부에 위시어폰에 대한 집착과 광기에 대해서. 엔딩은 뭐 보는 사람 나름이지만 차라리 이랬음... 하는 뻔한 결말이 낫지 않나 싶음 스토리는 대략 소원 하나에 목숨 하나라는 데스티네이션 방식임.  
20170720,10,여름의 시작을 함께하는 공포영화였음. 엄청나게 무섭다 이런걸 떠나 탄탄한 스토리와 함께 현실을 반영하는듯한 내용이 마음에 들었다!  
20170720,10,언블리버블 호우~~ wow  
20170720,6,예고편을 봤다면.... 영화 전체를 다 본것!!  
20170720,6,아침에 조조로 보고옴. 넘 기대를 많이 해서 그런가 기대에 못 미침. 돈은 안 아까움. 이런 장르 좋아해서 나올 때 마다 그냥 보러갈 듯. 큰 기대는 하지마새오  
20170720,10,재밌어요 하하하꼭 보세요  
20170720,10,킬링타임 무비로 딱인듯! 여름을 잊었다. 겁나 시원해 ㅋ 소오름!  
20170720,9,겁 많은 편인제 이 영화는 나름 재미있게 봤다ㅋㅋㅋㅋ 이기홍 러브라인도 나와서 보는 맛이 났음  
20170720,8,그닥 무섭지는 않고 많은 여운과 교훈을 주는 영화  
20170720,5,관람객컨져링 1 2 과는 달리 B급 하이틴 호러물 정도..? 추천 못하겠네요  
20170720,1,40대평점 9점대라ㅋㅋㅋ알바인거 너무 티나는데? ㅋ  
20170720,9,무서웡 무서웡 무서웡.  
20170720,5,"인시디어스 애나벨 감독이네, 이감독 공포영화에 소질없어 보이는데...하나도 안무섭고 스토리나 감동도 없고..  "
20170720,1,아빠엄마 아이디 빌려쓴 10대 알바 친구들 많나보네 40대 이상 뭐냐 선호도  
20170720,1,조조호 영화보았는데 핵노잼 진짜 개핵노잼 돈아까워요  
20170720,5,음...이기홍때문에 보긴햇는데...ㅎㅎㅎ  
20170720,7,조조로 보고옴더운날에 시원한 영화관에서 킬링타임용으로 한판 때리기엔 딱임 전반적으로 나쁘지 않음다만 컨저링이랑 비교하는 글이 있던데 그정도 몰입감과 연출은 기대하지 마셈  
20170720,10,애나벨1이 로튼 22야 깝치지마좀  
20170720,1,로튼 19% 볼것도없네ㅋㅋㅋ  
20170720,10,이건 혁명이다. 새로운 영화의 장르를 만들다.  
20170720,10,ㅈㅂ 컨저링만큼만 잼써라  
20170720,10,내일 볼껀데 정확한 후기좀  
20170720,10,오늘 볼건데 팝콘 사야될지 말지 고민중;;  
