0,1,2
20190102,8,어설픈 수작질은 하지를 말자  
20181222,10,내가 좋아하는 음식 여러개를 셀러드  위에 올려놓은 느낌  
20181221,5,"청일점이든 홍일점이든 결과는 비슷할 듯. 여자등장인물들은 매혹당했을지 몰라도, 나는 영화에 매혹당하지 않았다는게, 함정.  "
20181207,6,앞뒤가 마치 다른 감독이 만든 다른 영화를 짜집기한 느낌이네요. 너무 뜬금포에 구성이 부조화스러운 듯요.  
20181121,4,이런 소재 이런 배우로 이렇게까지 밖에 못한다는게 안타깝다. 여성남성에 관한 이야길 하고 싶었다면 더더욱 망작.그저 여자들이 갖고 있는 하찮은 욕망이 불러일으키는 문제들 이란 주제로까지 보이니 연출력 부족이라 할 밖에. 치밀함도 긴장감도 통쾌함도 없다  
20181118,5,여인들 무리에 끼게되면 정말 조심해야한다.  
20181117,6,여자들에게 구원받으려다가 죽어서 나가는 이야기..내용도 감동도 없다..  
20181107,1,지루하기만한 영화 영화관에서봤으면 돈아까웠을영화  
20181106,6,그냥 볼만은 한데.. 그렇게 재미있지는...  
20181024,8,인물간의 심리묘사가 부족한듯..너무 담백하게 흘러가.  
20181001,5,"1971년도에 나온 원작을 보고 감탄을 해서 리메이크작을 찾아서 봤는데 비교할게 못 되었다. 전체적으로 어두운 조명에 인물간의 심리 묘사도 생략된 부분이 많았고, 원작 결말이 더 나아서 실망스러웠다.  "
20180930,6,원작을 존경한걸까 답습한걸까 패션필름 비주얼로 몰아간걸까  
20180926,1,경계가 애정이 되고 집착이 되고 갈등이 되어 큰 적을 위해 작은 적들이 안 그랬던 척 뭉치는지 설득력없이 전개 런닝타임 문제인가..게다가 니콜키드먼도 콜린파렐도 키어스틴던스트도 그리고 엘르패닝도 얼마나 매력적인 배우들인데... 그걸 안 살려주노..  
20180823,7,우아함과 기품 뒤에 숨겨진 매서운 본능  
20180813,7,남자가 많이 굶었네..닥치는대로  다  들이밀라하노.ㅉ...  
20180813,8,연출이 좋았던 것 같다 번역이 생각보다 별로 였음  
20180729,6,원작이 어떠했는지 모르겠다.  
20180712,5,김빠진 콜라 같은 영화 소재는 흥미로웠으나..니콜키드만이 정말 질투로 다리를 잘랐는가는 조금 헷갈리는  
20180712,4,어디서 스릴을 느껴야하나... 파렐이가 버섯먹다 컥컥 거릴때?.... ㅜㅠ  
20180525,8,여자가 어떻게 위험한지 보여주는 영화  
20180520,8,남자배우는 3류엑션 전문배우  
20180518,8,관람객매혹적인 배우들에 빠져버렸다  
20180508,7,야이씨...역시 명품이라 달라~...새까만게 존나 안보여  C벌~ 90%가 어두운 장면이라 잘 안 보여요 ㅠㅠ  
20180507,10,평점9점 여자 많은곳은 위험하다  
20180504,10,여자들한테 돌림빵 당하는 한남자의 행복한 비명  
20180430,8,관객을 매혹시키지 못한 아쉬운 영화..  
20180406,9,모든 배우들의 연기력과 영상미가 탁월하다  
20180329,5,그러게 왜 들어왔어 자업자득이잖아  
20180323,6,긴장감 부족한 스릴러.. 인물간 관계도 확실히 읽히지가 않는다. 소피아 코폴라의 영화가 그렇듯 예쁜 의상과 화면빨  
20180311,1,스릴러물 좋아해서 찾아봤는데 정말 별로 ㅡㅡ  
20180307,7,관람객그저 그래요. 니콜 키드먼이 출연하지 않았다면 그나마 더 그저 그럴 뻔.  
20180304,8,엘르 패닝 매력있네. 영화볼만함.  
20180228,4,영화가 어째 싱겁네요.  
20180222,10,끼부리다 죽은 남자 이야기.  
20180219,7,관람객조금 만 매혹적이었어요  
20180205,1,진짜 아무 내용도 교훈도 암시도 전달하고자 하는 내용도 그 아무것도 없는 맹탕 영화  
20180205,3,재미 없어요. 그리고 너무 밋밋함  
20180121,10,관람객내문에도 파란 천을 묶을 거야  
20180117,8,관람객엘르패닝 예뻤고 볼만했음  
20180116,10,관람객너무웃기고 재밌다 남주정원일하는거 무슨 화보처럼보여줄때 넘웃겨서내적웃음  
20180115,7,영상미나 사운드는 훌륭하나 긴장감 zero  
20180113,9,관람객몰입도가 아주 높았습니다  
20180112,1,제목보면 19금이 되야되는데 15세라니 실망이 너무크다 ㅋㅋ  
20180112,8,관람객기대 이하... 상당히 지루했음  
20180110,7,엔딩이 뭔가 허전한 느낌.  
20180109,7,제작비가 너무 저렴했던 영화 ...여자들의 심리를 잘 그린 영화여성들이 본 받아야할 행동들을 영화 사이사이에서 느끼게 해준다 요즘 여성들에게선 볼 수 없는 감동이느껴진다제작비중 의상비가 제일 많이 쓰였을거란 생각이다의상은 참 좋았다.  
20180109,7,남자가 고팠던 질투많고 교양있는 여자들  
20180107,6,총성없는 전쟁. 스파이더맨에 이은 역대급 미스캐스팅  
20180107,10,에드위나가 마지막에 안돼 라며 그녀들을 다그치지 않고 순응한모습이 깔끔하다. 맥버니는 죽어가는거 살렸더니 보따리 내 놓으라는 거?  
20180107,5,인간의 욕망을 표현하고자 한 것 같은데. 남자의 존재감을 너무 약하게 했다. 외다리.. 더 강한 임팩트가 있어야. 19금으로 만들던지.  
20180103,6,진부한 연출의 화법이 아쉽다.  
20180103,7,시대와 배경만 다르지 지금도 여초회사에서 남성이 죽어나가는 방식은 똑같다. 서로 질투하다가 사회 생활 못 할 정도로 소문내어 아웃되고 쟤가 그렇게 여자들한테 꼬리친다더라 등등. 감독의 용기있는 내부고발엔 찬사. 허나 너무나 가볍다  
20180102,1,자연광으로만 촬영하고 영상미에 신경썼다고 해서 기대했는데 영상미는 OO. 조명도 안치고 찍어서 하나도 안보이고 엉망진창 71년도에 나온 원작 발끝에도 못 미치는 망작... 이 좋은 배우들로 이렇게 찍었다는게 놀라울 따름  
20180101,7,시대배경이 잘 보여져서 그시대로 초대된듯해서 좋았어요  
20180101,10,남녀간 무언의 심리게임영화  
20171229,10,"관람객흥미진진 한줄알았지만 결말 최악,,,  "
20171228,1,감독이 여자랑 술마시다 뒷통수를 맞아서 만든 영화같다  
20171225,4,반전도 없고 지루했다. 엘르패닝의 외모만 빛난영화  
20171224,1,재미도 교훈도없다. 10자이상  
20171220,10,얼음장 밑에 뜨거운 바다  그리고 미소...  
20171211,6,어떤 관점에서 이 영화를 봐야하나  초입부분에선 좀 난감했지만 영화가 끝난 시점에서는 여러 의미와  함께 서늘한 느낌을 받는다. 참 묘하네.  
20171210,8,"마사교장과 애드위나 교사의 냉정인과 열정인 차이가 돋보이고, 마사교장이  침착하게  북군 상병 맥베니를 처단하는 방법이 세련되었다..  표시안내면서  처단하는 내용.  거기에  순진한 여학생들도 공범자가 되게 하는.. 질투가 깔려있다..  "
20171210,7,뭐 쏘쏘~나쁘지않았어요 특별나게재밌진않지만 남편이랑저랑 둘다 그럭저럭봤어요  
20171204,6,옛부터 여자들만 있는덴 가지 말랬어...  
20171204,6,인물들의 본성과 성격을보고 생각을 할수있어서 좋았다 군인과 커스틴 사이에 뭔가 더 깊은 감정공유가 있었다면 군인이 좀더 참았을것이고 그럼 계단에서 굴러떨어질일도 없었을것이며 둘이 몰래 니콜키드먼 몰래 도망가서 행복하게 오래오래 살았을텐데  
20171203,10,블록버스터보다 이런 영화가 훨씬 재밌음. 얼마나 좋아~  
20171203,8,관람객 남북전쟁.  잔류 병사.  여자기숙사.  
20171203,8,관람객내용 자체는 무난했어요  
20171126,10,관람객무서운 스릴러일쥴 알았는데 그보다 좀 묘한 영화  
20171126,1,여초 회사에 남자사원이 들어가면 생기는 일  
20171124,10,우리 모두 당신을 사랑합니다  
20171115,6,매혹당한 매혹적인 그녀들..깔끔한 뒷처리가 놀라울뿐..^&^  
20171115,7,드레스가 이쁜~ 약간 허무한 스토리 ㅜ  
20171113,7,"소재, 연기 좋고 세계관도 너무 좋지만 좀더 자극이 필요한듯 한 느낌의 아쉬움. 청량 고추가루를 좀 더 넣었으면 하는 아쉬움 같은거...  "
20171112,7,불청객은 돌아갔지만 남은 사람들은 전처럼 돌아갈수없다  
20171108,4,등장인물의 심리변화에 함께하기엔 지루하다  
20171105,5,관람객시선으로만 담기에는 부족한  
20171105,10,관람객너무 좋네요 ^^ 공백OO  
20171105,6,관람객거장 프란시스 포드 코폴라 감독의 딸.  
20171105,6,보다가 졸음...   지루하다..엘르패닝이 매력적이란 생각밖에  
20171104,8,관람객애매하게 야하다 막 재밌는건 아니구  
20171104,7,관람객500원때문에 쓰는 평점  
20171103,6,막상 열어보니 배경이나 색감...의상 및 소품들만 매혹적이더라...남쥔공역 배우가 특히나...좀...그래(?)...  
20171103,10,관람객마지막 배우들의 눈빛이 잊혀지지 않는 영화다수의 남성으로 구성된 집단에서 억압당하고 희롱당하는 여성 이라는 틀에서 성별이 바뀐다면 어떨까 생각해볼수있음  
20171102,10,ㅜㅜ영화가 엄청빨리 끝난기분  
20171102,1,이게 뭐야. 티저에 낚였네. 긴장감도 없고 뻔하고 재미없음  
20171101,8,아주 품위있게 남자 하나를 없에치운다.언니들을 능멸하면 안되지..  
20171030,3,이건 줄거리 배우 모든 걸 따질 필요도 없이 물에 보리밥 말아먹는 느낌 요상하지도 무섭지도 누군가 매력적이지도 않다 2주에 걸쳐서 봤다  
20171029,7,리메이크영화여서 정해진스토리가있기때문에 극적인 스릴은 한계가있고 오히려 배우들의 연기보는재미로는 굿영상미 굿  
20171027,7,남녀 사이에는 그 어느 쪽도 선택하지 않은 자연스러운 성 대결이 항상 존재할 것이다. 내가 느끼기에 이 영화는 그 남녀사이의 감정 게임에서 먼저 자제력을 잃은 남성을 그리고 있다. 그 남성의 패배를 남성의 반칙(폭력성)인 것 처럼 선동적으로 묘사한다.  
20171024,8,관람객기대하지 않은 많은 유머가 담긴 영화  
20171024,6,엄청 기대하고 봤는데 결말에 허무..  
20171024,8,"니콜키드먼 , 엘르패닝 너무 예쁘다.  "
20171023,8,관람객후반부에 긴장감 있게 잘 봤습니다.  
20171023,3,스토리만 보면 거의 삼류 에로영화인듯  
20171022,7,배우 감독의 그간의 케리어로 봐선 3% 아쉽다?  
20171021,9,돈 시겔 때보다 훨씬 좋다  
20171021,6,기대 많이 했는데 되게 아쉽게 만들어놨네... 영상미는 압권이었지만..  
20171021,6,감정선이 더 섬세했으면 좋았을듯. 등장인물은 너무나도 평면적이고 인물간의 대립관계도 너무 약하다. 최소 교장-에드위나 사이는 피튀겨야하는거 아냐? 얼마든지 더 긴장감 있게 만들 수 있는데 영화 만들다가 귀찮았나..  
20171020,7,"뻔해 보이는 제목과 포스터를 뛰어넘는 매혹적인 배우들이 나와서 기대를 갖고 보게 되었으나, 훌륭한 배우들을 활용하지 못하고 개연성이 부족한 느낌이 든다. 그래도 여러 배우들의 연기를 비교하며 보는 재미는 있다.  "
20171020,10,"한국에서 패러디 영화가 나온다면 제목을 백설노예와 일곱 암캐들,  제7썸,  월화수목금토일 ...등으로 박찬욱 감독이 만들었으면 좋겠네.  "
20171019,7,이야.. 콜린 파렐이 조금 더 매혹적인 남자였으면 이라는 평을 듣는 날도 오네 참.. 분위기는 꽤 살렸는데 원작에 비해 못하고 중간에 조명도 안쓰고 찍은 어두운 장면들 아예 보이질 않아  
20171018,5,영화 시간이 짧은건가 기승은 되게 알찬데 전결이 싱겁네 ...  
20171018,7,관람객재미있었어요 ㅎㅎ 남자 너무 불쌍...ㅠㅠㅠ  
20171017,7,"시작부터 결말까지 단순하다고 말할 수 있을 만큼 간결한 이야기지만, 그 속에서 요동치는 사람들의 감정은 눈여겨 볼만하고 이를 매혹적으로 표현한 배우들의 연기는 좋다.  "
20171017,7,당황스러운 전개와 작위적이고 연극같은 상황임이었음에도 불구하고 배우들의 매력과 분위기가 특별해 재밌게 봄  
20171017,10,깔끔하고 스토리도 재미있었고 괜찬은 영화인것같습니다.  
20171017,6,"남자의 지나친 음주 후 성적인 추악과 폭력성의 본능, 여자의 나이불문 시기, 질투와 단칼에 돌아서는 냄비근성은 불변임  "
20171017,8,"아메리카의 남북전쟁 때 얘기인 데 많이 공감하게 됩니다. 상황과 인간 ~ 아, 그럴 수 있겠다~ 공감하면서  "
20171017,1,매혹당했는데 죽여? 그건 매혹당한게 아니지. 돌아가면서 다 한번 하고 여자들끼리 서로 죽이려 해야 매혹당한거지.  
20171016,6,잘나가다 황당한 급전개  그걸 어이없게 수습하고 바로 영화가 끝남  
20171016,7,가장 소름돋는건 담담한 여자들의 반응과  마지막 장면이다  
20171016,10,가벼우면서 가볍지않은... 아름다운 배경과 잔잔하고 고요함속에 잠재되어있는 욕망이 파멸을 부른다 이영화에 응근히 매혹당한 1인  
20171016,7,배우들 연기력은 말할것 없이 좋았다반면 섬세함과 긴장감을 요하는 주제에 비해각 캐릭터에 대한 감정 전달이 좀 단편적이고스토리가 약간 급하게 진행돼후반부엔 약간 허무했다첫 식사에 다같이 치장하고노골적으로 매혹하려는 장면은민망스러웠다..  
20171015,1,이럴거면 굳이 리메이크가 필요할까  
20171015,7,하렘이 마냥 좋은 건 아니죠  
20171015,7,관람객소피아코폴라늬 미적감각. 신뢰 100%  
20171015,8,관람객장면이아름답고 이야기전개가깔끔하다고해야하나..암튼갠챦았슴^^  
20171015,8,관람객행잉록의 소풍이 생각나는 영화. 둘 다 좋다!  
20171015,1,존은 에드위나에게 사랑에 빠지지만 두 명의 질투심 강한 마녀에게 휘둘려 그 중 한명인 엘리시아를 따먹으려다 에드위나에게 제대로 당해서 외다리가 되는데... 깨어난 후 사실관계도 파악이 되지 않는 상황에서 난리좀 쳤다고 바로 독살시켜버린다..장난하냐?  
20171015,6,원작보다는 조금 세련된 연출로 몰입감은 원작보단 좋은데 남자주인공은 클린트 이스트우드가 낫다.  
20171015,7,"관람객나름 몰입도 잘 됐고 영화를 보니까 책이 읽어보고 싶어졌어요. 아, 그리고 에이미가 많은 역할을 하는 것 같음  "
20171014,6,"관람객MSG 좀 더 쳤으면 좋았을텐데. but, 수염 깎은 남자는 멋있다.  "
20171014,6,김빠진 콜라가 딱인듯한 영화. 매혹적을 기대했으나 매혹적이지 않았다.  
20171014,3,내용은  둘째 치고 전체적으로 너무어두워  답답해서 중도 포기 못보겠다  
20171014,5,개인적으로는 호흡이 조금 더 길었으면 좋았을듯..흔한 분위기의 영화는 아닌듯  
20171013,6,그냥 그저 그런... 원작이 오히려 더 잘 나타낸것 같다. 그냥 불쌍한 파렐이.. 공포에 떨며 그래야했던 신학교 사람들..  
20171013,4,영상미랑 의상 그리고 음향은 나름 괜찮았음 근데 남자가 그렇게 심한 잘못을 한건가? 여자들이 너무 심했다고 본다. 그냥 쫒아내면 되는데 병주고 약주고 너무해  
20171013,9,관람객묘한 분위기가 감돌며 사람을 들었다놨다 하는 영화..  
20171013,6,연출이 좋았으면 재미있을 박찬욱스타일의 스토리를...이렇게 밋밋하게 연출해서 망했네요. 박찬욱감독이 했음 훨씬 미스테리했을 영화.  
20171013,4,관람객여초학과가면 정신병 걸린다. 끔찍한 시절이 떠올랐다  
20171013,5,관람객작품은 별로고 배우들 연기는 좋음.  
20171012,8,욕정에 사로잡힌 여자들은 언제나 옳다  
20171012,5,많이 생략된 느낌...여자공화국...  
20171011,8,이 영화의 교훈은 대준다고 다 쳐먹지 말고 한여자만 먹자.  
20171011,10,관람객멋진 배우들! 영화 재밌었어요  
20171011,1,흥미로운 소재와 뛰어난 배우들로 이렇게 지루하게 만들다니..  
20171011,3,"..,,..,,..,,  "
20171011,8,인간의 욕망과 지루한 삶  
20171011,6,역시 인간의 이중성이란...  
20171011,6,여성감독 특유의 섬세함은 돋보이지만 원작이 보여준 팽팽한 성적 긴장감은 옅어지고 등장여성들의 매력이 사라졌다.  더불어 젊은날 클린트 이스트우드의 남성미와 콜린파렐의 격차는 생각보다 커보인다.  
20171010,6,댓글이 스포였어ㅠ끝까지 반전은 없는 ㅠ  
20171010,7,"시대적 영상미, 소재는 좋았으나 미지근하게 끝나는 느낌..  "
20171010,7,콜린파렐 불쌍타 다리잘리고 굴르고 독버섯에 죽임당하고  
20171010,8,관람객앞부분이 조금 지루했지만 뒤로갈수록 몰입도가 좋았습니다  
20171010,8,역시 가장 무서운건 사람이고 그보다 무서운 시기이다  
20171010,7,재밌는데 너무 어두워!잘 보이지도 않음  
20171010,7,심리 묘사가 아쉬웠다. 매혹당했다고 볼 만한 장면도 없고...  
20171010,8,관람객생각보다 좋았다.심심하지만 꽤 극적인 블랙코미디인듯.영화안에 여러가지를 잘 녹여낸 느낌ㅋ  
20171010,2,너무 평이함 제목만 그럴듯  
20171010,7,관람객영상미가 뛰어난 영화 였습니다  
20171010,5,아무런 사전정보 없이 봤는데도 어떻게 진행될지 예상되게끔 제목부터 친절한 영화였다~  
20171010,1,부제 : 낚시당한 관객들  
20171009,7,이런 내용이구나 배우만 보고 아무 정보없이 봤는뎅이런식의 반전이 있으리라곤 생각못했다  
20171009,7,메갈들에게 이 영화를 바칩니다~  
20171009,5,"초반에는 너무 천천히, 후반에는 너무 빨리 전개되는 아쉬운 영화.  "
20171009,5,교훈 : 보적보의 참된 일침.. 동시에 메갈리안 조심  
20171009,7,몰입감 최고조에서 바람빠지는 듯한 소리의 결말.. 명작이 될 수 있었는데 아쉽다  
20171009,6,스토리가 너무 밋밋하다... 무엇을 보여주려하는지 내용만 봐선 이해하기 힘들다..  
20171009,8,"몰입감 좋았고, 강렬했다  "
20171008,5,"1971년 원작의 스토리를 모르고  본다면, 뜬금 없는 결말이다. 좋은 배우와 소재를 이정도 밖에 못만드는 소피아 코폴라... 감독의 연출이 아니라 배우때문에 5점 받는 영화. 태어나서 감상평 처음 남겨봄 너무 화가나서  "
20171008,2,핵노잼기승전결 중에 기승만 있는 영화  
20171008,7,남북전쟁판 커스틴만 좇게 된 사연.  
20171008,6,관람객원작을 먼저 봤다면 영화를 보고 만족하기는 힘들 수도 있겠다. 여러 등장인물들을 한 인물에 표현한 건 좋았지만.  
20171008,7,남성의 성기(버섯)의 주연영화.  
20171008,8,머리검은짐승은 거두는게 아닌거 같다. 꽃뱀같던 남자의 최후....영화 자체는 깔끔하고 볼만했다.  
20171008,5,"가장 여우 같은 남자 1명과 가장 곰 같은 여자 7명, 그들이 보여주는 이성에게 표할 수 있는 3가지 종류의 호감.  "
20171008,6,본능이 그대를 유혹할지라도 품위를 잃지 말지니  
20171008,1,스릴러? 미친다 배우들이 아깝다  
20171007,7,관람객남자가 잘못했네 했어 휴  
20171007,4,관객이 원한 것은 전작의 '답습'이 아니라 '재해석'이다.  
20171007,7,관람객기대이상이었습니다.  
20171007,8,"관람객소피아코폴라의 팬으로써 객관적으로 볼 수 없을지도 모른다. 여성에게 권력이 돌아갔을 때, 매혹시키는 남성에게 무슨 일이 일어나는가에 대한 이야기. 원작을 여성의 입장에서 재해석했다는 감독의 코멘트가 이해되었다.  "
20171007,8,이 영화 모태솔로남들에게 악영향을 준다. 저런 경험을 안 당해봐서 무슨 기분인지 모른다. 여자들이 저렇게 좋아해대는 게 실화??인가..  
20171007,6,전체적으로 좋았으나 아쉬운영화  
20171007,10,더 잔혹하고 강하게 만들었어야 하는데 이건뭐 배우들이랑 배경빼면 우리나라 소선시대때 과부들사는데 선비하나 들어온 3류영화보다 못할뻔  
20171007,9,관람객코폴라폴라폴라코폴라  
20171007,5,본게임에 들어가는데 1시간 동안 지루함. 스릴러라고 하기에도 민망함. 영상은 비율이 5：3이라 시야가 좁고 색감도 약간 탁해서 전체적으로 별로임. 감독의 역량이 많이 달리는듯...  
20171007,7,내가 거길 가야 했는데..  
20171007,8,"원작을 모르고 이작품만을 논한다면, 시대적 배경에 기대지아니하면서도 우아하고 품격있는 의상 미술 무대를 구현해내다 그리고 그녀들은 살아움직이다 확실한건 소피아코폴라는 점점 나아가고 있단것. 자신만의 세계구축은 이루어냈으니 이제 그인장을 널리 퍼뜨릴때.  "
20171007,1,"평점이 높아서 1점. 믿고보는콜린파렐이였는데.. 내용이 난해하다. 남자를 도와주는 여자들, 그리고 여자들때문에 다리를 잘린 남자. 그들간에 오해가 있지만. 그래도 차분하게 살인을하고 기도를 하고 평온한그녀들은 비정상적이며 종교에 대한 비난인것같기도.  "
20171007,5,불쌍한 우리 파렐이...  
20171007,7,보면서 별의별 생각을 다했다 마당 팠을때 남자시체가 여러구 나온다거나 여자들 중 몇명은 귀신이거나..가장 큰 반전은 그 모든 상상을 깨어버린 지극히 평범한 스토리 라인이었다 물론 이 영화는 상황과 심리 그 자체가 핵심이지만 ㅜㅜ  
20171007,1,씹노잼.감독이 여혐 조장하네  
20171006,6,관람객예전 영화-클린트 이스트우드 주연의 영화랑 같이 봐야 더 좋을듯...?!  
20171006,4,만들다가 중단한 영화? 상상력이 모자란 영화? 반전을 생각해내지 못한 영화? 그래도 앞으로 뭔가 남았겠지 했지만 그냥 그대로 끝나는 영화.  
20171006,7,ㅋ개그냐?  죽은애는 머냐... 웃기네..진짜  
20171006,8,관람객망상병 오지다가 주거버렷내ㅠ  
20171006,6,관람객매혹당한 사람은 결국 한명 뿐..  
20171006,7,"관람객러닝타임이 더 길었으면 좋았을 텐데, 캐릭터 설명이나 감정선 전달이 부족했다.  "
20171006,6,연약하고 섬세한 만큼 냉철하고 잔인하다.  
20171006,6,"관람객자극적이지도, 아름답지 않은 영화...그녀들의 옷만 좋았다  "
20171005,8,영화는  잔잔했으나 스토리 전개가 미흡해서 맥락없이 허무한 결말로 마쳤다. 좀더 친절한 설명이 필요했다.  
20171005,7,여자 많은 데 가면 남자 OO된다는 것을 정확히 이야기 하는 영화  
20171004,7,관람객영화가 중반까지는 좋은데 후반부에 너무 급하게 끝난감이 없지않아 있는것 같아요..^^  
20171004,7,여자들... ㅋㅋ좀 더 야릇하게 만들어주지. 아쉽네  
20171004,8,관람객매우 연극적. 엇갈린 욕망들의 작대기가 가져다준 결말이 인상적임. 섬세하고 다층적인 그녀들의 욕망들을 다룰줄 모르는 남자의 운명이란... 끈적이는 시선들의 충돌이 긴장감을 줌.  
20171004,6,관람객사실 기대 이하다.매혹당한 사람들이 아니라 미혹당한 사람들!!! 소피아 코폴라의 영화를 기대했다면 비추 커스틴 던스트 팬들도 비추  
20171004,9,관람객매혹당한 사람들과 짧고도 냉정한 사람들  
20171004,5,남자 고문관이라 탈영한듯 짬순대로 먹었으면 안OO  
20171003,8,관람객스릴있고 재밌었습니다  
20171003,7,"관람객소피아 코폴라식 아름다운 영상과 쉽게 풀어내는 영화, 거기에 더해진 조금 더 짙은 욕망.  "
20171003,9,"관람객반전 있는 내용, 배우들의 표정들 흥미롭게 잘 봤습니다.  "
20171003,6,관람객생존을 위해 폭력적인 방법보다 세련되지 못한 일종의 외교적 방법을 택했던 남자자 자기 무덤을 판 꼴? 원작에 익숙한 감독이 당연하게 생각하고 생략한 많은 부분들이 원작에 낯선 관객들에게는 논리적 비약이 주는 아쉬움으로 남는다.  
20171002,6,관람객기대를 너무 많이했다..  
20171002,6,관람객기대했던 것 보다 심리묘사가 치밀하지 못해요. 그래서인지 긴장감도 떨어지고요. 그냥 키득거리는 맛으로 볼만합니다.  
20171002,7,관람객매혹당하기엔 짧은시간 .. 뿌옇게 처리된 화면과 의상 연기력은 멋졌다  
20171002,9,관람객한번쯤 볼만한 영화~~  
20171002,1,와 이건 진짜 왓더헬이다  
20171001,10,관람객아름다운 여배우들이 많이 나와서 좋았다  
20171001,8,관람객감정을 섬세하게 담아내서 매우 흥미로웠어요  
20171001,7,관람객페미니즘에 국한시키지 말고 특정 조건 하에서 인간 심리 변화로 봐야 할것같아요  
20170930,7,관람객기대에 못미쳤지만 영상은 훌륭했어요. 극전개에 있어 긴장감이 다소 떨어지고 서사가 좀 약했어요.  
20170930,6,"관람객움...영상미 좋고 소품 좋다 반전이 잇는줄알았으나 반전이 없는게 반전,,,  "
20170930,6,관람객이런 매력적인 소재와 배우들로 이정도 밖에 못 만드나  
20170930,10,관람객대부3에 나왔던 그 소피아 코폴라가 이렇게 인상적인 여성 감독이 되었다니..  
20170929,8,"관람객니콜키드먼의 눈빛연기, 키얼스틴 더스트의 불안한 내면연기가 일품  "
20170929,10,관람객아름다운 자연과  탐욕스런 사람의 모습이 묘한 대조를 이루는 영화  
20170929,7,관람객반전이 없는게 반전ㅎ 의상이 너무 멋집니다ㅎ  
20170929,9,관람객여자와 남자의 심리를 잘 그려낸 영화입니다 남자의 거세 불안  여자들의 사랑받고싶어하는 본능 을 그려낸 작품  
20170929,6,관람객음...풍경이 예쁘다.  
20170929,10,관람객남주의 자승자박 이란 느낌뿐 미장센 빼곤 별로  
20170929,10,"관람객배우들의 연기력과 영상에 10점 줍니다,  "
20170928,6,관람객너무도 자극적인 인간의 인간성  
20170928,8,관람객여성의 욕망을 우아하고 섬세하게 그린 영화.  
20170927,9,관람객재미있어요 볼만합니다 심리적묘사가표현됬으면  
20170927,2,관람객완전별로인영화멀얘기하는영화인지모르는영화최악이였음  
20170926,6,관람객섬세하나 그다지 매혹적이지 않은.  
20170926,6,관람객연기와 전체적인 분위기는 괜찮았는데 결말이 아쉽네요.  
20170926,8,관람객단조롭고 좋았슴니다.  
20170923,6,크리스천의 기회주의적 염증.  
20170923,8,관람객비쥬얼만으로 반 먹고들어가는 영화.스토리개연성은 살짝 아쉽다  
20170922,10,관람객눈이 번쩍 뜨이는.감정선이 조금 더 느리게 흘렀으먼.  
20170922,8,관람객재미있게 볼 만했습니다 배우들 연기가 다들 훌륭했고 아역들도 참 잘해서 편하게봄것같아요  
20170922,10,관람객재밋엇어요 중간중간 웃기기도람. 가장 기억에 남는건 엘르페닝이네요  
20170922,8,돈 시겔 감독판이 욕망에 관한 영화라면 이번 작은 관계에 관한 영화  
20170921,8,관람객여자와 남자의 심리를 잘 표현한 것같다.집안에서 일어나는 사건이 지루 하지 않게 전개되고재미를 잃지 않았딘  
20170921,5,관람객생각보다 별루였어요. 좀 더 쫄깃하게 상황을 가져갈 수도 있었을텐데 배우들 간 팽팽한 심리전 같은 것도 기대했는데 너무 시시하게 끝낸 느낌이네요  
20170920,6,관람객기대하며 본 소피아코폴라 감독 신작. 매혹적인 배우들  
20170920,6,관람객대체 어느 부분에서 매혹당한건지  
20170920,7,관람객폐쇄적인 집단이 이방인을 접할 때 보일 수 있는 반응들을 보여주는데 글쎄 이게 새로운 내용일까?  
20170920,9,관람객코미디네요 아주 재밌게 잘 봤음  
20170919,8,관람객영상이 너무 예뻤어여 추천합니당  
20170919,9,초반 흐름은 좋았다 결말을보고나니 예고편이다였던거 같다  
20170919,10,매우 품위있는 사람들.  
20170919,7,"아직 보진 않았지만, 여성버젼 박싱 헬레나 일 것 같은 느낌이네.  파렐이형 팔 다리가 잘리는 건가?  "
20170918,7,관람객영화가 무얼 보여주려는지 잘 모르겠다. 다만 배우들의 연기는 볼만하다.  
20170918,8,"관람객끝이 예측 가능하지만,,그럼에도 불구하고 재미있었다.  "
20170918,8,관람객광고가 강렬했던 영화 장사 잘하네  
20170918,8,관람객엘르패닝을 제외한 배우들 연기 좋아요  
20170918,8,관람객아름다운 니콜키드만^^심리연기 훌륭. 스릴러~~  
20170918,6,관람객허무한 결말에 큰 의미 없어보이는 이야기들  
20170918,8,관람객한 남자를 둘러싼 여자들의 감정선의 변화가 인상깊다 콜린파렐의 연기력이 다소 아쉬움 엘르패닝이 매력적이고 앞으로의 성장이 기대됨  
20170917,8,관람객좋아하는 배우들이 많이 나오고스토리 섬세한 감정연기 영상 소품 분위기 다 맘에 들었다결말이 싱겁다 생각할 수도 있지만 개인적으로는 마지막 장면이 인상깊고 좋았다  
20170917,7,관람객여자들의 욕망을 섬뜩하게 보여주는 영화  
20170917,2,"관람객 씨네큐브 마스킹 안하더라, 정신 차려라.  "
20170917,7,관람객기대 안하고 보면 나름 괜찮은 영화  
20170917,6,관람객생각치 못 한 상황에서 나조차 모르는 나의 모습  
20170917,8,관람객분위기와 색감이 너무 매력적인 영호ㅓ  
20170917,5,관람객매혹적인 배우들을 쓰고도 매혹 당하기 쉽디 않네...  
20170916,7,관람객여인들이 한 남자에게 매혹당하는 과정이 너무 불친절하게 그려진.. 배우들 연기는 좋았다. 특히 시종일관 불안한 눈빛을 보여준 커스틴 던스트 연기가 일품. 우아하고 고풍스러운 영상미도 볼만함  
20170916,1,관람객너무 별로였어요 .. 허무 ..  
20170916,7,관람객스토리는 밋밋하고 갈등관계가 약함. 배우의 네임밸류와 미장셴으로 승부한 영화  
20170916,10,관람객이 영화에 완전히 매혹당했다  
20170916,5,음... 뭐랄까?? 2프로약간 부족한느낌 정도 아니아니 그것도아냐..어....정말 딱 평점 5점정도 아..어려워어려워 뭐라 말을못하겠네  
20170916,10,각 상황마다 그럴만한 이유가 있다. 하지만 욕심을 내는 순간 파멸로 직행~~  
20170916,8,관람객남북전쟁을 상징적으로 보여준 영화일 수도...  
20170915,10,관람객전쟁 통에 남자 하나 두고 사랑을 갈구하는 다양한 연령대의 여자들  
20170915,8,관람객전체적으로 어두운 분위기...스릴러지만 스릴러같지 않아요 시대물 좋아해서 재미있게 봤습니다  
20170915,4,관람객연기력 좋은 배우들..그러나 스토리는 너무 약함..  
20170915,8,관람객좀 어두운 영화네요 스릴러는 절대아님  
20170915,4,관람객 영화가 긴장감이 없음 스릴러 좋아해서 스릴러 기대하고 갔는데 긴장감이 없더라구요...  
20170915,2,관람객교과서읽듯봤어요 ㅜㅜ  
20170915,7,관람객그저그런  내용 별다른  감흥이  
20170915,7,관람객마지막에 조금 힘빠져서 웃겼지만 ㅎㅎ  
20170915,9,관람객콜린파렐이 찌질하고 나머지는 개쩜  
20170915,8,관람객믿고 보는 연기.. 괜찮습니다~  
20170915,7,재미있는 소재네요..근데 스토리 전개상  좀 더 재미있게 만들수도 있었을 것 같아요.감정선을 억누르며 감독이  표현하려 했던 이야기를 잘 풀어냈어요 ..볼만해여  
20170915,5,소피아 코폴라의 유치한 남혐. 10대 소녀집단이 남자애 대하듯.  
20170915,10,"관람객...,,,...,  "
20170915,7,관람객사람들 사이의 심리전이 볼만했지만 결말이 아쉽다  
20170914,7,관람객함부로 매혹하지 말지어다. 감당할 수 있겠는가.  
20170914,8,관람객기대했던것보다 영상이 화려하진 않지만 잔잔한 영상에 힐링 되더군요..나름 쟁쟁한 배우들과함께 시간이 훅 지나갔으나 결말이 약간 아쉬운....  
20170914,8,관람객에상했던 만큼의 매혹적인 영화  
20170914,9,관람객스토리전개가 자연스러움.  
20170913,5,허허.. 기대를 넘  많이 했나봐요... 원작 예고편을 봐버려서 그럴까요? 뭔가 많이 삭제되어 있는것 같은데요. 원작이랑 차라리 더 흡사했다면 더 재밌었을것 같아요. 출연진 외모만 보고 나온 느낌이에요  
20170913,6,관람객초반 전개에는 전쟁상황 가운데 여초집단에 나타난 애혹적인 군인을 향한 그녀들의 마음과 행동이 개연성이 있었는데 후반부 스토리는 영화 같은 스토리를 만들기 위한 작가님의 글짓기기 였는지 너무 극단적이고 개연성이 결여되어 앤딩크레딧이 다소 당황스러웠다  
20170913,8,영상미가 참예쁘네요. 상영시간이 그리길지않아 볼만했어요.  
20170913,8,관람객결말은 허무했지만 볼만한 영화  
20170913,3,관람객남자불쌍... 여자들이 너무 무섭게나와요 ㅠ  
20170913,7,관람객누가 잘한건지 잘못한건지 매혹당한건지 한건지  
20170913,6,욕심이 과하면 큰화를 부른다  
20170913,7,관람객골때리고 재미진 영화네요  
20170913,7,"관람객감독과 배우들 그리고 예고편 보고 보고 싶었던 영화..어쩌면 예고편이 8할 이상 ㅋ영상미, 의상 너무 이뻤고.. 심리묘사 연기들도 다 좋았는데.. 이렇게 끝이야? 싶었죠~~ 마지막 씬.. 대문 뒤로 비쳐진 7 명의 매혹당한 사람들... 인상적  "
20170913,10,"남자는 거둬선 안된다. 본인이 자초한 일, 거둬준 감사함은 모르고 노발대발 폭력과 협박. 그 본인이 남성이라는 알량하나 위협적인 권력을 휘두르는 인간이 바로 내 주위에도 있어서 영화에 매우 몰입할 수 있었다.  "
20170913,9,"우리와의 차이는 호기심을 주고 욕망을 끓게한다 그렇지만 우리와 아예 다르다는걸 알면 공포감을 준다 인간의 단순한 본능과 감정이지만 좀 더 깊고 섬세하게 표현해준다,우아하지만 차가운 영상미와 소품이 좋음 '낡은 드레스를 보는것같은 영화.  "
20170913,8,관람객아쉬운 결말 그럼에도 섹시한 스릴  
20170912,10,관람객미장센 사운드 좋음 깔끔하게 잘뽑힌 영화  
20170912,8,불안한 전시상황에서 고립된 자들의 본능이 적나라하게 드러나는 영화. 7명 여자들의 감정선을 조금만 더 섬세하게 보여주었더라면...아쉬움이 남는다.  
20170912,6,관람객이 영화의 진정한 주인공은 에이미...?!!!  
20170912,8,"남자배우가 내눈엔 매혹적이지 못해 몰입하긴 힘들었지만.. 뭔가 보는데 기분이 굉장히 묘했고, 또한 여자에 대해서 생각했고, 남자에 대해 느끼게 해준 영화였다. 상영시간이 짧은게 좀 아쉬웠다  "
20170912,7,관람객긴장감있는 내용전개 결말도 놀랍다  
20170912,10,"여자들만 있는 집단에 남자가 굴러들어오면 지가 의자왕이라도 된 듯이 민폐도 이런 민폐가 없다는 진리를 알려주는 영화. 자매여, 무릇 남자라는 짐승은 거두는 게 아니라네. 도덕일랑 넣어두게.  "
20170912,8,절대 탐내지 말아야 할 금단의 사과를 깨문 남자의 최후는..  
20170912,5,관람객약간 지루했어요. 드레스는 너무나도 예뻤습니다.  
20170912,7,나름 이런류?의 영화를 좋아하는 사람인데 결말에 설마끝인가 하는 놀람과 허탈감을 느낌  
20170912,8,관람객압도적인 풍모가 있는 영화 허나 원작의 인종갈등 등은 왜 빼버렸을까  
20170912,7,"관람객영화의 호흡과 표현, 배경, 인물, 복식 등 모든 것이흡입력이 강했지만, 사건의 발단과 결과에 대한내용이 너무 부족. 막판에 너무 서둘러 정리해버린 느낌이 아쉬웠딘.  "
20170912,10,캬 이거 역시 죽이네.ㄷㄷ  
20170912,1,관람객선발대가 알려드립니다 니콜 키드먼 빼고는 볼 거 없습니다 이거 볼 시간에 차라리 다른 걸 보세요  
20170912,8,관람객적당히적당히재있군요보세요  
20170911,8,뭔가 모르게 항상 품위있는 코폴라  
20170911,10,고급영화는 고급이 만든다  
20170911,9,관람객전시상황과는 대조적으로 고요하면서도 나른하고 아름다운 여학교의 풍경으로 시작해 섬뜩한 공포로 향해 가다가 허무한 죽음으로 끝나는게 영화의 묘미  
20170911,7,루즈할줄 알았는데 생각보단 전개가 빨랐고 엔딩부분이 아쉬웠지만 여운이 남습니다  
20170911,10,관람객 Good good good  
20170911,6,기대했는데 많이 허접함. 결말도 너무 허무함  
20170911,8,관람객장면들이 좀 지루하다. 그렇지만 지루한 시간들을 감내할 만한 이유는 있는 영화. 마지막 장면이 일품이다.  
20170911,8,관람객인물들의 감정선을 따라가다 보면 결론에 이르는 게 이해가 가는데  너무  압축한 건지 조금 튀는 느낌이었어요.  캐스팅과 영상미가 정말 탁월했어요. 남주가 조금 더 매혹적인 사람이었으면 좋았을 텐데라는 아쉬움이 조금 남네요.  
20170911,7,관람객상영 시간이 너무 짧아서 급히 끝난 거 같음  
20170911,9,지극히 여성의 심리를 잘 표현한 걸작! 배우들의 심리연기가  
20170911,10,"관람객너무나도 매혹적인 영화, 매혹당하지 아니할 수 없었다!  "
20170911,6,클래식한 연출이 돋보이는 우아한 리메이크작이지만 좀 지루하다. 반전충들은 보지마라.  
20170911,7,"관람객모두 좋았다 분위기, 스토리, 배경, 배우, 등등 너무 무난한 결말과 부족한 긴징감만 뺀다면  "
20170911,10,관람객배우+분위기+스릴러+결말의 조합이 좋아서 매혹당하기에 충분한 영화였던듯  
20170911,10,관람객제목대로 매혹당했어요. 정말 매혹적인 스릴러인 것 같아요!  
20170911,10,관람객와.. 배우들의 연기가 매우 고퀄이고 영화자체가 엄청 섬세해요!!!! 우아한 동시에 엄청 파괴적인 영화예요. 오래기억될꺼같네요.  
20170911,10,관람객아름답다 라는 말은 이 영화를 두고 쓰는 말  
20170911,8,영화 안에 메시지가 있습니다. 겁을 먹은 여자가 총을 들고 있을때 무섭다. 생각보다  호기심과 편견과 두려움의 결과를 잘 표현해준 영화라 매력적이였습니다.  
20170911,8,감독님 아버지가 싫어하셨을듯 ㅋㅋ 그분은 리메이크 엄청 싫어한다고 했는데 ㅎㅎ  
20170911,10,관람객어느 순간 영화가 끝나고  있었다 ㄷㄷ  
20170911,9,"미술,소품,의상이 아름답다 ㅎㄷㄷㄷ  "
20170911,8,관람객매혹적인 분위기..마지막장면의 의미는??  
20170910,7,관람객스릴러장르란 기대와 명배우들의 캐스팅으로 기대가 넘쳤는데 끝이 넘 허무했어요..  
20170910,10,아니 상영관이 왤케 없어 집주변 가까운 극장 두개나 있는데 이거 보러 멀리까지 가야될듯 ㅡ ㅡ  
20170910,9,다 좋은데 초반 전개를 좀 빨리하고 후반에 스토리 꼬고 아님 반전을 넣었으면 띵작. 뭔가 생각한데로 지나감. 버섯으로 독살하는 장면이 제일 클라이맥스이고 절정인데 이부분은 너무 쉽게 지나감. 그리고 남주랑 너무 단절된느낌. 감독이 의도한 걸수도있지만  
20170910,7,관람객얕은 긴장의 연속 안터진듯한 마무리  간만에 좋은지 안좋은지 구분 안간다  
20170910,2, 영상미덕분에 그나마 2점 줌스토리 답답하고 똥싸고 안닦고 나온느낌VOD 서비스에 무료영화로 뜰거같은 느낌  
20170910,8,공대에 아름이 한명... 느낌  
20170910,9,관람객우아함속 원초적 행태가 주는 어둠  
20170910,4,"관람객'여성 사회로 편입되려다 주제넘게 제 권력을 발현한 남성과 그에 대한 여성 공동체의 처단'으로 해석할 수 있다면 더없이 좋겠지만, 동명의 1971년 작(감독 돈 시겔)에는 등장했던 흑인 여성을 배제한 데 대한 거북함은 이루 말할 수 없다.  "
20170910,7,수요와 공급의 불균형 당연한 결말  
20170910,7,관람객배우들의 연기력 덕분에 몰입도가 높았지만 스토리가 더 풍부했으면 좋았을 것 같다  
20170910,7,새로운 건 없지만 한 남자와 여러 여자의 욕망을 담아서 지루하지 않게 끝까지 볼 수 있다.  
20170910,6,보통이었어요 근데 자극적인 장면이 좀 많이 나와요  
20170910,1,",,,영화 보다가 졸고 나온 적은 처음임  "
20170910,9,관람객분위기있고 멋있는 영화  
20170910,1,OOO기 이영화는 쓰레기다. 감정의 서사따윈없고 대사는 유치하다. 결말도 허무하며 내용도 더럽다.  
20170910,6,말 몇마디 했다고 매혹당하고.. 개인적으로는 영화에 개연성없게 느껴지는 게 많아서 별로였다. 배우들 연기력에 별두개 영상미에 한개 해서 3개줌... 별로임  
20170910,8,"단지 커플들이 같이보면 안되는 영화이고, 개인적으로는 재밌었다.영화를 다본후 이런저런 생각이 많이 들게만드는 영화  "
20170910,10,관람객배우인지 캐릭터인지 내용인지 어느 것에 매혹되는지도 모르게 매혹당하고 끝난 영화  
20170910,9,양다리 걸치다 외다리 되삔네  
20170910,8,서슬퍼런 그녀들의 세상  
20170910,4,언제 왜 어떻게 매혹당한건지 모르겠음. 하도 남자가 귀한 때와 장소라서 그냥 남자라는 이유만으로 보자마자 미친듯이 끌린건가.  
20170910,10,정원관리는 못한 것이 아니라 안한 것이다.  
20170910,8,관람객여자들의 욕망이 남성의 본능보다 더 집요하고 처절함을 말함.  
20170910,7,[감독 #프로필] ‘거장 프란시스 포드 코폴라 감독의 딸. 니콜라스 케이지와는 사촌간이다.’ (그렇구나~!) (그랬구나~!)  
20170910,8,관람객연기력은 최고!인간의 욕망을 어떻게 해석하려고 한 것인지어려웠어요~ 좀 웃기기조 하고^^  
20170910,8,관람객좋은 영화입니다. ~_~  
20170910,7,내일 저녁은 버섯요리다.  
20170909,5,연기 좋았지만 결말이 되게 허무했던.  
20170909,9,서로 매혹하고 매혹당한 사람들  
20170909,8,탄탄한 이야기 구성과 좋은 배우들의 연기로 굉장히 만족스럽게 관람했습니다. 소피아 코폴라 감독 특유의 영상미와 섬세함도 영화의 몰입도를 높이는데 도움이 되었습니다.  
20170909,8,관람객조금 더 매혹적인 남자였으면...  
20170909,6,그냥 미장센만좋은영화  
20170909,8,"관람객정적이고, 생각이 필요했던 영화  "
20170909,8,마치 모처럼 극장에 온 옛날 사람이 된 것 같은 기분으로 관람 흥미롭고 공포스러웠다 절제된 문화 아래 날 것의 무언가가 생생하게 느껴졌던 좋은 영화  
20170909,1,이게 뭔가 했던 영화 중간에 두명 나가더라고요 재미없어요 그냥 보지말아요  
20170909,7,'내 것이 될 것이 아니라면 파괴하겠어'  
20170909,6,서로 다른 심리적 긴장감을 우아하게 표현한다.  
20170909,10,여성들에 대한 심리묘사가 섬세하고 섬뜻하네요.  
20170909,1,최악입니다 내용 없어요  
20170909,1,정말 재미없네요  보시면 후회합니다  
20170909,10,"관람객원작을 못봐서 원작과 비교는 못하지만, 스산하고 서늘한 분위기와 아름다운 소품들이 정말 좋았다. 여자들의 세계에 들어온 남자는 불청객이고, 평온함을 깨는 순간 그에겐 죽음 뿐이다.  "
20170909,6,전혀 새로울 것이 없는 기성의 영화 남는 건 배우들의 연기력도 작가의 시나리오도 감독의 연출력도 아닌 그저 자연의 신비함  
20170909,1,계속 질질끌다가 끝남 ;;;  
20170909,9,남자가 종교믿는 여초직장에 가면 안된다는 감독의 일침  
20170909,1,세상에서 제일 재미없는 영화  
20170909,8,담백한 전개로 아주 재밌음msg를 안친 영화  
20170909,6,관람객아쉬운 부분이 있었습니다.  
20170909,7,네 시작은 천국이었으나 그끝은 지옥일지니라...(웃음)  
20170909,9,영화 그것보다 아역들 배우도 훨씬좋고 결말이 뭔가 찝찝하다만 러닝타임동안 지루한거없이 잔잔하게 잘 본거같네요. 배우들 연기 진짜 끝내줍니다. 개인적으로 그것보다 낫네요. 추천.  
20170909,1,내생에최악의영화엿습니다 솔직한후기돈아깝당!!!! 노반전  
20170908,1,뭐냐이거 보는내내 실소터짐 주변에서 끽끽거리고 심지어 영화중간에 2명나감ㅎㅎ돈아까움ㅠ  
20170908,2,Beguiled 내 마음을 끌지 못한 영화!  
20170908,6,매혹당한 '사람들'이 아닌 매혹당한 '한 남자'의 말로.  심리묘사가 세심했어야했는데 전체적으로 훑고 지나간 느낌. 책으로봐야 묘미가 살 것 같은 작품. 소피아 코폴라 감독이어서 극장까지 찾아갔건만 치밀했어야할 심리묘사가 아쉬웠다.  
20170908,8,영화의 분위기만으로 몰입감을 주어 매혹시킨다  
20170908,8,인간은 상황과 감정의 노예다  
20170908,10,"보면 볼수록 매혹적이네요, 배우들 연기도 좋고처음 봤을 때보다 두번째 세번째 볼 때 더욱더 놀라운 점을 느낄 수 있습니다  "
20170908,6,"관람객먼가 더 나와야 할꺼 같은 장면들이 나오지 않고, 남자가 죽어버렸다... 허무했다 ㅎㅎㅎ  "
20170908,9,영화가 짧고 깔끔해서 좋다. 기대를 안하고 봐서 그런지 재밌었다  
20170908,10,완벽한 영상미 반전 심리묘사~  
20170908,8,후기가 별루여서 볼까 말까 했는데전 개인적으로 괜찮았어요 근데 결말이 좀 더 자극적이었으면 좋았겠다 싶어서 8점~  
20170908,9,다들 연기가 되니까  나도 모르게 빠져듬...  
20170908,10,관람객내 모든 감각이 새롭게 태어나는 것만 같은 느낌을 받았다! + 배우들 존예 비주얼 감상은 덤으로~  
20170908,9,배우들로만으로도 볼 가치가 있는 영화  
20170908,8,관람객전혀 예상하지 못하고 본 영화였지만.. 끝까지 궁금한건 교장은 정말 모르는걸까? 질투를 하는걸까? 궁금했다는..  
20170908,10,"관람객몰입도 높은 쫀쫀한 스토리, 그리고 영상미가 정말 헉 소리 나오게 예쁘다  "
20170908,7,내용은 잘 모르고 가서 봤는데 그냥..황당했음. 끝이..어쨋든 여자들은 예뻤고 남주는 잘생겼고 배경도 괜찮았음.  
20170908,10,관람객분위기에 압도된다... 한번더 보고픔  
20170908,9,관람객내용보다는 강한 연기력과 드레스에 매혹당했다. 엄청난 내용은 아니어도 불필요하게 질질 끄는 것 없이 매끄럽게 전개되어 보기 편하고 복잡하지 않다.  
20170908,10,관람객되게 분위기 있고 고혹한 영화인줄 알았는데 사람의 심리를 잘 표현해서 빠져들어서 봤어요!!!  배우들 연기는 말할것도 없어여!!  
20170908,10,활보다 무서운 과녁의 심리  
20170908,1,이 영화의 평점이 왜 7점대인지 1도 이해할수 없고 평론가들은 더 가관이네 쩝...최악의 영화  
20170908,10,관람객명작탄생. 매혹당한 사람들이 아니라 매혹하는 사람들  
20170908,10,관람객완전 매혹 당했다! 오늘 또 보러가야징  
20170908,10,관람객진짜 기대많이했는데 기대 이상이였어요!  
20170908,10,"관람객캐스팅으로 기대가 컸는데, 기대 그 이상이었다. 끝까지 화면에 눈을 땔 수 없는 영화. 정말 섬세한 연출에 감탄!  "
20170908,10,관람객이 영화에 완전 매혹당한듯!! 역대급 여배우들을 한 영화로 볼 수 있다는 자체로 황홀경 ㅜㅜ  
20170908,10,관람객보는 모든 이들이 '매혹당한 사람들' 이 되어버릴 영화 나조차도 매혹당해버림  
20170908,10,관람객여러분...개쩔어요...상당히 매혹당함..(수줍)  
20170908,10,관람객캐스팅도 그렇고 전체적으로 만족스러웠습니다.  
20170908,10,관람객배우의 연기부터 감독 연출까지 완벽합니다. 비주얼도 넘 좋아요~~!!  
20170908,10,관람객너무 매력적인 영화 매혹당했어!  
20170908,10,관람객입체적인 캐릭터와 섬세하면서도 세련된 연출. 소피아 코폴라가 칸 영화제에서 왜 감독상을 받았는지 납득된다.  
20170908,10,"관람객배우들 연기가 굳 의상,영상 디테일도 좋다  "
20170908,10,흠....아리가 이걸??  
20170908,10,관람객매혹당한 사람 1인 추가요  
20170908,10,관람객결국 이 영화에 매혹당해버렸으으  
20170908,10,관람객매혹적이며 빠져들고만다  
20170908,10,관람객기대만큼 배우들의 연기력이 돋보이는 영화! 매력적인 캐릭터들의 조화!! 몰입감쩐다!!  
20170908,2,"Sophia, You just had followed your father.  like a ghost of  Fransis  "
20170908,8,배우들 연기랑 분위기는 정말 완벽했다.내용도 딱히 흠 가는 곳은 없었지만그냥 상병도 선생들 학생들도 멍청하고 답답하다는 생각밖에는 안들었다.상병이 다리 잘리고 여자들 탓할때가 제일 웃기고 한심했다본인이 자초한 일인데  
20170908,6,1971 작품과 비교해보면 캐스팅과 드레스 디자인에만 너무 집중한 것 아닐까란 생각이 든다. 너무 중요한 요소들을 많이 제거했다. 배우들의 연기에만 의존한 잔혹한 동화같은 판타지물..  
20170908,7,외부와 단절 된 집단의 욕망이 쌓아올린 아슬아슬 한 돌탑. 1.66:1의 화면비는 마치 연극의 프로시니엄 아치처럼 보인다.다만 좀 더 섬세한 각색이었으면 어땠을까.  
20170908,6,"의상때문에 그나마 6점 줍니다.좋은 배우,괜찮은 소재임에도 김빠진 콜라같이 긴장감 없고 일차원적으로 표현한게 안타깝네요.등장인물간의 미묘한 신경전이 돋보이거나 섬뜩한 스릴러가 넘쳤다면 좋았을텐데 너무 단순하게 이끌어가서 기대에 못미쳤네요  "
20170908,6,감독과 배우 이름에 비해 연출이 약하다  
20170908,9,"미소, 시선, 몸의 방향으로 심리와 긴장을 이끌어낸다. 대사 하나 하나가 미묘한 뜻이 있는데, 웃기기까지 하다. 혼자 영화보는 걸 좋아하는 여성 관객에게 추천.  "
20170908,7,고혹적이고 우아하다!분위기로 압도하는 영화!  
20170907,10,관람객매혹 그뤠잇!!! 안본 사람 스튜핏!!  
20170907,10,보고 벌거벗겨진 느낌이 드는 영화였다.그리고 멍했고 곧이어 시원했다.  
20170907,7,이 작품을 박찬욱감독이 만들었으면 어땠을까란 생각이 듭니다.  
20170907,8,영화가 진행될수록 제목과 달리 등장인물들은 매혹당한 사람들이란 말에서 점점 멀어져 간다. 그들은 매혹 당하길 기다리던 사람들이었다. 누군가에겐 뻔한 영화일 수도 있겠지만 단순히 뻔한 영화라기엔 개성이 매우 강한 영화였다.  
20170907,7,무서움은 없지만 긴장감은 있네요. 니콜키드먼 연기력 좋아요왜 군인에게 설명을 잘해주고 미안하다고 말하면 좋았을 터인대  
20170907,6,연기력은 좋으나 끝나고 니온 사람 왈 이걸 8000 원 주고 보다니 ㅋㅋ  
20170907,6,이것이 여성들의 더러운 본성인 듯!  
20170907,10,관람객재미있게 잘 보았습니다  
20170907,3,전혀 소금간 안 된 흰죽 먹은 느낌..  
20170907,1,배경이 전체적으로 회색빛이 도는 영상미라  신비롭고 뭔가 있을꺼 같은 내용인데.없더라구요. 뻔하지 않겠지 않을 결말 조차 뻔해 버리는데. 실망이네요. 에드위나만 불쌍 하죠  
20170907,8,영상미 예뻐서 또 보고 싶은데 상영관이 너무 없어요. 예술 영화 많이좀 걸어줬으면  
20170907,1,예고편이 다임 진심 노잼 ...난뭔일이라도 일어날줄? 너무허무햐서 다른영화한편 더보고옴  
20170907,5,결말도 그렇고 별로 인거 같습니다  
20170907,8,기분묘해짐밤에보면 순간 소름돋을엔딩  
20170907,3,아버지가 위대한 감독이라고 해서 그딸까지 그렇지는 않은것 같다내내 지루하고 결혼이 뻔한뻔한 이야기 결론이 기대를 저버리지 않는다.  
20170907,1,주목도 못받을만 하다. 반전도 90년대 후반에나 유행했을 법한 반전.  
20170907,9,후반이 좀 더 길었으면 함  
20170907,10,몰입도 개쩌네몰입도 개쩌네  
20170907,10,니콜키드먼봐서 10점줌..  
20170906,7,"매혹적인 사람, 매혹당한 사람그것이 두 사람이 아닐때  "
20170906,6,관람객영상미와 배우들이 굉장히 매력적이었다. 존 맥버니에게 잠깐 설렐정도였고 알리시아는 예쁜OO이었지만 매력있었고. 초중반에 서로경쟁하는건  좀 웃겼다. 그런데 보는데 아 다음엔 이렇게 되겠네가 너무 쉽게 떠올라서 추리하는 재미가 없었달까..  
20170906,7,루즈하고  지루하지만 배우들이  매력적이다  
20170906,1,감정의 건너뜀 좋은 재료를 이런식으로  
20170906,5,평론가 평점 보고 갔는데...;; 뭔가 반전이 있을 줄 알았는데...;; 짧게 끝나 그나마 다행이라 여긴 영화...;;;  
20170906,8,인간의 본능들을 볼 수있었던 시간  
20170906,1,OO 이렇게 재미없는 영화 처음봄 내용도 없고 걍 19금으로 만들던가 뭔 아오 아오 ㅅㅂ  
20170906,7,관람객인간으로서 최소한의 생존본능을 짓밟은  그녀들의 축축한 민낯  
20170906,8,십대에  봤던  작품을  이리  다시  볼  줄이야.  
20170906,9,잔잔한 영화인줄 알았더니 반전이 있었어요주인공심리묘사가 잘안되어 있어서 아쉽더라고요 가위질이  많이 된건지좋은영화봐서 행복한날이었어요 책도 읽고싶어요  
20170906,7,은근히 또는 대담한 유혹들과 성적 묘사가 재밌는 긴장감을 만들어낸다  
20170906,10,연기때문에 몰입된다..허나 결말이...좀  
20170906,7,입말보다 배우들이 주고 받는 비언어적인 대사를 지켜보는 재미가 있었던 영화. 흥미로운 블랙코미디였음. 다만 결말이 심심하다.  
20170906,7,"재밌고 몰입도 잘 되었지만, 마지막 결말이 조금 심심해요 ㅜ 그래도 볼만해요~  "
20170906,9,몰입 쩌네요. 아역 배우들까지 연기 잘함.  
20170906,5,관람객초중반까지는 나쁘지 않았지만 그게 다였다. 다소 심심하고 밋밋하고 긴장감 없는 결말.  
20170906,6,반전없이 너무 허무하게 끝나서 결말에 당황함...  
20170906,7,The Beguiled  
20170906,5,노 잼 히스테리 스릴러. 감성돔으로 만든 불량어묵.  
20170906,8,딱히 누구의 잘못이라고 단정 지을 수 없다. 그들 모두가 전쟁이 낳은 피해자들일뿐. 그 피해자들이 서로에 대한 오해가 쌓여져갔고 그 오해들이 결국 터져서 생긴 전쟁이 낳은 비극. 영상미는 매혹적이고 캐릭터 모두가 매혹적이었다.  
20170906,7,"우아하고도 섬짓한 그녀들의 애증, 또 보고 싶기도 하고 또다시 보고 싶지 않기도 하고  "
20170906,10,역시 소피아 코폴라 감독 ㄷㄷㄷ 존잼  
20170906,1,얼척이 없는 영화.. 졸다가 깨다가.. 절대 보면 안될 영화를 코폴라만 믿고 보는 큰 실수를 범했다.. 아무것도 없는 영화..  
20170906,9,매혹적인 외양과 본모습의 대립과 반목.  
20170906,10,이건뭐 기대평도 없어?  
