0,1,2
20190118,8,약간 유치한 느낌의 영화이긴 하지만 개그요소가 확실하고 CG나 액션도 볼만하고 애니메이션 실사판치곤  재밌다.  
20190116,1,내가 살다 살다 얼마나 어처구니 없으면 케이블 채널 회사에 이런 쓰레기 영상(영화X)편성한 이유가 뭐냐고 전화 할뻔. 주변에 이걸 영화로 보는 사람이 있다면 인연 끊고 할 수 있다면 숨통 끊어 놓길 추천. 해도 너무 하잖아 이게 영화야???  
20190114,6,원작만화를 봤으면 더 재미있게 보았을 연출인듯..그저 일본스러움  
20190106,10,최고의 영화  추천합니다  
20190105,7,은혼1은 진짜 노잼이라 보다 때려쳤는데 은혼2는 재밌게 잘만들었네 ㅋㅋ수작은 아니지만 평타는 침  
20190104,10,생각보다 개꿀잼이라 깜놀ㅋㅋㅋ  
20190102,6,원작을 안 본 사람에게는 씹덕갬성 일본영화였을 뿐  
20181231,4,칸나보다 총쏘는 여자가 훨씬예쁘네  
20181229,10,1편보고 재미있네라 생각했는데 올해 2편이 나와서 너무 반갑네요  
20181219,8,이런 어처구니 없는게 마음에 들어  
20181202,6,만화를 실사로 만든 영화는 때론 귀엽다.  
20181201,10,"만화 실사화 영화를 별로 안좋아하시는 분이더라도, 은혼만큼은 믿고 즐길 수 있는 영화예요.  "
20181130,10,일본 애니 실사화 작품치고 이정도면 개 수작 맞음 ㅋㅋㅋㅋ  
20181125,10,2편 개봉하기 전에 보려고 봤는데 되게 볼만하고 은혼 원작 하나도 모르는데 개그가 완전 내 스타일..  
20181124,8,이런 개그코드군요ㅋㅋ  
20181117,7,"그래 차라리 이렇게 B급 딱 정해놓고 만드니깐 볼만하게 나오네. 그동안 일본영화 중간에 졸려서 못보고, 돈세탁이나  산업폐기물 만들 용도로 영화 찍는 줄 알았는데 이건 볼만했다.  "
20181112,10,일본애니 실사하면 다 망한거지... 근데 은혼이라는 장르는 은혼은 은혼이었다 라고밖에 말할수없었다는 ㅋㅋㅋㅋ  
20181105,10,다음편은 언제 볼 수 있는거야 ㅠㅠ  
20181101,6,더도말고 덜도말고 그냥 딱 B급 일본영화.  
20181027,6,아니 일본은 다 좋은데 왜 구지 애니로 성공한 것들을 실사로 만들지 못해서 안달이냐?? 애니는 영화나 드라마와는 달리 현실에서 표현이 어려운 판타지 스토리가 많은것도 모르나?? 강철의 연금술사 실사판보고 진짜 ..답이 안나오더라 ㅉ  
20181023,3,제발 이런건 실사로 만들지말자! 하..  
20181019,8,오구리슌때문에 봤는데 개그코드랑 내용자체는 재미있엇음  히지카타랑 신스케는 정말 캐스팅미스인거같았다 신스케정말 오글토글  
20181014,1,벌점 0은 없냐구요으이  
20181002,6,밑에 일본 연기 까는 놈은 정신이 있는거냐? 문화 자체가 다르니 억양이나 톤이 다른 게 당연한거지. 걔네가 보기엔 우리나라 연기가 이상하지 않겠냐 ㄷㅅ아. 글고 실사판에 카구라 캐스팅이 너무 아쉽다. 목소리가 너무 안 귀여워.  
20181001,7,팬들이 가장 재밌어하는 병맛 코미디를 많이 넣지 못해서 아쉬움. 화장실 씬이라던가 캐병맛 많은데ㅠ 오구리슌이 긴토키 완벽재현하려고 목소리까지 노력한 흔적 보임. 하지만 너무 늙었..ㅠㅠ히지카타 목소리 미스 캐스팅 느낌. 신파치는 완전 캐릭터 현신 성공  
20180921,10,요시자와 료는 존잘이다  
20180918,10,난재밌었는데 ㅋㅋ 저작권 ㅋㅋ 병맛이긴해도 재밌게 끌어낸 병맛이다 ㅋㅋㅋ 좀 오글거리고 루즈한 부분도 잇지만 그래도 재밌게 봤음 ㅋ  
20180917,1,일본은 제발 연기학원 학교 있는거 다 부숴버리고 다시 만들어라 외국강사 초청해서. 꼰대들 연기 이어가지말고 감정표현 억양좀 고쳐라. 충분히 헐리웃 먹을만한 머리 돈 있는데 못하는 이유가 그 문화색 짙은 연기때문이다. 차라리 성우들한테 배워보는게 나을지  
20180913,10,ㅋㅋ은덕인 저는 아주 재미있게 봤습니다 캐스팅이 조금 아쉬운점은 있었지만 연기로 커버  
20180907,2,"이게 재밌다고?ㅋㅋ 평점보고 기대하고 봤는데,실사로 만드니까 보는내내 어설프고 오글거려서 끝까지 보기 힘들었음.  "
20180905,1,아니 이딴 영화를 한국에서 환영해줄주알고 홍보하러와서 호응이 없다고 시무룩하는거 자체가 웃긴거 아니냐? 만화니까 재밋는거지 ㅡㅡ  
20180905,8,변태가면 스럽진 않지만. 왠지 변태가면이 그리워진다  
20180828,5,원작을 안봐서 그런지 도통 무슨 소리하는지도 모르겠고 개그도 이상함... 하시모토 칸나가 연기를 위해 그렇게 망가질줄은 몰랐음 그거빼곤.... cg도 엉성하고 만화적인 과한 리액션이 너무 많이 나와서 오글거림  
20180827,9,원작을 안봤지만 영화자체로 재밌음 ㅜㅜ  
20180824,10,"진짜 ㄱ개재밌었음,,,,  "
20180819,7,신스케 비주얼이 너무 최악... 늙다리 아저씨 같은 느낌이였고  CG도 끔찍했음...  
20180813,5,"은혼이라는, 참 복잡한 맛을 가진, 도무지 영화로 만들 수 없을 것같은 작품을 일본 영화 특유의 힘을 발휘해 상상 이상으로 잘 그려낸 작품. 하지만 이 연극성 짙은 일본 영화의 특성 덕에, 어느 부분에서도 원작을 넘지 못했다. 즐겁지만 아쉬운 작품.  "
20180808,10,애니 영화화 한것중 젤 잼있게 본거 같아요~오구리슌이 긴카쿠를jQuery22405326598029599808_1533664140964ㅋㅋ했는데연기도 넘 잘하고 좋았습니다~^^  
20180807,8,잼있고 유쾌한 영화. B급이 아니라 A급으로 본다.  
20180806,2,여주가 난쟁이 똥자루같았다..소리를 너무 질러대서 죽여버리고싶었다  
20180804,7,솔직히 기대는 하나도 안했는데 검신 이후로 일본 실사화가 많이 바뀌긴 했네. 비급 치고는 생각보다 괜찮게 나온 작품. 허나 은혼을 모르는 사람이 본다면 이뭐병 수준인건 어쩔 수 없음. 애당초 은혼자체가 진지함으로 보기엔 어려운 원작이니..  
20180731,8,병맛ㅋㅋㅋ 명작이 아니라 띵작입니다 ㅋㅋㅋ  
20180722,5,총잡이 아가씨 웃음 터질때 같이 터짐.  애니보다는 역시 실망스러운 영화  
20180722,1,t씹덕들 여기 다 모여잇네  
20180720,10,은혼은 은혼 굿ㅇ아ㅏㅇ아ㅏㅈ즈ㅏㅏ  
20180720,10,와하하하하~요호호호호~보는 내내 정말 웃겨서 죽은줄 ㅠ최고의 은혼 실사판!!!꼭 보세요!!!  
20180716,7,그래! 역시 은혼이란 말이 저절로  
20180714,10,아 씨 ㅋㅋㅋ 샤아형 거기서 왜 나와 ㅋㅋㅋ 엄청 웃었네  
20180618,8,만화를 생각하지 말고 보면 나름 재미가 있다.  
20180617,6,원작의 특이성 때문에 힘든 것이 보임...  
20180531,10,내가 본 실사판 중에 제일 재미있다  
20180530,10,신스케 조네 약하더라 ㅅㅂ 칼빵 투성이 긴짱한테 그렇게 처발리나 ㅋㅋ 긴토키보다 힘도 훨씬 약한거 같더구만 ㅋㅋ  
20180512,10,완전 똑같았음신스케빼고  
20180512,6,내용만 충실하게 봄... 글쎄 은혼팬이라면 눈감아줄수있지만 퀄리티가 왠지모르게 잘 만든 파워레인저같은 느낌은 지울수없음 라인업은 유명인들이지만 아직까지는 실사화 볼 마음의 준비가...돈내고는못보겠으뮤ㅠ  
20180424,6,관람객나름 원작의 기분을 느낄수있었고 재미있었습니다.  
20180420,8,볼만한 영화 입니다..  
20180413,1,"은혼에서 말하는 요시다쇼요가 정한론의 요시다 쇼인, 기타 등장인물의 이름도 죄다 한국 침략의 앞잡이들입니다. 예상대로 일본인 아이디 총출동했네요. 일본놈들이 만든 평점에 속지마세요. 여러분의 자녀들을 생체실험하고 위안부 끌고가려는 놈들입니다.  "
20180413,9,은혼 팬이라면 강추!! 은혼스럽다!!  
20180411,10,실사영화중 제법 원작에 충실한  영화다  
20180409,1,a급도 b급도 아닌 새로운 급이다. c급이다 ㅋㅋ  
20180408,9,"싱크로율도 되게 좋네요ㅎㅎ다만, 일어 모르는 관객들은 재미가 좀 덜할듯. 은혼 개그는 다쟈레나 말 관련된 게 많은데, 자막 보니까.. 자막 만든 사람도 고민이 많았겠지만, 원래 내용을 많이 놓쳤더라구요. 니코칭코ㅋㅋ 다만, 또 베니자쿠라.. 지겹네요.  "
20180408,10,은혼좋아하는친구가 진짜 싫어하더라.. 나올때 미안했다..  
20180407,10,"비록 cg나 배우의 연기력이 딸리는 것은 확실하나 내용은 참신하고 재미있음, 재미있기는 한데 b급 영화를 않좋아 하는 사람에게는 비추.  "
20180329,10,워너로고가두번뜨는 유일한영화일거다  
20180321,1,남의 눈에 눈물 내면 제 눈에는 피눈물이 난다  
20180320,10,역시 은혼은 개그코드와 시리어스지!  
20180317,10,진짜 잘만들었던데?? 특유의 오글거림. 이상할만큼 어이없는 웃음  나름 세계관을  도특하게 구축.  솔직히 보면서 깜짝 놀랐습니다. 잘만듬!!   우리나라도 하나 있음 성량팔이 소녀의 재림 이라고 ㅋㅋㅋㅋ  
20180316,10,만화를 원작으로 하니 당연히 유치한거 아니냐? 난 좋다!  
20180312,6,"관람객실사판 싱크로율 좋고, 원작을 잘 살린 연기도 좋았다.  "
20180311,10,내용은 그저 그렇고 와꾸가 멋지네요  
20180310,8,병맛스러움을 잘 살리는 데 성공  
20180308,9,OO같지만 재미있다.  
20180308,1,지금 올레tv무료로 나왔길래 보는중인데 이딴 븅ㅈ신같은 영화를 보고 좋아하는 애들 정신상태가 궁금  
20180228,5,안웃긴 코믹.  안섹시한 여배우들.  뻔한 액션  
20180225,2,은혼팬이자 오구리슌팬입니다물론 하시모토칸나도 좋아하구요그치만 이런 망작이 앞으로도 있을까 싶네요배우들이 캐릭터를 너무 소화 못한것 같구요분장도 너무 허접했습니다 하시모토칸나는일부러 살을 찌우기라도한건가요...전체적으로 기대에 부응못한듯합니다  
20180223,3,정말  더럽게 재미없네  애니 재밌어서 봤더니 실망이다  
20180220,1,원작 이전에 기본기부터..  
20180220,9,"일단 은혼 실사화라는 것에 5점 주고 카구라랑 니조랑 그 타카스기 부하중에 총쏘는 여자때문에 3점 얹어서 8점주고 충분히 재밌었으니까 다 합해서 9점! 긴토키 코딱지 너무 후벼대고, 타카스기의 헐렁한 붕대랑 3번 우려먹은 홍앵편때문에 10점은 못준다  "
20180219,2,"아무리 의도적으로 병맛을 추구한다고 해도, 스토리 조차 병맛으로 2시간을 보라는건 너무하쟎냐  "
20180218,1,대체이걸 왜보고있지..참 괴상스럽다  
20180217,4,긴상....무슨일이있었니  
20180217,3,한국 영화 시장은 왜이렇게 관대한거냐? 자체 심의좀 거쳐라 리얼 망퀄리티 일본은 절대 실사화 하지 말아라 걍 코스프레 퀄리티임  
20180217,1,B급도 B급 나름이다. 돈을 준다고 해도 다시는 안 볼 영화.  
20180215,10,난 은혼의 인기보단 칸나 나와서본건데 그냥 볼만햇음  
20180211,7,후쿠다 유이치는 믿고봅니다.  
20180208,5,코스프레는 그럭저럭이었으나.. 짧은 시간에 너무 많은걸 넣으려다보니 캐릭터들이 하나도 안살아남  
20180206,1,"개노잼임, 원작을 알아도 몰라도 개노잼. 눈썩은 아재 혼자 잘난척하는거밖에 기억안남  "
20180205,1,은혼빠라서 영화 보았지만  왜 일본영화  실사화를 보면 안되는지  제대로 통감 했던 계기가 되었다.  매우 유치하다.  차라리 애니를 봐라  
20180205,10,저는 재밌게 봤어요ㅋㅋ  
20180203,10,왱케웃곀ㅋ어줍짢게 애니 실사로 바꿔서 괜히 민망한것보다 그대로 재연해내는게 웃김ㅋ의외로 오구리슌 겁나 잘어울림.하시모토칸나돜  
20180203,10,하도 바쿠리해가지고 신파치 의상에 삼선까지 아디다스로 보임 크크크킄ㅋ 스토리는 뭐 하도 우려먹어서 그렇지만 쉬지 않고 나오는 b급 유머코드 깔깔 굉장히 유쾌하게 봣음. 그리고 뜻밖의 도모토 쯔요시.. 우짜 ㅠㅠㅠ  
20180201,4,진짜 영화 장르 안가리고 왠만하면 다 후하게 평점주고 그러는데 중간에 보다가 끈 영화는 처음이었음 참고로 은덕 10년차임 그냥 코스프레 대잔치  
20180131,8,그냥 가볍게 볼만함 ㅋㅋ  
20180128,10,은덕으로서 ㅈㄴ재밌었음!  
20180126,8,하시모토칸나하시모토칸나  
20180125,5,싱크로도 그냥저냥이고 오리지널로 들어간 부분은 몰입도 잘 안됬다 그래도 은혼특유의 개그코드는 잘한듯  
20180123,6,좔 모루겠쒀요.. 이걸 왜 보고있는건지..  
20180122,1,으윽 오글거려... 실사판 만들시나에 애니극장판이나 만들어줘  
20180122,8,다좋은데.. 타카스키..ㅜ.ㅜ..집중이안되요..타카스키미모가..ㅜ.ㅜ..미모가 실종됐어요..ㅜ.ㅜ 타카스키나올때마다 안습.미남배우가 그리없었나요..ㅜ.ㅜ..  
20180121,10,존나 웃기네 대박이다 카카카하  
20180121,10,실사는 실사대로의 또다른 병맛이 존재한다.  
20180119,1,오글거림의 극치.  부끄러워 눈을 뜰수가 없네  
20180119,7,원작느낌은 대충 잘살렷는데.. 나머지는 좀 그저그랫음  
20180118,1,"내가 진짜 재밌게본 애니고,내가 좋아하는 배우들이 나왔는데,왜 재미가...  "
20180118,7,"3723bbbig'""<>>  "
20180118,9,일부러 B급티나게 만들었고 cg도 그렇게 했네 ㅋ  
20180118,9,너무웃겨 미춰버리것네  
20180117,1,겁나별로였음. 홍앵그만 우려먹어라  
20180116,9,관람객은혼 특유의 병맛이 잘 드러나는듯  
20180116,10,관람객흑흑 오키타군!! 말투 넘나 좋어욮ㅍㅍ퓨ㅠㅠ  
20180115,1,알바 아님 다 미친듯 ㅡㅡ;;  
20180114,6,조연이 더 비슷하다 개인적으로 시무라 타에를 맡은 나가사와 마사미가 이쁘네  
20180114,4,일본 전대물 특촬물은 늘 실망만 나네.  
20180113,5,카쿠라걱정이 제일컷는데 제일 비슷하네 ㅋㅋㅋ  
20180113,10,관람객은혼과 B급영화의 느낌이 너무 잘 어우러진 영화.아예 은혼을 모르는 분보다는 애니를 좀 봐본 분들께 추천합니다  
20180113,1,앵간하면 리뷰 안다는데.. 너무하는거 아니냐?액션애니를 영화로 만들거면 배우가 기본적인 액션은 되어야 하는거 아냐? 그리고 뭐냐 그 b급모다 못한 cg는. 바람의검심 실사화 한 나라의 영화 맞냐? 애니까지 급 떨어트리지 말고 이딴거 만들거면 만들지마  
20180113,3,초반 20분은 빵터졌고B급을 은혼스럽게 다루려해서 기대했으나중반부터 쭉...재밌지도 않고애니홍앵은 특유의 박진감넘치는 음악과 은혼치고 이상할 정도로 고퀄리티인 전투가 조화를 이룬다.근데 이건 끝까지 저퀄.1990년 B급영화라 생각하면 괜찮다.  
20180113,10,이런 병맛 바람직합니다 ㅋㅋㅋ  
20180113,3,내돈도 시간도 아깝지만 필름이 더 아깝게 느껴진다..  
20180112,6,기대 안했는데 생각보단 원작의 병맛을 잘 살린듯 ㅋㅋ 특히 카구라가 싱크로 진짜 좋다 ㅋㅋ 완전 귀여움  
20180111,6,외계인은 모두 컴터 그래픽으로 했더라면돈도 훨 적게들고 완성도도 높았을듯  우뢰매 수준인줄  
20180111,2,은혼 굉장히 좋아하긴 하는데 이번 영화는 사골홍앵에 무리수였다. 몇몇캐릭터가 싱크로가 나름 괜찮았고 홍진호 팬이라 2점준다  은혼 굉장히 좋아하긴 하는데 이번 영화는 사골홍앵에 무리수였다. 몇몇캐릭터가 싱크로가 나름 괜찮았고 홍진호 팬이라 2점준다  
20180111,3,영화는 유치원 학예회수준 볼만한건 다른 작품 패러디만 남았다. 다만 하시모토 칸나는 졸라 귀엽다. 로리콘 아저씨랑 같이 극에서 어색하지 않음.  
20180110,1,ㅋㅋㅋㅋ 비급도 비급나름이지 이건 그냥 코스프레수준 아니냐 영화라는 타이틀 달고나온게 용하네 쪽국은 특촬물이나 찍어라그냥  
20180110,10,영화에서 처음 접했는데 개그코드가 나랑맞네 ㅋㅋ 계속 돌려보고 웃고 ㅋㅋ  
20180110,1,영화를 좋아하는 한명으로. B급영화 어쩌구에 기가찬다.처음에 카페에서 외계인 탈쓴거보고 영화에 대한 실망으로 바로 접었다...  
20180110,8,분장 OO같아서 끄려다가 다봐버렸다. 원작의 힘과 욕심부리지 않은 연출. 유치하고 조잡하지만 정수를 잘 계승한듯.  
20180109,7,만화봐야 이해가 될듯..  
20180109,10,"웃깁니다. CG는 말도 못 하게 조잡스럽고, 배우들은 엄청 시끄러운데- 웃깁니다. 대놓고 얘기하는 모든 것이 겁나 현실적이라 웃깁니다. ㅋㅋㅋㅋ  "
20180109,1,하나의 문화가 너무 융성하다보니 다른 스펙트럼까지 잡아먹어 멸망시키는 적절한 예시인듯. 이게 구로사와아키라를 낳고 러브레터를 만든 나라의 영화 맞냐?  
20180109,6,애니 원작과 코드가 맞지 않을 것 같거든 시도조차 하지 마시길  
20180108,3,어렸을 때 가볍게 본 애니라 호기심에 봤는데... 일본은 약간 우뢰매 이런거에 열광하는 건가?? 난 왜 이게 일본 박스오피스 1위란게 이해가 안가지;; 가깝고도 먼나라... 실사화 영화 배우들은 표정을 넘 애니처럼 해서 기괴하고 어색하고 오글..  
20180108,10,"진짜 보다가 웃음이 막 나왔던 영화이다 , 영화에서 한끼줍쇼 나오지를 않나? 이경규도 나오고 진짜 그리고 액션씬도 되게 멋있었던 것 같았다 . 영화의 대부분에서 웃었지만 그래도 다시보고 싶은 영화이다.  "
20180108,4,비급이 내용이 비급이어야지 연출이나 비쥬얼도 조잡하게 한것도 비급이라 할 수 있을까 비급정서는 있어도 비급 코스프레는 없는 것 같은데  
20180108,5,원작 은혼의 인물들은 진지했다. 그 진지한 상황에서의 역설이 재밌는 거다. 희극연기가 어설프게 하는 게 아니다.원작과 구분해서 봐도 이도저도 아닌 게 됐다. 희극을 찍으려면 주성치 영화라도 참고해서 연출해라. 10년 전 쿵푸허슬보다 못한 졸작.  
20180108,1,이건 심햇잖아....이게 어떻게 8점대지 ?  
20180107,10,진짜 은혼스러운 영화라서 좋다!!  
20180107,9,"칸나가 살짝 후덕해진거 영상으로 처음보니까 귀엽던데, 오프닝 영상에 크로우즈 제로에 켄상도 나오고 여럿 안면있는 배우들이 진짜 많이 나옴  "
20180107,10,ㅋㅋㅋㅋ  건담 원피스 대박 빵 터짐 ㅋㅋ  
20180107,1,이딴걸 영화라고 만드냐? 일본은 제발 애니 실사판 좀 만들지마라 진짜 존@나게 재미없고 많은 스토리를 1시간내외로 함축시키느라 스토리도 개ㅈ망이고 일단 존@나게 재미없다 진짜로 태어나서 이렇게 재미없는 영화는 처음봄; 아무리 덕후라도 이딴건 안볼듯;;  
20180107,7,일본판 과거 '못말리는 시리즈'를 본 듯한...  
20180107,10,관람객잘 만든 영화입니다잘 봤습니다.  
20180107,10,배우들의 코믹을 이렇게 끌어낼수 있는 일본영화의 위대함  
20180107,3,일본만이 만들수있는 병맛같은 영화....  
20180107,5,그냥 은혼이라서 보게 된 영화  
20180106,3,B급인게 문제가 아니라 스토리가 문제야  
20180106,10,관람객후회하지 않을 영화입니다. 우울할 때 보기 딱 좋습니다!  
20180106,2,와..평점보고 믿고봤다가..눈버렸네... 일단  초반보는중인데..초딩이 좋아할만한 영하임.. 20대중반인 내가 보기엔..너무유치하고 ㅋㅋ손발이 오그라들고있음..일단 더 보겠음 중반까지 접어들동안 이게 영화인가? 하는 의문이듬.  
20180106,10,우리 스다가 나오니까 만점을... 신스케역 너무 별로임... 너무 늙....  
20180106,5,애니 은혼을 좋아한사람은  기대를 접어라  
20180106,1,병맛... 오타쿠를 위한 장르인가  
20180106,4,"병맛코드, 복장, 배경 등등 모든 부분에서 원작 반영은 최대한  했지만, 허접한 CG와 연출이 아쉬운 영화은혼 골수팬으로써 기대는 했지만 B급인거 예상하고 봐서 그런지  그냥그냥 볼만했음..ㅎ 근데 CG는 좀 너무하더라야..ㅋ  "
20180106,1,개 쓰레기 영화 일줄 알고 봣지만 기대 이상의 쓰레기 였다 일본 영화의 현주소를 보는것 같아 안타깝다  
20180105,7,은혼 골수팬으로써 봤는데 낫 베드. 그러나 아만토가 몰입에 방해될 정도로 허접해서... 아쉬웠다. 조금만 더 CG쓰면 좋았을 것 같다. 뭔가 대박!까지 말할 수는 없어도 은혼팬이라면 애정으로 봤을 때 섭섭하지 않을 정도의 수준까지는 간다.  
20180105,7,원작에 충실 하다고 해야 하나  감독이 감기약 100알 먹고 만들었다고 해야 하나 여튼 여자 배우들은 이쁘고 여자배우들은 연기 잘하고 남자배우들는 할 말 없음 일본 만화에 조금이라도 알고 있는 사람만 보는게 웃을 수 있는 영화  
20180105,5,등장인물들의 매칭은 좋았으나 줄거리 부분이 좀 아쉬웠음 솔직히 가장 기대했던 부분은 애니 후반부에 나왔던 즈라와 긴토킨의 사메하다 전투장면을 기대했는데 그게 빠져서 아쉽고 애니 OST가 빠진 부분도 좀 아쉽네요  
20180104,6,B급 병맛 코드는 나와 맞았지만 후반부가 졸리다..  
20180104,9,느낌 잘살렷다   주인공에 치우치지않고 모두가 주인공같은 영화  
20180104,7,일본만화를 실사화한 영화중 대부분이 얼굴에 철판깔고 존나 유치한장면을 존나 멋있다 포장하는 반면 이 영화는 자기들도 유치하다는걸 알고 오히려 단점을 극대화 시키고 잘다듬어서 꽤나 그럴듯한 영화를 만든듯 합니다  
20180104,1,일본 영화는 그냥 포기하고 보는 타입 이지만 이건 역대 급이다.  
20180104,3,오구리 때문에 봤다가 오구리 안티 될뻔한 영화  
20180103,7,이럴수가!! 이것이 영화란 말인가?! 대단한 B급 영화라 할수 있겠다.  
20180103,8,애니덕후들이 좋아할만한 영화  
20180103,8,은혼식 병맛을 나름 실사로 잘 변형한 편.원작 팬들만을 위해 만든 병맛 개그물.  
20180103,1,이것도 영화라고.. 그냥 애니를 보지 굳이 영화로 만들었는지.. 차라리 짱깨영화를 보겠다  
20180102,9,고무고무열매. ㅋ ㅋㅋ  
20180102,7,관람객생각보다 볼만했어요:D  
20180102,10,솔직히 유치하지만 감독이 정말 잘 살린듯  
20180102,10,그래도 그 느낌 잘살렷다  
20180101,3,은혼 팬입니다.카구라 싱크로율 때문에 참고 봤습니다.은혼 처음 입문하는 분들은 그냥 예고편만 보시고애니나 극장판 홍앵편을 보시길..  
20180101,7,"장면장면은 재밌는 부분이 많은데, 전체적으로는 지루했다, 오구리슌은 은근 잘 어울렸지만, 하시모토 칸나는 완전 미스캐스팅인 듯. 연기도 아직 어설픈 앤데, 카구라를 잘 살릴수 없는 게 당연하지. 사다하루 그래픽 좋았다. 사다하루 좀 더 활약시켜줘  "
20171231,8,관람객살짝 아쉽지만 재미있어요.  
20171231,7,흥미롭게봤어요 은근히 웃기는 부분도 많고  
20171231,10,보는내내 너무 웃겼고 진지할땐 진지했곸ㅋㅋ애들코파는거개웃곀음  
20171231,8,사실 은혼이란 작품을 실사한다고 했을 때   !?!?!?!?!?! 이런 생각이 들었다. 그런데 꽤 괜찮게 나온 것 같다.  이 정도면 실사치고 잘 만든 것 같다.  
20171230,10,관람객칸나 너무 이쁘다.. 은혼의 장르는 은혼!  
20171230,9,관람객오키타완전 잘생겼어ㅠㅠ  
20171230,10,애니를 실사화해도 이상하지 않는 이 느낌을 어떻게 표현해야하지? ㅋㅋ너무 좋다  
20171230,1,연기력 스토리 다 바닥수준인 일본영화수준..이게 일본에선 흥행했다니 참  
20171230,5,비주얼적으로 카구라랑소고잘어울림 카구라우째귀엽너  
20171230,8,애니는 본적이 없고 그냥 영화를 본 관점에서 애니에 나오는 캐릭터를 최대한 살릴려는 연기가 돋보여서 높게 평가한다.  분명 유치하긴하다 아이들이보는 애니를 영화한건데 유치한것은 당연지사 ! 개인적으로 액션씬도 잘 살린것같아 마음에 들었다.  
20171230,1,역시 일본영화는 초딩수준이네  돈버렸음  
20171229,7,관람객은혼 팬이라 퀄리티는 기대안하고 팬심으로 보러갔는데 원작이 워낙 실사화하기에는 무리인게 많은 듯해서..개그코드는 좋았어요  
20171229,10,겁나 재밌게 봤는데..ㅋㅋ 역시 은혼은 은혼.. 근데 홍앵말고 다른거 보고싶다아  
20171229,1,자막을 어떤 엄마없는 년이 만들었냐?  
20171229,10,관람객상영 내리기 전에 친구랑 같이 보러 갔는데 은혼을 워낙 좋아하는지라 너무 즐겁게 잘 본 듯 하다. 은혼 관련 영화가 얼마 없는 만큼 소장하고픈 욕구도 없지 않아 생긴다.  
20171229,8,신파치다 그냥 신파치였다 .. 신스케 너무 못생겨서 슬펐다 ㅠㅠ  
20171228,8,처음에는 b급 cg에 b급 전개에 b급 말도안되는 전개에 몇번이고 끌려고 했지만 중후반부 부터 어느새 마치 신선한 새로운 장르를 보는것처럼 중독되서 개재밌게봄 ㅋㅋ  
20171228,7,관람객정말  매니아가  아닌이상은  인내심이 필요함하지만  오구리슌  오카라마사키  스다마사키등의  연기력은  좋음  
20171228,8,모든걸 내려놓고 B급영화를 받아드린다면 2시간내내 즐겁게 웃을수있다  
20171228,5,헬조선그지들 또 무료다운받아놓고 평점만 죤나 징징거리네 18000명 ㅋㅋㅋ  
20171227,9,"관람객일본만의 코드, 재밌있었습니다!  "
20171227,4,"누가 이거 재미있다고 했냐 나 애니 은혼도 좋아하고 오구리슌도 좋아한다.. 근데 이건정말 아니던데,, 사골 우려먹기 그이상도 그이하도아닌..  "
20171227,5,코스프레+인형탈의 충격 .. 그나마 웃긴 부분이 있어서 5점 줌  그냥 기대없이 이런 영화도 있구나 하면서 보면 볼만하다고 생각함.  
20171227,5,패러디는 재밌었는데 기대가 너무 컸었던 듯... 은혼 애니에 나오는 과장된 표정을 보다가 실제 사람들이 연기하는 모습을 보니까 조금 어색하기도 했고 부족하다는 느낌을 받았다..ㅠㅠ 그래도 다들 잘생기고 예뻐서 얼굴보는 맛은 있었다.  
20171226,10,원작은 안 봤고 영화만 봤는데도 재밌었어요~^^  내용도재밌고 잘 만들었네요 ㅋㅋ  
20171226,3,관람객애니는 애니로만 보시길.  
20171226,10,너무 재미있게봤어요 ㅋㅋㅋ원작을 잘살렸어요 ㅋㅋㅋ  
20171226,10,관람객은혼 애니로만 봤는데 실사판으로 보니깐 코믹이 대박이네요 재미있었어요 또 보러가고싶습니다!  
20171226,10,관람객!! 진짜 너무 좋아요!!은혼다운 영화!!  
20171225,10,관람객3번이나봤다....  
20171225,5,싱크로는 좋았음 근데 그것뿐.... 실사화를 싫어하는 계기를 만들어줌 보다가 잠들게 만들줄이야...  
20171225,10,관람객역시 기대를 져버리지 않았어요.  
20171225,10,출연진 누군지도 안보고 티비에떴길래 바로 만원주고 사서봤는데 은혼 특유의 개그 패러디 드립 잘봤어요ㅋㅋ 저작권 개무시는 영화에서도 잘보여줘서 재밌었어요ㅋ  
20171225,9,관람객내가 뭘 봤는가 싶지만 재밌었다  
20171225,6,관람객원작의 개그는 잘 살렸으나 액션씬에서 조금 지루했다. 굳이 홍앵편의 스토리를 채택했어야 했나 라는 의문도. 칸나와 오키타 역의 배우의 미모가 다 했다.  
20171225,10,관람객ㅋㅋㅋ 한끼줍쇼랑 이경규아니레  
20171225,1,"은혼이 일본 실사 영화 가운데 흥행 넘버원이 됐는데, 이게 과연 제대로 된 나라인지 라는 생각이 든다  "
20171225,1,오구리슌 스다마사키로도 안되는구나ㅠ  
20171224,5,관람객한번 볼만한 킬링타임영화  
20171224,10,기대안하고봤는데 개그코드 취향ㅜㅜㅡ  
20171224,1,진짜재미없고 개그도하나도안웃김 오글거리고 유치하고하나도이해안됨 졸아서그런지는모르겟지만일딴진심 노잼  
20171224,10,관람객솔직히 이 영화는 타카스키가 다해먹음  
20171224,8,로리콘 선배 완전 웃기네 ㅋㅋㅋ  
20171224,9,관람객아이가 애니 좋아해서 잘봤다고합니다  
20171224,5,관람객원작 봐서 주는 점수이다 일본 개그요소 패러디 등등 많이 나오는데 일반인한텐 장벽이 너무 높고 연출이 참....씁쓸하다  
20171224,5,다카스키랑 히지카타 연기 빼고는 다 괜찮음... 그 둘이평점 다 깎아먹음... . 특히 히지카타 레알 와.... 미친 줄. 발연기... .  
20171224,8,"SNL,생각이 난다. 개그에 충실.  "
20171223,7,원작팬들을 위한 팬서비스영화  
20171223,10,관람객은덕은 무조건 봤으면ㅋㅋ그냥은혼이였습니닼ㅋㅋ  
20171223,10,은혼 실사라니 ㅋㅋ 칸나가 나올줄은.. ㄷㄷ 칸나언니 사랑합니다♥  
20171223,10,관람객조금 오글거리는 부분도 있었지만 진짜 재밌었어요 실사화 드라마도 기대하고 있어요 실사화영화 또 해주세요!!!  
20171222,1,은혼팬들의 충성심 때문에 그나마 이딴영화가 8점대 유지하는듯. 재미없음. 나처럼 보고 후회하시던가... 트위터에선 찬양받길래 봤는데 이건뭐... 한번 보세요 이렇게 돈날리는것도 좋은 경험이지^^ 욕나오네  
20171222,8,관람객만화같은 영화 너무 유치하긴 했는데 많이 웃었습니다  
20171222,9,재밌게 만족스럽게 잘봤네요.  
20171222,10,애니를 보았던 사람들에게는 최고  
20171222,7,관람객웃기긴 웃긴데 진지할때가 오히려 재미없음ㅋㅋ  
20171221,7,관람객일본영화 다운 연출이었습니다. 원작 팬이라면 재밌게 봤을듯  
20171221,10,관람객생각보다 재존잼! 배우들이 연기를 잘하셔서 몰입이 잘 된것같아용  
20171221,8,이거 볼랬는데 만명밖에 안봐서 마녀의 꽃 봤는데 후회중 지금 볼래도 근처 상영관에서 안함 -_-  
20171221,10,관람객스다상 멋지구 원작 잘살림  
20171221,7,제가 고민이 많을 때 웃음을 줬던 만화여서 영화도 봤습니다. 이건 아닌데 하면서도 끝까지 봤습니다. 나쁘지 않아요.  
20171220,10,관람객원작 팬이라서 봤습니다. 야기라 유야랑 오구리 슌 미모가 장난없네.  
20171220,5,관람객배우의 팬이라면 볼만할듯... 합니다..  
20171220,10,관람객긴상 사랑함! 칸나 오늘도 미모가 열일중ㅡ  
20171220,10,"관람객생각보다 자연스러운 배우님들의 열연, 생각보다 싱크로율높던 원작 재현도, 그리고 멋진 줄거리까지...우려했는데 생각보다 좋은 영화였다고 생각합니다  "
20171220,10,관람객진짜 내용도 잘만들고 좋았아요  
20171219,10,관람객ㅋㅋㅋ생각보다 재밌었음 각색도 훌륭했구  
20171219,10,관람객진심 내 기준에서 개 쩌는 실사여서 3차 뜀.. 존잼이라 계속 보고 싶어서 다운도 받아놨는데 다음에 또 실사화 하면 3차 이상 뛰고 싶다.  
20171218,10,관람객나름 잘 살렸던것같아요 배우분들도 연기 좋았구요 ! 웃고 나왔습니다^0^  
20171218,1,이딴걸 수입해오는 인간은 제정신이냐?  
20171218,10,관람객최괴였다 만화가 실사된건 보통 만화보다 못하던데 이건 위화감없이 재밌었다 특전도 히지카타 받아서 최고!!  
20171218,9,관람객오구리 긴 노래 잘하네요^^  
20171218,2,관람객피식 거리는건 조금 있었지만 노잼...  
20171218,1,이봐요 미.친.놈.씨 저는 지금 진.지.하.거.든.요.?  
20171218,10,관람객겁나 웃다 나왔다 추천b  
20171217,10,관람객재밌어요 꿀잼 은덕이라면 한번쯤은 봐야하는 영화  
20171217,10,재밌었음. 하지타카하고 타카스키 ... 캐스팅 빼면 ...  
20171217,8,관람객개봉관이 적어 아쉽습니다!! 재미있는데 ㅠㅠ 오구리슌 넘 좋아요! 츠요시도!!!  
20171217,5,관람객오구리 슌의 오프닝곡만 생각나는 영화.  
20171217,10,원작을 안봐서 그런지 겁나 재밌게 봤고 개그 부분은 원래 19세를 12세로 만들다 보니까 원작보다 떨어진거 아님? 걍 재밌는데 배우만 믿고 봤더만 꽤 괜찮은데 계속 영화라는 점 강조하는 것도 웃기고  
20171217,10,은덕으로서 꼭 보러가고 싶었는데 아쉽게 끝났네요 구글에서 봐야겠따  
20171217,10,관람객역시 실사화던 애니던 은혼이였다  
20171217,10,역시 은혼 답게 엄청난 재미& 결투다 엄청 재미있게 봤습니다  
20171217,9,악명 높은 일본 실사화 영화치고는 나쁘지는 않음개그도 괜찮음오구리 슌이 부른 음치 노래가 듣고싶다면 보세여  
20171216,10,관람객저작권의 한계에 도전하는 자세가 좋다!  
20171216,2,제 친구가 은혼 덕이라 같이 보러 갔는데 죽을뻔했어요..각오는 하고 봤는데 보기 너무 힘들었어요 중간에 자다 깨고 마지막까지 봤는데 너무 집에 가고싶었어요 연기도 어색하고 무엇보다 세트장인 티가 너무 팍팍났어요 은혼 파시는 분들만 보는걸 추천합니다..  
20171216,1,지인한테 추천해 줄 때 조심해야 할 듯.... 평소 애니 전혀 안보는 사람은 이 영화의 개그 자체를 재미없어 하더라구요ㅜㅜ 회사 동료한테 자칫 오덕으로 오해받을 수 있음...  
20171216,6,관람객그냥 볼만함 하지만 쯔요시 넘넘 멋있음 연기도 잘함 또 영화 찍어줬으면 좋겠어여  
20171216,10,관람객슌깍지 끼어서 그런가...좋기만 하던ㅋㅋㅋ은혼자체도 개그코드 맞아서 낄낄대며 첨부터 끝까지 신명나게 봤습니다!  
20171216,10,관람객생각보다 높은 싱크로율 덕분에 좋았고 오구리슌의 '한심함을 즐겨달라' 고 했던말이 마지막에는 마음으로 와닿아서 보고난후 보길 잘했다는 생각이들었다!  
20171215,10,관람객연출 cg 전개 모든게 b급이하라고 말할수있지만 은혼이기때문에  시너지가되는 기분이었다ㅋㅋㅋ  
20171215,8,관람객패러디에 메타발언 잊을만하면 나오던...  
20171215,8,관람객원작은모르고 쯔요시나온다길래 봐봤는데 괜찮게 보고나왔어요 잘만들려고 노력한부분이 많이보였습니다  
20171215,10,여러분 역시 애니만큼이나 영화도 짱  
20171215,6,관람객잼남... 팬이라면 한번 볼만한정도...  
20171215,10,생각보다 재밌오요~ 실사도 하나의 재미죠~ 적당히 병맛이고~고퀄코스프레에ㅋㅋ사다하루 졸귀ㅋㅋ  
20171215,4,우뢰매 수준의 영화라고 보면 된다  
20171215,10,관람객은혼팬으로써 너무 행복한시간이였음ㅋㅋㅋ 오구리슌토키 너무 잘어울렸어요 꿀잼  
20171214,10,아 진짜 너무 웃김ㅋ 계속 중간중간에 웃겨서 배아팠음ㅋㅋ 역시 은혼은 은혼이야  
20171214,9,관람객초반에 오구리 슌이  노래 부를 때부터 뻥 터졌다ㅋㅋ앜ㅋㅋㅋㅋ너무좋앜ㅋㅋㅋ그리고 역시나 수많은 패러디의 향연!!! 보는 내내 옆자리에 앉은 모르는 남자랑 낄낄 웃으면서 봤음ㅋ  
20171214,4,관람객오구리슌을 제외한 대부분의 주조연의 연기력이 실망스러웠습니다생각보다 지루하군요ㅠㅠ  
20171214,10,관람객은혼을 안다면 재밌게 볼수 있습니다. 10점 드립니다.  
20171214,5,내가 멀본건가싶다.. 스타워즈볼걸;배우는 꽤호화인데 퀄리티는 장난질 패러디도배.  
20171214,10,관람객완전 병맛이라서 너무 재밌었음ㅋㅋㅋ 남친은 아예 은혼 모르는데 내가 끌고가서 봤는데 넘 웃기고 재밌다고 함 ㅋㅋ  
20171214,10,관람객그냥 은혼 그 자체 재밌었음  
20171214,10,팬말고  일반인이 보는 게 나은 영화  
20171214,10,원작은 안봤지만 용사요시히코만든 감독님이라 믿고봤는데 진짜 피식피식하다 배찢ㅋㅋㅋ홍앵만든 형님 때문에 굴렀다 진짜 너무 웃김 ㅋㅋ  
20171214,10,관람객원작팬이라서  뜬거보고 바로 보러갔는데 완전 웃기고 재밌었음ㅋㅋ처음부터 끝까지 원작퀄리티라 뭐라 말할게없다 실사영화에서 추가된 장면조차 소라치가 쓴게 아닐까 싶을정도였음ㅋㅋ 블레나오면 삽니다 정발해주십쇼  
20171214,10,관람객너무 재밌게 본 영화네요  
20171214,10,남들이 뭐라든 난 언제나 믿고보는 은혼이었음ㅋㅋㅋ 일단 배우들 연기력에 지려벌임 최대한 원작살리고 연기하려고 노력한 거보여서 좋았음ㅋㅋㄱ그리고 패러디 괜찮냐곸ㅋㅋㅋ저작권 안 걸리냨ㅋㅋ 마지막으로 난 액션신이 참 좋았음♡  
20171213,9,은혼이라서 봤고 스다 마사키라는 배우가 좋아서 봤지만 기대를 해서 그런지 ...생각보다 별로였다ㅠㅠ은혼만큼 병맛이였고인물들이 싱크가 잘맞아서 좋았지만 원작을 못본 사람들은 실망할 영화?  
20171213,10,"아ㅜ진짜 배우분들 캐스팅도 오졌고 넘 웃겨서 보는내내 배꼽 잡았다,,,,  "
20171213,7,cg는 못 봐줄 수준이었지만 나머지는 의외로 괜찮았음ㅋ다만 오구리슌이 너무 까매서 긴토키랑 쪼금 안 어울리는 느낌이었고 타카스기랑 히지카타 캐스팅이 아쉬움. 신파치는 싱크로율 100%ㅋㅋ 카구라역도 생각보다 어울렸음ㅋ  
20171213,8,병맛 감성을 착실히 실사화 했다는 경이로움  
20171213,10,관람객은덕이라 행복했습니다  
20171213,9,관람객구린 CG였지만 너무 잘어울렸고 내일 다시 보러갑니다  
20171213,8,관람객오글거리는 부분도 많지만 재밌는 부분이 더 배로 많았어요 ㅋㅋㅋ 타카스기가 조금 아쉬웠지만 재밌습니다 ㅋㅋ  
20171213,10,생각보다 괜찮습니다 단지 만화를 못보신 분이라면 별로이실지도 ㅎㅎ  
20171213,10,생각보다 잘만들어서 놀랐음. 극장에서 모든사람들이 다 빵터져가면서 봤음 ㅋㅋ  
20171213,3,"관람객원작을 모르니, 별로 재미있게 보지는 못했습니다. 그래도 원작을 아는 분들은 재미있게 볼 수 있을 것 같내요.  "
20171213,10,진짜  병맛 최고였습니다. 역시 은혼 ㅎㅎ같이 본사람은 애니 1도 모르는 상태에서 봤는데 재미있었다네요애니메이션 성우들 말투 유사하게한 배우들도 대단하고 ㅎ ㅎ 정말 재미있게 봤습니다.  
20171213,9,"관람객최고의 B급 영화. 사실 애니메이션과 만화를 즐겨보는 편이라 실사화에는 거부감이 많은 편이었는데 그런 걱정은 정말 쓸데 없는 걱정인, 은혼의 아이덴티티를 잘 살린 영화였다.  "
20171213,9,워낙 팬이고 좋아하는 에피소드라 만족스러웠지만 cg가 미흡해서.. 집중력이 저하될때가 있더라구요  
20171212,10,관람객원작이랑 내용을 조금씩 다르게 해서 지루하지 않았고 은혼스러움을 잘 살린 것 같았음  
20171212,10,은혼은 무조건 10점이지!  
20171212,9,관람객은혼스러운영화 B급 매력 B급으로 발산  
20171212,10,관람객긴토키 넘 멋쪄유...  
20171212,10,은혼은은혼다운영화이다  
20171212,8,1.역시 실사화는 약 무리수다.2.오구리 슌이 늙어보여서 집중이 안된다..(씁쓸)3.원작이랑 영화내용이 살짝 달라서 볼만했다.4.소고와 카구라의 얼굴이 열일했다.이상  
20171212,10,"관람객사실 기대반 걱정반으로 봤는데, 생각보다 어색하지 않고 좋았습니다.  "
20171212,8,관람객팬서비스 측면에서 충분히 봐줄만한 물건이니까  
20171212,8,관람객일본식 CG를 못보면 안보는게 좋습니다. 쯔요시가 나옵니다  
20171212,8,나쁘진 않았다. 그걸로 끝.  
20171212,10,관람객원작을잘살린듯bbb  
20171212,1,여기 일뽕 한사발이요~~  
20171211,10,관람객재밌었습니다~잘만든것같습니다  
20171211,10,관람객퀄도 괜찮았고 연기도 좋앗고 CG도 생각보다 많이없었고 사다하루가 넘 귀여웟어요  
20171211,10,관람객예상보다 재밌게봤어요 ㅎㅎ 원작느낌 잘살린게 굿  
20171211,6,극장에서 돈주고 볼 영화는 아닌듯 하고 킬링타임용으로 집에서 보기 적당한 영화  
20171211,7,"원작을 모르는 사람이 보면 재미 없지만, 전 재밌게 봤네요 ㅎ  "
20171211,10,진짜 그냥 은혼 한편 본 것같고 재밌었음ㅠㅠ 또 보러갈거니까 좀 더 상영해줘ㅠ  
20171211,1,극장에 사람도없고 ㅋㅋㅋ 개조잡스럽다.30분보다 나옴.돈아깝네  
20171211,8,관람객원작에 비해선 조금 떨어지는 맛이 있지만 그래도 실사화로 이정도면 대단하다  
20171211,8,"애니 실사화라고 하면 다 망쳐놓은다고 해서 걱정했는데 은혼 특유의 개그 코드, 패러디가 너무 잘 살아있었습니다 중간에 한글 언급해주는 것도 좋았구요! 시리어스부분은 원작과는 다른 방향으로 접근해 다른 점 찝어보는 재미도 있었습니다!  "
20171211,10,또 보러갈 겁ㅂ니다 쪽쪽  
20171211,10,실망하지마 상대는 은혼이야  
20171211,9,"관람객스토리는 병맛컨셉인것같아 뭐라하기ㅋㅋㅋ칸나랑 오구리 슌이 나와 믿고봤는데 뜬금없는 유머도 웃기고 캐스팅,연기,cg도 만족스럼.결말이 허무했는데 웃겼던 장면들이 떠올라서 피식피식하는 영화.일반영화의 전개와 깊이를 기대하면 안되고 재미로 가볍게보길추천.  "
20171211,10,너무좋아하고 많이봐왔기에 연기력에 감탄하고 왠만한 애니실사영화보다는 나은거같기에 10점  
20171210,9,"은혼 만화 광팬으로서 별 기대 안하고 봤는데, 의외로 꽤 재미있다. 많이 웃었다. 어설픈 만화의 재현이 아닌 실사 스타일로 잘 버무렸다.  "
20171210,8,관람객실사판이라 기대안하고 봤는데 되게 재밌고 킬링타임용이에요!!  
20171210,7,그냥 오글거리는 정도에서 볼만함 근데 신스케역은 키만 닮았지 전혀 원작과 매치되는게 없어서 3점 깎았음  
20171210,10,관람객아주 큰 병맛이였습니다. 아주 좋았어요.  
20171210,6,잼잇긴 하나만 그래도 원작을 따라가진 못해 아쉽  
20171210,8,"(설명충) 한끼줍쇼와 이경규가 나오는 이유, <한끼줍쇼>가 포맷을 거의 비슷하게 가져온  일본 예능 프로그램(1985년부터 방송)의 제목(돌격! 토나리노 방고항-이웃의 저녁식사)과 그 진행자(요네스케)를 언급해서 그걸 현지화해서 번역한 듯. ㅍ  "
20171210,8,관람객패러디가 많아서 나쁘진 않았는데 특수효과나 기타 연출면에서 그리고 스토리 전개에 있어서 뭔가 부족해서 아쉬움. 초반에 CDTV패러디와 막판 바람계곡 나우시카 팰러디는 특히 폭소함 ㅋㅋ 모르는 사람들은 봐도 몰랐겠지만.  
20171210,10,"고마워,나우시카¡ 솔까 최고인듯ㅋㅋㅋㅋ  "
20171210,10,생각보다 전투신이나 무술신이 멋졌다.사카타 긴토키의 멎짐에 빠졌네요~^^  
20171210,8,관람객재밌네요~ 중간중간 코믹요소도 많구요  
20171210,1,역시 별로였습니다. 취향 따르지만...  
20171210,10,아직 영화는 안봤지만 이게 12세라고????  
20171210,3,"관람객이번 년도 본 영화 중에 최악/일본 특유의 질질 늘어지는 영화/각본이 거지같은건지 배우들의 연기력이 낮은 건지 공감이 되지 않는 코드/이번 년도 최악의 영화를 '저스티스 리그'가 찍는 줄 알았는데, '은혼' 실사판으로 변경됨/이만cut  "
20171210,1,이딴것두 영화냐 글쓰기도 병맛  
20171210,10,관람객은혼 애니를 거의안보고 스토리만대충검색하고 봤는데넘나 재밌었어요ㅋㅋㅋㅋ코스프레하고 병맛연기 한다 라는리뷰도봤는데 사실입니다 하지만 그런 B급적인 요소가 은혼이랑 너무잘어울려욬ㅋ액션씬도 생각보다 박진감이 좋더라구여 유치하지만 그유치함이좋았습니다  
20171210,6,존나 심심해서 심야시간에 보러갔는데 극장에 나랑 내친구 2명해서 3명 밖에 없음 ㅋㅋㅋ B급 장르라고 생각하고 마음놓고 편히보면 생각보다 재밌음 개그코드도 나도 모르게 낄낄 거리면서 보게되는 매력이 있음 원작을 몰라도 꽤나 재밌게 볼수있음  
20171210,9,나 혼자(팬)재밌었고 가족들이 재미없어서....이 영화는 가족과 같이 보기로는 절~대 추천하지 않습니다. 혼자보거나 팬분들끼리만 보러가세요.  
20171210,8,"내용이나 개그도 좋았구 진짜 다좋았는데 브금좀 은혼 애니 브금으로 넣어줬으면 더 좋고 괜찮았을듯...은혼 브금이 너무 익숙해서 좀 다른느낌이..,  "
20171209,1,진짜  최악이다....  
20171209,10,"오랜만에 소리내서 웃음ㅋㅋcg가 좀 오글거리긴 하지만 어쩔 수 없는듯ㅠㅠ그래도 배우들 싱크가 좋아서 만족!은혼 처음본 친구랑 봤는데 올해본 영화중에 제일 재밌다고 만화책으로 볼꺼라곸ㅋㅋ진짜 재밌어요ㅠㅠㅠ전 다음주, 다다음주에 포카받으러 또 갈려구요??  "
20171209,10,오늘 봤는데 정말 재미있던 작품이였다 고무고무열매 나올때 옆에 있던사람하고 같이 웃었었다  
20171209,1,(롯데백화점)에서봤는데(자막이)극혐(댓글다는분들)전부다(알바충)인듯(ㅋㅋㅋㅋ)은혼애니(자막)본사람은(실사판)으로나온(자막)보는거(100%비추함)극혐(구글번역기)수준으로(초딩이)만든(자막인줄)알음(극혐)ㄷㄷㄷ(평점보고)낚이지마센(제가직접보고온거임)ㅋㅋㅋ  
20171209,9,만화 실사영화는 정말 싫어하지만은혼의 개그가실사의 단점들은 대수롭지않게 해줬다한마디로 '은혼'이 원작이었기에 살수있었던 실사화  
20171209,10,원작 모르시면 안보시는걸 권하는데 원작팬분들은 꼭 보셨으면 합니다 후회없으실거예요!!!원작과 다른 방향들도 감독님이 모든 캐릭터를 살리기 위해 설정하신거라 어색한 느낌도 안들구요 각종 패러디랑 은혼  특유 개그 때문에  신나게 웃다 왔습니다ㅋㅋㅋ  
20171209,10,이거 보고 매일 팬티 갈아입고 있습니다 좋아하면 닮는거니까요 고맙습니다 쌍권총금발여자  
20171209,9,관람객긴토키역 맡으신 분이랑 히지가타 맡으신 분 너무 잘생김 ㅠㅠㅠ  
20171209,10,정말 오랜만에 실컷 웃었다. 그냥 코스프레 쇼일줄 알았는데 감독이 은혼을 이해하고 만든것 같다.  
20171209,3,원작을 모르는 관객이라면 상냥하다며.... 미안 돈이 아깝더라.  홍앵 심파때문에 2점 더 깍는다  
20171209,9,관람객대체로 만족함. 실사영화의 위험성도 충분히 숙지했고 익숙하니까. 만화 원작 뮤지컬도 섭렵했던 나다. 뭐든 수렴가능. 단지 배우얼굴 보러갔던거니 나쁠 이유 없다. 충분히 웃겼고 액션도 그만하면 평타 아닌가?  
20171209,9,관람객일본 특유의 개그와 패러디들 재밌음 글고 배우들 하나같이 예쁘고 잘생겨서 좋았음  
20171209,10,역시 은혼인지라 보는 동안 다들 웃으면서 봤다!!! 게다가실사판이라 전투신도 애니보다 좀 못할 줄 알았는데  예상한 것보다 더 좋게 나와서 기대 이상이다!  
20171209,10,관람객개꿀잼 개꿀잼 개꿀잼 개꿀잼 개꿀잼  
20171209,9,"관람객아는 사람만 알고 웃을 수 있는 드립이 몇몇 있었지만 전체적으로 괜찮았다. 코믹한 요소도 굉정히 여럿 집어넣었고, 액션신도 괜찮게 뽑힌 것 같았다.  "
20171209,1,쓰레기. 같이간 친구한테 미안할정도네요 몰입도 겁나 떨어지고 개그치는데 입꼬리 미동도 없고 저게 뭐지 싶었음 애니랑 딴판인건 당연한거겠지만 애니를 좋게 보고 이거까지 보러간다면 후회하게 될거임 퀄리티 너무 떨어짐  
20171209,8,애니 실사판치고는 이정도면 잘만들었지 뭐... 진격거랑 죠죠 실사판을 보면 알꺼야 은혼이 얼마나 잘만든건지...  
20171209,10,진짜 재밌음ㅋㅋㅋ은혼만의 개그도 실사라고 빠지지 않고 있었고 패러디 요소에ㅋㅋ 각 배우들의 특징이라 해야되나 꽃보다 남자 천년돌이런것도 들어가 있어서 더 재밌었음 근데 중간중간에 지루한것도 좀 있지만 은혼 팬이라면 봤음 좋겠다 ㅋㅋ  
20171209,10,나 진짴ㅋㅋㅋ보면서 웃겨가지고 울었을 정돜ㅋㅋㅋㅋ  
20171209,7,관람객뭐 그냥저냥 재밌습니다 ^^  
20171209,10,관람객욕심 버리고 원작 맛만 잘 살렸다는 점에서 훌륭한 실사화  
20171209,10,실사화 굉장히 잘만들었고 배우연기들도 무척 좋았습니다. 근데 배에서 신스케랑 긴토키 전투씬 은 좀 아니였던거 같아요ㅜㅜ 애니 그데로 하지...  
20171209,10,역시 은혼 입니다 재밌어요! 보통 영화보면 그냥 조용히 웃는 편인데 은혼 보면서 진짜 빵 터졌습니다!ㅋㅋ 담에 또 보러 가고싶네요!  
20171209,1,1점 주는 것도 아깝다ㅉ  
20171209,8,관람객은혼을 잘아는 사람만 봐야한다 왜냐하면 번역이 잘안되어있다  
20171209,10,"칸세도 타케나, 어이!  "
20171209,5,은혼은 정말정말 좋아하고 요즘 나오는 편들도 다보고 있으며 칸나도 좋아하고 오구리 슌도 진짜아아 좋아하지만 솔직히 실사화는 정말 아닌것 같다  
20171209,9,일본영화 안좋아하고 원작 본적도 없이 갔지만 재밌게 보고 왔어요ㅎ진짜 보는 내내 계속 빵터져서 주변사람들한테 좀 미안했음..일본 대중문화 좀 알고 B급 병맛개그 좋아하면 절대 후회안할듯ㅋㅋ  
20171209,6,만화가 기반인 일본 영화는 거기서 거기임. 만화팬들이 조아할듯  
20171209,5,총잡이 누나가 제일 좋아  
20171209,2,관람객진짜 불쾌하고 개노잼의 향연이지만 오로지 칸나와 총잡이언니때문에 1점더드립니다  
20171209,10,관람객으음....이정도면 합격(...?)  
20171209,10,원작  팬들은 충분히 재미를  느꼈을듯. 홍앵편  약간 루즈해서  지루힌감은  있었음. 차라리 다른 에피소드로 병맛만 추구하다 끝나도  좋았을거 같은데.  
20171209,4,이런 영화가 흥행1위라니... 국뽕국뽕거려도 일뽕한테는 안되는구나! 패러디는 대놓고 보여주기식이라 식상하고 일본인 특유의 과장과 오버가 b급정서가 아니라 d급으로 가게한다  
20171209,6,개그도웃기도나름괜찮은데 우주인이 저렇게표현되눈구나하고 헛웃음나옴ㅋㅋㅋB급예상했지만너무B급이라놀람ㅋㅋㅋ  
20171209,9,관람객코스프레 대환장파티임ㅋzㅋㅌㅋ씨지도 좀 허접한데 캐릭터 하나하나 잘 뽑은듯 ㅋ.zㅋㅋ. 난 은덕인데 넘 재밌게봄  
20171209,10,은혼은 멍하니 앉아서 피식피식 웃을 수 있어서 좋다. 특유의 패러디나 병맛 드립들을 보면 가끔 작가가 미치지 않고서는 이러지 못할 거 같을 정도..  
20171209,10,웃겼다  오바하기는 하지만 남발하지도않고 배우들 열연  개그장면 다 괜찮았음!!!  
20171208,9,관람객나름 재밌었어요~ 신파치 진짜 신파치여서 깜짝놀람..  
20171208,10,원작 팬들은 깔깔댈 수 있는 영화 캐스팅은 무난하고 이것도 영화에집어넣을 줄이야 싶은 장면도 많다 딱 B급 깔깔영화로 원작 팬은 즐거웠다 다만 홍앵 너무 많이 나와서 조금 질린다 다른 편 좀 내 달라  
20171208,7,"연출, CG 전혀 기대하지말고 개그씬만 보러갈거라면 추천  "
20171208,10,일본어를 알아야만 웃을수 있는 개그를 한글로 잘 못살림게 아쉬웠다 ㅠ예를들면 ‘케츠노 아나’ㅋ 케츠노아나는 일본어로 ‘똥구멍(항문)’이란 뜻 ㅋㅋㅋ 암튼 원작 잘모르는 저도 넘 재밌었어요 병맛코드 조아하시면 꼭 보시길!!!!  
20171208,9,이런걸 막장코믹이라 하던가  
20171208,3,관람객별1: 스다 저음연기별2: 천년돌 헨가오별3: 후반부 도쯔요 다리의 요염함  
20171208,9,후쿠다 감독을 좋아하지만 이건... 태어나서 처음으로 아무도없는 상영관에서 혼자 영화 본 귀중한 경험을 줬으니 9점 준다  
20171208,10,낮3시에 나말고 한명밖에 없어서 당황했는데 재밌었음  
20171208,1,개재미없고 오바스럽고 돈이엄청나게아까웠음 영화의 3분의2를 잠 어디에서웃어야될지모르겠는 ?같은영화  
20171208,10,은혼정말재밌게잘봤습니다  잘안보던걸 이번에보니 색다른거같아요  배우들의명품연기정말멋져요  또보싶어지는 영화였습니다  
20171208,10,재미있게 봤습니다. 만족스러워요  
20171208,10,관람객띵작. 이거 보기 전에 보겸 방송 보고 보시는걸 추천드립니다. 보황 만세  
20171208,2,내가 실사판을 처음으로 접해서인가...모든게 어색하고 오글거리네...은혼 애니로는 좋아하는데 개그는 신파치가 말하는거 외에는 웃기지도 않고 전투씬도 그닥...걍 실사 첨으로 접하는 사람이 보는건 좀 그럴듯...  
20171208,7,원작을 충실히 따랐으나 카메라 연출과 액션신에서 일본실사영화 특유의 병패를 벗어나지 못했습니다.  
20171208,1,B급감안해도 팬심으로도 못봐주겠다. 시간도 돈도 야까웠던 영화.  
20171208,6,은혼 특유의 개그코드와 패러디를 잘살린건 인정한다. 하지만 각본을 제외한 나머지 요소는 졸업작품 수준. 영화 찍는데 조도나 인물 동선도 못맞추고 편집 타이밍도 못맞추냐  
20171208,10,졸잼 특히 이경규가 아니다 웃겼어  
20171208,7,"팬으로서 볼 수 있었던 영화..간혹 발연기도 보이고, cg가 아쉽지만~~~배우캐스팅이 상당히 좋았다, 인지도있는 배우분들 많이 나오셨어요~!!  "
20171208,10,은혼을 본적있다면 꼭 보시길 ㅋ나름 재밌습니다 ㅋㅋㅋ머리 비우고 웃음만 가득 채워올 수 있음  
20171208,5,관람객중간중간 전투씬만 몇개만 볼만 했다.  
20171208,10,역시 장르가 은혼 ㅋㅋㅋㅋ웃겨죽을뻔영화 실제로 보니 캐스팅도 생각보다 훨씬 잘 된것 같다원작팬으로써 덕심충만!! 매우 재밌게 봤습니다~!오구리 긴토키 멋있어ㅋㅋㅋㅋ!!!  
20171208,8,관람객밤 11시에 혼자 영화 보러 왔는데 아무도 없어서 당황;;;  
20171208,10,방금 보고왔다츠요시 이쁜데 더 많이 보고싶었다 ㅜㅜ일본애니 지식이 있는사람들은 보는데 무리가 없을 정도였다cg가 좀 아쉽긴한데 그래도 무난했다 ㅋ  
20171208,7,드래곤볼을 읽어드리죠. 콰쾅! 푸훅 타닷 파방!  
20171208,7,기생수 오른쪽이랑 나 X시카 나올 때 가방 치면서 웃다가 핸드폰 떨어뜨리고 내 발로 밟아서 뽀개면서도 계속 웃었다 ㅋㅋ 이 영화 오프닝부터 심상치 않더니 완전 미친 우주대병맛 ㅋㅋ 이걸 실사화한 용기에 별점 준다  
20171208,1,이런 걸 돈 주고 보는게 신기. 일본어 전공하는 여자친구 손에 끌려서 억지로 봤는데 왜 일본 영화계가 망해가는지 알게 되었다.  
20171207,10,관람객역시 은혼이다 병맛코미디 보는맛이 있다!!!  
20171207,7,오 뭐야 은혼 실사판이잖아? 완성도 높은데 어이  
20171207,10,관람객은혼 최고!!!!재밌게 봤엉~~~^^  
20171207,7,재미있게 보고 왔지만 중간중간 졸렸음 런닝타임이 좀 길었음  
20171207,10,관람객재밌었어요 또 보러 갈 거임ㅋㅋ  
20171207,10,현장 반응 너무 좋았음ㅋㅋ 특히 패러디 나올 때 ㅋㅋㅋ 그리고 배우분들 망가지는 연기 같은거 몸 서리지 않고 너무 연기 잘 해 주셨고 은근 사람들 많이 와서 감동 받고 갔음ㅜㅜ 또 옆에 분 신스케 나올 때 마다 입틀막하는거 웃겼음ㅋㅋㄱ  
20171207,10,방금 보고 나왓어요~~ 상당히 잘 살린것 같음특유의 병맛미 좋아욤 ㅎㅎ  
20171207,10,볼만해요.일본영화라는걸다시한번인식  
20171207,10,역시 은혼이에요. 저작권 쌈싸먹은 패러디도 잔뜩 나오고. 고소 당하지 않았나 걱정됨. 자막 만드신 분도 센스만점ㅋㅋㅋ 재밋게 웃고 왓습니다. 대놓고 CG에 대놓고 인형탈ㅋㅋㅋ 배우분들도 캐릭터 잘 살리셨어요. 대박이였음.  
20171207,10,"은혼 7년차 팬으로서 재밌게 봤다. 다만 좀더 터지는 에피소드 많았는데, 너무 많은걸 기대하긴 영화로서는 시간이 짧은게 아쉽다. 엔딩 진짜 좋았고, 배우들 진짜 열연한게 느껴지며 원작과 조금 다른 부분도 신선했다.  "
20171207,10,실사영화라서 기대 없이 봤는데 의외로 정말 재밌었다!!원작 은혼 좋아하시는 분들 재미있게 보실 수 있으실 것. 만화에서 튀어나온 퀄ㅋㅋㅋ  또 보러갈수도 있을 것 같음!!  
20171207,10,벙맛을 좋아하신다면 꼭보세요  
20171207,10,별 기대 하지않았으나 오늘봤는데 대만족 조금씩나오는 패러디개그와 병맛개그가 완전 좋고 요시자와 료 사랑합니다♡♥?  
20171207,8,관람객은혼이 은혼스러워서 좋았지만 진지해지는 부분으로 가다보면 사골까지 빨아먹은 홍앵이라 지루했다. 개그코드는 꽤 재밌게 보았드ㅏ  
20171207,10,ㅋㅋㅋ긴토키왔을때 히지카타보고 개터졌넼ㅋㅋㅋ 진짜 만화에서 튀어나온것같고 CG는 좀 심한감이 있었지만 전체적으로 재미있게봤어요.  
20171207,10,관람객보통의 실사영화들 평이 안좋아서그런지 큰기대는안했는데 의외로 너무 잘만들어서 재밌게 봤습니다! 병맛력도 정말 잘 살렸구요.  
20171207,3,관람객은혼덕후로 살아온지 어느덧 10년...  개그부분은 그냥 피식하는 정도이고 휴.. 다 필요없고 한마디로 정리하면 일반인 은혼 팬들이 코스프레해서 1시간짜리 영상 만든 것 같습니다... 차라리 유튜브에 올라오는 실사화가 더 나은듯..  
20171207,7,원작모르고봐도됨 원작하고다른점많음 다만전개가느림  
20171207,8,관람객템포가 살짝 느린 감이 있지만 원작을 잘 모르는 사람이 봐도 재미있었습니다  
20171207,10,원작만화 잘살린 영화 Top4 데스노트/기생수/바람의 검심/은혼  
20171207,10,관람객살짝 아쉽긴한데 나쁘진않았음.  
20171207,10,관람객어흐흑 너무 만화에서 튀어나왔잖아..ㅋㅋ큐ㅠ  
20171207,1,평론가들의 평점이없다.  
20171207,3,"CG보소, 진짜 더럽게짝이없다. 무술만 제대로 그리고 CG는 어느정도했으면 히트칠 수 있는데.... 이번 은혼은 별로고, 후속작을 기달려야겠다. IPTV로보시는걸 추천드려요  "
20171207,10,보면서 웃다죽을뻔했습니다 은혼좋아하면 꼭보세요 원작 안본분들을 위해 앞에서 소개 잔뜩했지만 역시 본사람들이 더 많이 웃을수있는것같음 캐스팅도 장난아니었고 전부 기대이상 오구리슌은 긴토키 빙의된줄ㅠ 근데 원작이 청불인데 12세로 설정해도 괜찮은거냐ㅋㅋㅋ  
20171207,10,원작과 내용이 조금 다르지만 CG조차 은혼다운 영화!!  
20171207,10,넘 재밌었어요ㅠㅠ 연기도넘좋았습니다!!  
20171207,6,캐릭터실사등 영화로서의 퀄리티가 좋음 근데 은혼 좋아하는 사람들이 뒤에서 두시간 동안 이야기해서 영화 예의 없는 사람 때문에6점이요  
20171207,10,나는 평점10점준다 ㅋㅋ 아놔 은혼 실사에서도 저작권무시하네 ㅋㅋ 바람계곡나○○○등장이고 ㅋㅋ 원피스패러디는 무조건들어가고 건담나오고 ㅋㅋ 역시 실망시키않네 엘리자베스보고 애니만화는괜찮는데 실사는완전인형이라고못박아서애기하냐 ㅋㅋ  
20171207,10,만화책 팬이라면 봐라...팬이 아니라면...또 하나의 일본 영화일뿐...  
20171207,9,로리콘이 아니라 페미니스트입니다!  
20171207,9,"관람객일단 모르는 사람도 데리고가서 봐도 상관없는 영화, 감정 연기가 조금 아쉬운 부분도ㅠ있지만 다른 거는 재미있다 두번가서 봐도 상관없는 작품인 것.  "
20171207,6,이정도면 실사화 영화중 선방한듯 여배우들이 이뻐서 미소지으면서봄  
20171207,10,애니 실사화라해서 엄청 기대했는데 어제 오구리슌도 보고 시사로 영화도 먼저 보고 진짜 잼썼음!  
20171207,10,오구리슌ㅋㅋㅋ 어제 내한온거 봤는데 간만에 보니 좋았음 ㅠㅠ 영화는 완전 병맛 골때리는데 웃김 ㅋㅋㅋ  
20171207,10,와 드디어 개봉이구나~ 극장가서 꼭 봐야지  
20171207,10,오구리 슌! 내한해서 어제 보고 왔는데 진짜 꿀잼ㅋㅋ  
20171207,10,원래 병맛스러운 일본영화 좋아하는데 은혼 실사화로 나와서 대박 좋음ㅋㅋㅋ  
20171207,10,크 원작을 잘 살린 실사라 재밌었음!  
20171207,10,마요네즈 무사의 스크린 등장!  
20171207,10,어제 시사회로 보고 오조 오억번 웃고 오천번 더 웃은 뒤 이제 정신차리고 댓글 남김ㅋㅋㅋ 내가 찾던 영화가 이제 개봉함ㅋㅋㅋ  
20171207,5,일본식 개그에 말장난이었는데 그걸 한글 자막으로 다 담지 못한게 아쉬웠습니다.  
20171207,8,실사화 드라마보니깐 재밌을거같은데ㅋㅋ 기대중  
20171207,9,은혼 본사람만 보길..  
20171207,10,B급도 하나의 장르다. A급과 비교할 필요도 없고 비교해서도 안된다. B급만의 병맛을 얼마나 잘 살렸냐가 관건이다.  
20171207,8,상식파괴 B급감성 그대로 살린 병맛영화^^쏟아지는 패러디에 정신못차릴수도 ㅎ나쁘지 않아요^^  
20171207,8,원작 특유의 코미디적 요소를 유연하게 연기하고 표현하려는 노력이 잘 드러난 점이 가장 큰 강점이었다. 원작을 최고로 자연스럽기 표현한 실사판!!!  
20171207,10,일 때문에 거리도 4시간.... 지방사람이라.. 무대 인사는 못갔으나 개봉 당일에 보고 다시 평점을 남김. CG가 어떻고는 떠나서 얼마나 코미디 병맛 코드를 살리는지 원작 재현을 하는지가 중요.  
