0,1,2
20190122,1,제대로 병맛이네 미친또라이 욕도 아깝다  
20190112,9,"무슨 포스터랑 영화 내용이랑 딴판이야. <걷기왕>을 예상했는데 <피끓는 청춘>이 나와서 보는 내내 적응 안 되다 연기력에 감탄했다. 글구 체육쌤, 그러면 안 되지~. 뭐 하는 짓이여, 이게.  "
20190110,10,반짝거리는 사춘기를 표현하기에 더할나위없었다고 생각한다  
20190109,8,작지만 괜찮다... 용순 파이팅  
20181211,6,애정결핍 트라우마 사춘기 감안해도 지나치다...대사에 있듯이 그냥 싸가지가 없는 학생의 이야기로 밖에....학창시절 우정은 봐줄만하다  
20181111,1,어린게 못된것만 배웠음  
20181022,6,철없는 여고생의 투정이 교사 폭행과 임신협박으로 이어지는 건눈살 찌푸리게 할 설정. 거기에 알 수 없는 체육캐릭터.  
20180926,1,무개념 용순 응석받이를 보면서 내내불편하네주인공이 이렇게 꼴보기 싫은건 또 처음이네  
20180922,2,한국영화 퇴보시킴. 기본도 부족.  
20180922,1,김혜수가 추천했단다..  
20180916,1,싸가지 진짜 드럽게 없는 여학생이군  
20180912,1,존나 무서운 영화 청소년의 사춘기 첫사랑으로 묘사햇지만 대책없는 청소년의 무서움을 그대로 보여준 영화다  
20180908,1,극혐이라는 말을 자주 쓰던데. 그 말이 남이 아닌 자신한테 돌아가는 줄은 모르는 게 이 영화. 주연부터 조연까지 등장인물들이 하나 같이 주변이 이런 사람 있을까 겁나게 극혐. 포장과 화장을 벗겨내면 그 안에 이런 극혐 덩어리가  나온다는  뜻이냐  
20180907,1,"한여름 사춘기의 소녀에게 일어날수있는 상처나 풋풋한 러브스토리에 공감하고 소녀의 마음을 이해하게 만드는 영화가 아니다,소녀인 주인공을 임신협박하는 막돼먹고 무서울것없어 보이는것없는 막무가내 미친 여고생으로 만들어버려   보는내내 불편하기 짝이없다.  "
20180907,3,요즘 분노로 가득찬 한국인들을 보는 듯해서 더 스트레스만 받았다.  
20180906,1,자신의 감정이 제일인 용순. 마치 자기 뜻대로 되지 않으면 욕하고 때리고 주변사람 괴롭히고 불법을 저질러서라도 복수 하려는 깡패와 무엇이 다른건지... 청소년의 감정은 소중하고 한명의 교사의 인생은 지푸라기인가??  
20180904,8,사람과 사랑에 대한 갈망이 잘 느껴진다.  
20180901,10,"처음으로 끝까지 매달려 봤다. 이 대사가 이영화가 그저 흔한 막장이 아니란걸 설명한다고 본다. 있을법하지 않다고, 불편한 설정에,과잉이라고 극단적으로 평하기엔 아까윤 영화. 내게 용순은 치기어린 푸른 청춘이다. 그래서 더 사랑하는 영화  "
20180831,5,여주 진짜 악마같다. 그 만큼 연기력이 실제 같았다. 말투는 전라도 사투리인데 끝에는 충청도 사투리로 변하는 게 너무 어색하다. 외람된 이야기지만 엄마없이 아버지 밑에서 홀로 자란 여자를 조심하라는 조언을 뼈저리게 느낀다.  
20180831,4,미성년잘 뭘 건드려?? 제대로 안본 멍청한 사람들 많네. 술먹고 뻗은 선생  옆에 누워서 용순 지혼자 팔배게하고 누운게 다잖아? 이런 집착 급식충이 커서 미투~ 미투~ 유망주가 됩니다.  
20180830,5,본 기억은 있는데..좋진 않았던거 같다. 근데 혹평이 장난아니네. 다시 봐야하나? ㅋ  
20180830,10, 아무리 유난스럽게 행동하더라도 결국엔 아무일 없었단듯이 지나가 버릴 시절들 ㅠ이 영화에서 용순이 행동을 포장하거나 미화하려 한적은 없는거같은데요. 그냥 그 자체를 보여주려 한거지. 이런저런 일들 겪으며 커가는 누군가의 이야기. 개인적으로 잘봤어요!  
20180824,7,이수경 연기력은 동연령대 배우대비 완전 최상클라스인데.시사회들 포스가 너무 막강했다.예능나와서 이미지 세탁좀 해주길.  
20180810,8,잘찍었는데 일본영화인줄 알았네 클릭했다가 잘보고감  
20180802,1,체육이 쓰레기네요. 남자로 태어났으면 고추관리 좀 똑바로 했으면 좋겠네요. 씨 함부로 뿌리지 말고요. 아빠라는 사람도 마찬가지네요. 남자망신이네요. 부끄러워서 얼굴을 어떻게 들고다니라고 이런 영화를 만들었는지 같은 한국인이자 남자로서 너무 부끄럽네요  
20180724,1,용순이 개막장 이기적임에끝 보는내내 답답하고 아무리 나도 고등학교시절 있었지만 저건아닌듯  
20180723,8,용순이가 연기를 너무 못함....  
20180723,1,쓰레기 같은 년한테서 난 쓰레기 같은 년 한 명의 정체가 드러나서 한 남자가 구원받는 영화~!! 이런 년과 얽히느니 독신이 천배만배 행복하다는 것을 깨닫게 해주는 영화입니다.  
20180722,1,ㅋㅋ 뭘 유난히 무더운~ 강물과 산~  뜬구름 잡는 감상평 보면 기가 찬다. 햇살 말대로 시인 코스프레 하는겨?아무리 사춘기 소녀의 행동이라도 절대 포장 될 수 없는 픽션이다. 도대체 뭘 전하고 싶은 영화야? 배우들 연기는 좋았다.  
20180708,1,아름다운 인디영화인줄 알고 봤는데 충격 그자체.. 주인공 부터 해서 모든 캐릭터들이 이해 불가능.. 엔딩결말은 최악....여교사VS여제자.. 역겹고 더러웠고 기분도 나빴다..  
20180623,10,비윤리적이라고 막장이라는 이들에게는 과분한 영화  
20180610,1,이게 웬 소아성애 영화? 보는 내내 기분 핵 드러움  
20180606,7,체육이 바람만 안 피웠어도 용순이가 그렇게까지 용 쓸 일 없었잖아. 이제 용순이가 자기 자신을 더 사랑하고 아껴주었으면 좋겠다. 빌어먹을 바람둥이에게 매달릴 일 다시는 없겠지. 있는 힘껏 매달려봤으니. 한 남자를 두고 싸우는 설정은 진부하고 불쾌했다.  
20180531,2,평점 좋아서 봤다가 여자 주인공 캐릭터에 전혀 공감 못 하겠고 보는 내내 불편했음  
20180529,1,전라도 시골학교에서 선생과 제자의 썸씽인데..아무런 감흥도 전혀 느낄수 없음. 이것도 영화라고. 에휴..평점이해가 안되는데..1점도 아까움  
20180527,3,예술로 포장한 청소년 막장.  
20180527,6,현실이죠  영화가아니라 ...  
20180527,1,이거 무슨 영화?  주인공이 만든거임?  막장 드라마로 만들지...  
20180527,6,너무 막장으로 끌고 깊숙히 끌고 들어가서 헤어나올 길이 없게 만들었다 나갈 문이 보이질않아 적당히 하시지  
20180527,2,여주분이 예뻐서 2점 드립니다  
20180526,8,용순.. 따뜻했던 때로는 치열했던 우리들의 여름. 이유를 알 수 없는 아픔에 그러나 지나갔기에 아름다웠던 추억들.  
20180523,1,용순이 분노조절장애임?  
20180516,10,그냥 이수경 배우가 너무 이뻐서 10점 드림.  
20180513,8,관람객유난히 더웠던 날의 난장판을 보는 소소한 재미.  
20180504,10,오늘부터 용순이 팬이다  
20180429,2,완존 극단적인 성격이던데; 남의 마음 전혀 생각도 안하고 폭력적이고 집착까지...이런 캐릭터를미성숙한 사춘기의 성장?이라는 예쁜말로 포장하려는게 억지스러워서 보는내내 불편하고 와닿지 않았다  
20180422,3,재미가 없다. 큰 문제다.  
20180413,7,조금은 특별한 사춘기 막장을 넘은 공감  
20180406,2,아무리 사춘기 여고생이라 하지만..이정도의 여고생의 행동은 범죄라고 본다..아무리 영화라지만...  
20180404,1,이 영화 어디에서 감동을 받았다는거지? 용순이를 보고 옛추억이 떠올랐다는분들 이해가 안가네요. 정상적인 흔한 청소년이 아니잖아요 뭐가 마음이 따뜻해지고 찬란했던 순간이고... 당췌 이해를 할수가 없네요 도저히 예쁘게 봐줄수가 없는데...  
20180401,4,내 상식으로는 이해가 되지 않는 영화다.  
20180329,10,오랫만에 만나는 좋은 영화.  무더운 여름날에 푸르게 흔들리는 나무와 강물 같은-  싱그럽게 빛나지만 또한 쉴새없이 부는 바람에 흔들리던 성장통과 함꼐한 시간들.  앞으로 더 기대되는 감독과 배우들을 볼 수 있어서 좋았음.  
20180321,5,배우들의 연기는 괜찮았다. 다만 용순의 그것은 사랑이 아니고 광기다. 앞길이 창창한 교사의 인생을 잡아 먹을 뻔한 미친 오리 새끼...영화를 보는 동안 성추행 누명을 쓰고 자살한 교사가 내내 생각났다.  
20180316,4,... 그냥 연기만 봤어요 연기하나는 최곤데 첫사랑의 집착이라고 하기에는 좀 이건 아닌듯요..  
20180312,1,로리타 미화 소재가 너무 더럽다;;  
20180305,1,사춘기가 아니라 인격장애인듯... 자기 욕심에 거짓말로 한 사람 인생 망쳐놓은 게 풋풋한 사랑이라고? 이걸로 어린시절 추억이 떠오른다는 사람들은 도대체 어떤 인생을 살아온 건지 궁금하다...  
20180302,10,첨엔 내용이 뭐 이래 이랬는데 영화미도 너무 좋고 배우들 연기 특히 용순이 캐릭터랑 연기 그리고 사투리가 너무 좋았다... ㅠㅠ  
20180220,7,어른들에의해 상처받은 용순이가 안타깝지만 이런식의 극단적 방법으로 그 분노를 해소할 수밖에 없었을까 용순이를 좀더 따뜻한 시선에서 바라봤었으면 좋았을텐데 철없음을 더 강조한것같다 요즘 가장 눈에띄는 이수경의 좋은연기가 가장 돋보이는 영화.  
20180220,10,남자인생만 인생이냐 현실이었음 미성년자 건드린건데 콩밥먹어야지ㅋㅋㅋㅋ  
20180220,2,OOO 영화 ㅜㅜ 도저히 이해가 안된다  
20180220,1,이게 어디가 괜찬은 영화야?교사가 학생을 상대로. 영화라도 더럽다.  
20180208,10,"솔직하고, 떳떳하기에 후회 없고 당당할 수 있는 주인공이 아름답다.  "
20180204,4,임신했다 겁주고 선생님 머리채 뜯고 부모에게 폐륜언행 일삼는 용순. 무관심 속에 자란 상처때문이라는거 알지만 과연 성장의 과정이라는 이유로 용서 받을수 있는 행동인가 하는 의문이 든다. 용순이 깨닫는 과정으로 다른 식으로 풀어냈다면 하는 아쉬움이 든다  
20180204,1,영화참그지같이만들었넹 짜증나서 끝까지 안봄차라리 영구와 땡칠이보겠다  
20180201,2,"성격 더러운 여자 주인공 이기적이고 안하무인적인 행동을 사춘기라는, 청춘이라는 이름으로 부르는게 가능한가?  정말 보기 불편했다, 그냥 싸가지 없는 아이가 나오는 영화  "
20180201,2,재혼한 몽골여자 불쌍해  
20180129,8,관람객전력질주를 한 후의 용순이의 포스터가 모든걸 말해준다.  
20180126,10,시골을 배경으로한 그 수수하고  향토적인 느낌이 너무  따듯했다. 배우들 연기도  매우 훌륭했고.  
20180124,2,재미없다. 청소년 탈선 조장영화  
20180120,2,"지도가 불가능하네요. 여기에 나오는 정도면 학폭위에가서 퇴학당하고, 형사고발 당할 정도인데요...어떻게 15세인지...현실과 너무 달라 참 걱정됩니다.  "
20180117,5,세련된 영상미가 아름다운 몽정기3  
20171229,7,관람객용순과 친구들 셋의 모임이 좋아보였다. 여름냄새가 물씬 느껴지는 영화  
20171225,8,용순아~~~고개들고  뛰어~~~~그리고  웃어~~^^  
20171223,1,네이버 평점은 다신 안본다 진짜 보는 동안 짜증남  
20171209,8,관람객청소년 성장영화 같지 않아서 좋았다  
20171208,1,댓글알바 좀 쓰지말자... 욕도 아깝다.  
20171207,5,단순히 어린시골소녀의 첫사랑으로 치부하기엔하는짓이 천하의 개x년 아니냐..;;자신만의 첫사랑사수를 위해 두 선생을 파렴치한으로 만들었으니...  
20171205,1,전혀 사랑스럽지않은 또라이 여자애를 어거지로 포장한 영화  
20171202,2,아니 애초에 학생이랑 선생이 왜 사귐?ㅋㅋㅋ 이거보고 고등학교때가 생각나면 얼마나 막 산거임? 내가 고3인데 ㅈㄴ이해안되네  
20171125,10,재밌어요 .. !! 좋아해서 그런거죠 전부 .. 이런사랑도 있는거죠  
20171109,7,관람객성장통이란 요란하게도 아프다  
20171106,2,묵은지가 되기 직전의 갓김치 이여기  
20171009,2,여기 평점이 알바처럼 보일 정도..보는 내내 미소가 지어진다거나 기분 좋아지는 영화라거나 고등학교 시절이 떠오르는 영화는 아니었습니다. 분명 영상은 모두 좋고 뭘 말하려는지는 알겠지만 성장스토리라고 보기에도 주인공 캐릭터가 너무 극단적이어서 아쉬웠음  
20171005,9,관람객나의 젊은날을 돌이키게 하는 유쾌한 영화  
20171005,9,관람객이수경 배우 정말 이뻐요!!  
20171003,6,관람객사랑이 아니라 집착이다  
20170927,5,성격파탄 고등학생 여주인공이 남선생 인생 골로 보내는.. 그걸 아주 예쁘게 포장한 영화. 연기도 좋고 화면도 예쁘고 하나도 안지루한데 영화가 주려는 메세지가 도무지 뭔지 모르겠음. 자기감정에 취해서 성장이라고 짠하게 마무리하는데 어이가 없었음  
20170924,5,관람객하...시간 아까웠네요  
20170923,7,영화 초반 연출과 몰입이 엄청 좋았고 무지 무지 재미있을뻔했는데 점점 늘어지고 지루해지는 영화. 용순이 몰입도에 비해 체육선생 몰입력이 떨어진다. 스토리 전개를 좀더 간결하고 명료하게 했음 좋았을 영화 그러나 1000만 관객을 동원할만한 가능성을 담음  
20170921,1,본격교권참해싸이코스릴러  
20170921,5,순수하게도 쓸데없이 용쓴 용순  
20170920,1,"여주인공,,못돼도 너무못됐다.. 전혀공감이 가지못하고 감정이입에 실패했다.  "
20170918,1,"좋은 배우들 데려다가 이런걸 찍었냐?결론이 뭐야? 능히 가능한 얘기도 아니고, 어느정도 공감할 수 있는 얘기도 아니다.완전 엽기 호러에 가까운듯.결론이 정신 이상이던 엄마의 유전자를 물려받은 딸이 엄마처럼 정신이상증세를 보였다는건가?  "
20170917,10,"연출, 영상미, 스토리, 연기, 전부 군더더기 없는 수작. 사랑결핍에서 오는 집착. 분노의 클라이맥스가 터진 후 선풍기가 나올때 그 먹먹함은.. 아버지와의 감정소통, 용순의 마음이 풀어지는과정, 모든 마음의 문제는 결국 소통의, 사랑의 부재였음을.  "
20170916,7,시나리오 헛점이 많아서 아쉽지만 용순의 이수경은 당분간 최애캐 등극. 리메이크작인데도 용순이 데리고 이것밖에 못찍어유??  
20170915,6,용순아... 너무 무모하다  
20170911,2,OO발광 여고생 일기. 이정도면 정신병인디. 일반적이지 않은 여고생을 일반화 시키려고 노력. 짤릴 선생만 불쌍 .미친짓하고 지나보면 다추억이라고 떠든 범죄여고생이랑 머가 다를까.  
20170910,10,잘봤습니다. 여러모로 생각 많아지는 영화네요. 배우들 연기력도 좋았고 ^^  
20170907,5,지루하고 짜증나는 영화임...선생의 인생을 망쳐놓은 소녀의 집착  
20170902,7,그럭저럭 좋았는데 아쉬운 점도 있다. 용순이가 이해가 되면서도 답답하고 마음이 아팠다. 마지막으로 학생 따귀 올리는 행동은 절대 안됩니다!  
20170901,3,샘들 정신 똑바로 차리라는... 한순간에 훅 가는수가  
20170830,2,저 나이에는 다저래 하기에는..  
20170828,8,관람객이런영화좋다일본영화같은 감성  
20170825,9,관람객용순 너무 예뻐요 입덕할래요  
20170825,10,"억지스럽지 않고, 눈물 쥐어짜지도 않고... 성장통이라는 소재를 산뜻하게 꾸며야 한다는 강박 없이 소박하고 예쁘게 잘 담아낸 영화입니다. 배우들 호연도 빛났고, 앞으로의 이들 행보 주목해 보려고 합니다 ^^  "
20170820,6,"소재나 배우들 연기, 영상미는 나쁘지 않았는데 ... 좀 과했다는 생각이 듭니다  "
20170819,1,뭐 이딴 영화가 다 있냐 미화를 기가 막히게 해놨네ㅋㅋ 다 미쳤네ㅋㅋ 체육이 용순이 좋아서 사겨도 미친거 육상때문에 정규직 될려고 사귄거면 쓰레기. 임신했다고 사기치고. 영어는 바람핀건데 뭔 권리로 애 싸대기를 바로 날림? 이게 이쁘고 풋풋하냐? 미친  
20170818,1,"최하,  근데 여기 평점 왜이리 높지??  다 알바들인가  기대하고봤다가 완전 욕나오는 영화  "
20170816,1,다운 받아서 보길 다행이다  
20170816,3,이건 순수한 풋사랑이 아닌... 임신이란 올가미로 범죄적 애정일 뿐!!!  
20170811,1,용순이 캐스팅 하나는 정말 잘한 거 같음  
20170811,10,체육선생이 제일 문제네  확실하게 정리를 했어야지 이도저도 아니고 뭐야 새엄마도 나름대로 용순을 위하는데 용순이도 학생으로서 도를 넘긴했지만  순수한 여학생의 모습 보인거고  
20170810,8,평점 후기들 보다 훨씬 괜찮은 영화엿음 따분한듯 따분하지 않은 영화 남주로 나오는 선생님이 너무 답답하고 찌질해보인다는 게 흠이라면 흠  
20170809,1,그 때 그 시절에 그래봤음직한  아름다운 추억의 짝사랑..   이 절대 아닌 것 같아서..  보다 말았습니다.  
20170809,5,신조어 남발은 오히려 대사전달에 부정적 영향. 교실 전투씬에서 남선생의 태도를 보고 있노라면 세상에 저런 물렁이도 어딘가 있겠지 싶다.  
20170808,6,실타래가 풀릴듯이 점점 꼬인뒤 불타버리고 끝남  
20170807,1,"줄거리 쓴 꼴 봐라. '체육에게'가 뭐냐, 비속어도 아니고? 그리고 교사와 학생이 ... 진짜 그러면 남자들은 수갑을 찬다. 제정신이 아니다.  "
20170806,4,독선과 아집. 엄마에 대한 병적 강박증  
20170806,9,선생님의 옷깃을 움켜쥔 용순의 손과 토할때까지 달리고 몰아쉬는 숨이 기억에 남는 영화  
20170806,1,"혹시나 저처럼 어린게 벼슬, 안하무인 사춘기 못견디는 분들 보지마세요. 암걸립니다.  "
20170803,10,솔직해서 귀여운 영화 ! 사랑스러운 영화다.  
20170803,1,이 영화는 상당히 신경질 적이다.청소년기의 풋풋함 이라고는 찾아 볼 수 없는 영화.선생님을 스토킹 하는거 부터가 아무런 연민도 동정도 느껴지지 않는다.  
20170802,6,기분 좋은 풋내가 난다.  
20170802,5,용순의 표정이 생각나네요...  
20170801,7,코믹한 설정을 제대로 살려낸 연출과 연기가 돋보이는군  
20170801,1,영화보다 이렇게 발암걸릴 뻔 한 영화는 첨본다  
20170731,10,영화는 정말 재미있지만//공포영화에 가까운 영화네요...어린시절 상처가 이토록 무서운 괴물을 만드네요  
20170731,1,철 없던 사춘기의 서투른 첫 사랑 영화? 그냥 막장 무개념 영화. 작품성도 없고 하고자 하는 얘기도 없고 단지 여고생들이 이 영화 보고 따라 배울까봐 두렵다. 이 영화보고 그 때 그 시절이 생각 났다는 평점들은 다 선생이랑 사겨도 보고 맞짱 떠본거냐?  
20170731,10,여고생의 심리를 참 사실적으로 그려낸 영화  
20170731,5,"인디영화라는, 독립영화라는 가면을 쓰고 용서받기에는 적합하지 않다.  "
20170730,6,관람객좀 많이 답답했어요 이해가 안 되는 부분이 많았습니다  
20170730,7,관람객뻔한 내용이지만 배우들이 귀여운 영화  
20170730,8,관람객용순이의 마음이 이해가 되는 때  
20170730,8,"관람객재밌게 봤고, 저의 10대때의 감정이 오랜만에 생각나서 좋았습니다.  "
20170730,1,0점도 만들자. 아 쓰레기 영화...  
20170730,10,우리 모두는 아팠고 우리 모두는 달린다.우리 모두는 상처를 가지고 살아왔으며 언젠간 지금의 나를 만든 그 거름을 지고 달린다. 사랑에서부터 증오까지  
20170729,9,불쌍한 체육... 처음부터 협박당한듯..  
20170729,8,용순역의 이수경과 그 친구들. 잠재력이 무한 한 배우들의 발견 . 정우 주연의 바람처럼 배우들 앞으로 흥할것 같다. 결국 용순의 집착은 아버지를 닮은듯.후반으로 가면서 요즘 애들 무섭다 생각되는.  
20170729,9,"시대에 따른 인간의 성장통에 대한 표출은 사뭇 달라 보일 수 있겠으나, 결국 그 내면의 본질적 갈구, 인과관계의 대립적 요소를, 이 작품에선 시류의 격차를 포옹한 깔끔한 절제, 곳곳에 섬세한 표현으로 잘 투영했다고 느껴집니다.  "
20170728,5,영화를 영화로만 봐야하지만 용순의 행태는 너무나도 패륜적이다.  부재: 어느 싸이코패스의 옛추억  
20170728,6,이 영화보고 나서 여주인공 입장이 아닌 남자체육선생 입장에서 보게 되던데 나만 이상한가.아무리 독립영화라고 해도 볼 만하게 좀 만들었음 좋겠다.너무 재미가 없어 다 보기가 힘들다.  
20170728,4,저런 이기적이고 집착만 하는 여고생이 아름다운 우리의 천춘이고 시절인가  
20170728,9,내용이 생각보다 심각했지만 결국은 청소년의 고민과 성장기를다룬영화 배우들 연기랑 영상미가 이뻐요 이수경씨는 참 연기잘한다 더 크게될배우다  
20170728,7,처음으로 끝까지 매달려 봤다...사랑 앞에서 거침없이 행동하던 사춘기 소녀 용순...싱그러운 배경들...아련한 영상 색감과 달리영화 속 스토리는...설레임 대신 묘하게 조마조마 안쓰러웠던...  
20170728,5,한남자 인생을 망칠뻔한 여자들의 순수한 추억.  
20170727,7,일단 이수경님 연기는 좋았어요  그런대 이건뭐지 ㅜㅜ 대략난감  일단 용순이는 정체가 뭐냐 너의 집착어린 장난에 한 비정규직 선생 나가라되고 학교 소문나고  선생들 다짤리지 않았나 싶다 용순이만 멀쩡하내 ㅜㅜ  
20170727,8,"잘 만들어진 저예산 영화의 전형. 적당한 오락성, 탄탄한 스토리, 수준급의 연기, 가능성이 보이는 연출력, 그리고 과하지도 모자라지도 않은 편집.  "
20170727,2,용순이의 헛소동~인디영화로서 잔잔하게는 보겠다만 딱거기까지~  
20170727,7,관람객깨끗한 영화가 많아져야한다 용순처럼  
20170727,6,어딘가에 있을 용순이를 위하여..  
20170726,10,산뜻하고 따뜻한 영화였다. 사춘기여고생의 섬세한 심리 라인을 세련되게 묘사. 카메라 앵글과 구도도 세련. 군더더기없는 스토리라인이 더 마음에 들었다. 배우들 연기도 훌륭. 별10개 대만족  
20170726,8,"""처음으로 끝까지 매달려봤다.. 유난히 더웠던 그해 여름은 그렇게 끝이 났다..""  용순 역의 이수경, 친구역의 장햇살 두 여배우의 앞날을 응원한다  "
20170726,7,표현방식은 달라도 따뜻한 영화!그리고 마지막 스톱워치 20:14_416  의도한건지 ㅜㅜ  
20170726,1,아 진짜 공감이 안된다... 안하무인 여고생의 정신착란에 가까운 짝사랑 이라니.... 관람한 시간이 아까워서 눈물이 고인다  
20170725,8,관람객세월호를 추모하는 방식이 좋았음ㅎㅎ  
20170725,7,한국 영화 발전은 이런 작품에 의미가 있다. 응원한다.  
20170725,1,이게 공감대를 일으킬 수 있다니??여자들은 교생선생을 어떻게 생각하는거야;;;;완전 발암덩어리 캐릭턴데  
20170724,1,"스토리가 너무 막장이네요, 고등학생이랑 선생님이랑, 임신 얘기며,선생님이랑 치고 박고 싸우며, 여주인공이 너무나 철이 없어 보인다. 이런걸 스토리라고, 감동자체도 없네요  "
20170724,6,잠깐 진한 장미향에 취했으나 주변을 보니 안개꽃이 만개  
20170724,8,분명 내가 예상했던 것과 다른 영화였다. 너무 처절하다라는 생각이 들면서 그 시절이니까 가능했겠지라는 생각이 들었다  
20170724,8,너무 자연스러워서 연기 같지가 않음ㅎ 대사도 재밌고 신선하네요.  
20170724,10,"어떤 영화가 잘 만든 영화 인줄 은  모르나,보는 내내 학창시절로 돌아간듯 설레였습니다  "
20170723,10,학교다닐때 배운 문학작품 느낌이에요. 영화 참 좋아요  
20170723,7,아무렇게나 생긴돌멩이가 물속에서 이리구르고저리굴로서 깨지고깍여 자기만의 모양을갖춘 조약돌이 되듯이 그렇게 성장하는것  
20170722,9,아빠는 이제 웃고산다. 니도 웃고 혔으면 좋겄어.  
20170722,1,돈아깝다. 재미도 감동도 스토리도 엉망이고 영화보다가 중간에 뛰쳐나가는건 처음이다.  
20170722,8,오랫만에 너무나 내 일상의 영화를 본 것 같다. 아름답다. 내 과거는 아름다웠다.  
20170722,10,용순이의 사랑은 처음부터 더운 여름이었습니다.그런데 그 더운 여름은 지나갑니다.그런데 그 더운 여름은 또 옵니다.진실된 사랑을 알게 된 용순이를 영화 끝부분에서 보며많은 눈물이 흘렀습니다.  
20170722,5,뜀박질 아니면 싸움박질 같은 흔한 사춘기 드라마. 이 작품 이후로 이수경 뜰듯  
20170721,1,체육 선생님은 뭔 죄 거짓말로 한 남자 인생 망치네 첨엔 좋았지만 갈수록 체육쌤이 불쌍해진다는거 밖에 안 느껴짐보는 내내 불편  
20170721,8,이수경의 재발견! 연기할 때마다 동일인가 싶을 정도로 변신을 완벽하게 해 내는 배우는 몇 안되는데 진짜 놀랍다. 영화 시작할때 처음 보는 신인 학생 연기자 인 줄 알았다는... 근데 연기가 너무 노련하다 싶어 검색하고 깜놀~!영화 내용이 안 보일정도다  
20170721,10,관람객용순이 캐릭터가 공감도가고 너무나 사랑스럽다.  
20170721,2,"남선생과 여고생의 원조교제가 이 시대엔 당연한 건가? 그걸 아무렇지도 않게 설정으로 깔아놓고 사랑에 대해 논한다는 게 상식적으로 이해가 안 된다. 누군가는 편안하게 봤다는데, 흠, 뭐가 편한 건지. 보는 내내 불편했고, 몰상식하게 느껴졌다.  "
20170721,10,"여고생의 다양한 감정을 여실히 볼 수 있었던 영화, CG로만 승부하는 요즘 영화계에서 잔잔한 감동으로 채워진 영화네요,, 재밌게 봤습니다  "
20170721,7,선생님과에 관계와 사랑이라니 너무 비현실적인 영화  
20170721,2,딸 낳고 싶다 생각했는데 저런 딸은...  
20170721,9,이걸보고 옛날생각난다는사람은 의심스럽다  
20170720,8,유별난 사춘기를 보내는거 같아 눈살이 찌푸려지다가 관심도 없고 들어주지도 않는 선생님을 붙잡고 하소연하는 장면에서 연민이 느껴졌다 그래도 좀 별나다 용순아 ㅎㅎ 그만큼 연기를 다들 잘했다  
20170720,2,먼가 로리스러운 포스터가 맘에안듬  
20170720,10,영화도 좋지만 사운드트랙이 너무 좋아요 공개해주시면 좋겠습니다!  
20170720,9,"힐링힐링...정수기,시원한 에어컨나오는  자동차 서비스센타 고객대기실같은 영화  "
20170720,10,영화를 다 보고 배경이 왜 시골이었는지 체육 선생이 왜 새신발을 젖게 만들었고 마지막 장면에 용순이가 신발을 신고 강줄기를 따라 물속을 걸어가는지 이해가 갔고 이렇게 되새김질하는 영화가 요즘 시대에 얼마나 있을까 생각하게 되는 좋은 영화!!  
20170720,8,풋풋한 추억냄새가 나는 영화.. 조금 투박하긴하지만.  
20170720,10,이수경 연기 좋네요. 글고 너무 매력적  
20170720,2,별 10개짜리에 공감 4~5개 인거 보면 알바가 4~5명인 듯..ㅋㅋ  
20170720,1,명예훼손으로 콩밥 먹여야지 무슨 ㅋㅋ 임신공격에 현실이였으면 남자 인생 파탄났다 .. 이걸 영화로 미화시키고 있냐 대단하네  
20170720,1,사람마다 다양하게 평할 수는 있지만.이게 뭘 얘기하는지. 어디서 웃어야되고 울어야될지.도대체 뭐가 잘 만들었다는건지 도무지 모르겠다.보는 내내 돈아깝고. 도중에 나오버렸다.  
20170720,1,뭐 이런 영화가 다 있나싶다용순이 제정신이냐 임신거짓말하면서 착한선생님 앞길을 왜 막냐  
20170719,10,힘들지만 아름다웠던 청춘을 잔잔하게 표현한 영화  
20170718,10,배우들의 연기가 정말 좋았어요...  
20170718,10,정성스레 만든 맞추기 쉬운 퍼즐이해하기 쉽지만 절대 단순하지 않은 그림 한컷 한컷 정성스레 담은 영상  
20170717,6,관람객재밌네요많이웃었어요  
20170714,9,"관람객여학생의 심리와 시골청소년들의 순진함이 잘 그려직고 잘 묘사했으며, 국제결혼같은 현상황도 더해져 사실감을 더했어요. 여고시절 친구들과 어울리던 때 생각났어요.  "
20170714,10,관람객정말 잘 봤습니다. 모든게 좋았어요.  
20170711,10,관람객정말 솔직한 용순이의 모습을 볼 수 있었던 것 같아요.  
20170711,10,관람객옛날기억이새록새록- 신선한느낌을 받은 영화였습니다  
20170710,10,관람객좋았습니다!! 재밌게 봤어요  
20170710,1,뻔하디뻔한 첫사랑 클리셰범벅  
20170709,9,관람객재미있었습니다. 굿굿!  
20170709,10,올해본 영화중에 최고였어요  
20170707,1,풋풋한 사춘기 여고생이 아니라 웬 정신나간애가 나와서는..무엇보다 선생님들과 관련해서 굉장히 비윤리적이라고 볼 수 있는 상황들을 사춘기의 첫사랑이라는 것으로 포장하려는 게 역겹습니다. 이런 것도 영화로써 상영될 수 있구나 하는 깨달음을 얻었달까요?ㅎ  
20170707,10,"내용도 탄탄하고, 연기도 누구하나 빼놓지 않고 다들 잘하고, 너무 유쾌했다. 내 미숙했던 시절 생각도 나고, 신예 감독인데 기특하다  "
20170705,9,관람객서툴고 후회하고 낯설고 풋풋하고 미련하고 집착하고 화해하고...많은 감정들이 잔잔하게 흘러간다.  
20170704,8,딱현실적인 주인공의영화  
20170703,10,영상미 개쩜...! 느낌도 좋고  
20170702,10,관람객좋아요! 재미있어오~  
20170702,8,관람객주배우들 연기도 좋았고 부담없이 이야기에 몸을 맏겼다  
20170702,10,넘나 재미있는 영화 용순 OO 넘웃겨고딩쟁이 OO 최고에요  
20170701,10,관람객너무잘봤네요연기도 담백  
20170701,10,"감독의 차기작도, 배우들의 차기작도 모두 궁금해졌다.  "
20170701,8,관람객아이구~~~ 푸릇푸릇해라 영상 이쁘고 등장인물들 다 사랑스럽고 보고나면 기분 좋아지는 영화  
20170701,10,"즐겁게 감상한 영화, 더 많은 영화관에 상영돼서 많은 사람들이 볼 수 있으면 좋겠다  "
20170630,9,"관람객진짜진짜 좋았어요용순이라는 캐릭터가 우선 너무 좋았고, 스토리도 마음에 들었습니다ㅎㅎ  "
20170629,9,관람객예쁘지도 아름답지도 않은 처절한 첫사랑.  그래도 용순은 있는데로 용을 썼다!!!  그 패기에 박수를!!!  
20170629,10,관람객무모하지만 동질감이 느껴지는 용순이는 사랑스러웠다.  
20170628,10,관람객저의 어린시절을 보는덧같았어요 추억회상 그리고 그속에 담긴 많은 의미들 좋은시간이였습니다  
20170628,10,관람객재밌었어요 짱짱! ㅠㅠ  
20170628,10,이런 따뜻한 영화 많이 만들어지길  
20170628,6,관람객용순 혼자만 성장하는 이야기. 영어선생은 무슨 죄야. 미성년자는 무슨 짓을 해도 다 이해해줘야하는건가.  
20170627,10,그 시절이 부러워지는 영화.  
20170627,7,관람객아빠와의 말다툼도 용순의 좀 격하게 보일수 있는 행동들도 다  옛 기억이 나서 좋았다  
20170627,8,관람객기대 안하고 봐서 그런지 괜찮앗음ㅎ  
20170626,10,너무너무재미있게 봤습니다보는내내 푹빠져들었네요♡용순이의 첫사랑은 끝났지만 더많은것들을 얻은 뜨거운 여름이였네요  
20170626,6,관람객성장물의 클리셰... 감정선은 좋네  
20170626,8,관람객영화속 용순은 왜 그렇게 예민했을까요 하지만 어쩌면 그건 이미 지나쳐온 제 모습과 다르지 않을 겁니다. 때론 공감하고 그녀를 다 이해할 수는 없었지만 꽤 몰입해서 봤습니다. 좋은 영화였습니다.  
20170626,10,관람객재밌네요. 마냥 순수하고 맑기만한 청소년드라마 느낌이 아니라서 좋았습니다 현실적이었어요 ㅋㅋ  
20170626,1,체육 전형적인 한남충. 미성년자 건들고싶나? 한남충들아 혼전순결좀지켜 더러운새5끼들아  
20170625,8,관람객용순이에게 뭔가 위로받은 느낌  
20170625,10,관람객소소한 재미있던 영화였어요! 여리여리한 여주의 느낌이 아니라 더욱 좋았네요. 마지막 아빠장면 빼고는 너무 즐겁고 잼났어요!  
20170625,8,관람객한 여름 이열치열로 흐믓하게 볼 수 있는 영화.  
20170625,5,관람객여선생vs여제자 그 이상 그 이하고 아닌...  
20170625,9,관람객이리저리 부딪치고 부딪히지만 용순이는 진실된 아이인 것 같아요. 찬란한 여름이 아름다웠습니다.  
20170625,9,관람객너무 좋았어요 좋은친구들과 함께인 그 해 여름. 조금 더 성숙해진 용순이  
20170624,10,"관람객치열했던 그날의 이야기인물, 스토리, 분위기 모두 좋었습니다용순이한테 몰입했더니 머리가 아플지경 ㅎㅎ  "
20170623,1,"용순이의 마음과 성장은 어디에도없다. 심지어 용순이의 방황을 지켜봐주는 어른도 없다. 그저 남선생에게 임테기를 들이대는, 보호없이 방황하는 여고생을 대상화하고 탐닉하는 익숙하디 익숙한 시선만 있을 뿐. 용순은 처음부터 끝까지 대상화되기만한다  "
20170623,10,관람객재밌고 감동적이였으며 내 학창 시절이 생각남  
20170623,10,기대 안 하고 봤는데 뭔가 감정을 건드리는 게 있었던 참 매력적인 영화. 막판에 용순이 강가에 앉아 울 때 괜히 눈물이 나더군요.  체육쌤이 너무 별로지만 용순이랑  친구들 연기가 너무 좋아서 추천합니다. 여름 냄새 가득한 영화.  
20170623,8,관람객나의 여름도 여전히 용용 순할순  
20170623,5,관람객자갈에 그림을 그리는 용순의 마음이 귀엽다  
20170622,7,관람객예쁘게 봐주기만은 힘든 주인공. 이 또한 커가는 과정일까?  
20170622,6,관람객가슴먹먹하다옛생각이니네요  
20170622,7,관람객라내나아러러랜냐너아아  
20170622,10,재밌었어요!! 연기도 잘하궁 친구들도 재밌고 귀엽고 ㅋㅋㅋ 싸우는장면 긴장하면서 봤습니다  
20170621,10,관람객영화 보는 내내 행복했다.  
20170621,10,관람객정말 열정적인 청춘의 모습  
20170621,8,관람객시간이 너무 빨리갔어 ㅠㅠ  
20170621,7,사랑과 전쟁_ 고딩판 (용순 아부지 힘내요!!)  
20170621,8,영화의 3분의1이 남은지점부터 감정의 폭풍이 휘몰아친다!꼭꼭 감춰뒀던 그 무엇인가들이 평생잊지 못할 용순을 기억하게 만드는 영화! 출연한 모든배우들에게 인생영화로 만드는 감독의 연출력! 특히 최여진의 재발견. 올해 모든영화제의 여우조연상을 노릴것이다  
20170620,8,10대...사춘기시절의 감성이 느껴졌다.지금 생각해보면 아무것도 아니였던 일에 무모하게 도전적이였던ㅋ친구의일이 곧 나의 일이였던 그시절의 뜨거웠던 감성 그립다  
20170620,9,치열하고 뜨거웠던 용순이의 성장통. 그래 우리 모두에게도 그런 시절이 있었지..♡  
20170620,7,관람객고등학교 시절이 생각났다.  
20170619,8,관람객한국영화로는 보기 드문 대담한 화법의 성장영화. 고다르의 400번의 구타 정도만큼 하드코어하지 않지만 그래도 충분히 쎄고 현실적이고 훈훈했다  
20170619,10,"부담없이 고구마를 먹으며, 완벽하지 않은 사이다를 마셨지만 그래도 흐뭇하게 볼 수 있었던 지극히 현실적인 영화  "
20170618,5,영화 색채나 분위기는 정말 잔잔하고 좋았음. 그런데 세월호 친구들을 생각하면서 만들었다고 하는데 감독의 마음은 좋으나 영화와는 어울리지 않아서 아쉬웠음. 뭔가 뭉뜬 느낌이랄까.... 마지막으로 김동명 배우는 정말 잘 됐으면 좋겠습니다. 응원합니다  
20170618,9,관람객영상미가 너무이뻐여 특히 마지막에 여주 달릴때 뒤에서찍는거보고 울컥함ㅠ  
20170618,10,관람객유난히 더웠던 여름이 생각나게 하는 영화  
20170617,10,관람객독립영화라 기대않고 봤는데요.웬만한유명배우출연영화에 OOO않는 재미와몰입감을 주네요.배우는역쉬 연기로평가받는다는걸 리얼하게 알려주는 영화인듯요.  
20170617,7,관람객섬세한 붓터치로 그려지는 옅은수채화같은 영화!그 어떤것도확실한 선이없지만 그래서 트집잡을것도 큰 충격도없었다.  
20170617,10,옛 생각도 나고....좋네요 영화^^  
20170617,1,관람객평범하고 지루하다 스토리가 단순하다  
20170617,7,그냥 가볍게 볼수 있다고 말할수있는  
20170616,10,기분 좋고  훈훈. 배우님들이 캐릭터에 너무 잘 어울렸어요. 용순이는 실제로 있을 것 같아요. 노란 리본이랑 0.416도 좋았어요. 아주 따뜻한 영화였습니다.  
20170616,10,전 여자친구랑 너무 똑같이 생겼다. 키 머리스타일 말투..  
20170616,9,가장 이쁜 여름 영화. 와....용순이 너무 예뻐요. 너무 좋아  
20170616,3,관람객이수경 배우의 연기가 너무 좋았습니당  
20170615,7,"모든게 다 날 버려두는 것만 같은 때, 미련 아닌 미련  "
20170615,7,관람객여러가지 인간의 감정을 볼 수 있어요  
20170615,8,관람객첫사랑 귀엽고 무모하다 재밌다  
20170615,9,치열하고 끝까지 밀어부쳤던 용순이의 여름...부서지는 햇살이 덥다는 느낌이었지만 영화 종반에는 가슴밑에서부터 시원해졌어요 강추  
20170615,10,웃기도 한숨 나오기도 눈물 나다가 다시 미소 짓는  
20170614,8,용순이는 바쁘고 나쁘지만 참 예뻤다.  
20170614,7,관람객이수경  배우의 발견!!  
20170614,10,"시간 가는지 모르고 봤습니다. 영상미도 예쁘고, 특히나 인물간의 섬세한 심리묘사를 너무나 잘 표현 한 것 같아요. 여름하면 생각날 것 같은 영화에요.  "
20170614,9,"관람객용순이의 반응이 담담해서, 영화와 현실은 조금 다르구나란 생각이 들었습니다. 영화에서는  일이 나름대로 잘 풀린것 같지만, 현실에서는 그렇지 않을 수 있으니 조심해야 할듯  "
20170614,1,이딴 것도 영화냐? 욕 나올 지경이다.  
20170613,9,근데 이거 장편으로 바뀌면서 주연이 바뀌었네요...최배영도 괜찮았는데...그대로 쓰지  
20170613,1,"막장임...-,-내시간과티켓값이아까움  "
20170613,6,처음이라 서툴고 힘들었다 여름을 보내주는게  
20170613,8,재밌었어요.가끔 친구역이 사투리 쓸땐 대사가 뭔지하나도 모르겠어요.체육 훈남이네요.ㅋ  
20170613,10,여름에 어울리는 영화네요 용순이 과격해질땐 마음이 넘나 아픈것 ㅠㅜ  
20170613,8,관람객희한하게 특별한건 없는것같은데 먹먹하고 생각난다  
20170613,8,관람객가벼운 여고생의 첫사랑을 기대했는데....용순의 앙큼한 거짓말로 인해 살짝 마음이 어렵긴 했네요... 그래도 삶을 치열하게 살아가는 열여덟의 소녀에게 응원해주고 싶었네요  
20170613,6,너무 전라도 사투리에 치중. 연기력과 시나리오 좀 부족. 경치는 좋습니다.  
20170613,10,내 고딩때 용순이랑 너무 닮아서 그래서 더 몰입하며봤다..ㅠ정말 좋아하게되면 밑바닥까지 보이는것..ㅠ때론 최악의 상황이 한줄기 빛으로 보여 이걸 껀딱지로 내 곁에 두려 했던것.. 그리고 그게 아니였을때 안심보단 어쩐지 절망 하지만 내 가장 순수햇던시절  
20170612,10,이수경 너무예뻐서 또 보려구요  
20170612,6,평이 엄청 좋길래 기대 잔뜩하고 보러갔는데...그 정도는 아니었고...그냥 그럼..조금 낚인 기분 ㅋ  
20170612,10,오랜만에 맘 편안하게 영화 봤네요. 따뜻하게 풀어낸 영화라 좋았습니다. 등장인물 모두 행복했음 좋겠네요  
20170612,1,"전체적으로 산만하고, 감정과잉에 욕심을 많이 부렸다.이와이슈운지 감독이 휼륭하다는걸 세삼 느낀다.여학생의 성장담을 다룬 영화이지만 주인공의 시점이 아닌 남성의 시각에서 카메라는 움직인다. 특히 용순의 비밀이 들어나는 화장실 씬은 정말 경악스러웠다.  "
20170612,6,관람객'우리들' 부터 '용순'까지 아토의 행보가 계속 궁금하다.  
20170612,8,진짜 재밌게 봤어요 ㅋㅋ 자극적이지 않지만 자연스럽고 편안하게 볼 수 있어요 그리구 연기력들이 짱짱  
20170612,1,심각하게 별로다. 배우들의 연기와 영상이 아까움. 조용한 영화 좋아하는데 이건 너무나도 지겨운 연출에 인물 설정도 그지같고 시간도 아깝고 이 영화는 아니라는걸 안 순간부터 몸은 베베 꼬이고 돈도 아깝고 에이  
20170612,10,주연과조연이정말잘어울렸던영화...영상미도넘좋았다.잔잔한스토리에몰입도가엄청났다...마지막대사중'처음으로끝까지매달려봤다'이대사에서약간울컥했음...큰스크린으로다시한번보고싶으다...!^^  
20170612,9,"너무 귀여웠지만, 선생님과 연결되는 부분은 미묘하게 불편했다. 그리고 상영관에 나 혼자였는데, 너무 좋았다. 딱 여름날씨 같은 그런 영화.  "
20170612,10,완전 잼난다 소소한 사운드 푸른 배경 흠잡을게 없는 배우들  
20170612,10,뜨거운 여름을 산뜻하게 그리는 영화  
20170612,6,시골띠기 용순이가 그나마 쒀레기는 모면했다  
20170612,1,평점 좋아서 봤는데 엄청 지루하고 재미도없어서 결말도 별로 궁금하지 않아서 보다 나왔음  
20170612,9,"첫사랑이라는 처음 겪는 감정에 어찌할 줄 모르는 용순, 첫사랑을 떠올리면 아프고 아쉬움이 남는 우리 모두의 이야기  "
20170611,4,"영상이 정말 아련한 한 여름, 여름냄새가 나는 것 같음다들 연기도 좋았는데 내용이 너무... 재미없.독립영화 참 좋아하는데 이건 그냥 그랬음  "
20170611,5,그냥처음부터끝까지 잔잔한영화...  
20170611,10,오랫만에 힐링되는 느낌  
20170611,1,평점믿고 조카랑 갔다가 이건 무슨..예쁜 사춘기는 아니라는 걸 감안하고 보더라도..철없는 사춘기의 서투름이 아니라 집착과 안하무인의 무개념 여고생 스토리에 굳이 고등학생의 임신과 임신테스트기 소동으로 이야기를 끌고가는 수준...영화너무이상함.  
20170611,10,"용순의 솔직하고 당돌한케릭터도 매력적이였고 이수경의 솔직한 감정표현연기가 끝까지 영화몰입하게 했다.용순유년시절 상처와 엄마의 빈자리를 여고생의첫사랑을 통해 이야기를 풀어나가는데 잔잔한 감동,유쾌,솔직,재밌는영화다  "
20170611,10,정말  재밌어요그냥  학창시절  생각나더군요부담  없이  볼수  있고  영화가  흥했으면  합니다영화  많이  보는  편인데  강추합니다  상영관이  적어서  아쉽더군요  
20170611,10,좋은 영화. 마음이 따뜻해진다.  
20170611,10,관람객따뜻한 감독님과 배우님들의 마음이 차곡차곡 쌓인 영화.  
20170611,10,관람객마음이 따뜻해지는 영화..사춘기 시절 누구나 겪는 감정들을 용순이 섬세하게 잘 표현해준다..역시 믿고보는 배우 이수경ㅎ 너무 매력적이야!  
20170611,8,관람객첫사랑의 순수함과 용순  
20170611,10,신 것 같은데 상큼하고 또 따뜻해요. 다이어리에 적어두고 남에게 말하지 못한 에피소드 하나를 몰래 본 기분입니다 ㅎㅎ 끝에 용순이가 웃는 모습을 보고싶었는데... 마음으로나마 그려보아요^^  
20170611,10,너무너무 잘 봤어요 1초도 아쉬움이 없었어요  
20170610,5,관람객상처로인해 생긴 잘못된 집착에 대한 이야기인듯 함. 하지만 주인공의 극단적인 모습은 아무리 공감하려 해봐도 괴리감이 컸고 이부분을 살리려다보니 이야기가 억지스러워지고 오히려 주인공을 포악하고 자신만아는 이기적인 인물로 보이게 만든 점은  매우 아쉬움.  
20170610,8,용순이 어른들을 믿지 못하는 상황이 너무 안쓰러웠 어요..   ㅠㅠ평점10점을 주고 싶었지만 선생님의 머리채 잡고 싸우는건 좀 보기 불편 했어요.. 복수 치정 액션이 난무하는 영화계에서 마음 따뜻해 지는 영화~~!!  
20170610,4,치기어린 성장담 보다 막장 청춘 단막극에 더 가깝다.  
20170610,1,별로입니다 너무 지루함  
20170610,10,"유난히 더웠던여름,끝까지 매달려본 그해여름이끝나고 분명성장했을것이다. 조연으로다양한캐릭터를보여줬던 이수경님이 주인공을맡아 너무좋다.충청도사투리과 날카로운 눈빛연기가인상적이었고 조연들때문에 이영화가 더욱빛이난거같다.용문빡같은 친구사귀고싶다  "
20170610,8,관람객십대의 첫사랑은 이렇듯 투박하고 순수하다. 그만큼 대책없다.  
20170610,8,"관람객용순은 유난히도 더웠던 그해 여름, 끝까지 매달려본 그해 여름으로 인해 분명 성장했을 것이며, 훗날 그때가 많이 그리울 것입니다. 그리고 이수경, 김동영, 장햇살은 앞으로가 더욱 기대됩니다.  "
20170610,9,여름 특유의 분위기에 걸맞았던 영화. 보는 내내 용순에게 공감할 수 있었다.  
20170610,8,"멋모를 적 순박한 짝사랑으로 포장하기에 선생님들 너무 불쌍한거 아닌가? 가족은 그렇다치더라도 선생이라 참아야 한다고 할 것인지.. 그런 불편함만 제외하면 영화 자체의 재미, 감동에는 잘 보고 갑니다.  "
20170610,10,재미있게 잘봤습니다!앞으로도 기대기 됩니다  
20170609,10,"바쁜 일상 속에서 잠들어 있던,그 시절 나만의 ""열정"",""순수성""을 되돌아볼 수 있는 신선한 충격을 주는 영화였습니다.  영화속 마지막 용순의 모습은 뇌리에 강하게 남았고, 오늘 밤은 장미꽃 한 송이를 들고 그녀에게 고백할까 합니다.  "
20170609,7,"이제는 믿고보는 제작사[우리들, 용순] , 용순이의 감정변화에 따라가고 있노라면 계속 미소가 머금고 보게 된다. 참 좋은 영화!  "
20170609,9,어린시절 새록새록 생각나게하는 영화입니다~^^  
20170609,6,"사춘기 시절, 나의 강물 속엔 얼마나 많은 돌멩이들이 있었을까  "
20170609,10,우리의 용순은 뜨거웠고 그날의 우리는 찬란했다.  
20170609,10,편하게 보기에 좋네요~  
20170609,8,뻔한 내용같은데 깨알같은 재미와 은근 감동이 있네. 내 생각에 미이라보다 재밌음.  
20170609,10,보는 내내 미소가 지어지는 기분좋은 영화. 친구랑다시한번 보고싶네요  
20170609,10,기대 안하고 봤는데 생각보다 재밌네요 뭐볼까 고민하시는분께 추천해요~  
20170609,8,평식이형이 왠일로 점수를 잘줬지?  
20170609,10,용순 기대이상의 영화입니다.  
20170609,10,용순의 사랑... 옛 추억이 떠올라 사춘기로 돌아간 느낌을 받은 좋은 작품입니다  
20170609,10,여배우의 눈빛 연기가 인상적이네요  
20170609,10,꿀잼  입니다정말류우우우  
20170609,10,한번보고 두번보세요~~!!오랜만에 가슴먹먹해지는 영화!!!  
20170609,10,오래간만에 무언간 보았다라는 생각이 드는 영화  
20170609,10,굿굿 넘 좋은영화에요 인생작입니디  
20170609,10,너무 재밌어요 ~~~꼭 보세요 !!  
20170609,10,정말 좋네요. 나만 알고싶은 보물같은 영화입니다. 강추에요!!  
20170609,9,"용순과 아빠, 엄마, 친구들, 선생님과의 관계에서 나의 고등학교시절이 떠올랐고 뭉클했다  "
20170609,10,"사춘기의 성장통을 잘 표현한듯한 영화. 생각보다 발칙하다!!배우님들의 캐릭터가 잘살아있고, 감독님의 섬세한 연출이 묻어나온다. 별기대없이 보았지만, 감독님과 배우님들의 차기작들이 궁금해져서 나왔다. ㅋ  "
20170609,5,그냥....그저그럼 지루하고 별 내용도없고끝마무리도별로....  
20170609,10,영화 용순. 2017년 상반기 최고의 영화. 대사 하나하나가 주옥같았고 배경 하나하나가 그림처럼 휴식을 주었다. 매 년 여름이 되면 반드시 생각이 날 영화. 휴먼성장물은 이렇게 만들어야 한다고 표본으로 보여주고 싶을만큼 완성도가 뛰어난 영화이다.  
20170608,1,평점 꼬라지 보니까 알바 티 너무 나서 안 보려고요ㅡㅡ내일 영화보려는데 시간대가 맞길래 이 영화 사람들 평 어떤가해서 둘러보려 왔는데 너무 대놓고 알바들이라 거부감 드네ㅋㅋㅋㅋ그 와중에 악플러 지적까지 오진다...; 평점조작러 빼고 이 상황 다 보임  
20170608,1,영화평점 정말 안남기는데 그냥 보지마세요.  
20170608,8,젊음을 이야기 하는 것이 아니라 상처를 이야기 하는...그러나 심파적이지 않으면서 공감할수 있는 따뜻한 영화 였습니다.  
20170608,10,재밌게 잘봤습니다 이수경배우너무예쁘세요  
20170608,10,"모든게 서툴고 어설펐지만, 그래도 누구보다 뜨겁고 순수했던 18살의 그시절로 돌아갈 수 있었다.  "
20170608,10,은은하게 마음을  울려주는 영화주인공 연기 너무 좋아요  
20170608,9,기분이 좋아지는 영화네요... 이수경 연기력도 좋고... 배경도  아름답고^^  
20170608,1,ㄹㅇ 개봉 되자마자 10점인거랑 이 영화에만 10점 준 아이디가 너무많다 ㅋㅋㅋ 알바티난다  
20170608,10,예쁜 영화였어요..!!!  
20170608,9,"문득 문득 그려지는 청춘의 기억, 그 시절 좋은 기억들이 여름밤처럼 아름답다. 앞으로가 기대되는 젊은 배우들도 좋았고 특히 문희역의 장햇살 발견!!  "
20170608,10,참 재미있고 따뜻한 영화. 사랑하는 사람과 꼬옥 손잡고 보세요. 마지막에 이수경님이 말하는 독백이 가슴에 와 닿네요.~^^  
20170608,9,싱그러운 여름날같은 영화네요. 용순도 문희도 빡큐도 여름같은 10대의 모습이였어요~  
20170608,5,"저 아래 댓글님, 이런 독립영화에 개봉 전 별점이 만점 가까운 건 솔직히 많은 지인이나 관계자들 때문 아닌가요. 불공정 기득권 욕할 거 없어요. 같은 모양 같은 행태. 독립영화 발전하길 바라지만 이런 모양새는 아닌 거 같아요.  "
20170608,10,개봉 하기 전에 시사회도 하고 유료 시사도 있었는데 영화는 보지도 않고 1점 주면서 한국영화산업 정신차리라는 악담러가 있네요  
20170608,1,개봉일이 6월8일인데 필름도 안마른 6월8일 새벽 1시도 되기전에 쓴 평들이 왜이리 많니?? 평점 알바를 왜케 티나게하니?? 정신좀차려라 한국 영화산업  
20170608,10,지금 날씨의 가장 어울리는 영화.특별해보이지 않지만 그래서 더 특별한 영화  
20170608,10,"날것 그대로 포장되지 않은 용순의 감정을 따라가다 보면, 그녀의 성장을 느낄 수 있었어요. 이수경,김동영,장햇살 배우의 합이 좋았어요!!  "
20170608,10,용순 여름에 잘 어울리는 영화인듯ㅋㅋㅋㅋ  
20170608,10,많은것을 담고 있는 영화  
20170608,10,뜨거웠던 여름이 기억나는 그런 영화였어요. :)한 번씩 꼭 보시고 소소하게 웃는 시간 가져보세요.  
20170608,10,아빠미소를 감출수없었던 영화였어요. 104분동안 감정이입되서 너무 잼있게 봤어요!ㅋㅋ  
20170608,10,완전 대박 강추입니다!!  
20170608,10,용순 재미있어요오  굿굿굿  
20170608,10,10대의 순수함과 극단적인 모습이 넘치지도 모자라지도 않게 잘 담겨 있는 작품. 배우들의 연기가 인상적이다.  
20170608,10,정말 재미 잇게 봣스엉ㅂ여  
20170608,10,이런 영화는 감성을 건드린다. 철없고 답답하지만 순수했던 지난 시절을 돌아보게 되는 영화였다. 주연 이수경의 연기가 눈을 뗄 수 없게 만들었고 매력적인 조연들의 역할도 돋보였다. 보면서 생각할 수 있는 영화를 찾는다면 강추  
20170608,10,10대 소녀의 풋사랑과 사춘기를 아름다운 풍경 속에 덤덤하게 잘 녹여 낸 영화네요.  주인공 역할 하신 배우분도 연기가 정말 좋아요!!  
20170608,10,별생각없이 봣는데 재밋네요~풋풋한 첫사랑이 떠올라요~ㅋㅋ이수경이란 배우가 연기를 너무 잘하네요  
20170608,10,끝까지 집중해서 보게되는 영화!잘봤습니다^^  
20170608,10,풋풋했던 그 시절이 생각나 미소짓게 됩니다!! 배우님들 연기 너무 좋아용!!  
20170608,10,"초여름의 푸르름과 따스함을 간직한 영화!!아름다운 영상과 잔잔함은 영화에 빠져들기에 충분했고,삼총사의 케미에서 터지는 웃음은 미소를 짓게 만들었다.용순!! 대박나길 기원합니다!!  "
20170608,9,전체적인 느낌 분위가 좋았어요배우분들도 신선했구용~  잘봤습니다^^  
20170608,10,  우리네 이야기인 용순. 너무 신선하고 재미있게 영화봣어요!!   시사회도 보러갓었는데 개봉 후 또 볼거에요!   배우님들 연기도 너무 잘하구... ^^!  좋은영화 감사합니다!!  
20170608,10,옛날기억이새록새록- 신선한느낌을 받은 영화였습니다  
20170608,10,"고등학교시절 일기장을 펼친 듯한 영화. 투박해보이지만 그 무엇보다 섬세하고 솔직하다. 하늘과 나즈막한 산과 강물, 그리고 영화<용순>.  "
20170608,9,재밌게봣어용~!  꼭 보고오세요!! ㅎㅎ  
20170608,10,"나의 어린시절도 생각나면서 재미있게 봤네요.마음이 훈훈하면서 따뜻해 지는 영화, 오랫만에 참 순수한 영화를 봐서 보는 내내 행복했네요.앞으로 이수경 배우가  은근 기대됩니다.  "
20170608,10,와.. 이런 분위기의 영화 좋아하는데 완전 취향저격이에요ㅠㅠ 영화 색감도 이쁘고 진짜 두번보세요 세번보세요 ㅠ 용순아~~~~ !!!!  
20170608,10,시사회가서 보고왔는데 어린시절 생각도 나고 너무 흐뭇해지는 영화네요 ~~^^ 웃는게 예쁜 이수경배우의 활동이 기대됩니다!  
20170608,10,사춘기 시절을 겪은 여고생이었다면 누구나 공감할 그 시절 그 복잡하고도 험난한 여고생의 드라마같은 사랑과 가족을 그린 영화. 획일화 된 요즘 한국영화판에 규모는 작지만 소재부터 배우까지 그 어떤 영화보다도 신선하고 인상적이어서 크게 느껴지는  영화:)  
20170608,10,가슴 뜨겁게 달렸던 그때 그 시절.. 우리는 그렇게 세상을 배워 나간다.  
20170608,10,평점 처음 남겨봅니다.영화 너무 재미있게 잘 봤네요좋은 영화 만들어주셔서 감사합니다.  
20170608,10,잠시나마 어린시절로 돌아가게 해주는 그런 마음 따뜻한 영화.!!! 용순이는 누구보다 이쁘고 연기력은 말할 것도 없이 짱짱 너무 재미있게 잘 봤습니다!!!  
20170608,10,마음이 따뜻해지는 영화... 소장하고 싶은 영화 용순 캐릭터 연기하신 배우분 정말 매력적이네요. 승승장구 하길 !!!  
20170608,10,"여름, 첫사랑, 어설퍼서 더 슬프지만 아름답다!지나간 사랑에 대해 생각해 볼수 있었던 영화.  "
20170608,10,꿀잼 꿀잼 핵꿀잼♡♡♡  
20170608,10,내가 일반적으로 생각하는 청소년영화 주인공의 이쁘게 포장된 모습이 아닌 주인공 용순의 못된모습 이쁜모습 등 여러감정들을 솔직하게 볼수있어 재밌게본 영화! 간만에 편안하게 볼수있는 영화였다  
20170608,10,절대후회안함..보고기분좋아지는 영화~은은하면서 향기있는영화  
20170608,10,"올 여름, 꼭 봐야하는 영화. 아이들은 찬란하고, 풍경은 아름답다.  "
