0,1,2
20190115,10,한국영화의  투박하고 날것같은  느낌이 좋았다.  
20190106,9,음악감독에게 절반의 점수인 4.5점을 주고 싶다. 나머지는 배우들에게!  
20190101,5,뭘 말하고 싶은건지 답답함.  
20181230,6,제페니즈 키즈들의 철지난 유행 흉내내기  
20181204,10,내가 뭘 봤고 지금 이 기분도 내가 뭘 느끼는지 묘하다 느낀게 뭔지 본 게 뭔지 묘하지만 그 기분조차 좋습니다 !!  
20181202,7,ost가 자꾸 생각난다ㅏ  
20181126,1,쫌 보다가 포기~~~~  
20181121,8,가출 청소년의 삶의 일부분을 보여준 거라면 정말 암담한 사회적 문제다. 혼자인게 두려워서 감정이 마비된 소녀와 꿈같은 마음속 영웅 제인.  
20181022,8,다큐인지...실화인지...암튼 연기들은 쥑이네~~  
20181016,10,"책은 데미안, 영화는 꿈의 제인. 해석은 당신이.  "
20181015,10,생각을 많이 해보게 되는 영화네요  
20181007,10,"자,우리 죽지 말고 불행하게 오래오래 살아요  "
20181002,10,구교환 배우를 알게 해준 영화  
20180927,6,잠시 뉴월드를 들여다볼수 있었다  
20180921,6,9월 17일 퇴근후 원룸에서 캔맥과 보다  
20180919,10,영화 본 후 이틀 연속 잠을 잘 수가 없다.  
20180918,8,혼자가 되고 싶지 않아서 끊임없이 발버둥쳐도 결국은 혼자가 되버리는 청춘들은 지금도 간절하게 제인을 원하고 있다  
20180918,4,주인공이 무슨사연으로 가출했는지 짧게라도 보여주면 좋았을것같다.진정으로 불행한건지 나약한 투정을 부리는건지 모르겠으니 인물들이 답답하게 느껴진다.예를들면 돌아갈 집이 있는데 가출한 쫑구보다 아이스크림을 항상 사두는 부모에게 차라리 더 마음이 가는것처럼  
20180918,6,1사람이 이기적으로 행복해지기 위해 3사람을 불행에 빠뜨리다 자신도 불행해지는 영화? 결말은 스릴러 공포인 줄.... 일본과 요새 우리나라 사람들만 공감하지 서양에서 절대 이해못할 영화  
20180918,5,지수가 너무 불쌍하다.아무한테도 구해지지못하고 죽은...  
20180918,10,놀랍고도 가슴저린 어디서도 느껴본적없는 야릇한 공감씬들  
20180918,10,큰 울림이 있는 영화 하나 봤네요우리 죽지말고 불행하게 오래오래 살자구요  
20180918,6,평범하고 우울한 소설보는 기분  
20180916,10,"관람객모르고 보면 일반 상업영화로 착각할 것 같은 퀄리티. 제인이 있을 때와 없을 때 대조되는 조명과 촬영, 몽환적인 음악이 특히 좋았음.  "
20180910,8,캐릭터를 흥미롭게 그려냈지만 이야기가 더 흥미진진하게 흘러가지 못한게  아쉽다  
20180906,10,나의제인은 어디에..  
20180815,9,"꿈 속에서 허우적거리지만 말아라, 현실에서도 살아갈 용기는 남겨야지  "
20180809,10,연출 대박이네요 .. 두번이상은 꼭 봐야할 영화  
20180809,10,연출 대박이네요 .. 두번이상은 꼭 봐야할 영화  
20180710,8,지수가 너무 안타깝고 .. 지수가 남성이었으면 그런 일이 없었을텐데 너무 현실적이라 화가 나는 그런.  
20180625,9,수작이다.... 그 말 밖에는  
20180613,10," 제인의 노래는 소현을 변화시킬 수 있었다. 그것은 그녀가 불행함과 고독을 이해하며, 개인적 차원을 넘어선 인류애적 사랑을 할수 있는 사람이었기 때문아닐까. 그렇기 때문에 제인은 노래했을 것이다. 나는 제인의 노래에서, 예술의 근원적 순수함을 보았다.  "
20180608,8,"사람마다 해석이 다르겠지만 부모님 사랑을 오롯이 받지 못해 항상 마음 한구석이 허전하고 외로운 분들은 꼭 보세요. 마음 가장 아픈 곳을 긁어대는 느낌이에요. 지수도, 다른 친구들도 안 되었지만 소현이가 얼마나 미치도록 외로웠는지 생각하면 눈물이 나요.  "
20180603,9,"그럼에도 불구하고, 우리는 살아간다.  불행함에도 불구하고. 버림받음에도, 사랑받지 못함에도 불구하고. 가난에도 불구하고,죽음을 목도함에도 불구하고, 사랑하는 사람이 죽음에도 불구하고- 죽지 않고, 죽이지 않고 우린 함께 살아갈 수 있다는 증거.  "
20180519,10,케잌을 안 먹어야지~인간은 시시해지면 안되는 거야~멋진 여자 제인!!  
20180515,9,영화 처음부터 끝까지 제인만 보고싶더라 제인이 나와줬으면 제인이 아무말이나 해줬으면 ...  
20180505,10,우리나라에서도 이런영화가 나올수있다니....  
20180429,8,감독이 망친 영화ㅜㅜ 영화는 아름다웠으나 감독은 끝내 영화의 아름다움에 미치지 못했다 참 실망스럽다  
20180428,1,술 자리에서 가슴 주물럭 시키신분???  
20180427,2,성추행 감독...영화는 결국 그런 감독 손에 빚어진 것  
20180419,9,흐름의 순서를 이해하기 어려우나 묘함의 재미가 굉장한 느낌  
20180416,8,아름답게 끔찍한건지 끔찍하게 아름다운건지  
20180410,8,"감히 나는 이해할 수 없고, 위로만 받았다..  "
20180409,10,처음엔 분위기가 좋아서 봤고 중간엔 뭐지하면서 봤다가 마지막엔 이런 영화가 한국에서 만들어질수있다는 것에 경악했다....  
20180327,1,이게 잼있다고 지루하고 하드코어 영화인척 하는 어설픈 영화 진짜잼없다  
20180326,8,"현실이든 환상이든 ,  제인과 함께한 장면 하나하나 다 좋았다  "
20180321,10, 이거 훌륭한 영화에요 정말로  
20180317,10,태어날때부터 삶을 살아가면서 불행이 줄줄이 나를 기다린다. 그 불행을 버티게해주는 아주 모래같은 행복과 함께. 어찌됐든 모두 죽지말고 불행한 얼굴로 계속 만나자. 무엇보다도 죽지않고 살아가는게 가장 중요하다.  
20180313,10,관람객제인에게 파고들었던 순간들 .. 잠시나마 행복했어요구교환 배우님 존경을 표합니다  
20180312,10,"관람객영상 자체도 너무나 아름답고, 감독님의 세심함을 매번 발견하게 되는 영화. 제인언니의 목소리가 듣고싶다.  "
20180311,9,이야기의 적당한 어려움과 확실한 메세지를 수준급 배우들의 연기로 어느새 스며들게 만든다.  
20180309,8,"계속해서 불행할 내가, 불행한 너에게 건네는 위로.  "
20180306,1,영화가 너무 불친절하네요.. 뭔소리 하는지 모르겠음..  
20180227,7,관람객인물 하나하나의 캐릭터가 엄청 흥미로웠습니다. 끝나고 나서 파편과 같은 잔상이 많이 남는 영화  
20180227,6,너무나도 이기적이고 사실적인 인간의 심리  
20180225,10,"잊을 수 없는 꿈, 영원히 생각날 것 같은 여성 제인  "
20180222,10,누구나 한 번쯤은 제인을 꿈꿔보지 않을까?그것이 동경이든 바람이든 그에게서 받는 위로가 크다는 건 마찬가지.  
20180221,10,영화관에서 4번 봤다. 다운 받아서 계속 본다. 상처를 어루어만져 치유하기보다는 공감을 해준다.  관객이 주인공에 공감할수록 불편해진다.  
20180219,10,거짓을 진실로 착각해도 좋을 영화  
20180219,10,위태로운 줄타기이기에 앞으로 갈 수 밖에 없는 이유를 찾는 사람은 보라  
20180218,10,"계속 되뇌게 만드는 줄거리, 데자뷰같이 남는 영상들, 심오한 의미. 수작중의 수작이라고 생각합니다  "
20180211,10,많은 생각을 하게되는 영화  
20180207,10,CGV의 존재역사상 가장 의미있는 지원  
20180203,10,분명.우울한영화를 본 거 같은데 상처가 치유된 이상한 느낌  
20180128,10,마지막 제인의 대사들이 선물이었습니다. 너무 감사합니다.  
20180124,10,"행복은 드문드문, 아주 가끔, 요만큼... 불행하지 않으면 행복한거라고 합리화하며 오래오래 살고있어요..  "
20180124,10,이주영 연기 정말 대박. 충무로의 샛별을 넘어 진정한 스타가 되는 그날까지 응원합니다  
20180124,8,김기덕제자냐 ㅋ 개빡치게 만드는 재주가있네 ㅡ 찌질한 주인공과 악한주변인들 뭐 제정신으로 세상살기 힘들다면 한번봐봐라 ㅡ개빡치게 갑갑한 세상을 만나게된다  
20180123,10,후에 꼭 다시봐서 영화를 더 깊숙히 이해해 보고 싶다. 이번에는 이 영화에서 뭔가의 결핍된 사람들의 모습에 생각하게 해주면서 독특한 표현방식과 제인이 기억에 남는다.  
20180117,10,제인이 모두에게 존재한다면.  
20180115,8,이런 영화가 많아야 하는데  
20180114,8,우리 불행하게 오래오래 살아요...꿈만 같았던 순간들...눈물이 왜그리... 많이 나오던지...너무 슬프고...가슴도... 먹먹하다...  
20180114,10,넣어두고 계속계속 꺼내보게 되는 위로같은 영화. 불행한 얼굴로 나는 뉴월드에 서 있지만 영화를 보는 내내 잠시 행복했다.  
20180108,7,개인적으로 영화 엔딩쪽 음악 OST 가 좋아요  
20180106,10,제인에게 많은걸 배웠다  
20180104,10,우리 내년에도 내후년에도 죽지말고 또만나요.  
20180103,8,"소재가 가출청소년과 성소수자라는 출발점에서 매우 흥미롭게 시작을 했다. 주인공의 대사 중 ""불행한 선에서 가끔의 점으로 찾아오는 행복이지만, 우린 죽지않고 살아간다"" 라는게 마음에 들었다. 나의 가치관과 비슷하다. 과거와 미래가 뒤섞인 구조여서 더 굿  "
20171227,10,극장에서 3번보고 네이버에서 구매한 영화  
20171227,10,"삶은 불행임을 인정하는 것이 위로가 되고, 불행한 얼굴로 계속 살아보자는 제안이 설득력있는 묘한 영화. 행복을 주진 않지만, 용기를 주는 영화.  "
20171224,10,이야..  이미지가 참신해서 눈도 호강하고..  이야기도 확 끌어당기고..  매력 넘치는 작품일세 그려..  
20171222,8,쉿!아무말 말고 그냥 한번 보자  
20171221,10,꿈과 현실 그리고 unhappy  
20171221,10,"성인이 되면, 성인이라면 꼭 한번 봐야하는 영화. 자신이 혼자라고 느낄때 너무나도 힘이 되어주는 영화.  "
20171220,10,인간은 시시해지면 끝장이야...꿈의제인이 나에게도  
20171216,10,모른채로 살고 싶은 세상이다  
20171216,7,"힘겨운 현실, 삶에 지쳐 쓰러진 소녀의 서글픈 단꿈.  "
20171215,10,꿈의 제인 꿈의 제인 꿈의 제인.  
20171213,10,미친듯이 어딘가에 속하고 싶다... 완벽한 캐스팅... 의심할나위 없는 올해의 데뷔작...  
20171213,8,사람답게 살기 위해선 용기가 필요하다.  
20171203,3,보면서 앞뒤 전후관계가 뒤죽박죽인 내용이 도대체 이게 뭔가 싶었다..연출자가 과욕을 부리고 그에 비해 연출력이 부족하면 이런 참사가 일어난다...내 소중한 주말 두시간이 날아갔다  
20171203,1,최악이였다 실제 트렌스진더도 단역으로 출연하고 언해피 도장 왜찍냐 불행하게 계속살잰다 개악담 기분정말 더러웠다 욕설에 시체묻고 트렌스젠더에 구역질났음  
20171129,10,한 번 봐선 모른다. 볼수록 거듭 새로운 영화.  
20171128,10,영화보면서 세번울음...  
20171127,10,한국에서 이런 영화가...  
20171126,10,솔직하지 못한 인생에 제인으로 위로받는 영화  
20171119,7,"잠깐의 달콤함을 위해 불행하게, 살아가는 우리들.  "
20171117,10,관람객역대급 명작. 제인의 연기는 상상을 초월  
20171117,2,뭐지...궁금했던 영화인데 보고 나니 이게 뭐지 싶다. 너무 과한 예술을 해 놓아서 나한텐 예술로 다가오지 않았다.  
20171115,8,"치밀한 구조도 탁월하지만, 결국 영화가 말해주고 싶은 메세지에서 깊은 울림을 느낄 수 있었습니다.  "
20171112,10,관람객꿈의 제인을 보고 매일 제인이 꿈에 나와요  
20171111,7,가출 청소년에 대해 진지하게 고민하게 되는 영화  
20171110,9,무섭고 아름답다. 현실과 꿈 얘기.  
20171109,10,관람객외로움을 한 부분으로 받아들이게 된 영화  
20171108,10,어쩌다 한번 행복하면 됐죠...너무 좋은 영화 만들어 주셔서 감사합니다..  
20171107,9,"대부분 잊고 살지만 우리는 바퀴에 깔려 죽은 비둘기 시체 처럼 불편한 세상과 공존하고 있다. 영리한 연출, 보석같은 배우들의 연기 근래에 보기 힘든 정말 수작이다. 어깨에 힘을 조금만 뺏더라면 하는 아쉬움이 있기는 하다.  "
20171105,10,"정작  제인은 힘들었을 때 어디에 기댈 수 있었을까, 존재만으로 행복한 꿈의 제인.  "
20171104,10,"방금 보았다. 영화가 흐르는 동안 눈을 뗄수 없었으며, 끝나도 계속 보고 싶었다. 몇번을 봐야지만 다 이해할지 모르겠지만.. 또 보고 싶다!! 너무 늦게 이 영화를 접해서 미안할 정도다. 출연 배우들 모두 연기도 좋았으며 캐스팅도 훌륭했다.  "
20171103,8,인간은 시시해지면 끝장이야  
20171103,10,이런 영화가 많이 나왔으면 좋겠다. 정말 오랜만에 좋은 영화 한 편 만나서 행복했다.  
20171102,8,"영화가 끝나고 한없이 우울해진 와중에 제인의 목소리, 말투, 걸음걸이, 색채 그 모든게 머릿속에서 떠나질 않았다. 나도 소현과 함께 몽롱한 음악이 나오는 꿈을 꾼 듯.  "
20171028,7,관람객꿈의 제인... 매력적이엇어요  
20171027,10,"소현이 바라는 제인, 소현은 나와 닮아있었다.  "
20171022,10,"관람객연기력,배경, 대사 모든 게 마음에 들었다  "
20171021,9, 불행의 와중에 있는 작음 행복으로 살아가는 우리에게 공감해주는 영화.  
20171015,6,관람객주인공이 매력잇엇던.  
20171009,10,관람객나도 제인언니따라 뉴 월드로 가고 싶다.  
20171008,10,집중도가 굉장한 영화입니다. 소재 자체가 독특하기도 하고 대사 한마디들이 여운을 주네요.날씨가 서늘한데 보고 있으면서 날씨탓인지 마음이 허하고 더 외로워졌어요. 보고 있으면 내면의 깊은 외로움과 공허함과 마주치게 되는 영화 같아요  
20171006,10,죽지 말고 불행한 모습으로 또 봐요  
20171006,7,"좋은 영화다. (40년 가까이 허건날 혼자 있어봐서 느낀 점은, 혼자 보단 함께 하는게 좋다는 것이다. 감독님아는 영원히 불행하게 살아랏! 어쩌다가 딱! 한번만 행복하고, 당신만의 뉴월드에서)  "
20171004,7,구교환... 한동안 치마입을듯...ㅠㅠ  
20170930,10,관람객문득 문득 생각나는 영화보는 내내 아리고 두려웠다.  
20170928,8,관람객모호한 경계가 더 영화답게 만들었는데 너무 현실적인 장면들의 연속이 혼란스러웠다  
20170927,10,구교환의 연기만으로도 이미 10점. 영화를 보고 가출 청소년 문제에 대해서 생각을 하게 만들어 주었음.  많이들 보셨으면 좋겠다.  
20170927,9,관람객독립영화 수작 중의 수작  
20170926,9,관람객여러모로 참 짠하고 슬펐다. 마음이 먹먹 해져왔다.  
20170925,10,관람객잊을 수 없는 사랑을 알았습니다. 러닝타임한순간도잊을수가없고 영화가 끝난후 나눈대화도 평생 잊지못할껍니다  
20170923,10,초반 30분 뒤부터는 보는 내내 힘들고 가슴이 답답했어요. 그만큼 인물들 각각의 감정을 고스란히 느낄 수 있었고 영화를 본다는 생각을 못한 채 온전히 몰입되어 영화의 마지막에 주인공과 함께 꿈의 제인을 만나게되었습니다. 아름답고 보석같은 영화입니다.  
20170922,8,"관람객뭔가 있긴 있는것 같은데, 평점도 높던데, 지인에게 선뜻 권하게 되지는 않는 영화.  "
20170921,10,뭐지.. 이 길이길이 남을 대박영화는....ㅠㅠㅜ  
20170921,1,예술병 홍대병 중2병 걸린 사람들이 좋아할만한영화  
20170919,8,"관람객""사람이 시시해지면 끝이야""  "
20170918,10,이 영화가 슬픈 이유는 꿈의 제인이기 때문에  
20170913,7,제인의 대사가 마음 깊숙히 들어오면서 먹먹해진다.  
20170910,10,이런게 영화지  딱 이한마디 ...  
20170909,10,하아... 아침에 영화볼 생각에 기분 좋게 갔다가... 화창한 아침에 우울을 얻어왔다... 무겁다.  
20170909,10,"시나리오, 연출, 메세지 모두 맘에 드는 영화  "
20170908,6,한번 쯤은 볼만한 영화.  
20170907,7,관람객너무나 간절한 마음은 꿈을 만들고 꿈은 현실을 살기 위한 인간의 마지막 보루가 된다  
20170907,10,재밌다....구교환 짱인듯...  
20170907,7,"관람객태생적으로 불완전하지만 그런 '제인'에 대한 동경, 환상, 환각 또는 망상들이 의미하는 것이무엇인가 그런 생각들이 머릿속에 가득해졌다. 영상들이 참 따뜻하고 부드러웠던 듯.간만에 감성충만 ?? @ KT&G; 상상마당  "
20170907,10,보는내내 슬프기도 불편하기도 했지만 많은걸 생각하게해준 영화였어요. 행복하세요. 모두.  
20170904,8,괜찮은 독립영화. 이런 영화가 한국에 더 많이 나왔으면 한다.  
20170901,9,관람객꿈처럼 아득하지만 힘이 있는 영화  
20170830,6,관람객애잔하고 암울한 정서가 불편했으나 후반부로 갈수록 이야기에 몰입된다  
20170829,9,"관람객함께있고 싶지만, 방법을 모른다고 울먹이는 모습이 낯설지 않다.  "
20170829,10,관람객엔딩 하나만으로 볼 가치가 있는 영화..  
20170828,9,제인이 너무 강렬해서 제인이 사라지고난 후에 제인을 그리워하다 한동안 집중을 못했네요... 무튼 이주영배우의 발견!  
20170827,7,관람객곁에서 머문 다는 게 왜 그리도 힘들까  
20170826,1,보다가 나온 영화는 처음이다. 정말 별로였다 최악.  
20170826,1,쓰레기 같은 영화 ㅉㅉ 동성애 코드 넣으면 예술 영화로 치켜 세우는게 그짝 진영 특징이지?  
20170825,10,"관람객연출, 색감이 너무 좋았다  "
20170825,10,관람객생각이 많아지는 영화였습니다  
20170825,10,좋은 영화 감사합니다.  
20170824,1,개 짜증나는 영화 10자  
20170824,10,봐도봐도 다시 보고 싶은 영화  
20170824,10,"관람객캐릭터, 영상미, 음악까지 고루 빼어난 조화를 이루며 다양한 시선에서의 해석이 가능한 실험적 구성 역시 놀랍다. 최근 몇년간 정체된 느낌의 한국독립영화 시장에서 모처럼 빛난 수작. 조현훈 감독님을 계속 주목하게 될 것 같다.  "
20170822,6,인디 영화치곤 볼만은 한데 딱 거기까지~인디영화의 객기가 부족함..  
20170821,6,"꿈의제인, 그 부분만 또 보고싶다.  "
20170820,10,관람객여러가지로 의미있었던 영화였네요~  
20170820,10,와 진짜.. 내가 봤던 영화 중 최고다. 한번보곤 다 이해하지 못하지만 보고 또 보고 영화의 한부분한부분 모두 다 마음에 새기고 이해하고 싶다는 생각이 들게 만든다. 제인의 역할을 했던 배우 연기는 진짜... 몇백 몇천번 칭찬해도 모자라다.  
20170819,6,관람객공백이 가득한 꿈의 왈츠  
20170819,8,관람객제인이라는 캐릭터가 참 기억에 남았습니다.  
20170817,8,"관람객제인이라는 케릭터과 소현이라는 케릭터의 어울림, 제인의 펨이 너무 조화가 좋아서 환상이었다는게 좀 많이 아쉽다. 그러니깐  어디까지나 개인적취향이지만 - 포스터를 보고 기대했던 것 보다 너무 많은 사회적 아픈 현실이 반영된 것 같다.  "
20170815,6,불행이라는 것을 말해주는 것이 다름아닌 위로였음을 알게되는 순간.  
20170814,7,관람객현실에 대한 정직한 직시. 그래도 '뉴월드'를 향하는 상상이 조금만 더 있었더라면.  
20170814,10,솔직히 참 심오하고 드러운 현실적인 영화라 기분이 좋지 않았다. 지금도 어디에선가 일어날 것만 같은 일들...  
20170813,10,관람객재밌었어여ㅠㅠ 다음에 또 보고 시퍼요  
20170813,8,보고나면 몽환적인 꿈을 꾸고 난 후처럼 머리가 멍해진다.  
20170812,10,관람객다른게 10점이야? 할 정도로 인상깊은 영화였습니다이 영화를 만든데 도움을 준 모든 분들께 여기에없는 특별 점수 11점 드리고 싶습니다.  
20170811,9,관람객불가능하고 아름다운 꿈  
20170808,10,나만 당할수없다ㅋㅋㅋㅋ  
20170807,10,처음부터 끝까지 순식간에 시간이 흐른 듯 합니다. 틈이 없고 흠도 없는 영화. 오랜만에 영화같은 영화 봤네요. 감사합니다  
20170807,10,관람객우울한 만큼 깊게 남는 영화.  
20170806,8,관람객잠깐의 행복한 꿈과 기나긴 불행한 현실 속에서 사는 우리들을 위한 기묘한 위로  
20170806,10,"관람객꿈결 같은 인생, 꿈결 같은 음악 그리고 제인  "
20170806,9,관람객진정한 어른이  되려면  함께 생각나누기 위해 봐야  할 영화  
20170806,8,관람객제인과 함께라면 슬프지 않다!  
20170805,8,"혼자라서 편하지만, 혼자라서 두렵다.  "
20170805,7,관람객보러 갑시다. 봐야 합니다.  
20170804,9,시궁창 속에서 몸조차 팔지 못하는 평범한 사람을 위한 위로의 말.  
20170804,10,매우 추운 한 겨울에 따듯하고 얇은 단편소설을 읽는 느낌  
20170803,10,관람객재관람했습니다! 두 번 봐도 좋은 영화  
20170803,9,관람객영화적 완성도도 높고 배우들의 연기도 좋았습니다.제인이 참 아름답게 나와서 인상깊었습니다.  
20170803,10,관람객구교환 사랑해요 우리 죽지말고 불행하게 오래오래 살아요  
20170802,10,어디까지 꿈이고 어디까지가 현실인지아름답지만 슬픈 꿈의 제인  
20170801,10,관람객불행한 얼굴로 죽지말고 내년에도 내후년에도 만나요  
20170801,10,관람객정말정말정말 좋았어요  
20170801,9,관람객GV에 참석했습니다.재관람한 사람들이 상당하던데요? 저 역시 기회가 된다면 재관람하려고 합니다. 추천합니다.  
20170801,10,관람객우리도 마음 속에 제인 한 명씩은 있지 않은지.  
20170801,8,"제인을 연기한 구교환 배우 멋있었음 연기 진짜 잘함. 평점 대부분이 구교환 배우 얘긴듯..ㅎㅎ 아니 근데 소현이 나만 답답해? 외로움과 애정결핍을 핑계로 남한테 의지하려 하는거 밖에로는 안보임..특히 지수 흉내 소름, 남 일하는 곳까지 따라와서 민폐ㅎ  "
20170731,8,관람객상영하는 극장이 많지 않아 아쉬웠지만 영화 자체는 여운이 남는 영화  
20170731,8,관람객만나보지도 못한 제인이 그립다. 제인처럼 살 것이다.  
20170731,10,결국 마지막 떠오르는 사람은 위로가 되었던 사람들.  
20170730,10,관람객이방인라고 여겨지는 그들.. 나는 그 사람들을 이해할 수 있을까? 너무나도 인상깊게 보았습니다..  
20170729,9,50000% 정확한 평점. 8.5점 1부의 지수는 가상이다. 2부에서의 지수가 진실이다. 제인 = 지수 이걸 알아둬야 한다.  
20170729,1,최악의 영화임... 낚시하려고 평점 높인듯..ㅜㅜ  
20170729,10,"관람객아프지만 솔직해서 너무 사랑스러운 영화,  "
20170729,10,마지막 장면에 나도 모르게 눈물이...  
20170729,10,아 이런영화 너무좋아~!!  
20170729,10,관람객제인이 계속 생각나는 영화 나도 제인에게 위로받고싶다.  
20170728,7,소현같은 년이 딱 싫다. 자신만 외로운 것처럼.. 지수가  죽늙이한테 강간당해 죽어도 본체만체 어떻게 사람들하고 같이 있을지 고민된다는.. 이게 말이냐? 니 주변에 그러니까 사람이 없지~  
20170728,1,"영화를 보면 시간가는 줄 모르고 즐거움을 느껴야되는데 영화를 보면서 피곤하다, 다른거하고싶다 느낀 영화...  "
20170728,10,"영화의 전개가 과거와 현재, 꿈이 뒤죽박죽이니 불친절하다 느꼈던 것도 잠시였고 그냥 최고의 영화지만 멘탈 바스라지고 가루가 됨. 이... 진짜... 그냥 100따봉 드립니다... 그냥 모든 부분이 먹먹했고 소현이 꿈 속의 제인은 내 가슴속에 묻힘  "
20170727,10,기대하지 않고 봤는데... 뜻밖의 위로를 받게 된 영화. 내 인생에 묻어둔 제인을 떠올리고 다시금 '살아야지..' 하게 되는 영화.  
20170726,6,이런 독립영화들이 많이 개봉되면 좋지만 실상.. 대부분 이해하기 힘든  영화들이 많다; 꿈의 제인도 나는 잘 모르겠다;; 아니.. 도대체 무엇을 얘기하고 싶은건지 나는 도통 모르겠다. 단지 트렌스역 맡은 제인역 맡은 배우 연기가 좋았다는 것 뿐;  
20170726,9,관람객삶의고만 방향 삼연 잘표현한듯  
20170725,10,관람객울컥했던 장면이 어디였는지도 기억이 나지 않을 정도로 영화가 끝난 뒤 한참 먹먹히 앉아 있었다.  
20170724,1,뭐래는거야. 너무 영화가 어려웠어요...다들 너무 대단해요...  
20170724,10,관람객이 세상에 소외를 원하는 사람은 없다  
20170723,10,"와, 이런게 영화지.... 먼저는, 꿈의 제인 만들어 주셔서 너무 감사합니다.  "
20170723,10,관람객깊은 여운과 답답함이 남는 영화  
20170723,10,볼 수 있어서 감사한 영화  
20170723,7,관람객음악이 좋았으나 불편한 주제  
20170723,1,아진짜 짜증난다 그놈의 안녕하세요 이것좀 그만하면안되냐그리고 영화주제인 제인은 왜 앞에쫌 나오다 짤림?그냥 불량청소년영화가만들고싶었다고말해개노잼  
20170723,9,관람객다시 또 보고 영화인거같습니다  
20170723,9,"소수집단, 사회의 어둡고 극단적인 소재를 다루지만 깊이있는 연출력으로 풀어냈다.  "
20170722,8,관람객감동적. 사람은 홀로서 갖는 의미보다 함께로서 갖는 의미가 크다고 느꼈다  
20170722,7,감성적... 슬픔의슬픔  완성도높은 작품  
20170722,10,관람객구교환 최고~~~!~!!  
20170722,8,깊은 여운을 남기는 영화. 엄마라는 존재를 모르는 사람이 꿈꾸는 엄마와 실제의 엄마는 같다.  
20170722,8,관람객한국영화 속 숨은 진주....  
20170722,10,최고...  구교환 흥해라~!!  
20170722,10,최고에요...정말 너무...  
20170721,10,관람객자꾸 여운이 남는다제인이 그립다  
20170720,10,"올해 가장충격받았다,,,  "
20170720,10,앞에 연인 커플이 있었는데 둘이 껴안고 허리 곧곧이 세워서 상영내내 짜증나 있다가 다리 꼬은거 푸는데 발이 앞에 의자에 스치자 앞에 여자가 남자에게 귓속말로 머라하더니 남새ㅅㄲ가 자기 여자친구가 불편해한다고 의자 치지말라네.. 찐따처럼 생겨가지고..  
20170720,8,외로운 인간 군상에 보내는 헌사.  
20170720,10,"관람객좋은영화, 정말 잘 봤습니다.  "
20170720,9,관람객누군가의 제인으로 기억된다면  참 좋은 인생일테지  
20170719,10,단언코 올해최고의한국영화  끔찍한현실을 마주하게한연출 독특한전개 ost 불행하지만 행복을향한 진솔한메시지 그리고무엇보다 그들의 무시무시한연기 구교환 이민지 정말뜨겁게박수쳐주고 응원합니다 그리고 저도 제인그녀의 마지막공연을 잊을수없을것습니다  
20170719,9,관람객보는동안에도 시간이 가는게 아쉬웠던 영화..관람한지 일주일이 됐는데도 아직 여운이 많이 남네요.  
20170718,1,평점을 500명이 줘서 8.7 이지. 정말 별 재미없다. 다들 대단한 예술감각 나신듯..  
20170718,7,관람객혼자 밤에 봤는데 정말 미치도록 우울하네요  
20170718,10,"이 영화에 나온 모든 배우분들의 연기와, 나레이션과, 연출력과, 스토리에 대해 감사함을 느낍니다. 불행의 연속인 삶에서 드문드문있는 행복일지라도 그거면 됐습니다.  "
20170718,1,개쓰렉이 영화 토악질 나옴  
20170718,1,나만 이해안가는가? 다들 예술적감각이 대단한사람들만 댓글쓴듯  
20170718,6,지독한 비관을 노래하며 꿈을 꾸다  
20170717,10,빠져들엇다 너무나 현실적이다. 내 삶 바로 옆에서 숨쉬고 있는 unhappy  storry.  
20170717,1,이런걸 영화라고 평점남기는  사람들 생각종하고남기시기를 자고로 영화란 주인공 일단 예쁘너 잘생기고  몸매는 기본 언제까지  한국영화  이런씩으로 찍을겁니까 평점보고 영화받지만 이제 제발그만 합시다  지금 tv 박살 내고 잡니다  
20170717,10,우리 죽지 말고 불행하게 오래오래 살아요  
20170717,10,"관람객보세요. 꼭 보세요. 보고 나와서 무슨 말을 해야할지 모르겠지만, 보세요.  "
20170717,10,관람객어떻게 해야 사람들 곁에 있을 수 있는지 모르겠어  
20170717,9,"꿈같이 어려웠던 영화. 소현이나 제인의 대사가 나를 영화 속으로 끌어당기고, 등장인물이 영화 속에서 나를 바라보는 것만 같은 느낌이 들었다. 사람에 따라 느낀 감정이 다양할 것 같다. 좀 더 나이든 후에 또 보고싶다. 그때면 또 다르게 이해할 것 같다  "
20170717,9,한국의 다르덴 형제를 만난것 같네요. 다시 한번 보러 갈 생각입니다  
20170716,9,관람객불행에서 멀리 떨어진 채 불행을 지켜본 영화  
20170716,9,관람객소수자의 또 다른 외로움이 가슴에 와 닿았다.  
20170716,8,관람객오늘이 아니었다면 위로가 되는 영화였을텐데  
20170716,10,관람객솔직하고 따뜻하면서 강렬한 영화  
20170716,8,몽환적이고 냉소적이면서 현실적인... 한국 영화에서 보기 쉽지 않은 작품  
20170716,10,관람객꼭 보세요. 보고나서 생각에 잠겼던 영화.  
20170716,10,관람객좋았어요.. 내용은 약간 우울하긴 했지만.끝나고 관객과의 대화시간도 있어서 아주 좋은 경험이었습니다.  
20170716,7,세상살기가  힘들다~~  세상 살아가기가   너무  힘들다~~ 세상이  너무변했다   ~~ 젊은이들이 방황하는 이유  
20170716,5,진짜 트젠 섭외한 줄 알았다. 소소한 행복이라도 꿈꿀 수 있다는 게 좋은 것 아닐까  
20170716,10,관람객두번봐도 아깝지 않음 !!!!  
20170716,1,너무 어렵고 무겁게 풀었다. 의도인지 모르겠지만...  
20170716,10,관람객너무너무 재밌어요!꼭 다시 볼거에요  
20170716,10,관람객구배우님의 재발견♥?  
20170715,8,관람객알고싶지않았던불편함이고스란히  
20170715,10,관람객충격적인내용들이사실이아니길바랄수록충격적인현실이존재하고있었다  
20170715,10,관람객신기하면서 또 느끼는게 많았습니다. 색감이 너무 좋았습니다.  
20170715,8,"밑바닥 인생들의 사는법, 체념하며 살것이냐?, 폭력적으로 살것이냐?..가학적으로 살것이냐 피학적으로 살것이냐? 그래봐야 약자들끼리 지 살려고 발버둥치는 현실이 안타깝다.  "
20170715,9,관람객아프고 따뜻하고 잔인하게 아름다운 영화. 정말 좋은데 좋(같)다고 할 수 있는 영화! 내 인생에도 짧지만 굵은 인상을 남길 제인이 있을까. 명대사 제조기 제인 구교환& 이민지의 빛나는 연기  
20170715,5,영화라는 걸 잘 아는 그들만을 위한 잔치. 나는 끼지 못해 멀리서 바라볼 수밖에 없다. 친절하게 얘기를 하냐 안하냐는 감독의 자유라 뭐라 못하겠는데 다음엔 나도 잔치상에서 소통하며 놀고 싶다. 기대를 너무 배신해서 그런지 답답함에 한줄 적어본다.  
20170714,10,관람객영화 잘봤습니다!! 인상적이었어요!  
20170714,1,비관이란 인생의 해결점을 주지 않는다  
20170714,8,관람객내 가슴 속 제인 누구나ㆍ 산다는건  
20170714,9,"관람객촌스러울지언정 다양한 사람들, 다양한 감정  "
20170714,10,관람객감상할 때는 몰랐는데 향수에 잔향이 남듯이 영상의 향기가 남는다. 눈을 감거나 잠에 들기전 자꾸만 생각 나는 영화!!!  
20170714,10,진부하지만 한국영화에 드디어 신기원이 열렸다고밖에 달리 표현할길이없다. 충격이 쉬이 가시지않는다. 이것이 정녕 한국영화인가  
20170714,9,관람객누구에게나 꿈의제인이 있다  
20170714,10,"관람객마지막 장면에서 소연이가 영화 속에서 처음으로 웃을 때, 뭔가 슬프고 답답한 마음이 싹 내려갔다  "
20170713,9,관람객구교환 이민지 배우님의 열연이 돋보였어요 제목과 내용의 묘한 일치감도 좋았습니다  
20170713,9,관람객구교환 매력덩어리 :)  
20170713,10,"관람객영화 본 지 일주일이 다 되가지만 아직 제인팸이 눈에 선하다  .,  "
20170713,9,관람객제인아 사랑해 / 그리고 영화 마지막에 캐러멜.. 너무 고마워요 감독님. 희망을 남겨주어서.  
20170713,9,"불행하게 오래오래 살자는 말.. 씁쓸하지만, 공감된다.  "
20170712,9,네 안녕하세요! 전 잘지내고 있어요. 당신을 궁금해 하면서  
20170712,9,관람객몽환적이고 슬프고 아름답고 끔찍하다  
20170712,10,관람객보는 내내 즐거웠어요. 생각할 부분이 많아지네요!  
20170711,9,관람객또 보고 싶어요 추천이요  
20170711,8,"관람객행복은불규칙적으로찾아오지만,그로인해불행은연속되지않는다.  "
20170711,7,관람객구교환의 연기가 좋았습니다  
20170711,7,관람객기댈 데가 필요해 나도 같이 쓰라렸다.  
20170711,7,관람객우리 모두 불행히 만나요  
20170711,10,관람객꿈의 제인. 이민지 이주영  
20170710,4,보다가 나왔어요. 전 전혀 흥미를 못 느끼겠던데..../내가 잘못된건지 원 알수가 없네요???  
20170710,9,관람객무겁다 묵직하다  아름답고 잔혹하다  
20170710,10,"관람객잊을수 없는 꿈처럼 자꾸 떠오르는 이야기. 그리고 배우들의 엄청난, 연기.  "
20170709,8,관람객혼자였더라면 덜 불행하지 않았을까  
20170709,8,관람객불안한 자아가 유일히 기대는 꿈이라는 존재  
20170709,10,관람객여운남고 정말 좋았습니다  
20170709,10,관람객영화를 보는 우리 또한 이 영화를 보는 동안 꿈을 꾸는 것 같았습니다. 그 꿈에서 깨어나고 싶지도 않았구요.  
20170709,10,관람객어디까지이나라는와있느카  
20170708,7,관람객솔직히 볼 때는 이해력이 부족했는지 영화가 흘러가는 방식을 이해 못해서 난감했는데 끝나고 리뷰 보니깐 와 닿는 부분은 확실히 있었어요. 나쁘지 않았습니다.  
20170708,8,"관람객영화가 불행과 고독을 애써 부정하거나, 극복의 대상으로 보지 않는 것 같아서 좋아염. 이민지 배우님 연기 잘하시는 듯ㅋ  "
20170708,9,"지독한 외로움에서 방황하는 소현에게 무심한 듯 다정한 말로 위로해주는' 제인', 구교환이라는 배우를 알게 되어 너무 좋았던 영화. 마지막 씬이 정말 가슴을 울렸다, ""우리 모두 죽지 말고, 불행하게 살아요."" 서글픔과 따뜻한위로를 동시에 주  "
20170707,10,관람객너무나도 꿈결같고 너무나도 현실적이다.  
20170707,9,관람객혼자 보러갔지만 보는 내내 지루하지 않았어요 생각이 많아지는 영화였어요  
20170707,9,시간의 흐름이 뒤죽박죽이라 많이 헷갈렸지만 태어날때부터 불행은 시작인것이고 행복은 가끔 흩날리는 모래처럼 오는것이라는건 잊지 못할꺼 같다  
20170707,10,관람객제인같은 사람이 정말 있었으면 좋겠다  
20170707,8,관람객제인보러갔는데  소현때문에 먹먹하다  
20170707,10,관람객이상했지만 매혹적인 영화였습니다특히 음악이 잘 어울렸어요 ㅎ  
20170706,9,관람객연기력이 정말 최고! 입니다. 강력추천  
20170706,9,관람객굿!! 재밌게 잘 보고 왔습니다  
20170706,10,관람객졸잼이에요 두 번 봤습니다  
20170706,10,관람객누가 말 좀 들어주라 제발  
20170706,10,관람객불친절하고 날카로운 영화  
20170706,8,관람객한국독립영화중 보기드문 아름다운 영화였다.  
20170705,6,"제인역 ,지수역 을보고 어디에 출연했는지,검색해봤다.독립영화도 잼나게 보는편이라 댓글도많고 기대했다.그런데...아리송하다...내용도 좀...아리송하다..배우들의 연기와 배우들은 굿이다.근데..내용이..아리송..이해력이 부족한가보다.ㅜㅜ  "
20170705,8,관람객다시보고싶은영화입니다  
20170705,8,관람객캐릭터가 각자 가지고 있는 전사들이 안타까우면서 좋았고  중간중간 위트있는 소스들이 제인을 더 매력적으로 만든거 같아요~  
20170705,9,관람객보는내내 숨이 막혔다. 우리 모두 불행하다.  
20170705,7,관람객구교환 너무 좋습니다.  
20170705,5,무책임한 캐릭터와 설정의 항연.궁금하지 않아요.  
20170704,10,관람객여운이 남는 스토리와 등장인물 덕분에 심란한 마음으로 영화를 처음부터 다시 곱씹게 됐던 영화였다.  
20170704,10,깊은여운과 감동으로 엔딩크레딧이 나와는데 일어나질 못했습니다  
20170704,10,관람객세련된 영상미와 음악. 우리 모두 불행하자.  
20170704,10,관람객정말 좋은 영화였습니다  
20170704,9,관람객구닥다리로 치부된 감정을 이토록 세련된 방식으로 풀어낸 솜씨.  간혹 드러나는 촌스러울 정도로 적나라한 대사가 위로가 되어준다. 그것이 인생의 적나라한 민낯이니까.  
20170704,10,관람객두번째 보는데 정말 좋았어요  
20170704,10,모든 장면이 꿈 같았어요  
20170704,9,관람객꼭 다시 보고싶다 .이런 영화를 이제야 보다니ㅠㅠ  
20170704,8,관람객좋았어요 기억에 많이 남네요  
20170704,10,관람객행복한 삶과 불행한 삶은 근본적으로 다른 것이고 절대 양립할 수 없다고 생각해왔었는데 그게 아닐지도 모르겠다는 생각을 하게 해준 영화. 내 머리속에 달라붙어 나를 괴롭히는 고집스러운 생각들을 흔든 첫 영화였다.  
20170704,9,관람객누구에게든 속하고 싶은 주인공의 모습에 공감했다. 행복하고 완벽해 보이는 사람이 아니라 어딘가 모자라고 아픔이 있는 인물에게 위로받는 역설.  
20170704,8,관람객꿈인지 현실인지 헷갈리게한다...  
20170703,9,"개천에서 용난 영화, 상반기 개봉한 한국영화들을 보잘 것 없게한다. unhappy한 사람들이 주인공이 되는 세상, 그 곳은 뉴월드다  "
20170703,10,관람객특이하면서 너무좋았네요  
20170703,7,"관람객""모르겠어요. 어떻게 하면 사람들과 함께 있을 수 있는지 모르겠어요.""  "
20170703,8,관람객초승달이 보름달이 된다는 것. 여전히 돌고 있을 미러볼에게.  
20170703,10,우리 모두 불행하게 오래오래 살아요.  
20170703,8,관람객괜찮은데 내용 이해가 헷갈려여  
20170703,10,관람객우리는 꿈을꾸고 꿈속에 살아간다  
20170703,8,관람객많은 생각을 하게 하는 영화!  
20170703,8,관람객나도 뉴월드에 놀러가고 싶다  
20170703,9,"관람객소수자의 소수자에 대한 영화, 단면적이나 자극적이지 않아 오히려 우리가 위로받는 이야기. 구교환의 임팩트는 끝내준다  "
20170703,10,"관람객시시한 인생과, 지배적인 불행과, 개중에 드문드문 흩뿌려진 행복과, 거짓말과, 뉴 월드를 내게 말해줬다. 단돈 9000원에. 난시 때문인지 도무지 눈앞에 초점이 잡히질 않는데 그 기분이 나쁘지 않던 묘한 두 시간이었다.  "
20170703,10,관람객진짜 짱...데박....완전짱...  
20170702,9,무기력하고 희망없는 착하고 여리기만한 여주인공에게서 또 다른 악을 봤다고 할까요? 이런 비정상을 우리 사회가 만들고 있을지도 모른다는 생각. 그녀를 껴안아주는 트랜스젠더 제인이 가장 정상이라는 묘한 아이러니.  
20170702,10,"관람객내년에도, 내후년에도 또 만나요. 뉴월드에서.영화볼 땐 생각이 많아서 아무렇지 않았는데끝나고 집에 가다가 문득너무 슬프고 아파서 울컥했어요영화 Ost인 Moving through life 다시 들어보세요  "
20170702,10,와....찾고 있던 그런 영화  
20170702,6,관람객다양한영화에 즐거움을 느낀다  
20170702,10,"""자, 우리 죽지 말고, 불행하게 오래오래 살아요.""  "
20170702,10,관람객이런 아름다움이 한국영화에서도 표현될수 있구나. 간만에 너무 눈물찡하고 아름답고 좋았다. 화양연화나 중경삼림 특유의 아련함을 느껴보고 싶다면 강추.  
20170702,8,관람객굉장히 스타일리쉬한 영화! 배우들의 연기가 압권 ^^  
20170702,5,일요일 아침에 보면 기분 잡치기 딱 좋다. 너무 과하다.  
20170702,10,관람객정말... 요근래 제가 봤던 영화중 가장 인상깊었고아름다웠습니다. 신기한 점은 영화가 끝나고 나서도여운이 마치 향기가 남아 있는것 같습니다  
20170702,10,관람객올해 상반기 최고의 영화!  
20170702,7,관람객절망에서 보내온 희망의편지  
20170701,10,"관람객좋잖아요, 어쩌다 한 번 행복한 오늘 같은 날  "
20170701,10,좋은 영화를 만들어준 감독님께 감사합니다~영화 '우리들' 이후로 간만에 발견한 보석 같은 영화  
20170701,7,관람객소재활용 너무 좋았고 대사는 조금 진부했습니다. 제목이 꿈의 제인이라는걸 더 마음에 새기고 갔다면 이해하기 쉬웠을텐데 제가 이해하지 못해서 스토리 흐름이약간 어려웠습니다. 비하인드 스토리 봤는데 다시 한번 관람하고 싶습니다  
20170701,10,관람객인생은 불행하고 시시해지는 순간 끝장이다  
20170701,7,관람객잘 만든 영화. 조금 오글거리지만 예쁘고 연출 좋음.  
20170701,10,관람객몽환적이고 먹먹한 영화.  
20170701,8,관람객먹먹한 영화였다 쉽게 위로해버리지 않는 태도가 좋았다  
20170630,10,관람객잘 봤습니다. 여운이 남는 영화였어요.  
20170630,10,어느것하나 흘려 들을 수 없었다.  
20170630,10,관람객삶을 다시 돌아보게 된 영화  
20170630,9,관람객너무나 현실적인 부분은 마음이 아프다  깊은 여운이 남는 영화였다  
20170630,10,관람객불행으로    위로를  전하는   따듯한    영화  
20170630,10,관람객이 땅의 모든 제인과 소현이를 응원합니다 ㅜㅜ  
20170630,10,관람객너무 좋았습니다아!!  
20170630,10,"관람객감독에게 고마웠다. 어쩔 수 없이 우울한 영화지만, 우울감으로 끝내게 하지 않았다. 그 포인트에 구교환이 있었고 그 기저에 이민지가 있었다.  "
20170630,10,관람객좋아요 꿈의제인! ㅎㅎ  
20170630,8,마지막 장면에서 울컥했다 모든메시지  
20170630,10,관람객아무 생각없이 보러 갔다가 완전 숨죽이고 봤습니다. 여운이 길게 남는 영화입니다  
20170630,7,한국영화에 세번째로 7점 주는 영화다.  
20170629,8,"관람객구교환 연기가 일품. 인물 설정이나 연기가 헤드윅을 따온 것은 분명해 보이지만, 전체적으로 메시지를 교차시키는 점이나 옴니버스식 구성이 좋았다고 생각한다.  "
20170629,9,관람객재미짜요!~%^또 보고싶어요  
20170629,10,관람객이게 영화다~!!!!  
20170629,8,관람객역시 보통의 기준과 꿈 꾸는 세상의 크기가 객관적으로 결정 할 수 있는것은 아니다  
20170629,8,관람객시간전개가 여러생각하게 만나는 부분이네요 그리고 요즘 사람들이 겪고있는 문제에 대해 좀더 과격하게 다룬느낌이예요 그래서 그런지 이해도되면서 슬프기도하고 한번더보먄 다른생각을 더 할수있는 영화입니다!  
20170629,10,영화를 본 후 갈 곳 없는 청소년들 문제에 대해 좀 더 깊이 생각하고 관심을 가지게되는 계기가 되었다. 제인이라는 캐릭터로 인해서 영화가 참 매력적으로 다가온 거 같다. 마지막 뉴월드에서 서로 바라보는 모습이 괜히 찡하더라ㅠ  
20170629,10,"관람객제인의 인생관이 너무 마음에 들어요 벅차고.. 그의 그녀의 모습을 더 오래도록 보고 싶었고, 그런 환경에서 그런 마음을 가진 사람이 있다는게 너무도 기적같고 감사하게 느껴졌어요, 특히 마지막 장면 ...우와... 보세요!  "
20170629,10,관람객정말  꿈의 제인이었습니다.  
20170628,9,관람객우리는 모두 제인을 꿈꾼다  
20170628,10,관람객슬프고 외로워서 꾸는 꿈같은 영화  
20170628,8,"관람객꿈이었는지, 현실이었는지는 중요하지 않은 영화. 결국 남는 건  제인이고, 우리는 그로써 한 걸음씩 내딛으며 살아갑니다.  "
20170628,9,관람객참 여운 남는 멋진 영화예요  
20170628,8,관람객좋다 우리 오래오래 불행하게 살자  
20170628,10,관람객처음엔 아팠지만 웃을 수 있었다.다음엔 웃기로 각오했는데 눈물만 나왔다.  
20170628,9,관람객제인은 참 사랑스럽고 아름다운 사람이다  
20170628,9,"관람객연기도 연출도 좋았어요단, 한번봐서는 모르겠다는게 함정ㅠㅠㅋ  "
20170628,7,"관람객몽환적인 느낌, 스며드는듯한 잔잔함이 좋았지만 한편으로는 답답하고 아쉬운 부분이 있는영화  "
20170628,10,관람객나의 꿈에도 제인이 있기를정말 좋다 어쩌다 한번 행복한 오늘 같은 날.스크린 너머 제인을 만난 오늘.  
20170627,7,관람객특별하거나 고루하거나  
20170627,7,관람객인생은 불행의 연속중의 작은 행복이 있는 기나긴 여정~~  
20170627,9,관람객죽지 못해 사는 것과 불행하게 오래오래 사는 것의 차이  
20170627,10,"관람객부모의 보호도, 사회의 보호도 받지 못한 채 그들끼리 살아가는 집단이 분명히 있을거다.  "
20170627,10,"관람객2016년도에 윤가은 감독의  ""우리들""이 있었다면 올해는 이 영화 ""꿈의 제인""이 있을것이다. 소재를 풀어내는 내러티브의 신선함도 있지만 곱씹어 볼수록 좋은 배우들의 대사들은 인간관계에 지쳐 살아갈때마다 꺼내어 회상하고픈 느낌이 든다.  "
20170627,8,관람객처음부터 영화가 가지고 가는 분위기가 있다. 그것이 많은 불편함을 가져다 주었지만 그 매력에 이 영화를 끝까지 보게됬다.  
20170627,10,관람객몇 번을 다시 봤는데도 정말 좋은 영화예요. 추천드리고 싶어요.  
20170627,10,관람객덕선이 친구에서 명배우로  
20170627,8,내 이야기 같았던 영화. 몇명의 제인이 스쳐갔지만 결국은 혼자였음을.  
20170627,8,관람객색감좋아서 봤어요  평타였지만 제인역 맡은 배우연기가 좋았던것같네요  
20170627,9,차가워서 따듯함을 더 소중하게 생각하는  
20170627,8,"관람객꿈의 제인. 현실은 이토록 차갑지만 꿈을 꿀 수 있게 만들어주는 것들. 계속 생각나는, 다시 보고싶어지는 영화. 그리고 다시 볼 때마다 의미가 새롭게 다가오는 영화.  "
20170627,10,이 가슴아픈 위로와 여운과 잔상을 어찌할까  
20170626,10,관람객제인한테 위로받고 싶어져서 또 보게되는 영화  
20170626,9,오늘도 불행한 당신들에게....  
20170626,10,관람객너무 최고라서 또 볼 것임  
20170626,10,관람객배우들의 연기가 섬세해서 좋았어요!  
20170626,10,관람객너무너무 인상깊었던 장면들 주옥같은 대사들 거기에 위트있게 짜여진 웃음코드 하지만 눈물도 함께라는것 쓸쓸함 위태로움 나약함 모두 볼수있었던 최고의 영화!!  
20170626,9,"관람객우리는 꿈을 꾼다. 그 꿈에서는 서로 혼자가 아니며, 반목하지 않고, 보름달같은 웃음만 존재한다.그리고 우리는 현실에 실재하는 당연한 존재들을 너무나 꿈처럼 대한다. 마치 없는 것처럼..  "
20170626,9,관람객무슨 내용인지 모르고 봤는데 생각보다 괜찮았다. 현실을 그대로 옮겨 놓은 듯한 스토리 전개가 충격적이었고 화면이 좋았다. 다시 한번 보고 싶은 영화! 추천  
20170626,10,제인같은 사람이 내 옆에 있었으면 좋겠다는 생각을 했다 아니 내가 제인같은 사람이 되야지 이 각박한 세상에..  
20170625,9,관람객간만에 충족되는 영화... 좋았습니다  
20170625,10,관람객최고에요... ㅜ 마지막 장면이 아직도 머릿 속에서 떠나질 않아요.  
20170625,10,관람객영화 보는 내내 꿈꾸는 것 같았습니다. 복잡하지만 어지럽고나 난해하지 않는 이야기들이 참 인상적입니다. 감독님...리스펙  
20170625,10,관람객성냥팔이소녀와 흡사했다  
20170625,6,관람객 연기들이 좋았어요. 생각지도 못했던 조연분들의 호연이 참 좋아요. 새로운 스토리와 소재도 좋았습니다.  
20170625,8,관람객불현듯 떠오르는 환상의 순간  
20170625,8,"그래, 인생은 불행의 연속이지... 보고 나서 더 우울해졌지만, 이열치열처럼 더 우울해져서 위로를 받은 느낌.  "
20170625,9,관람객이런저런 긁적긁적 -_-  
20170625,10,관람객너무 좋았어요 재밌고 느낄 점이 많았고 영상이 너무 예벘어요 상영관만 많으면 2차 찍고 싶은 그런 영화였습니다 번창하세요  
20170625,10,관람객영화가 끝나는 순간까지 눈을 뗄 수 없어요  
20170625,10,"관람객너의, 나의, 우리의 제인  "
20170625,10,관람객말이 필요 없을듯 합니다  
20170625,10,관람객꿈의 재인. . . 나의 꿈에서도 나와주세요 꿈에서 우리 같이 춤을 춰요 두 손 맞잡고  
20170625,9,관람객다시 한 번 더 봐야 될 영화. 보는 내내 꿈 속에 있는 기분이었다  
20170624,9,사랑받고 싶어서 남을 사랑하면 그 공백은 채워지지 않는다  이토록  외로움을 잘 표현한 영화가 있을까  
20170624,10,제인의 등장신부터 감동을준 올해 내 최고의 영화. 인생은 시시해지면 끝장이라는 그 가운데 가끔찾아오는 행복을 나는 진정 제인처럼 살아갈수  있을까 !  구교환의 연기에 매료되어버렸습니다 우리손자 베스트로 신인상까지 ....  
20170624,9,"관람객안쓰러움, 우울감, 불행  "
20170624,10,매우 감명 깊게 봤다. 좋았다. 세련된 연출. 다소 전개가 불친절하지만 그래서 더 감독의 의도에 맞게 흘렀던 것 같다.  
20170624,10,진실하지 않은 사람들의 진실한 이야기  
20170624,10,관람객뭐였을까 내가 본 것들은  
20170623,10,관람객꿈을꾸는듯몽환스러운분위기  
20170623,9,관람객계속 보고 싶은 영화.  위로가 되었습니다.  
20170623,9,관람객불행을 노래하는 사람들이 좋다. 불행은 가식적이지 않고 진솔하다. 진심으로 불행을 내비쳤을 때 그것은 오히려 따뜻하기까지 하다.  
20170623,9,배우들의 연기가 놀라웠습니다 제인의 연기는 가히 최고의 연기라할수 있슴 영화전반에 갈처 배우들의 연기가 영화에 꽉채워진느낌. 제인이 없는 중반이후는 약간 지루한느낌이었지만 소현이의 역활이 좋았고 구교환이라는 배우를 처음 알았슴  
20170623,6,기대 많이했는데 기대치보다 별로였음  
20170623,9,관람객소현이의 외로움에 깊게 공감갈수밖에없는 현실  
20170623,10,관람객한 번 관람으로는 부족한 영화. 생각할 거리가 참 많았고 배우들의 연기와 연출이 좋았습니다  
20170622,10,관람객우리 모두의 시시한 행복을 위하여 제인은 존재하지 않았을까?  
20170622,10,관람객보기 불편한 내용이 많이 나오지만 그래도 수작.  
20170622,9,남들과 섞이기가 어려운 소현이 제인을 만나면서 많은 조언을 듣고 생각을 하는 내용.대사. 마지막 장면등 성소수자들이 사회에 적응하기 힘든 현재의 사회 보습을 보려주려한것 아닌가 생각한다  
20170622,10,"담담하게 스며드는 아이러니하지만 따스한 위로. 너무 먹먹해서 쉽게 자리에서 일어날 수가 없었다.. 불행을 두려워 하지 않아도 되는 이유, 우리가 살아가야 할 이유, 쉽게 함부로 위로 하지 않아서 더 와닿는다.  배우들의 연기 또한 너무 너무  좋았다.  "
20170622,10,소장하고싶다 진짜로 사고싶다 이영화  
20170622,10,관람객각 배우의 연기가 모두 완벽했다시나리오는 비극이라 극적효과를 극대화시킨듯하지만개인적으론 해피엔딩이 아니라 조금 아쉽다  
20170622,8,관람객두번은 봐야 좀 알 것 같은 영화. 음악이 아주 좋았어요.  
20170622,10,관람객엄청난 여운이 있는 영화!  
20170622,8,관람객모순속에서 피어난 연꽃들  
20170621,10,우리 죽지 말고 불행하게 오래오래 살아요  
20170621,10,"최고, 최고.!  한동안 외면했던, 잊고살았던 그들의 편지  "
20170621,10,관람객우리 오래오래 살아요 불행하게  
20170621,10,관람객나의 제인과 영원히 불행하게  
20170621,8,"관람객모든 캐릭터가 매력적, 구교환이라는 배우를 알게해준 영화  "
20170621,9,"관람객제인 역을 한 구교환 배우의 연기가 너무나 인상 깊었고, 어딘가에 속하지 못한 채 늘 주변인으로서 살아가는 소현의 모습에 마음이 좋지 못했다. 영화 전반에 깔린 다채로운 색감의 화면과 절묘한 음악은 눈과 귀를 사로잡기에 충분했다.  "
20170621,10,한국 독립영화의 진일보를 목격했다!  
20170621,4,카셋트에 녹음테이프가 떠오름  
20170621,8,관람객연출과 나레이션 몰입도가 좋은 영화  
20170620,10,"관람객'거짓', '소외', '불행'의 현실을 통해 '진실', '더불어 사는 삶', '행복'의 꿈에 대해 이야기하는 작품입니다.  "
20170620,8,관람객다시한번보고싶은영화  
20170620,10,관람객행복을 쉽게 말하지 않는 제인이 나에게도 찾아왔으면.  
20170620,9,관람객우왁!!!! 일단 제목부터 너무 맘에 들었다. 앞으로 두고두고 여러번 보게될 듯 하다. 쭉 상영해주시길. 구교환 배우 완전 사랑합니다. 팬됐어요.  
20170620,7,관람객기억이 날듯 말듯 잡힐듯 말듯한 꿈을 꿨네여  
20170620,10,관람객생각이 많아지는 영화에요  
20170620,8,관람객환각에 빠져드는 영화. 관객 조차 현실을 잊고 꿈을 꾸게하는 영화.  
20170620,10,관람객제인은 정말 멋진 여자였습니다  
20170619,9,"사랑이, 존재가, 눈에 보이지않는 것들이 고픈 그런 영화  "
20170619,8,관람객역설적으로 따뜻하다 인간은 어찌 살아도 살 가치는 분명히 있다  
20170619,7,관람객나의 말을 들어줄 단 한 사람만 있어도  
20170619,10,그럼 됐어. 내가 그렇게 믿으면.  
20170619,9,관람객제인 제인 돌아가는 미러볼  
20170619,6,관람객몽롱과 몽환의 연속. 누군가에겐 지루할지도  
20170619,9,관람객재밌었음. 중반 이후 조금 늘어지는 감이 없지 않아 있었지만  
20170619,10,관람객구교환은 연기의 신이다그리고 상상마당 시네마 매번 엔딩크레딧까지 불 켜지 않는거 너무 좋음  
20170619,10,관람객웬만하면 혼자보러가세요~ 영화집중하기위해! 정말 명작입니다.  
20170619,10,진정으로 불행을 위로하는 것은 불행밖에 없음을 감독은 알고 있었다  
20170619,9,관람객연기만으로 부족한점을 모두 커버할수 있을정도.  
20170619,10,"관람객집에 오는 골목길.. 뒤에서 ""얘"" 하는 목소리가 들릴것만 같은  "
20170618,9,"관람객불편하고 먹먹해서 계속 뒤척인 영화, 오랜만에 어려운 것을 봤다  "
20170618,9,관람객어쩌다 이렇게 한 번 행복하면 됐어  
20170618,8,"관람객꿈속에서만 허락된 제인, 소현을 또다시 혼자남게 만든 감독이 야속했다.  "
20170618,10,관람객10점을 줘도 아깝지 않은 영화  
20170618,10,관람객문득 문득 아니 빠짐없이 꼭꼭 생각나는 영화입니다.  
20170618,9,"알록달록 예쁘게 칠해진 아스팔트 도로같은 영화. 매번 이리저리 치이고 짙밟히는 삶이지만 그래도 아무도 없을 때 가끔은, 알록달록 칠해보고 싶은 거야.  "
20170617,8,관람객외면하고 싶었던  아픔들을  수면위로  끌어올리는  영화. 그래서  값졌다.  
20170617,8,관람객볼만했지만 지루하기도함  
20170617,9,관람객페레로로쉐 두개 문 이민지에 마음 덜컹  
20170617,10,"관람객배우들의 연기력과 대사, 스토리에서굉장한 몰입을 주는 영화  "
20170617,8,1차로는 이해가 약간 안되는 부분도 있었지만 그 아픔들이 참 슬펐어요. 거짓말 하며 살고 싶지 않은데.... 그렇게 살아야 하는....  
20170617,10,좋다. 여러가지를 생각하게 해주는 영화이다  
20170617,7,관람객재밌게 보았어요....  
20170617,9,한시도 눈을 뗄 수 없는 제인-  
20170617,10,생각외로 괸찬핫던듯...  
20170616,9,관람객안녕? 돌아왔구나. 여러번 봐야할 것 같다 너무 좋음  
20170616,7,불친절한 전개가 오히려 루즈하게 만들지 않은 원동력이었다 ^^  
20170616,9,관람객제인에게 위로 받고 왔어요  
20170616,8,관람객뫼비우스띠 같은 인생이지만  나도 누군가에게 제인이었음 좋겠다. 그리고 나에게도 제인 같은 존재가 있었음 좋겠다.  
20170616,10,흠 잡을 데를 조금도 찾을 수가 없다.  
20170616,10,관람객평소 우울한 감성을 조금이라도 이해하는 사람들이 보기에 제일 여운이 깊은 영화인 것 같습니다.  
20170616,8,관람객꿈의제인 꿈의제인 꿈의제인  
20170615,10,"(평점 조정용) 영화가 끝나자마자 한동안 먹먹한 기분이 가시지 않았다. 누구에게도 어울리지 못하지만 아주 이따금씩 행복이 찾아오기에, 우리는 죽지 않고 산다. 아니, 살아야 한다.  "
20170615,8,관람객어디에도 어울리지 못하는 마음을 딛고 제인을 만나봐  
20170615,6,관람객제목과 포스터는 지독한 반어법  
20170615,7,마지막 5분때문에라도 좋은영화  
20170615,10,알바가 판치는 네이버에서 기꺼운 마음으로 만점줍니다. 실제는 8~9?ㅋ 깊은 울림으로 앤딩을 보내긴 정말 오랫만이네요. 이민지양의 깊은 연기에 감사드립니다.  
20170614,7,관람객나의 이야기일수도 있는 꿈같은 현실  
20170614,6,관람객쉽사리 뭐라고 할 수 없는 꿈이었어요.  
20170614,7,불행한 우리네 삶에 이토록 행복한 영화  
20170614,9,관람객영화 이름이 꿈의 제인이길래 제인을 중심으로 이야기가 전개 될줄 알았는데 아니어서 엄청 흥미진진 했습니다. 이야기가 끝없이 미궁속으로 들어가더군요.  
20170614,10,먹먹한 스토리를 미러볼처럼 다양하게 풀어낸 영화. 마지막 제인의 대사에 결국 눈물을 쏟았다. 올해 가장 좋았던 영화  
20170614,9,관람객차라리 꿈이길 바라게되는 장면들  
20170614,7,관람객세련된 영화 꿈같은 영화 라고 하는데  난 잘 모르겠다. 그냥 봤다.  
20170614,10,관람객영화가 끝나도 꿈 속에 있는 것 같은 기분  
20170614,10,"관람객꿈속을 사는 기분 어쩌면,  "
20170614,7,"관람객누구에게나 그리고있는, 혹은 그리운 꿈이 있을 것이다. 간절하게 바라다보면 실제로 이뤄진다는 시크릿효과가 결과적으로 우리에게 어떤 영향을 미치게 될까? 맥락없이 , 또는 직관적으로 떠오르는 어느 날의 기억과 너무 늦게, 또는 너무 적절하게 깨닫는 의미  "
20170614,10,"크게 기대를 하지 않았고 약간은 가벼운 마음으로 연기력이 워낙 보장된 배우들이다 보니까 어떻게 연기를 했을까 궁금한 마음으로 상영관에서 봤는데..정말  여운이 깊게 남는 영화..그리고 생각을 하게 되는 영화, 인간의 내면을 부드럽게 녹여낸 작품.  "
20170614,10,우리 불행하게 오래오래 살아요  
20170613,7,관람객홍보방향과 달랐지만 좋았다  
20170613,8,한 번 더 봐야 잡힐 거 같다.  
20170613,9,"관람객묘한 분위기에 이끌려 영화관에서 관람, 몇버누더 봐야겠다  "
20170613,7,관람객배우들의 개성이 잘 묻어져 나온영화  
20170613,10,관람객평생 맘 한구석에 남아있을 아름다운 영화다  
20170613,8,관람객소녀는 꿈을 꾼다. 그러면 없지만 있는거다. 있지만 없는게 아니다.  
20170613,9,관람객아~~ 미치겠다.답답  
20170613,10,관람객우울하고 따뜻한 영화. 다시 보고 싶다.  
20170613,9,관람객트랜스젠더 역할하는 제인역으로 구교환님 연기를 너무 잘봤습니다.  내가 가지고 있는 행복에 대해서 다시한번 생각해보게 됐고 이 사회의 그늘진곳에 늘 혼자가 되는 사람들은 있고 그 원인은 어디서 올까 ~~내 아이와의 소통에 관심을 가져야겠다는  다짐을  
20170613,8,관람객주제의식고ㅏ 연출의 조화  
20170613,6,관람객그냥 딱 기대만큼 이었움  
20170613,9,영화자체는 모호해서 완전한 만족은 얻을수 없었지만 감독만의 흔들리지않는 삶에대한 철학과 진짜 자신이 생각했던 마음속의 생각을 고스란히 꺼내놓는 대사에 박수를 보낸다  
20170612,10,코엑스 17년 6월 12일 21시 35분 영화 E열 끝에서 보신분.상영관이 작아서 집이신줄 착각하셨는지 왔다갔다거리고 핸드폰 문자하고 그러시더라구요. 영화가 재미 없으셨는지 중간에 나가시더라구요. 정말 감사합니다. 덕분에 진짜 몰입해서 잘봤습니다...  
20170612,7,관람객처음 보는 사람한테는 이야기의 흐름이 어려웠던거같아요그치만 곳곳에 있는 대사들이 많은 생각을 하게만드네요  
20170612,10,관람객제인이 하는 말  한마디 한마디는 전혀 꼰대같이 느껴지지 않는 이 시대의 젊은 우리에게 해주는  따뜻한 위로였다.  
20170612,7,관람객정서에만 공감될 수 있도록 두서없는 이야기가 좋았다.  
20170612,10,근래 본 독립영화 중에 최고다  
20170612,9,관람객어느 곳에서도 닿지 않는 '나'의 모습이 슬프게 담긴 미러볼  
20170612,8,관람객엄청나게 독한 영화다.  
20170612,8,관람객불친절한 영화라는 평을 보고 영화를 봤다. 고작 2시간 남짓 되는 영화는 불친절하고 또 불편했지만 영상미가 예뻤고 배우의 감정선이 좋았다. 묘한 수미상관식 연출에 경의를.  
20170612,9,관람객몽롱한 꿈을 꾸고 나온 기분이에요. 오래 오래 불행한 꿈.  
20170612,9,관람객좋았습니다 한번 더 보고싶어요.  
20170612,10,"관람객섬세하고 촘촘하게 연출되었으며, 그 연출 사이사이 주인공도, 주인공을 연기한 배우도 위로받았을 것 이며 관람객인 나도 위로받았다.  "
20170612,9,관람객불행하게 오래오래 살자  
20170612,9,관람객나도 사랑받기위해 사랑한다는 걸 알아버린  
20170612,8,상황 적어 설명이 불친절 하다 생각했지만. 성소수자를 넘어. 사람의 옆에 어떻게 하면 있을수 있는지 도무지 방법을 몰랐던 고아 소녀에게. 세상과 관객이 또는 내가 얼마나 불친절 했는지 느끼게 했던 불친절하고도 친절한영화. 라고 얘기 할 수 있을것 같다  
20170612,7,관람객사랑받고 싶고 혼자되기 싫어하는 우리 모두의 모습  
20170612,8,관람객배우의 표현력도 좋았습니다  
20170612,7,관람객불행한 얼굴로 오래오래 살아요  
20170612,10,관람객좋습니다꼭보세요 ㅎㅎ  
20170612,8,시간이 어떻게 지나갔는지 모르게몰입했던 영화.  
20170611,10,"불행한 얼굴이라도, 우리 다 같이 살아내자는 제인의 마음. 우리 다 함께 뉴월드로 가자.  "
20170611,10,오늘 보고 왔습니다! 올해 본 영화중 제일 좋았던것같아요 크레딧이 올라갈때만해도 별로 슬프지 않다고 생각했는데.. 곱씹을수록 여운이 많이 남는 영화인것같습니다 ㅠ 모두 행복해졋으면 했는데 생각할수록 마음이 많이 아프네요  
20170611,10,관람객불행 속에서 살아가는 사람들에게 담담히 용기를 주는 영화  
20170611,9,영화에 대한 정보없이 보게 됐는데 너무 좋았음.. 음악도 영화도 배우들도...  
20170611,5,관람객불편한부분이 있지만 끝까지 보게 하는 면이 있다뭔가를 기대하게 하는데 그대로 마무리 되어버린 느낌이라아쉬운 부분이 있네요  
20170611,10,조금 전에 보고 왔습니다. 독립영화만이 줄 수 있는 매력이 이런 걸까?? 하는 따스하고 공감되는 여운이 가득한 영화....  
20170611,9,관람객두배우 연기좋아요. 다시봤어요  
20170611,10,"관람객나한테 당연한 게 당연하지 않은 사람이 있고,  어떤 사람에게 당연한 게 나한테는 당연하지 않다.이렇게 흐르는 영화도 있구나. 신기했다.  "
20170611,9,관람객슬픈 노래에 맞춰 돌아가는 아름다운 미러볼. 신인 배우와 감독의 멋진 결과물  
20170611,2,웬만해선 리뷰 안 다는데 평점 높아서 봤다가 답답하고 스트레스만 받고 나옴...지극히 현실적이고 안타깝긴 했으나 적응하지 못한다면서 계속 맞지도 않는 팸에 가는 게 이해 안 되고 제인이 챙겨주긴 했어도 불행해도 살라면서 본인은 자살? 모르겠다 나는  
20170611,9,관람객불행하게 오래오래 살아가자! 이말 아프게 와닿았따  
20170611,10,볼때는 그랬는데 보고 나니까 제인의 말이 계속 생각난다....  
20170610,10,"큰 기대 없이 봤는데, 내 마음을 많이 건드렸다. 제인은 옳다.  "
20170610,9,실컷 울고 싶어서 선택한 영화인데 그 품이 너무 따뜻해서 슬픔을 잊게 해준 영화  
20170610,10,관람객UNHAPPY는 결코 불행 만을 의미하지 않았다. 감독과 배우들의 무대 인사에서 더욱 진심을 전달 받을 수 있었던 영화. 추천합니다.  
20170610,10,관람객여운이 길게 남는 영화에요  
20170610,9,"생각보다 복잡하고 생각보다 이해가 어려웠지만, 보고나서 미쟝센이라던가 영화의 구도가 참 좋았고 깊었고 인상적이었던..  "
20170610,8,관람객아름답지만 우울한 이야기. 제인이 너무 아름답다  
20170610,9,관람객제인의 첫 등장이 가장 기억에 남았다.  보고 나서도 계속 생각하게 되는 영화다.  
20170610,9,"관람객소현이가 부러웠다.  영화 속 그들의 삶은 부럽다 할 수 없는 것이었지만, 제인과 같은 존재에게 위로 받는 일. 누구나 늘 꿈꾸는 일 아닌가. 가슴  속에 언젠가 찾아올 나의 제인을 기다리는 것처럼.  "
20170610,8,"관람객흔하지 않은 스토리 설정과 몽롱한 사운드, 감미로운 색감은 우릴 더욱더 소현의 이야기에 귀 기울이게 한다. 보기 드문 매력적인 캐릭터 제인의 한마디한마디에 내 삶을 되돌아본다. 무료한 날 묵직한 생각거리를 만들어주는 영화 꿈의 제인??  "
20170610,5,관람객우리모두 죽지말고 우울한 얼굴로 또 만나요. 라던 제인의 슬프고 아린 눈이 떠오른다. 전체적으로 어려웠지만 배우들의 캐릭터는 좋았던듯.  
20170610,8,"관람객찰나의 행복의 가치를 다시금 상기시켜주는, 내가 가진 절망의 크기에 절망하게 만드는 그런 영화  "
20170610,10,"관람객첫 대사, 제인의 등장부터 매료시킨 올 해 내 최고의 영화. 인생은 시시한 것이지만 그 가운데 찾아오는 행복을 나는 과연 그녀처럼 사랑할 수 있을까...?  "
20170610,8,"관람객배우들 연기와 색감, 독특한 플롯, 몽환적인 분위기가 매력적이다. 사랑 없는 우리 사회를 직시하게 만든다는 점에서 고통스럽지만, 어떤 희망에 대한  결사적인 믿음?같은 게 있어 따뜻하기도 하다.  해지기 전의 어스름같고 새벽의 미명같은 영화.  "
20170610,8,꿈이 되어버릴 만큼 간절했던 어떤 바람 한 가지에 깊이 집중한 영화  
20170610,1,그냥완전 별로인듯 재미없었어요  
20170609,9,"관람객제인의 이야기도 좋았지만, 저는 지수라는 캐릭터가 가장 인상 깊었던것 같아요. 인간적이고 살아있는 인물이라고 생각했어요.  "
20170609,7,관람객적당히 좋았던 영화. 무언가가 답답한느낌이 있다.  
20170609,7,연출과 연기가 굉장합니다. 굉장한 한국영화 수작이 나왔어요.몽환적이면서 신비롭기도 하고 또한 문제가 있는 현실을 담담하게 담아내는 영화!  
20170609,8,"관람객퀴어영화가 아니어도 퀴어가 등장할 수 있다는 가능성을 열었다. 여태 시혜적인 시선으로 대상화만 되던 퀴어 캐릭터가 위로를 건네는 게 좋았다. 메세지도 명확했고, 연출도 고민한 흔적이 보였다.  "
20170609,3,관람객제인이를 더 알고싶어지는 영화  
20170609,9,관람객올해의 한국영화다..  
20170609,4,관람객연출님이 잘 모르는 소수들의 이야기...  
20170609,10,관람객오빠랑 봤다. 좋았다. 제인이가 좋았고 지수도 좋았다 오빠도 좋았다.  
20170609,8,관람객제인언니가 좋아요.. 김밥만 보면 눈물이 나  
20170609,8,관람객안녕돌아왓구나???  
20170609,9,관람객두번 보고 싶은 영화입니당  
20170609,10,"관람객너무 사실적이어서  와닿는 영화, 제인이 왜 ""꿈의""제인인지 깨닫는 순간 우리 삶의 행복과 불행에 대해 되짚어 보게 된다. 신인감독이라고는 믿기지 않는 뛰어난 연출력과 배우들의 연기가 인상적.  "
20170609,10,많은 생각을 하게되는 영화  
20170609,9,관람객정말 며칠동안 여운이 남아요. 또 보고싶어요.  
20170609,9,앞으로 살아가면서 편견의 안경을 더 많이 내려놓고 타인을 바라보기를. 나 자신으로써 그저 살아가기를 바래본다.구교환배우의 연기 인상적이었어요  
20170609,10,왜 제인 같은 어른은 없는걸까  
20170609,9,관람객시시해지진말자고 적어도 내삶은  
20170608,10,인생영화가 무엇이냐 물으면 단연 꿈의 제인이라 할것이다  
20170608,9,관람객꿈과 현실은 바라보기 나름  
20170608,8,관람객움...  영상 음악 배우들의 연기 모두 좋았으나.. 여러가지 해석이 나올수있다지만..무엇하나라도 통쾌하게 정의를 내릴수가 없어서 한번봐서 될 영화는 아니라 생각이들었다.. 후반부로갈수록 영화에 몰입보다  생각에 빠져야할일이 더많았다.  
20170608,8,관람객'꿈의 제인' 모든것을 말해준다.  
20170608,8,관람객감독의 다음 작품이 기대된다.  
20170608,10,영화를 만들어준 감독님이 나에게 제인 같았던 영화. 좋은 작품 만들어주셔서 감사하다.불행한 삶 속에서 멍하니 지하철에 앉아 옆을 돌아보면 제인이 나를 보고 옅게 미소 지어주고 있을 듯한 환상이 들었던 영화.  
20170608,9,관람객느꼈던 가장 주된 감정은 결핍과 욕망. 그 두가지 감정이 교차된 공간 제인의 집.  
20170608,8,관람객퀴어 코드에 의지하지 않고 오롯하게 따뜻하고 담담한 위로 같은 영화를 만나 좋았다. 모든 인물이 내 주변 사람처럼 가깝고 현실적으로 느껴졌다.  
20170608,9,관람객꿈속의제인은 나와 같았다  
20170608,10,관람객영상의 분위기며 연출 연기들이 최고  
20170608,10,마지막 10분이 정말 여러가지를 생각 하게 하네요.  
20170608,10,"몰입도, 분위기 최강..  "
20170608,8,관람객두 번 보면 더 좋을 영화. 한 번으로는 (영화가) 부족하다.  
20170608,8,제인이 실은 소현이 꿈꾸는 이상향 같은 존재가 아닐까 라고 하신 큐레이터님의 말씀이 여운이 남아요  
20170608,5,마음깊숙이 소현이를 숨겨놓고 제인을 꿈꾸며 사는게 사람아닌가 싶다. 늦은시간 그저 영화한편 보고싶어 정보없이 보게된 영화인데.. 제인은 너무매력적이여서 나도 제인 한번 기다려 보련다. 소현이는 마주하면 고통스러우니 돌아서 있었으면 한다.  
20170608,6,관람객연기를 정말 좋았습니다. 스토리가 더 좋아질 수 있다.  
20170608,9,"가질 수 없었던 세계, 꿈꿀 수 조차 없는 현실  "
20170607,9,관람객이해하기엔 좀 난해하지만 한국에서 좀처럼 보기힘든 젠더감수성을 담은 영화  
20170607,10,"관람객인생은 계속 불행해. 불행하게 태어나서 죽기까지 불행해. 근데 행복은 정말 가끔 존재하지. 소현인 꿈으로 행복을 채웠던, 제인이 있기에 꿈이 있었다. 그리고 우린 그 꿈을 같이 찾게 되는 영화  "
20170607,10,영상미가 너무 아름답고 영화를 보는 내내 아름다운 빛들 때문에 몽롱한 꿈을 꾸는 것 같았어요 정말 외로운 사람에게 위안을 주는 영화  
20170607,9,관람객좋은영화감사합니다.  
20170607,6,관람객제인과 함께 한 꿈 같은 시간하지만 너무 많은 것을 감추어 스토리 전달이 되지 않았다.  
20170607,10,웰메이드독립영화였습니다. 음악도 정말 좋았고 연출력도 돋보이는 작품이었습니다. 여주인공의 눈에 빨려들어갈것같았습니다. 최고입니다  
20170607,7,관람객한 번쯤 꿈꿀 만하기에 한 번쯤 볼 만하다  
20170607,10,꿈꾸는듯한 영화였습니다.  
20170607,7,관람객개인적으로 기대 이하.  
20170607,10,특이한 전개방식 특이한 인물들 기대하고 갔는데 기대한 만큼 좋았어요  
20170607,10,관람객개인적으로 영화의 장점을 고루 느낄 수 있었던 영화였다.  
20170607,9,제인과 만나고 싶어졌다. 오래 오래 살고 싶어졌다. 삶이 불완전하더라도 드문드문히 다가오는 행복을 생각하게 되었다. 누구에게나 존재할 제인이라는 꿈을 통해 위로받게 되었다.  
20170607,10,관람객우리는 모두 불행해요. 그러니까 우리 같이 불행하게 오래오래 살아요  
20170607,10,관람객다 좋았는데 특히 마지막. 마지막 부분을 보고 엔딩 크래딧이 올라올 때까지 멍때릴 수 밖에 없었네요. 정말 영화 잘 봤다고 생각합니다.  
20170607,10,"관람객나자신을 돌아보게 하는, 내가 더 이상 외면하지 못하게 하는 영화  "
20170607,9,관람객불행한 제인에게 받는 따뜻한 위로  
20170607,8,관람객돌아왔구나 꿈속에서 너를 기다려왔던 것은 나뿐만이 아닌 우리였던것이다. 꿈꾸는 내내 행복함과 우울함을 동시에 느꼈다.  
20170606,10,관람객여운이 긴 이야기. 불행한 인생 중 나는 지금 어디쯤 있을까.  
20170606,9,관람객재밌게 봤습니다~ 기대한 만큼 좋았어요  
20170606,8,"관람객좋았습니다, 내용이해가 조금 헷갈릴수도 있겠다 싶지만  "
20170606,10,관람객최고의 영화였급니다!!  
20170606,9,"제인이 차갑고도 따뜻한 위로를 전하는 순간스크린을 마주하고 있는 나는 이미 소현이 되었다. 제인이 사라진 장면장면을 대할때마다얼마나, 그토록.그녀를 마음속으로 부르짖었는지. 여전히 오랫동안 휫파람소리가 맴돈다.  "
20170606,10,관람객말이 필요없읍니다 ㅠ ㅠ ㅠ .  . . .  
20170606,9,관람객너어어무 좋았다혼자가편한데혼자가무서운나로써는진짜공감백배  
20170606,10,참 좋은 영화 근래에 보기 드문 ~~  
20170606,9,관람객왜 영화 제목이 제인일까?  
20170606,10,관람객꿈의 제인 세번째 관람 준비중이에요 :- )  
20170606,9,관람객위로받고 함부로 위로하지않게되는  
20170606,10,외로웠던 소녀의 처절한 꿈  
20170606,7,"관람객또 만나요, 불행한 얼굴로.  "
20170606,9,관람객꿈같은 제인의 일기를 읽은듯한 여운을 남게한다  
20170606,9," 거짓과 외로움, 그리고 꿈(환상). 독특한 구성과 잔잔함, 그러나 전혀 잔잔하지만은 않다. 곱씹을수록 울컥한 영화  "
20170606,10,제인을 사랑하게 되었던 시간  
20170606,10,관람객너무 보고싶오소 상영관이 몇없지만 서울까지 가서 본영화. 기대한만큼 공감이간다  
20170606,10,관람객너무 보고싶오소 상영관이 몇없지만 서울까지 가서 본영화. 기대한만큼 공감이간다  
20170606,8,관람객소현이의 행복을 기원합니다  
20170606,10,내가 여지껏 살고있는 이유  
20170606,9,관람객현실이라고 생각했던 것이 환상이 되는 순간. 나에게는 분노 이후의 올해의 영화.  
20170606,10,"관람객시작부터 끝까지 감독의 생각으로 관객의 생각을 가두지 않고 상상할 수 있게해주는 영화영화를 보고나서도 계속 상상의 재미를 느끼게 해주는 영화열려있는 마인드를 가진 인물들, 편견이라는 틀 자체가 아예 없는, 예술이라는 범주에 가장 잘 어울리는 영화  "
20170606,9,관람객한동안 나에게도 곁에 머물었다. 꿈의 제인이  
20170606,10,관람객참 슬프지만 아름다운 꿈  
20170606,10,꿈은 짧고 가혹한 현실은 길다.  
20170606,9,남들은 제인과 소현이 눈이 밟힌다는데 나는 지수랑 대포가 제일 어른거린다 그냥 '너 옛날에 야구 했었어?' 이 말이 제일 슬펐음  그냥 하루종일 멍했다 그 아이들도 꿈이 있었을엔데 희망이 있었을텐데  
20170606,8,관람객마음속에 들어온 이탤릭체 꿈의제인가슴속에 들어온 볼드체 제인 구교환  
20170605,8,관람객어디선가 볼  수 있으면  좋을 제인..UN HAPPY!  
20170605,10,"관람객누구에게나 제인은 있고, 한때의 꿈같은 몽환적 추억도 있다.. 영화는 그럼 꿈같았던 한때의 기억을 다시 찾아보게하기도하고, 상처받아 사회 적응하지 못하고 겉돌면서도 불안함에 어딘가에 또 소속되고자하는 모순적이지만 그것또한 나..다른 나를 보게해준다.  "
20170605,10,관람객최고의 영화 별 열 개도 부족해요  
20170605,5,감독의 의도가 원래 그런건지 미지근한 물을 잔뜩 탄 밀크티 맛이 난다. 따뜻한 것도 아니고 기분좋은 시원함도 아닌 어느것도 느낄 수 없다. 그저 유니콘 같은 색감과 아름다운 배우들만이 남을 뿐이다.  
20170605,9,관람객현실보다 슬픈 꿈보다 슬픈 현실  
20170605,10,관람객한 번 봐도 좋지만 두 번 봐도 더 좋은 영화  
20170605,8,관람객어딘엔가 내가 바라는 제인이 있었으면 좋겠어.  
20170605,10,관람객대사들이 계속 생각나네요. 완성도 있는 작품이었어요.  
20170605,4,살면서 처음으로 중간에 나온 영화.. 영화제 영화는 나랑은 좀 안맞아..  
20170605,10,관람객아름답고 처연했다  그리고 인정하기 싫은 내면의 비겁함을 은은하게 드러내주었다.  
20170605,10,현 사회의메세지를 던지는 영화 색채 음향 촬영기법 배우들 연기 다 좋았습니다 화이팅 하세요  
20170605,9,관람객한없이 어둡지만 찬란하게 밝다.  
20170605,9,한국 영화에 대한 모든 우려와 편견을 깨어줄 영화  
20170605,9,"제인을 만나고 어떤 시점에 별안간 나는 덜컥 설렜다. 당혹스러울만큼. 툭 놓는 눈빛, 뱉는 한 마디가 그대로 내게 왔다. 무엇으로 표현하기 힘든 사람. 만나는 동안 나의 편협함은 새삼스러웠고, 소현의 헤매임은 꼭 나같았으며, 제인의 무심함은 고마웠다.  "
20170605,10,"관람객""여기 200분이 계시다면 200가지의 해석이 나올수 있는 영화인거 같아요"" 이 말에 격공하게 되는 영화다.우선 간단히만 말하자면 말할수없다.그래도 그 자체로도 너무 좋은 영화. 위로 받기위해 한번더 보러간다 꼭.  "
20170605,9,"솔직히 불행이 끝날거라고 보진 않지만, 그래도 어쩌다 행복할 수 있다고는 생각해  "
20170604,10,간직하고 싶은 영화입니다.  
20170604,8,"관람객99%카카오가 그렇듯- 필요한 모든 게 들었으되 필요 없는 것은 아무 것도 들어있지 않은 이 영화는, 그래서 '진짜'다.  "
20170604,8,관람객꿈의 제인.꿈의 행복  
20170604,10,이만한 영화를 만들라고 카메라가 있는 것이다.  
20170604,10,관람객기대많이 안하고 가벼운 맘으로 봤는데 잘 만든 영화였습니다  
20170604,10,다 보고나서 너무 안 슬퍼서 오열을 해버렸다 ㅠ 연출의 섬세함과 천재성을 느낄 수 있었음... 소녀가 꿈꾸는 행복한 순간 꿈은 결국 자신이 겪은 현실을 넘을수 없음을...  
20170604,9,"혼자로 남지 않으려  할수록 혼자가 되는 것 같아 마음이 짠하던,, 배우들의  연기가  진짜 다시 볼 수 있을까 싶은 작품  "
20170604,6,"질 좋은 고사리, 도라지, 시금치로, 너무 짜게 무친 나물이 되어버렸어.  "
20170604,10,구교환님  연기 너무리얼하게  잘하셨습니다  이민지 님  투명한연기  잘봤습니다 너무  멋진배우들  잘봤습니다  
20170604,8,관람객우리 모두 불행하게 오래오래 살아요  
20170604,6,관람객배우들이 너무 매력 있었다  
20170604,10,관람객ㅠㅠ 감독님 넘 따수우신 분. 교환님 보러 갔다가 민지배우에게 치여서 돌아옴.  
20170604,10,관람객한 번 더 보고싶은 영화.  
20170604,10,관람객너무나도 현실적인 영화인데도 영화가 끝나고 밖에 나가기가 겁이 날 정도로 현실과 멀어서 먹먹한 영화였다. 한 번 더 보고싶다.  
20170603,7,돌아오지 않는 대답을 기다리는 간절한 편지.  
20170603,7,"보는 내내 가슴이 답답했다. 가장 보고싶지 않은, 지금도 어딘가 상처 받고 있을 그 친구들의 모습들과.. 가장 날것의 악행과 비교되는 때때로 보여지는 환상적인 장면들.. 영화가 끝나고 그 어떤 관객도 쉽게 일어 나지 않았다. 다들 같은 생각이였겠지.  "
20170603,3,"죽어나가는 사람들 쓸모없는 맥거핀(오라이,미러볼,김밥) 등 굳이 애써 넣을필요 없는 시퀀스들이 거슬렸고 트랜스젠더퀴어 와 청소년 팸 문화를 실존에의 고독으로 설명하고자 했으나 뜬금없는 마이쮸와 갑자기 똑똑한 말들을 무대에서 쏟아내는 제인으로 인해 실패  "
20170603,10,표현할 수 없는 가슴 저림..그리고 웬지 모를 여운..감히 그 간 본 영화 중 가장 큰 울림이 있었노라 말하고 싶다. 배우들의 섬세한 손짓과 감정연기..다시 보고 싶은 영화..처음으로 평점을 등록하게 한 이 영화..  
20170603,8,관람객어둡고 답답한 마음이 들면서도 재밌다.평소 어둡고 부정적인 생각이 많다면 볼만함  
20170603,8,"관람객우리모두가 살아있으니, 꿈같은 제인  "
20170603,8,관람객슬프면서도 무서운 영화  
20170603,8,"관람객어떤 사람들은 사랑할 수 있을까라는 마음에서 써내려갔던 이야기.이방인의 정서를 가진모두에게 위로를 선물해주지만,누구도 결코 쉽고 하찮고가볍고 불쌍하게여기지 않는.몽롱하며 찬란하고아름답지만 슬픈.""인간은 시시해지면 끝이야""  "
20170603,10,관람객성공적으로 불행한 영화  
20170603,9,아름다운 여인을 바라보는 슬픔  
20170603,10,관람객어떤 슬픈 회전운동에 대하여..  
20170603,10,내용이 살짝 긴가민가 햇는데 이 영화는 막 머리로 이해하려고 하면 안되는거 같다 아주 잘 만들었다.  
20170603,8,참 재미있었다. ㅎㅎㅎㅎ.  
20170603,9,꿈의 제인 너무 좋게봤습니다  
20170603,10,좋았어요. 탄탄한 구성  
20170602,9,인간은 시시해지면 끝장이야  
20170602,9,관람객외로움삶은 원래 힘들고 행복은 작은 모래알을 흩뿌릴때 정도라는 것.너무 공감되었다.좋은 영화  
20170602,4,제인은 좋았으나...고답이 여주 때문에 혈압올라 뒷목 잡음  
20170602,8,함부로 단정짓고 판단하는 고정관념이라는칼날 앞에서 더 단단하고 뜨거운 가슴으로칼을 녹이는 용암같은 분출을 보여주는 현실반영 영화  
20170602,8,"관람객단순히 가출팸과 트랜스젠더의 슬픈 이야기로 치부해버리기에는 그들의 불행이 곧 우리가 느끼는 불행이고, 그들이 연대하고 치유해가는 과정이 모두의 그것과 꼭 닮았다. 그리고 구교환 배우에게서 발산되는 모든 것에는 '제인'의 혼이 담겨 있다.  "
20170602,10,별 생각없이 보러 들어갔는데 나오면서 생각이 많아졌습니다.  
20170602,8,외로운 사람들의 너무 가슴 아픈 영화.그래도 죽지말고 불행하게 오래오래 살자... 이보다 더 큰 위로가 있을까.  
20170602,10,"주인공의 이름, 성격 모두 나와 같았던. 내 이야기.  "
20170602,10,관람객제발 불행한 우리모두에게 제인 한줌을.  
20170602,8,관람객보고나서 몸도 맘도 아팠지만 그럼에도 봐야 했던 영화. 구교환 님의 연기가 따뜻했습니다. 불행하게 오래오래 살아요 우리.  
20170602,9,두번본 몇 안되는영화 생각하게하고 재밌게 봤지만인물들이 하나같이 너무 소극적이다  
20170602,1,깊은 여운이 남는 영화였습니다.  
20170602,8,"작품 전반에 흐르는 몽환적인 느낌이 마음에 들었구요, 이민지, 구교환 두 배우 분들의 연기가 대단히 인상적이었습니다. ^^  "
20170602,8,"비교적 잘 만들어진 작품이지만  아쉬움도 남는 작품, 배우들의 연기는 좋았다.  "
20170602,10,매너없는 중년커플이 있었다. 상영중에 시끄럽게 하기에 조용히 좀 해달라고 했더니 놀란 표정을 짓는데 어이가 없었다. 누군가에게는 시간 떼울려 보는 영화지만 누군가에게는 상영날 기다리다 겨우겨우 시간내서 보러오는 영화임을 알아줬으면 좋겠다.  
20170602,9,관람객누군가의 꿈의 제인 그리고 나에게도 꿈의 제인.  
20170602,10,불완전한 제인에게서 받는 완전한 위로  
20170601,9,무슨영화지  하다보니  어느순간 반복되는  편지와 대사들이  가슴을 울리고 있어서  먹먹하다  
20170601,9,무겁지만 담담하게..  
20170601,10,잊혀지지않는 잔상들. 꼭보시길  
20170601,10,정말 보고나면 자꾸생각나요 또보고싶어요 주인공들 매력쩔  
20170601,10,"관람객소현이가 외롭지 않았으면 좋겠다, 제인처럼  "
20170601,1,재밋네요 진짜 강추 완저네  
20170601,10,진행이 친절하지는 않았지만 완성도가 매우 높고 여운이 짙은 영화입니다. 너무 잘 봤습니다 추천bb  
20170601,9,"와...여운이 굉장하네요.요근래 본 캐리비안해적,원더우먼보다 몇배는 좋았음!!흥행요소는 약하지만,작품 입소문으로 많은관객들이 접했음 좋겠네요,  "
20170601,10,"그렇게 제인은, 우연히 구원했다. 어디가 이야기의 시작인지 끝인지 분명히 알수없다. 여기선 그걸 아는게 중요한게 아니다. 비정한 세상을 통과하게 해준 아주 짧은 만남.  "
20170601,10,배우 이석형 연기 좋았습니다!!  
20170601,5,관람객영화가 조금 더 친절했었다면....  
20170601,10,마지막 제인의 대사에 울컥하는 감정을 참기 힘들었다. 그처럼 담담하게 나를 위로해주는 제인을 만나 지금의 삶을 조금 더 버틸 수 있게 되었다.  
20170601,10,누구나 가슴속에 제인 같은 사람 한 명쯤은 갖고 살아가지 않는가  
20170601,8,관람객대사만으로도 많은 생각을 하게 되네요.  
20170601,10,마지막 10분.. 그  10분 덕분에 이 불행한 삶을 살아갈 용기가 생긴다.  
20170601,10,보고나면  내가 꿈을 꿨나? 싶을 정도의 특별하고 이색적인 영화~~~^^  
20170601,10,한국에서 이런 영화 나올 줄 꿈도 못꿨다 정말 세련되고 한국적이고 깊고 진솔한 영화  
20170531,10,계속해서 곱씹게 되는 영화  
20170531,10,보는 동안 너무나 행복한 영화였습니다. 뻔하지 않은 전개와 스토리 그리고 뚜렷한 각각의 캐릭터들. 그리고 중간 중간 별 거 아닌 것처럼 흘러가는 대사들이 왠지 모르게 가슴이 저릿해서 눈물이 핑 돌았어요. 좋은 영화 감사합니다!!  
20170531,10,"관람객불행한 선에서 가끔의 점으로 찾아오는 행복이지만,우리 죽지 말고 불 행복하면서 또 봐요!Un happy  "
20170531,10,너무 재미잇엇습니다 ㅎ  
20170531,10,꿈의 제인을 만난 꿈같은 두 시간  
20170531,8,최소 2번은 봐야 이 영화를 이해할 수 있을 것 같다..  
20170531,10,마지막 엔딩 크레딧의 음악과 함께 빠지는 깊은 여운이란  
20170531,10,오랫만에 과하지 않고 감사한 영화  
20170531,10,관람객보이지 않는 것을 충분히 보여주는 영화  
20170531,10,관람객계속 계속 보고 싶은 영화  
20170531,10,표정 말 한마디 손짓 모든것이 꿈만같고 아름다운 존재 제인.누구보다 아픈 제인에게 우리 모두가 위로받게되는 역설. 아주 오래도록 기억에 남을 영화. 뜨겁게 박수쳐주고싶은 신인감독과 멋진배우들..  
20170531,10,생각보다 작품완성도가 높았던 영화..  
