0,1,2
20190124,10,키세랑 아오미네 페어했을때 눈물을 머금고 봤다..얘네둘이 진짜 사기지..그장면 진짜 전율이었음b 그리고 드씨랑 오바 이런거보면 일상물해도 진짜 충분히 재밌을거같은데 일상물좀 풀어줘요 제발ㅜㅜ 물론 원작 인물관계상 안되는거 아는데 그래도 젭알ㅜㅜㅜ  
20181029,10,뒤늦게 쿠로코 3기까지 다 보고 지금 극장판 보는데 너무 재미있어요. 보면서 기적의 세대가 뭉쳐서 시합해봤으면 좋겠다고 늘 생각했었는데 너무너무너무 재미있네요.  
20180928,10,"깔거면 원작을 보고까세요. 어떤 장르 만화인지도 모르면서 엄연히 다른 만화인 슬램덩크랑 비교하고 오글거린다면서 1점주는건 민폐예요. 기적의세대가 모인다는것 자체로 팬들에겐 10점 만점의 극장판입니다. 차범근,박지성 모여서 축구한다는데 누가 싫어합니까?  "
20180822,5,오글오글의 결정판. 너무 하자너  
20180811,1,미국을 그렇게 까내리고 싶냐~~  
20180723,10,"역시 쿠농 너무 좋아요,,,,ㅜㅜㅜ  "
20180331,10,농구 애니 중 최고bbbb  
20180319,10,다시 한 번 영화관에서 보고 싶을 정도다ㅠㅠ 마지막일 순 없는데ㅠㅠㅠ  
20180224,10,굿ㅋㅋㅋ재미있었음^-^ㅋㅋㅋ  
20180118,10,이거 보고 든 생각이 슬램덩크 지금이라고 산왕전 영화화 했으면 좋겠다 무조건 볼텐데ㅠㅠ  
20180116,10,보면서 울컥했다. 우리 애들 너무 멋졌고ㅜㅜ... 후지마키 센세 골프 끝나면 4기로 돌아와주세요ㅜㅜㅜㅜ..  
20180105,1,만화나 영화에서는 왜항상 미국인들은 상대판을 약하다고생각을하고 깔보는걸까?  
20180103,10,애들아 앞으로도 사랑한다!  
20171230,7,"역시 판타지, 그래도 재밌었다  "
20171227,10,흑흑 테츠야 사랑해ㅠㅠ  
20171226,10,엠페러아이 개멋지네 진심  
20171220,9,관람객새로운 경험!! 같이 응원도 하고 영화보면서 소리도 치고 재미있었음  
20171209,10,관람객그래서 4기 언제나온다구요?  
20171202,8,아직 윈터컵이 끝나고 1년도 채 지나지 않은 시점인데 애들 머리랑 얼굴이 다 바껴버려서 놀람... 아니 그리고 카가미가 그렇게 가버리면 이제 세이린은 강호에서 떨어질 확률이 99퍼 이상이고 그러면 세이린이랑 다른 고교랑 싸우는거는 이제 무리아님..??  
20171112,10,인생 최고의 스포츠 만화.. 기적의 세대가 같은 팀으로 싸우는걸 볼 수 있어서 너무 행복했습니다ㅠ  
20171110,1,쿠로코의 농구 좋아했던 이유가 작화가 엄청 좋아서였는데 어떻게 이 극장판은 TVA보다 퀄리티가 한참은 떨어지는지... 진짜 거의 모든장면이 작붕이었음..  
20171025,1,퍼팩트카피.궁극의패스.서커스슛.엠페러아이..ㅋㅋ그냥 농구는 슬램덩크로 만족 이쯤되면 주성치 소림농구가 나을듯.  
20171025,10,보고싶어요 농구 극장판 tv 에서  
20171025,10,진짜 인생영화였습니다 보면서 진짜로 울컥했네요  
20171025,10,어벤져스 부럽지않은 드림팀. 재각각 천재들이 각성하고 성장한 모습을 완벽하게 볼수있어 좋았다.  
20171021,10,"기적의 세대 입문 카가미,풀코트 거리제안 상관없이 다들어가는신타로,기술카피하는료탸,명령하면 자세무너지는 세이쥬로,쳘벽수비세터아츠시,초야성아오미네,상대방사각지대에서 마치사라지는것처럼 보이는 쿠로코 지림  "
20171020,5,슬램덩크 아류작이란 느낌  
20171012,4,농구를 빙자한 초능력 대결  
20171003,7,시간때우기용으로는 훌륭했음 근데 일본애니에 미국인들은 왜 하나같이 오만과 허세에쩔은 싸가지들로 나오는지 모르겠네  
20171002,10,내심장을치고가버렷다~~~  
20171001,2,쿠로코 시리즈도 갈수록 어불성설. 농구 한판 하는데 별의별 능력이 다 나오더니 이젠 선수들의 미래까지 다 보네  
20170928,10,관람객졸잼 졸잼 핵잼 졸잼 졸잼  
20170925,9,작붕 쩌는데 무슨 작화좋다고 빨고있냐? 눈알 없는가봐?ㅋㅋㅋ  
20170921,10,"시리즈물 극장판인데  오타쿠니 팬심이니 뭘 더 바라는걸까...  1,2,3,기 다본 사람들은 당연히 10점이지.  "
20170822,10,이거는 최고다 이건 꼭봐야한다  
20170822,10,관람객마지막 게임이라서 그런지 화려했네요  
20170819,9,관람객넘나재미있습니다.다음기회에또...  
20170813,10,관람객재미있었습니다ㅋㅋㅋㅋ  
20170813,10,관람객굿!!! 국내에서 볼 수 있었다니~~~  
20170802,10,너무 늦었지만.. 네이버에도 후기~! 라겜 진짜 재미있게봤고  스토리도 작화도 캐릭터들 개성도 너무 잘 살려준것같고 스크린으로 쿠농 볼수있어서 정말 행복했습니다ㅠㅠ라스트 아니라고 믿고싶어요!  
20170729,1,이건 그냥 너무 팬심빨이 아닐까? ㅈㄹ들 하지 마라.  
20170729,10,관람객저는 진짜 재밌게 봤어요  
20170724,10,관람객중요하게볼점 리모컨ㅋㅋㅋㅋ  
20170722,10,관람객슬램덩크 이후 스포츠 만화가 가야할 길!! 쿠로코의 농구!!  
20170708,10,나도 보고싶어요 다시보기 언제나와요 돈내고 볼께요 흑흑 다시보기 영상 올려주세요 개봉한지가. 언제인데 아직도 다시보기가없다니. 말이되나요 흑흑  
20170708,10,이거 언제 다운받을 수 있나요?ㅠ 소장하고싶어요..  
20170707,10,관람객?° ?°(?´▽ `?)°? °?  
20170702,10,내 인생 명작 애니. 끝이 아니길  
20170630,10,와감동적이고좋네요~~  
20170622,10,너무 좋아요 2달동안 너무 행복했습니다 아직 저희는 농구는 안끝났으니 많이 사랑해주세요!  
20170622,10,단순한 애니메이션이 아닌 삶이었습니다... 극장에서 몇십번은 봤지만 이제 정말 헤어진다 생각하니 짠해지네요ㅜㅜ 라스트게임 개봉후 두달동안 너무 행복했습니다. 쿠농애들아 고마워! 사랑해...  
20170621,10,"왜 제목이 라스트 게임인가 했더니... 안돼,,. 가지마...ㅠㅠ  "
20170620,9,관람객정말재밌었지만 슬픈부분을 좀 깊게 살리거나 좀 그랬으면했는데  좀 건너띄는게 있는거같아요 경기씬은 재밌었습니당  
20170618,5,관람객관개들 땜에 집중이 전혀 안되었다.관개들이 더 재밌었음  
20170616,10,관람객재밌고 신나게 잘 관람했습니다~~  
20170615,10,관람객열번 더 보고싶다!!^^¿  
20170615,10,관람객좋아좋아봏아좋아좋아  
20170614,10,관람객보는내내: 출발 드림팀!!!  
20170613,10,관람객구남친 만나러 다녀왔습니다. 아주 잘 커줬네요. ^^  
20170612,10,관람객소장하고 싶어요 아 진짜 너무 멋있어  
20170612,1,오탁후들 평점조작좀 그만..  
20170612,10,관람객최고 ㅠㅠ애들머리를 왜..ㅋㅋ  
20170611,10,관람객재미있었습니다. 쿠로코 멋있어요  
20170611,10,나중에 또 보러가야지 꿀잼  
20170611,10,관람객키세 퍼펙트카피 오졌다... 그 순간만큼은 키세가 코트위의 짱이엿음  
20170611,10,"관람객전 두번봤어요 키세넘귀엽고, 리코도 세련되게나옴  "
20170608,10,관람객최고입니다. 그냥 다른말은 필요없읍니다. 최곱니다. 흐어어엉ㅠㅠ  
20170606,10,관람객꿀잼ㅋㅋ핵잼임깔깔깔  
20170606,9,관람객완젼 대박! 기적의 세대라고 왜 불리는지....내용 멋져여....카가미...미국가서 아쉽지만... 다시 쿠농을 제탕 해야할지덩ㅋㅋㅋ감독님 좋은 작품 감사합니다!!!>< 내최애캐는...아카시><  
20170605,9,"관람객솔직히 좀 기대이하,,,   원작에 비해 너무기대해서 약간의 실망감도 없지않아 있네요.  "
20170604,9,관람객영화 볼만 한 것같아요. 영화관 내 분위기도 좋았고 또 보러 올 것갘습니다. 내일 또 보러 갑니다...  
20170604,10,관람객쿠로코를 좋아하신다면 꼭보세요 저는 눈물까지 흘렸어요 특전은 못받았지만  
20170604,10,감동적이다 쿠로코는 넘 귀엽고 카가미는 미국으로 가고ㅠㅠ 아카시는 엠페러 아이를 재대로 사용할수있게됬고 키세는 퍼펙트카피와 존을 쓴건 존잘이고무라사키는 이제야 재대로 열심히하는 모습이 감동 미도리마 3점슛 성공에 놀람!! 아오미네 카가미와 합꼐 협동  
20170604,5,관람객그냥 그랬어요. 킬링타임으로 나쁘진 않았습니다  
20170604,8,관람객너무 재미있었어요~~  
20170604,10,관람객말이필요없을정도로 재미있다ㅜㅜ  
20170604,10,관람객내가 본 극장판 중에서 가장 완벽한 극장판이었다  
20170603,10,마지막에 헤어지는 장면에서 울컥했다ㅠㅠ  
20170603,10,관람객잼있어요~~애들 짱멋져요  
20170603,5,관람객기대를 많이 했나봐요 그래도 볼만 했어요  
20170603,10,"관람객휴,.또 극장판 내줬으면..ㅠㅠ  "
20170603,8,관람객그냥그래요 그냥그래요 그냥그래요  
20170601,10,관람객갓영화입니다....  
20170531,10,"관람객기적의 세대와 쿠로코, 카가미가 한 팀으로 경기하는 것 자체에 의미를 두고 보면 최고의 작품입니다. 솔직히 스토리는 허술하지만.. 그래도 팬이라면 꼭 보세요!!!  "
20170531,10,관람객마지막이라니깐 너무너무 아쉽네요..계속이야기가 이어졌으면 갠찮을탠데  
20170531,10,"관람객쿠로코의 농구를 아주 좋아하는 한 팬으로서, 감동 깊게 정말 잘 보고 왔습니다.^^ 경기 장면의 역동적인 표현과 사운드도 너무 좋았어요! 라스트 게임 이라는 건 너무나 아쉽지만, 그만큼 감동적이었어요  "
20170529,10,관람객마지막인게 실감난다ㅠㅠㅠㅠ  
20170529,10,기대이상이었습니다 시간나면 또 보고싶네요  
20170529,10,관람객자원이 최고자원이 장발 최고쿠농 라겜 보팔소즈 처음 팁오프하고 게임 시작할 때 카메라워크 되는거 보고 기립박수칠뻔했습니다  
20170527,10,꼭 보고싶네요..으아아ㅜㅜㅜㅜ  
20170527,10,관람객쿠로코 진짜귀여움ㅠㅠㅠ또보고싶다  
20170527,9,"관람객다양한 앵글로 경기가 박진감넘치고, 캐릭터들의 활약과 성장이 골고루 비춰져 재밌었습니다.  "
20170527,10,관람객너무너무 좋았어요 응원상영 처음 이었는데도 너무 좋았고 재미있었습니다!!  
20170527,10,관람객미야지키요시미야지키요시  
20170527,10,관람객진짜 오래 기다렸어요~ 나오자마자 봤는데 평을 지금 올리네요 ㅎㅎ 최고로 좋았어요~ 하지만 이게 마지막이라고 생각하니 아쉽기도 했어요~ 영원히 안끝났으면 했어요~ 감사합니다~ !!  
20170526,10,관람객재미있었어요 또 보고 싶어요  
20170526,10,관람객재밌고 막판엔 감동적 작화도 좋고 음악도 좋았다  
20170526,10,관람객휴 경기장면 좋았기때문에 십점  
20170525,10,관람객최고에요... 마지막이라니 안대 ㅠㅠ  
20170525,10,"관람객재미있었고, 중간중간 흘러나오는 음악도 멋졌고요~쿠로코의 농구의 팬으로서 선물받는 것 같았어요~~!  "
20170525,1,오타쿠 부녀자 영화...  
20170524,1,음....음....  
20170524,10,관람객자 이제 라스트 게임 월드편 내주시고 그 다음에 돌아온 파이널 게임 내주시고 그 다음엔 얼티메이트 게임 내주세여... 흐긓ㅎ구ㅠㅠㅜ  
20170524,10,관람객마무리로 훌륭한 좋은 극장판  
20170523,10,관람객매가박스가 들어오니 애니메이션 극장판도 보고!!너무너무 좋았어용 프리도 상영해줄라나!!  
20170523,10,괜히 쿠농쿠농하는게 아니네요  
20170522,10,원작으로 먼저 봤을땐 그닥 흥미를 못느꼈는데원작보다 연출도 잘했고 아 이럴땐 이 캐릭터가 이런 감정이였구나 를 잘표현해줘서 진짜 재밌게 봤습니당ㅎㅎ 키세키 애들도 이쁘구 쿠농덕이면 꼭 보세욧!  
20170522,10,영화보는 내내 친구와 엉덩이를 들썩였습니다. 정말이지 쿠로코는 슬램덩크를 능가하는 역대급 농구만화라해도 과언이 아닐겁니다. 마지막엔 눈물을 참지못해 친구몰래 우느라 진이 다 빠졌답니다>< 꼭 보세요^^  
20170522,10,"재미 감동 웃음 볼거리 어느것도 놓치지않은 쿠로코팬 아니 농구팬이라면 누구나 봐야할 농구계의 바이블, 대 서사시 꼭 보세요 후.회.하.고.싶.지.않.으.면 팬토무슛!  "
20170522,10,관람객사스가 초능력만화...  
20170521,10,관람객역시 재미잇어요  복수전 짱  
20170520,10,"처음엔 주전자, 끝엔 리모콘  "
20170520,9,관람객오랜만에 보는 이작품 역시 기대치를 저버리지 않는 작품이다  
20170520,10,관람객너무 재밌어요 또보고싶어요  
20170519,8,관람객박진감이 조금 미흡했으나 흥미있다  
20170519,10,관람객역시 쿠농ㅠㅠ 이렇게 끝나서 너무 아쉽지만 역시 쿠농은 사랑임돠ㅠㅠ  
20170519,10,쿠로코와 기적의 세대는 사랑입니다.  
20170519,10,관람객재미있었습니다굳굳굳  
20170518,10,"보면서 나도모르게 순간순간 소름돋고 여운이 긴 이 영화는 내게 있어 인생영화이다. 이 영화를 보고 난 후의 내 인생과 나 자신은 180도 달라졌다. 한번 봐라! 말이 필요없다, 정말!  "
20170518,9,관람객재미있어요 마지막은 감동적이었고요  
20170518,10,관람객지렸다 ㅋㅋㅋㅋ 걍봐라  
20170518,1,막판에 역전승으로 이김 ㅋ 메롱  
20170518,1,AV의 나라에서 만든 영화...친일 매국노 오타쿠들이나 자위하면서 보는게 AV의 나라 애니 지  
20170518,10,관람객쿠로코너무사랑스러워서죽을것같애...  
20170518,10,초등 고학년 아이가 보기에 무척 재미있었다 하네요  
20170518,10,관람객진짜 원작 팬이라면 꼭 한 번 보셔야합니다ㅠㅠ  
20170518,10,다 좋았어요 다 좋았는데 그 농구공 튀는거랑 리모콘! 파워레인져! 이상한 꽃가루!! 개그코드가 안 맞았네요.. 볼때마다 빵터져서 곤란... 아무튼 너무 좋더라구요. 덕뿐에 덕질 좀 다시 하려고함..  
20170517,10,최고다!! 특전도 최고다!! 정말 주인공이 가장 적게ㄴ나오는 애니다!! 테츠보고싶다!!  
20170517,1,어우 쉣! 재미없어욧!  
20170517,1,평점 너무 높은게 이상하네요  
20170517,1,노잼. 이상도 이하도 아님. 그냥 노잼.  
20170517,1,.10덕물  평점1위인거보고소름  
20170517,1,왠지 평점 조정해야 될 것 같다.  
20170517,1,무슨영화야이게 깜짝아  
20170517,10,키메로오오오오!!!  
20170517,1,아 덕후들 장난까냐 뭐이딴거르ㅡ  
20170517,1,관람객기대대서 봣는데 기대이하로 정말드럽게재미없었습니다  
20170516,10,관람객쿠로코의 농구 팬이라면 꼭 보길 추천  
20170516,10,솔직히 원작보고 별기대안했다가 그냥 카밍목소리 들으러간거였는데..껄껄 영화로 보니까 느낌이 또 다르네요. 마지막에 포옹한번 해주면 좋았을걸(<<펔ㄱ  
20170516,10,마지막까지 완전 재미!!! 원채 다 잘생기고 기술도 장난없다 완전 추천♡  
20170516,10,관람객굿핵잼이지요역시굿쟙쟙  
20170516,10,관람객나이먹고 와이프랑 처음본 애니 내 최고 입니다  
20170516,10,관람객내 남친 대거등장 ㄱㅅ꺄륵쓰  
20170516,10,관람객정말 재있었어요. 근데 이게 마지막이라는게 아쉽네요...  
20170516,10,"관람객재미, 감동 만점입니다! 엔딩 크레딧후 쿠키영상 있으니 꼭 보시길!  "
20170516,10,관람객우리는 사랑을 했어....  
20170516,9,관람객재밌엇습니다~! 왠지 완결나니 아쉽네요  
20170516,9,관람객마지막은 역시 화려하군  
20170516,10,우울증도 극복하게 해준 인생장르의 마지막을 보게 되었습니다  
20170515,7,관람객너무 뻔한전개 머리 왜그럼 목소리만 괜찮음 산만함 됐어 아오미네 머리가 제일 정상적임 아오미네 짱짱맨  
20170515,9,관람객재미있었다. 농구하고싶다.  
20170515,10,정말 최고입니다 ㅠㅠ. 돈이 하나도 안아까웠어요 쿠로바스 ㅠㅠ ><  
20170515,10,관람객키세 사랑해... 걍... 두번봐... 세번봐  
20170515,10,관람객잘생긴 게 개연성인 나노다요  
20170514,10,관람객특전이 잘 나왔던거 같아요ㅎㅎ  
20170514,10,거의 카가미의 농구같은 느낌이지만 너무 멋있고 박진감 넘치고 쿠로코는 귀엽고 아카시는 멋졌다 이게 마지막이라는게 너무 슬프고 4기까지는 해줘야 한다라는 생각이 들었다  
20170514,4,장난하나 아주 유치하구만  
20170514,10,영화 보면서 계속 눈물 흘리면서 봤네요ㅠㅠㅠ  
20170514,5,관람객전개가 순식간이라 몰입이 잘 되지 않았음  
20170514,10,관람객재밌게 잘 봤습니다~!  
20170514,10,이번 주인공이 아카시 세이쥬로 입니다...활약이 가장 대단했음..  
20170514,10,관람객아카시가 각성하는 장면이 제일 인상깊엇다. 완전 잼있었다.  
20170514,10,관람객특전이 다 소진돼 입장객 2명인 영화관 속 3자리예매의 돈이 의미없이 공중분해되어 눈물 뚝뚝 흘리면서 봤슴미다.. 정말 너무 슬프고 괴로웠지만 히카리들이 예쁘니까 별점 10점  
20170514,10,진짜 경기마다 4번씩은 본 팬인데 정말 감격스러웠어요ㅠ  
20170513,10,관람객마지막이라 슬픈마음으로 보러갔는데 연출잌ㅋㅋ  
20170513,10,관람객절대적인 건 나다예의를 갖춰라  
20170513,10,관람객개잼써요 꼭보새요 인생영호ㅏ임  
20170513,10,관람객팬들은 즐겁게 볼 영화네욬ㅋㅋㅋ  
20170513,10,관람객엄청 재미있었어요 영화상영관 밖에 아오미네 피켓? 이 있었는데 좋았어요!!!  
20170513,10,관람객와 진짜 감동적인부분 귀여운부분이 끝도없이 계속나와서 심장 폭발할까봐 보는내내 긴장을 풀 수가 없었습니다. 정말 재밌게 본 만화인데 극장판이 기대를 저버리지 않네요. 마지막에 연재본에서 볼 수 없었던 부분까지! 한번 더 볼 예정입니다. 특전도 예빠요.  
20170513,10,관람객진짜 완전재밌었어요한번더보러갈정도  
20170512,7,관람객전체적으로 만화에비하면 너무 전개가 빨라서 휙휙지나가는게 좀 많이 아쉽다  
20170512,10,관람객너무 재밌었어요 응원이라 시끄러워서 집중안되긴했는데그래도 가서 보길 잘한거같아요!  
20170512,10,관람객완전히 재밌네요  강추~  
20170512,8,관람객전 원래 워낙 쿠농 좋아하고 책보단 애니로 봐와서 참을만했지만 엄청난 항마력이 필요.아카시 영어하는데 처음에 독일어나 불어인줄알고 오 존멋ㅋ했는데 듣다보니 영어였음ㅋㅋ  
20170512,9,관람객좋았습니다. 다만 드림팀이고 각자 비중있는 캐릭터 밖에 없다보니 다 넣기엔 시간이 부족했던 것이 안타깝습니다. 농구 게임 특성상(제가 보기엔 아마도)  시간을 확 늘릴 수도 없었을 테고 ㅠ  
20170512,10,관람객재밌습니다~~~ 아오미네 최고  
20170512,5,"원작(?), 전작 모르는 사람이 봤을 때 느낌은, 슬램덩크를 기대하고 극장 갔다가 피구왕 슛돌이 본 기분.  "
20170511,10,관람객진짜 완전 꿀잼 이걸 보면 아카시에게 빠지게 됨♥♥ 2번 봤는데도 꿀잼!!  
20170511,10,관람객4번째 보는데  봐도봐도 개재밋음  
20170511,10,짱짱 응원상영 정말 짱짱  
20170511,10,관람객너무 슬퍼요ㅠㅠ 마지막게임이라니... ㅠㅠ  
20170511,10,관람객너무 재밌었고 즐거웠어요재입덕~!~~!~~!  
20170511,10,관람객응원상영 갈꺼면 뒤에 스포 조심하셈 ㅋㅋ 내용도 화려하고 기적의 세대 애들 골고루 나와서 넘 좋았음 ㅠ  
20170511,10,관람객ㅠㅜ최고다ㅠㅠㅠ 사랑한다 ㅠㅠㅠ  
20170511,9,관람객즐겁고 재밌게 봤어요.  
20170511,10,관람객완전 재미있어요!! ㅜㅜ  
20170511,10,관람객쿠로코의 농구 원래 좋아하던 분이 아니어도 재밌게 볼 수 있는 영화입니다. 원래 좋아하고 아직 안 보신 분들은 꼭 보세요 후회 ×××  
20170511,8,관람객내용은 단순하지만 화려한 볼거리가 많아 눈이 즐거워요.  
20170511,8,관람객라스트라고 하지 말아줘  
20170510,10,관람객돈이 아깝지 않았습니다 역시 멋집니다  
20170510,3,관람객?，魔法般的比?，?得我去??超能力再打?球¤?¤  
20170510,9,관람객재밌긴 하드라.... 하하하  기적의 세대 모두가 존에 들어가는 장면을 보고 싶었지만 ㅋㅋㅋ  
20170510,10,관람객살아갈 이유를 하나 더 얻었습니다.. 작화팀 분들 일 열심히 해주셔서 감사하고 이렇게 극장판 상영까지 힘  써주시고 제 삶의 행복의 기운을  불어주신 여러분 들 고생하셨습니다ㅠㅠㅠㅠ  쿠로바스 연재 더 해주세요.. 키세키 더 보고 싶어요ㅠㅠㅠㅠ  
20170510,10,관람객기적의세대가 뭉치는거 보고 너무 좋고  이제진짜 마지막이라고 생각하니 너무 슬프네요  
20170510,10,관람객기적의 세대 모아주셔서 다시 한번 감사합니다  
20170510,9,관람객가장 즐겁게 쿠로코의 농구를 보던 때가 떠올라서 즐거우면서도 쓸쓸했어요.  
20170510,10,오늘도 쿠로코는 여전히 이쁩니다  
20170510,6,관람객농구 좋아하는 사람이라면 그냥 볼만 합니다.  
20170509,10,관람객진짜 쿠농 파시는분들은 꼭 보셔야합니다ㅠㅠ  
20170509,10,관람객진짜 애들 성장때문에 감동적이고 눈물나요ㅠㅠ 꼭 보세요 안보면 후회하실거예요 정말..  
20170509,10,관람객재버워크 낸시빼고 흑인3명 다 아저씨면상이군요.18세 치곤 얼굴이 ㅋㅋ  
20170509,9,관람객먼가 기대 했던 그대로였어요  
20170509,8,관람객그럭저럭 볼만햇음요..  
20170509,10,관람객무라사키바라 개이뻐요 진짜 여신인줄;  
20170509,10,관람객정말정말 재미났어여~~~~^^  
20170509,9,재미있어요  꿈을꾸어야겠어요  
20170509,10,관람객안 봤으면 후회할 뻔 했어요!! 한 순간도 눈을 뗄 수 없었던!!라스트게임이라니요ㅠㅠ이대로 끝내기는 너무 아쉬워요ㅜㅜ  
20170509,10,관람객키세 참사랑맨 잘생겻다  
20170508,10,관람객지루할 틈이 없었던 최고의 영화다  
20170508,8,관람객난 팬도 아닌데 꽤 재밌었음ㅋㅋㅋ작화도 괜찮고  
20170508,10,유후~ 기적의 세대!!!  
20170508,10,영화로 나온거 바로 당일에 알아서 바로 예매해서 봤는데 진짜 보는 내내 너무 흥미진진했음... 진짜 너무 재밌다 기적의세대 뭉쳐진거 보고 1차 두근했다가 아카시 엠페러 아이 때문에 2차 두근했다가 마지막에 카가미 쿠로코 주먹인사 보고 3차 두근했다..  
20170508,10,진짜 재밌어요 다들 성장한 게 보여서 좋아요 감동..  
20170508,10,관람객카가미 돌아와 가긴어딜가.. 쿠로코랑 같이.농구걔속해 못보내ㅠㅠ  
20170508,2,슬램덩크와 같은 감동을 느낄수 없다  
20170508,10,관람객쿠로코의 농구 라스트게임을 보는데에 자격따윈 필요없습니다 8OOb  
20170508,10,관람객이건 솔직히 말하면 쿠농 팬심에서 말하는 것이지만 정말 재미있고 영화 다보고 나올때 정말 보길 잘했다고 생각되었다.  
20170507,10,관람객역시 기대를 져버리지않는 쿠로코ㅋ 완전 신나서봤네요ㅋ  
20170507,10,관람객ㄹㅇ꿀잼 기적의세대 지립니다  
20170507,10,관람객라겜을 안봤던 때로 돌아가고 싶다... 이 것을 처음 봤을 때의 감동을 다시 느끼고 싶기 때문... 아직 안 본 자들이 부럽다  
20170507,10,관람객재밌었어요ㅎㅎㅎㅎ 꼭보세요  
20170507,10,관람객영화관 들어가기전에 휴지 못챙겨간것을 후회했어요  
20170507,10,관람객볼만해요~500500  
20170507,10,관람객쿠농 만화책과 애니가 다시 보고싶어졌습니다ㅎ  
20170507,10,관람객마지막이라니까 좀 짠하네요  
20170507,10,관람객역시 꿀잼ㅠㅠ 이제 정말 마지막화라는게 실감이 안나네요 재밌게봤습니다~~  
20170507,10,관람객같이 뛰는 모습을 보니 역시 뭉클함!  
20170507,10,시간 가는줄 모르고 봤습니다. 아쉬운게 있다면 사과하는 장면이 없네요 ㅠㅠ  
20170507,10,에니메이션의진가를  보여줬네요 아직도 전율이  
20170507,10,ㅠㅠㅜㅠ내쉬 치여왔는데요ㅠㅠㅠㅠ키세 너무 이뻣습니다ㅠㅠㅠ보다가 우느랴 고생했네요  
20170507,10,관람객또봐야지 이건다시볼각  
20170506,10,관람객기모찌하다 팬서비스가아주 만족스럽다  
20170506,10,관람객작년부터 정말 기대 많이했는데 드디어 개봉해서 두 번이나 보고왔습니다 기적의 세대가 이제 완전한 동료로 같이 게임하는 걸 봤으니 죽어도 여한이 없습ㄴ다  이제 정말 마지막이지만 영원히 인생애니일 것이고 기적의 세대는 최애타치들일 거에요  
20170506,10,진심 저는 이런거는 않하는데 진짜 이거는 사랑이에요!!!일반인 친구도 이거보고 입덕을 하였습니다.물론 저도 더 입덕을 당했다고 전합니다.  
20170506,10,관람객역시나 최고였어요ㅜㅜ마지막이라니 눈물날거같아요...오늘보고 정주행 결심했습니다 ..하 기적의 세대를 봐서 너무 좋았어요ㅜㅜ  
20170506,10,너무 재밌고 좋아요 또 보고 싶어요  
20170506,10,관람객상상 이상으로 잘 만들어서 한 번 더 보러 갑니다!  
20170506,8,관람객감동적이고 즐거웠읍니다.  
20170506,10,관람객ㅠ 다음주 또 보러갑니다  
20170506,10,관람객최고임 진짜ㅠㅠㅠㅠ 쿠농덕이라면 꼭 봐야하는 영화  
20170506,10,왜 끝난건가ㅡㅡㅡ 키세키들 더 보고싶다  
20170506,1,오타쿠들이 평점조작하는 b급만화 일반인들은 시간과돈을 이딴일본 만화에 쓰지마세요  
20170506,10,관람객너무너무너무 재밌으므이다.  
20170506,9,관람객재미있었어요~다만 재버워크가 사과하는 장면이 없다는게 좀 아쉬웠어요~^^  
20170506,10,재밌음  농구 좋아하면  ㅋ  
20170505,10,관람객재밋어요 ㅎㅎ애들이골고루 잘나와서 좋은듯함 ㅎㅎ저는항마력이 부족해서 좀 오글거렸지만보는내내 엄마미소짓고 특전도 맘에듬  
20170505,8,관람객쉬는날 그냥 생각없이 봤는데 어쩔수 없는 만화적 요소가 있긴해도 재밋게봤습니다  
20170505,10,관람객지금 현재까지 4번째 본건데도 재밌고 담주에 또 보러올 생각입니다 영화를 보면서 소름돋았던건 처음이었네요 근데 키세가 너무 활약이 적어서 아쉬웠습니다 ㅜㅜ  
20170505,10,관람객재미지게 봤어요 아이랑 같이 봤는데 아이도 재밌다네요추천합니다~  
20170505,9,관람객너무제미있는애니~~^^  
20170505,10,관람객재밌었습니다!!후편도 있으면 좋으련만...ㅠㅠ  
20170505,9,관람객짱 재미있었어요. 속편이 나왔으면 좋겠어요.  
20170505,10,관람객요즘 농구에 빠진 아들래미랑 넘나 재밋게 봤어요 어린이날 선물 시작으로 완벽 !!!!  
20170505,10,관람객너무 재밌었요 제 인생에 가장 인상깊은 만화구 더 보지 못하는게 너무 아쉬워요ㅠㅠ  
20170505,10,짱짱~!!!엄청 재미있당  
20170505,10,관람객완전 재미있고 신났습니다  
20170505,10,관람객죽ㄱ여주세요....얘들아 죽여줘  
20170505,10,관람객OO...ㄴㅏㅣ  보쿠...  
20170505,10,쿠로코플레이가 많이 안나왔지만...또보러 갈꺼야...  
20170504,10,관람객상영관에서 나올때 짠했네요 ㅠㅠ  
20170504,10,"관람객쿠로코의농구...인생애니인데ㅠㅠㅠㅠ보내기는 아쉽지만, 마무리까지 너무 잘맺은듯합니다.  "
20170504,10,이걸로 정말 끝인가요??ㅠㅠ  
20170504,10,관람객인생 최고의 영화! 추천합니다!  
20170504,10,후회 업는 인생이었어요....내일도 볼거에요...  
20170504,8,관람객좋은데 어캐 한시간 내내 농구만 해 이 농구빠돌이들아....연애도 좀 해....  
20170504,10,관람객ㅋㅋㅋㅋ....진짜 웃긴데 느므 멋있셩ㅜ..♡ 아츠시 팔 부러질 때 울었다...진심 울었다...흐엉엉ㅜㅜㅜ 다시 보고시프다...특전 오지구엿  
20170504,10,관람객완전재밌었어요!!!  
20170504,10,관람객엑스트라게임에서 추가된 이야기도 있고 재밌습니다  
20170504,10,관람객ㅠㅠ마지막에 울었습니다  
20170504,10,관람객감동 그자체ㅠㅠㅠㅜ 너무 좋았습니다.  
20170504,10,관람객박진감이 진심대박!!!ㅋㅋㅋ 세상진지 하다가 리몬콘 ㅋㅋ  
20170504,10,관람객정말짱이내요..ㅠㅠ  
20170504,10,관람객메가박스 언제나 감사합니다!! 정말 애들 하나하나 너무 예쁘구... 3주차도 찍으러 가야겠네요ㅠㅜ  
20170504,10,관람객감동이네요!! 키세키즈 눈물이 나네요ㅠ  
20170504,10,관람객무라사키가.별로안나와서..좀.슬펏지만....너므재밋어요..ㅜㅠㅠ  
20170504,10,관람객추천합니다 쿠로코의 농구 극장판을 한국에서 볼 수 있어서 기뻤습니다^^  
20170504,9,관람객만화책으로 먼저 이 내용을 보았지만 제가 생각함 그런 강약이랄까.. 그런게 좀 부족해서 살짝 아쉬웠습니다 극장판이라 그런지 너무 흐름을 빠르게 한거같아서 그것두 좀 아쉬웠네요 그래도 역시 쿠로코는 애니로 봐야 재밌는것같아요!  
20170504,10,관람객재미있었습니다! 다시 보고 싶어요 ㅠㅠ  
20170504,10,농구를 좋아하고 쿠로코의 농구 팬으로써 이번 영화는 최고입니다 ㅎㅎ  
20170504,10,관람객꿀잼 스토리도 재밌고 아카시님도 멋있었고 전체적으로 재밌었음  
20170504,10,관람객쿠로코의 농구좋아하시는분은 한번씩 보셨으면 좋겠어요!!  
20170504,10,카메라워킹 개쩜 키세러브  
20170504,10,으아...진짜 진짜 좋았어요... 근데 스포해도 되나요 나의 카가미....ㅠㅜㅜ  
20170504,10,관람객존나재밌음 먼 말ㅇ필요함 개재밌음  
20170504,10,ㅠㅠ2시간 걸려서 보러간 것이 절대 후회 되지 않았고 정말 최고였어요ㅠ기적의 세대가 뭉치는것 뿐만아니라 애들이 하나하나 섬세하게 변한 모습이 너무너무 감동적이었습니다최고였어요!  
20170503,10,관람객일본에서 보고왔지만 한국에서 개봉해주니 너무 좋았어요ㅠㅠㅠ거기다가 자막도 중간중간 얼굴 가리지않게 다른쪽으로 해주신점더 너무 좋았습니다  
20170503,10,관람객키세키들의 성장을 종합적으로 잘 보여주는 제일의 최종편이 아니었나 싶습니다! 키요시랑 니지무라가 짤린게 좀 아깝기는 하지만 ㅠㅜ 쿠로코의 농구 애니를 재밌게 보신 분들은 꼭 보시길 바랍니다!  
20170503,10,관람객너무 감동적입니다. 다시 한번 보고 싶어요~  
20170503,10,ㅠㅠ 일상물이라도 더 해주세여 진짜 마지막이라 생각하니 눈물나와여 ㅠ  
20170503,10,관람객아카시킁...사랑해요..타츠야....널 잊지못해  
20170503,9,관람객아이들 모두 만족하네요  
20170503,10,"관람객정말 최고다. 작화부터 내용까지 정말 완벽하다. 솔직히 만화에서 나온 모든 장면들을 넣는 것은 무리지 않을까 라는 생각을 했는데, 정말 그런 생각이 부끄러울 정도로 완벽하게 영화화 됐다. 쿠농 팬이라면 추천한다. 특히 2차 파는 사람들, 꼭 봐야한다!  "
20170503,10,"관람객칭구대신 봤는데! 처음엔 모르는 애니라서 재미없어는데~계속봐보니까! 재미있었어여! 제가 좋아하는 성우(오노 다이스케, 카미야 히로시, 스와베 쥰이치)가 나와서 좋았어여! 특전갖고싶어는데..떨어졌다고 해서 내일 또볼꺼에욧!  "
20170503,10,와  진짜재밌다 이건봐야함  
20170503,6,관람객일본문화를 좋아하는 4학년 아들과 함께 봤어요.감성디테일 일본애니였네요.  
20170503,10,라스트게임 보면서 아 진짜 이제 끝이구나 하는 생각에 너무 아쉬웠음스토리 더 나오면 좋았을텐데.... 너무 아쉬워요 ㅠㅠ 극장판 너무 재밌게 봤어요  
20170503,10,관람객진짜 마지막이라는 게 너무 느껴져버렸습니다 카가미ㅠㅠ 리모컨이 너무 웃기구... 마지막 승리컷을 찍었어야하는데 폰을 들자마자 내려갔더라구요 하지만 예뻤으니 ㅠㅠ 역시 한 번 더 봐야할 것 같습니다 잘 봤어요!  
20170503,10,이 영화를 보고 제 수학 점수가 30점 올랐습니다 ㅠㅠ 정말 인생 영화 추천 bb  
20170503,10,포토타임 없는데 비매너관객이 자꾸 엔딩카드 사진 찍네요. 당당하게 후기도 썼네..허..  
20170502,10,애니메이션 아무리 흥행한걸 봐도 두번볼땐 잤는데 이 영화는 안그래요  
20170502,10,관람객개꿀잼이니깐 다들 한번씩 보세유  
20170502,10,관람객마지막인데 아쉽기도 하고 재미었어요시간이 안가고 계속 했으면 좋겠네요  
20170502,10,관람객마지막이라니 아쉽지만 정말 짧고 임팩트 있게 마무리를 한것 같다  
20170502,8,관람객뭔가 한편에 꽉꽉 눌러담느라 전개가 빨랐지만 좋아하는 캐릭터들을 볼 수있어서 좋았습니다  
20170502,10,관람객추억이 새록새록 돋네요...  
20170502,6,관람객쿠농볼때 작화면으로 안불편하다니 대단히 감격적이었고 라스트게임을 극장판으로 내주다니 대박적이었으며 키세키가 모인것을 보고 눈물흘렸음 아카시의 정신병을 모에화하는 것과 약간의 오글거림이 별점을 깎아먹는다  
20170502,10,관람객진짜개굿 완전잘만듦 미친 또예매합니당  
20170502,10,관람객심장 갈렸습니다.. 아오미네는 갈수록 회춘하는거같네요  
20170502,10,관람객키세 성장만 봐도 가치 있었어요ㅜㅜ  
20170502,9,관람객잼잼잼잼재밌음ㅋㅋㅋ  
20170502,10,29번 정도 더 보면 질릴 것 같다  
20170502,9,관람객재미있었습니다. 즐겁게 봤어요.  
20170502,7,관람객농구를 좋아하기에 보게된 만화ㅋㅋ약간 오글거리긴 하더라ㅋㅋ  
20170502,9,관람객다 좋은데 연출이... 굳이 그렇게까지... 그것 말고는 뽕 차는데 최고입니다 캐릭터 개멋있음 캐가 하드캐리  
20170502,10,다 좋은데 우리 니지무라선배는 왜 안나오시나요...  
20170502,10,관람객판타지력이 더 상승한 쿠로코농구였슴다 자꾸 슛할때 리모콘보여줘서 빵터졌음ㅋㅋ  
20170502,10,관람객아주 재밌었어요 ㅎㅎㅎ  
20170502,10,관람객ㄹㅇ개꿀잼 조금마지막이아쉽긴한데 경기가정말재밋음  
20170502,9,관람객이대로 끝이라니 너무 아쉽다 기적의 세대랑 카가미 쿠로코의 미국도전기로 후속작 나와줬으면...  
20170502,1,"일본 쪽빠리들꺼라 평점 최대한 낮게 준다. 1점도 아깝지만, 더 낮은 점수가 없음.ㅠ  "
20170502,10,관람객정말 재밌었어요~~!  
20170501,10,관람객후지마키 당신은 천재야  
20170501,10,관람객보세요...애들 잘생겼다...  
20170501,9,관람객아카시의 대사와 BGM은 지렸따....  
20170501,10,관람객짜앙 재밌어서 진짜 넘 좋다!!♡  
20170501,10,진짜 마지막 4쿼터 30초 남았을때가 긴장감이 들었던 영화... 결국 보팔소드의 역전승으로 이겼을때가... 재밌었던 기억...  
20170501,10,관람객너무 멎져요 아카시하고키세가각성했어요  
20170501,9,관람객미도리마랑 키세 작화가;;  
20170501,10,후속편 NBA 가 나오길  
20170501,10,관람객딱 조금 오글거리지만 잼씀  
20170501,10,관람객오늘도 쿠로코는 요정같고 아오미네는 섹시하고 카가미는 박력 터지고 키세는 잘생겼고 아카시는 숨멎할거같고 미도리마는 리모컨을 들고왔고 아츠시는 귀여웠습니다  
20170501,10,시합위주로 만들어진 영상이라 그런지 볼 때마다 작붕이 눈에 띄기도 했고 제 입장에선 작전 회의하는 부분도 있었다면 좋겠단 아쉬움도 있었습니다. 하지만 전체적인 스토리는 정말 좋았습니다. 관점 포인트라 한다면 역시 시합이겠죠^^  
20170501,10,정말 재미있게 봤고 승미진진했어요~저는 그중에서  아오미네 가  제일 좋았어요그리고 극장판이또 나왔으면 좋겠지만  이게 마지막이면아쉽네요 ㅠㅠ  쿠로코의농구 극장판 보고  저는 시리즈를  다시 봐야겠어요^^  
20170501,10,관람객기술도좋고 내용도 흥미진진했다  
20170501,9,관람객그냥저냥 볼만했습니다  
20170501,10,관람객재밌게 잘 봤어요~~~  
20170501,10,정말 재미습니다 쿠로코의농구가 마지막이라니 정말 믿기지가 않네요 무튼 정말 마지막장면에 노래가 흘러나오면서 그장면에 정말 심장뛰었습니다 다시한번 보고싶은 영화입니다  
20170501,10,정말 재미있게 잘 봤습니다.한 번 더 봐야될 거 같네요.  
20170430,10,기대이상의재미입니다.강추  
20170430,10,관람객넘나 재밋어요bb 키세한테 치이고 갑니다..♥  
20170430,10,관람객하 진짜 완저 사랑해요!!!!  
20170430,7,관람객원래보던 작화가 아니라 약간 실망했지만 재미있게 봤습네ㅋㅋ  
20170430,10,관람객정말퐌타스틱하고재밌네요  
20170430,10,관람객정말 재밌어요!! 대박이에유ㅠㅠ  
20170430,10,관람객꼭보세요 진짜 재밌습니다  
20170430,10,엑스트라게임내용이랑같지만좋았고좋았어요마지막라스트게임인이유를알것같았음..ㅠㅠ  
20170430,10,LAST AND BEST  
20170430,8,관람객기적의세대가 오랜만에 한팀이 되어 뛰는것을 본것이 너무 좋았어요^^  그리고 마지막의 역전플레이!!! 너무 짱이얘요  
20170430,10,안봤으면 큰일날뻔 했어요. 시험끝나자마자 달려가서 본 의미가 있었어요  
20170430,10,관람객넘 잼있어요 다음 영화도 봐야겠네요  
20170430,10,섭섭하지만 아쉽지 않은 라스트. 키세키들 누구하나 빠짐없이 띄워주고 눈부신 조합들을 볼 수 있는게 정말 볼거리다... 그래도 역시 마지막은 슬퍼 ㅠ.. 쿠로바스는 끝이지만 너희의 농구는 열린 결말이다... 사랑했다 얘들아 !!  
20170430,10,Good~~~~!!  
20170430,10,"관람객기존 만화책과는 다른 빠른전개에 좀 아쉬웠지만, 라스트게임 에피소드를 1시간30분동안 적절히 배분하였고 아카시가 다시 하나로 돌아가는 장면과 존에 들어가는 등, 주요 씬들은 화려하게 묘사한점이 훌륭했습니다.오랜만의 극장에서 재밌는거 보고갑니다^^  "
20170430,10,다시한번보고싶다...  
20170429,10,관람객죽어도 여한이 없어요...  
20170429,10,아 정말 쿠농은 인생입니다.. 제 인생을 전부 바쳤어요ㅠㅠ 끝나지 말아줘..라스트라니.. 2주차 3주차도 기대하겠습니다 쿠로바스사랑해♡♡  
20170429,10,쿠로코의 농구를 재밋게 본 사람에게는 최고일 것 같아요. 스토리도 작화도 꽉 채운 느낌입니다.  
20170429,9,관람객오랜만에 쿠농보네요.. 정말 보는내내 소름돋았습니다 그러나! 좀 더 자극적인게 나올줄 알았는데 끝내 안나왓네요ㅠ  
20170429,10,관람객재밌습니다재밌습니다  
20170429,10,진짜 기대 이상으로 재밌었습니다. 예상치 못한 전개에 울기도 했으며 꽤나 고퀄이라서 감탄하기도 했습니다.  
20170429,10,"관람객기적의 세대, 카가미랑 쿠로코 그 누구하나 멋있지 않은 애들이 없었어요! 영화 한 번 더 보고 특전도 하나 더 받고싶네요ㅎㅎ  "
20170429,10,관람객님들 이건 꼭 봐야되요애들 진짜 너무 이뻐요  
20170429,10,극장판이라서 그런지 영상이 너무 좋았어요!경기 시작부터 끝까지 앵글 돌아가는 장면들 너무 좋았고 포스터랑 다르게 캐릭터 얼굴이 그렇게 늙어지지않아서 다행이었네요...!  좋아하는 작품인지라 너무 감동적이게 봤고 다음주에 또 보러가야할 것 같아요!!  
20170429,10,진짜 재미있게봣어요!!! 진짜 다같이 농구했으면 좋겠다라고 생각했는데 이런 극장판이 나오고 너무 좋네요!1  
20170429,8,재미있었습니다 잘봤습니다  
20170429,10,원작이랑 마지막이 좀 다르긴하지만 재미 있었음 원작은 엑스트라게임 극장판은 라스트게임 왜 라스트게임 인지 알았음 카가미가 떠날줄이야 다른 기적의 세대도 미국가겠네  
20170429,10,관람객최고의 마지막 게임이었다. 슬플정도로.  
20170429,10,너무 재미있고 기적의 세대가 한팀으로 경기를 하는것을 보아서 너무 좋았습니다.!!  
20170429,10,관람객완전 재미있었어요!! 빨리가서 특전도 받았답니다~ 아카시가 나왔으면 더 좋았을텐데ㅠ 제 친구랑 같이봤는데 친구가 미도리마 나왔다고 재밌으니까 또봐야겠다면서 표를 사고 특전을 받았는데 카가미가 나왔다면서 좋아하더라구요ㅎ 결론은 쿠로코의 농구 짱~~!!!  
20170429,10,관람객최애성우가 아카아시라 목소리 들으러 간거였는데 완전 반했어요  
20170429,10,다들 고마워...!! 쿠로피요 특전이 나오는  그날까지 화이팅..!  
20170429,10,최고존엄 이즈키 ㅠㅠ 드립도 안나오다니  
20170429,9,관람객스포츠물 특유의 오글거림을 참을수있다면 가장 재밌는 영화임농구경기 묘사를 잘한것같고 테이코중 키세키시절 관계성을 파는 사람이라면 감동도있음특히 자막 위치가 장면마다 위치가 바뀌길래 웃겼음ㅋㅋㅋㅋ 자막으로 그림체를 가리지않으려는건가싶기도하고  
20170429,9,관람객스포츠물 특유의 오글거림을 참을수있다면 가장 재밌는 영화임농구경기 묘사를 잘한것같고 테이코중 키세키시절 관계성을 파는 사람이라면 감동도있음특히 자막 위치가 장면마다 위치가 바뀌길래 웃겼음ㅋㅋㅋㅋ 자막으로 그림체를 가리지않으려는건가싶기도하고  
20170429,10,농구판 썬더 일레븐이자 농구애니 역사에 한획을 그은 쿠로코가 이리 나오니 너무 좋았드...아  
20170429,10,슬램 덩크 극장판들 못지 않다...원작도 슬램덩크나 리얼 못지않게 재밌지만  
20170429,10,관람객제 인생은 라겜을 보기 전과 후로 나뉩니다 아직 새인생을 찾지 못하신분들 하루빨리 라겜을 보고 다시태어나세요  
20170428,10,"너무재밌었다미도링리모컨넘귀여워아츠OO부러져써ㅠ아카시엠페러아이,두인격체가하나된순간왠지모르게울컥넘귀엽다!사스가완결나도덕질가능한이사랑스런만화왜라스트야더만들어ㅠ보팔소드넘사랑스럽다키세키&세이린그림자빛타카오,휴가벤치행너무불쌍ㅠ특전적흑이다?카가미미국가지마ㅠ  "
20170428,7,관람객액션이 좋았으며 입체감이 생생했다  
20170428,9,관람객기적의세대랑 세이린고교 마지막으로 게임하는거보여줄줄알았는데ㅜㅠㅠ그래도 재밋었음  
20170428,10,관람객스릴100시간가는줄몰랐네요  
20170428,10,관람객이대로 끝이라니 인정못해 ㅠㅠㅠㅠ  
20170428,10,관람객진짜 하나하나에 고컬이고 진짜 다...말을 못할정도로 웃고 울고 감동하고 진짜 최고임!!!  
20170428,10,재미따잼미쨈재미재미잼  
20170428,10,관람객팬분들 국내 상영할 때 꼭 보세요 ㅠㅠ!!  
20170428,10,관람객보면서손에 땀이 나게 되네요!!^^ 재밌게 본것같아여!!  
20170428,10,관람객아... 만화책 내용말고도 내용이 더 있어서 너무 좋았어요!!ㅜ  
20170428,10,관람객말이 필요없다 와서 꼭 봐라  
20170428,10,관람객쿠농덕후라면 꼭! （?∇?）  
20170428,10,관람객아주 재미있게 잘 봤습니다. 음악이 잘 어울리네요 좀더 집중 할수 있게해준 ㅎㅎㅎ  
20170428,10,기대하지 않고 봤는데 생각보다 너무 재미있었어요 ㅎㅎ  
20170428,10,"누군가 이번 극장판이 스포츠 애니메이션의 금자탑이라고 했는데, 진짜다.... 볼 때마다 새로운 장면이 보이고 여기까지 성장한 아이들이 너무 기특함ㅠ.ㅠ  "
20170428,10,애니 재밋게봤으면 꼭봐야하지  
20170428,10,퍼팩트카피에 존까지 들어가면 어쩌라는거야 완전 사기얌  
20170428,10,와 진짜 재미있어요 ㅠㅠ  또보고 싶어집니다 ㅠㅠ  
20170428,10,관람객너무 재밌고 좋았어요~ 마지막이 이별인게 쿠농 완결을 의미하는것 같기도해서 너무 마음 아프고 슬펐지만 마지막까지도 좋은 시간을 가질수 있어서 너무 좋았어요~ 특전도 너무 좋고 또 보고싶네요!  
20170428,10,"와 진짜 역시 production IG 작화 진짜 잘 뽑고 애들 경기하는데 앵글을 진짜 와 공 많이 들였구나 진짜 오졌다 보는 내내 연속 감탄함. 손에 식은 땀나서 경기 직관하는 줄, 옆에서 알람 울렸다는데 진짜 쿠농에 엄청 집중하느라 소리도 안들렸음  "
20170427,10,이건 무조건 아니....아~ 몰라. 그냥 이유없어 봤 그리고 영화관에서 애니로 봤을떼 그 전율을 늦겨 그개 답이다.  
20170427,10,아 성우진 만족스럽다너무 좋다  
20170427,10,관람객쿠로코와 카가미 ㅠ  기적의 세대의 마지막 활약이 볼수있어서 너무 행복했어ㅠ  
20170427,10,패왕색 끝판왕이자 최종보스 청봉이ㅠㅠㅠㅠ진심 애니 디버프 싹 다 리벤지할 만큼 잘생겼고ㅜㅜㅜ베상 목소리 고급진 꿀같다 ㅠㅠㅠ해어나올수가 없어  
20170427,10,관람객관전포인트 '리모컨'  
20170427,10,관람객아카시님 저를 밟고 지나가주세요  
20170427,10,와 쿠로코의 농구 재밌게 봤는데 진짜 기적의 세대 합친 거 진짜 대박입니다. 영화관 가서 꼭 보세요!!  
20170427,10,관람객ㅠㅠ진짜 진짜 아카시 개치임  하 솔직히 이건 키세를 위힐거임 말이 안돼  
20170427,10,관람객쿠농 극장판 최고에요!! 아니 카가미(와 기적의 세대)의 농구가 맞으려나.. N회차 뛰세여~~  
20170427,10,만화로 본 것보다 훨씬 재미있었고 특전도 너무 좋았구 쿠농 다 보고 한동안 허전했었는데 이렇게 또 기적의 세대랑 다른 애들도 모여서 너무 좋았습니다!! 이제 정말 끝났다는게 너무 안타깝네요ㅠㅜ 작가님 다음 작품은 골프 소재라는데 그것도 잘 보겠습니다!  
20170427,10,너무 재밌게봤어요ㅠㅠ무엇보다 작화가 쩔어줍니다 여러분..움직이는거하며..만화로는 표현이 안되는..!!!  
20170427,10,관람객계속봐도 질리지않는 애니고 기대하던 극장판입니다  
20170427,10,관람객ㅎㅎ재미잇엇었어요^^  
20170427,10,관람객마지막 장면ㅠㅠ 감동이다..  
20170427,10,관람객아카시 너무 멋있어요ㅠㅠ  
20170427,10,관람객2주차 가야디^^  정주행 해야디  
20170427,10,관람객농구바보들아 다시 만나 반가웠어!!  
20170427,10,관람객애들 전부 너무 이쁘다ㅜㅜ...  
20170427,9,관람객원작 그대로 진행됐다면 10점인데 약간의 오리지널 설정이 들어갔으니 1점 빼고.  
20170427,10,평생 농구하면서 행복해야해 ㅠㅠㅠㅠ....ㅠㅠㅠ  
20170427,10,아아 쿠농 너무너무너무좋아요ㅠㅠ 기적의세대가 다 같이모여서 농구를하는 기적에 씬을 보게될줄이야ㅠㅜ하진짜 왜 왜쿠농 완결낸거에요 왜!!ㅠㅟㅠㅠ하 쿠농 너무좋아요 꼭보세요ㅠㅠㅠㅠ  
20170427,10,관람객키세에에에에~~~~!!!!갸아아아악  
20170427,10,관람객마지막에빵터져서나옵니다ㅋㅋㅋ  
20170427,10,진짜 완전 재밌었어요ㅠㅠ 다음주에도 그 다음주에도 계속 보러갈거예요ㅠㅠ  
20170427,10,쿠로바스팬이라면 꼭 보시길바랍니다아!!! 너무 좋았습니다!  
20170427,10,관람객쿠농팬이시라면 꼭 보세요!! 여재껏 해온 덕질의 시간이 마무리되는 기분이라 속상하고 아쉽기도 하지만 이쁜 우리애들 응원하면서 모든걸 보상 받는 느낌이었어요ㅠㅠ 라스트 게임이 라스트가 아니길 빌며 앞으로도 함께이길~!!  
20170427,1,내가 1점좀 달면 안되냐?  
20170427,10,너무 좋았어요....여운 남아요ㅠ  
20170427,10,한국개봉 너무나도 기다렸습니다. 무엇을 기대하던 그 이상! 작화도 스토리도 감동도 최고예요~! 대박나길~!!  
20170427,10,관람객기적의세대가 뭉치는거 보고 너무 좋고 울컥했어요감독님 감사합니다 최고였습니다!!!!선수들 모두 활약해서 좋았어요~~  
20170427,10,관람객하 꿀잼이었습니다 마지막 결말 찌통ㅜ  
20170427,10,관람객이제진짜 마지막이라고 생각하니 너무 슬프네요.. 후지마키센세.. 좀만 더 질척거려줘.. 골프만화끝나고 일상물이라도...ㅜㅜ  
20170427,10,제작자 이름들과 ost가 동시에 지나가고 마지막에 애니움짤 지나가고 나서 '기념 단체 승리컷' 이 나와서 찍을라 하는데 너무 빨리 스크린 내려서 못찍었다... 관객-빨리..빨리 카메라..카메..(스크린 내림)- 아아...아..!  
20170427,10,영원히 안끝나기를 바라고 있었는데ㅠㅅㅠ왜 라스트 게임인지 알게되면 모두 울거예요 꼭 보세요!!  
20170427,10,관람객역시 꿀잼! 또 보고 싶네요ㅎㅎ  
20170427,10,관람객작화도 좋았고 박진감이 넘침.  
20170427,10,기대기대!!!! 기다렸어요 꼭 돈주고 영화보러갈꺼에요!!  
20170427,10,꿀잼예약이에요 ㅋㅋㅋ 이거기다렸음  
