0,1,2
20180913,10,정은지짱!!!^-^♥♥♥♥  
20180801,10,애들이랑 보기에도 너무 좋고 보는 내내 스토리도 몰입이 잘 되서 너무 재미있게 봤어요2도 나왔으면 좋겠어요  
20180622,2,재미없고 지루해요. 아이도 집중을 못할정도  
20180609,9,방금 티비로 봤어요 재밌어요!!  
20180506,3,재밌는 애들 애니가 얼마나 많은데...지루함  
20180325,1,애들이 보기에도 재미없었어요 계속 졸리고 이거보다 리얼에 김수현은 얼굴보는게 더 재밌어요  
20180310,8,아이들이랑 재미있게 봤어요  
20171002,9,아이들이 좋아하네요   재밌었어요.  
20170811,8,관람객애들이넘좋아하네요 저도 재미있게봤구요  
20170803,5,관람객딸이 재미 없다고함 초 4  
20170802,10,비글 키워서 그런지..너무나도 묘사를 잘했다는 생각이 든다. 필사의 탈출 패러디 짱. 최고  
20170729,10,넘 재밌었어요 다시보고 싶어요  
20170624,9,관람객의외로재미있게 봤네요~^^  
20170617,7,관람객반려동물에 대한 사랑을 느꼈다  
20170617,7,관람객아이들두잼 잇어라하고 잼낫어요  
20170612,8,관람객아이들과 재미나게 봤었어요  
20170610,2,내용은 그렇다치고 진짜 재미 더럽게없네...ㅋㅋㅋㅋ  
20170608,3,강아지 나왔다고 아동용이란 법은 없다  
20170603,10,관람객강아지가 너무너무  귀엽습니다  
20170526,8,관람객마이펫오지너무재밌게봤어요  
20170506,9,관람객아이들이 너무 재미있게 보았어요  
20170427,5,관람객생각보다 별로 예요!!  
20170426,4,재미있게 잘 봤씁니다.  
20170414,10,관람객재미있네요.애들하고보았는데 좋아합니다  
20170325,9,관람객즐거운영화였어요  재밌게잘봤읍니다  
20170324,5,큰 재미는 없었지만 잔잔하니 그럭저럭 볼만하네요 평점이 영화에 비해 높은 것 같습니다  
20170323,8,관람객아이들이 나오면서 재미있었다고 하네요  
20170319,10,너무 재밌네요 남도형 성우분과 정은지씨가 더빙을 잘하네요 예쁘고 ^^  
20170317,8,관람객아이들이 재밌게 잘봤습니다  
20170316,7,관람객아이가 재밌어하네요. 스토리가 독창적이진 않지만 귀여운 캐릭터들로 그럭저럭 괜찮아요.  
20170314,6,관람객전체적인 내용은 좋았으나 아이들이 보기에는 조금은지루한감이 있음  
20170312,9,관람객아이들과 보기 괜찮은 영화였어요~~  
20170312,8,관람객아이들데리고볼만했습니다~~  
20170311,10,관람객동생이 재미있다고 말하네요.  
20170311,8,관람객아이들 보기에 좋아요.  
20170311,7,관람객아이가 너무 좋아했어요  
20170311,6,관람객생각보다 웃음유발 장면은 없었네요  
20170310,6,"관람객다섯살 남아도, 마흔줄 엄마도 웃음포인트를 찾지못한 만화였습니다...  "
20170310,5,관람객기대를 안한만큼 별 감흥을 느끼지 못했어요 그치만 5살 우리딸은 좋았다고 하네요!! 우리딸과 첫영화라 기억에 많이 남을듯합니다^^  
20170306,8,관람객무난하고 킬링타임으로 좋네요  
20170306,10,관람객애들이 좋아하고 어른도 지루함없어요 ㅣㅣ  
20170305,9,재미있어요.감동도 있구~  
20170305,1,2017년 작품이라는게 믿어지지 않을 정도 0점으론 평가가 안되서 1점 드립니다^^  
20170305,5,관람객많은생각을하게하네요 참 아이러니하게 인간사를 다루듯 참 슬프기도하고 6살아이에게 머라고설명을해야할지 ...  
20170305,8,관람객어른들이 봤을땐 재미있다ㅡ수준은 아닙니다.5살된 딸아이가 무난하게 볼수있었어요  
20170305,10,관람객재미있다재미있다재미있다  
20170305,8,관람객애들이.. 넘 좋아하네요 ㅎ  
20170305,6,관람객중간 내용이 지루함 마지막내용은 너무 짧음  
20170304,8,관람객교훈도 있고 재미있었네요  
20170304,5,관람객조금 지루했어요 내용이 좀 부족  
20170303,10,관람객마이펫오지 달려요~ 캐릭터도 귀엽도 스토리도 탄탄하고 커버 노래도 좋아서 눈과 귀가 행복했다!!  
20170303,10,관람객개는 주인이 미우나고우나 항상 주인을 잊지 않는것을 알게되었습니다. 보시면 후회 하지 않으실겁니다.  
20170303,10,관람객아이들과좋은시간보냈네요현실같은이야기  그치만 아이들보는거라 수준에맞춘 잘만들어진영화인거같아요  
20170303,7,관람객나름 재미있어서 잘봤어요.  
20170302,6,관람객다소 지루.화면 질이 그닥 좋지않음대사처리도 늦은 느낌.그냥 그럭저럭봤어요  
20170302,10,관람객10세 11세 어린가 평 하는데 너무 재밌데요  
20170302,8,관람객재밌어요 다시 우리딸과 보고싶네여  
20170302,10,관람객아이가재밌게잘봤다고하네요  
20170302,9,관람객아이들이 너무좋아합니다.  
20170301,10,관람객블루 크릭 호텔은 정말 좋을 줄 알았는데 가둬놓아서 정말개들이 불쌍했다. 탈출하는 건 정말 스릴 넘쳐서 즐거웠다.  
20170301,8,관람객아이들과 재밌게 봤습니다  
20170301,4,관람객완전  지루해서 죽는줄 알았어요  
20170301,7,관람객아이들은 재미있게 봤으나 어른까지 같이 즐기기에는 한계가 있습니다.  
20170301,7,관람객그저 그렇습니다 아이때문에 봤는데 재미는 그다지  
20170228,9,관람객아이들이 좋아했던 영화^^  
20170228,8,관람객6살아이랑 같이봤는데 너무 재밌어하네요~중간에 약간 지루해하긴했지만 끝나고 나오니 한번더 보고싶다고 하네요~~잘봤습니다~~~  
20170228,1,처음입니다..1점준거 그리고 처음이에요 이렇게 재미없는 만화ㅜㅜ애들의 웃음을 빼앗아간 영화..애들볼영화가 아니에요  
20170228,5,6살 딸이 ㅗ기엔 좀 우울납치..감금..협박... ㅜ지루하기도  
20170228,4,마이펫의 사생활은 진짜 재밌게봤는데ㅜ우중충한 화면.교도소ㅠ.탈옥하다 잡히는ㅜ그런내용마이펫의사생활처럼 귀여운토끼가 반전이라던가이런것도없고 강아지들이 알아서 집찾아가고뭐 이런거네요ㅠ  
20170228,8,"관람객초 4,초 2 아이들과 셋이봤는데생각보다 좀 지루했어요왜 마이펫인지 모르겠다네요.우리아이들은.좀 짧아서도.아쉬웠고그래도 즐데이트해서 좋았어요  "
20170228,5,관람객아무리 애들 만화지만 너무 밑도끝도 없었음  
20170227,8,관람객아이가  보고 싶어했지만  한편으로 걱정했는데  영화가  끝날때까지  잘  보았어요^^ 잼있다고  잘  보았어요  
20170227,10,관람객아이들이 재미 있었다고 합니다 ^^  
20170227,3,관람객흑..4살아이랑봤는데 4살여자아이가 무서워하네요그래서아쉬워요  
20170227,1,"평점이 이렇게 높나요?정말 재미없고, 너무 시간이 아까웠어요.  "
20170227,8,관람객아이가 재밌게 봤어요~잘 봤습니다  
20170227,6,관람객시청시간이 길어서 다 못보고 나옴.내용이 다소 폭력적임.  
20170227,7,관람객아이는 좋아하네요 전 쫌...  
20170227,8,관람객딸아이가좋아하네요재밌었습니다  
20170227,8,관람객아이들이 좋아하네요 귀여운 강아지들 많이 볼 수 있어서 좋았어요  
20170227,8,7살 3살 아이들과 함께 보았어요 아이들도 집중해서 재미있게 보았습니다 별기대안했는데 생각보다 재미있었네요  
20170227,8,관람객조카들과 함께  본 첫 영화였어요.강아지들이 주인공이다 보니 조카들도 집중해서 잘 보더라구요재밌게 잘보고왔네요  
20170227,8,관람객아이가 재미있어했어요~  
20170227,9,관람객아이가 완전 즐거워했어요~~ 재밌었어요 캐릭터들고 귀엽구  
20170227,9,관람객세 아이들이 보면서 재밌다고 집에서 또 보고싶다고 하네요!  
20170227,7,관람객아이들과 재밌게 봤어요 감동이  있어요  
20170227,7,관람객스토리가 뻔해서 그냥저냥 봤습니다아이가 좋아하길 바랬는데 아이도 크게 재미있어 하지 않네요주인공 강아지가 좀 더 사랑스런? 혹은 귀여운? 모습이었음 좋았을텐데 아쉽습니당  
20170226,2,넘 단순 스토리에 구성도 너무 지루함.울 딸아이 하품하면서 하는말 트롤이 훨씬 재밌다는 쩝제대로 된 OST도 하나 없네요...  
20170226,8,관람객강아지의세계  엿볼수있었어요  
20170226,8,관람객재미있게 아이와 잘 봤습니다  
20170226,10,관람객기대했던것보다 훨씬 재미있었습니다. .  
20170226,10,관람객아이들이 보기 좋아요~  
20170226,8,관람객평이  갈리던데..전  아이들과 재미나게봤어요. 교훈도있고 용기도 알고  괜찮은데여 ^^  
20170226,7,관람객쪼꼼지루했는데아이들은재미있다고하네용 ㅎㅎ  
20170226,10,관람객아이들과 유익한 시간 잘보냈어요  간만에 가족영화 잘봤습니다  
20170226,7,관람객딸아이랑 같이 봤는데 볼만하네요  
20170226,10,관람객감동적이고 재미있었어요~~^^  
20170226,8,관람객아이들은좋하야여 저도재밌럿네러  
20170226,9,관람객생각한거보다 내용이 애들과 볼만 했습니다.  
20170226,1,쇼생크탈출 개버전입니다애니메이션이 이렇게 어둡고 우울해도 되는 건가요중간에 아이가 짜증내서 나왔어요절대 보지 마세요  
20170225,8,관람객울아이 울고 나왔네요 ~^^완전 몰입  
20170225,7,관람객나쁘지않음 괜찮은영화  
20170225,10,관람객재미있어요 너무너무나  
20170225,9,관람객잼나용잼나~^^아이들이 신나하더라구용  
20170225,7,관람객아들이랑 봤는데..아들보다 내가더 신나게 봤어요..ㅎ  
20170225,8,관람객아이들이 보기에 좋아요~  
20170225,7,관람객그냥 어린이영화ㅋ 우리아이들은 재밌다고 난리남ㅋ  
20170225,1,관람객보지마세요  정말  재미없어요  
20170225,7,관람객재밌게봤네요~딸램이랑ㅋ  
20170224,2,관람객지루함 네이버예매가 500원 더 비쌈  
20170224,8,관람객아이랑 재밌게 잘봤어요^^ 웃음과 감동♡  
20170224,5,관람객애니영화치고 그냥그래연  
20170224,5,관람객재미있어요 재미있어요 재미있어요  
20170224,10,관람객아이 보여주려고 함께 본건데 메시지도 좋고 참 괜찮은 영화였어요  
20170223,10,관람객아들이방학이라서같이봤는데너무좋아하더라구요~~  
20170223,5,관람객7세아들이랑 같이봤는데 첨엔 재미있어하더니갈수록지루해하네요~  
20170223,5,관람객아... 교도소라는 주제가 우리아이는 매우 어려눴나봅니다. 내내 흐트러지고 졸리다하고 힘들지만 끝까지 보고 나왓습니다  
20170223,1,"6,7세 아이 둘이랑봤는데 애들도 지루해해요.캐릭터도 전혀안귀엽고 교도소배경이 다인지라 화면도 우중충.평점알바있나봐요~ 돈아까워요 왠만해선 평점같은거 안올리는데 여기 평점보고 봤던지라 다른분들 피해입지마시라고 올립니다  "
20170223,8,관람객두아들 보여줬는데 재미있었다네요~~~  
20170223,8,관람객그럭저럭 아이들이랑 볼만하네요^^  
20170223,9,관람객아이가 잼있다네요~ 전 그냥 그랬어요  
20170223,8,관람객진짜재미있었어요. 애들이좋아하네요  
20170223,10,관람객초등학생  딸과 함께 보았는데 보는 내내  즐거웠네요^^  
20170223,8,관람객8살 아이가 지루해 하지않고 재미있게 볼만 했으나최근에 본 다른 영화에 비해 특별히 기억에 남는 장면을언급하거나 또보고 싶다고는 하지 않았다.  
20170223,10,관람객스토리가 너무독특해서 재밌었고 또 감동적이었어요마이펫오지 최고!  
20170223,9,관람객아이들이 재밌게 봤다고하네오  
20170222,9,마냥 밝고 유쾌한 스토리는 아니었어요 애견호텔에 대해 안좋은 인식도 심어주고.. 글구 왜 여자 캐릭터가 없나요? 그래도 중간에 나와버릴 정도로 재미없지는 않습니다 더빙이 살렸네요 디즈니꺼 중에 볼트라는 영화랑 비슷한거 같아요  
20170222,7,관람객초등학생이보기에는약간 시시한부분이있어서..그래도 약간에 교훈은 있는것 같아요!!  
20170222,7,관람객재밌게 잘 보고왔어요아이가 그림이 귀엽다고 좋아하네요  
20170222,10,재미난 영상이였어요 아이들이 좋아하네요  
20170222,10,여섯살 된 아들과 봤어요~ 재밌어서 집중하며 봤답니다~^^  
20170222,10,재미있게 봤어요~^^ 아이도 좋아했어요  
20170222,10,좋았어요 반려견의 소중함을 또 알게되었어요  
20170222,10,동물들의 쇼생크탈출~!!!!ㅋ 아이들과 즐거운 시간이였어요  
20170222,9,으ㄱ으  레옹 개귀여어어어어  
20170222,10,아이들이랑 보기에 좋은 영화예요..케릭터들도 귀엽고 내용도 무난 해서 아이들이 쉽게 이해 하더라구요..ㅋ  
20170222,10,토리가 제일 마음에 들었어요 흔하지도 않고 예상도 못했던 내용이라 지루하지 않게 봤어요  
20170222,10,감동적이네요~~아이랑 잘봤어요~~^^  
20170222,10,이번 영화는 용기란 이런거야! 라고 아들에게 외처준 영화~~귀여운 강쥐들~흐흐  
20170222,10,울 아이가 재밌다고 다음에도 또 보고싶다 하네요.  
20170222,10,기대안하고 봤는데 의외로 멍뭉이들이 재밌게 스토리를 잘풀었네요.  
20170222,10,마이펫 오지도 재밌게 봤지만 영화 마지막에 나오는 은지언니 ost 녹음영상 너무 좋았어요 ㅎ  
20170222,8,관람객애들이 보기에 딱 적당하네요  
20170222,9,주토피아랑 비슷한 컨셉이예요~ 아이들 보기에 좋네요  
20170222,10,마이펫오지 아이들과 함께 관람했는데 너~무 재미있어요^^  
20170222,9,관람객강아지를 무서워하지않구 귀여워하네요~재미있었답니다~^^  
20170222,8,관람객볼만해요 아이들이 재미있대요  
20170222,10,관람객너무너무 재미있게 봤습니다. 아이와 영화에 푹 빠졌었네요. 오지는 멋있고 레옹이 이름이 달콤이라는 걸 보는 순간 아이와 빠 터졌었네요.  끝부분 감동감동  전 눈물도 나오더라고요;;. 애니메이션을 이리 재밌게 보기는 겨울왕국 다음으로 2번째네요 ㅋㅋ  
20170222,3,네이버 알바라는게 실존한다고 느끼게해준 영화  
20170222,7,"쇼생크탈출 개버전정도? 5살 조카 보여줬는데 40~50분 넘어가니  ""언제끝나?""  백번  물어봄. 참고로 지난주에 모아나는 얌전히 집중해서 잘보고 나와서는 ""영화재밌네"" 했음.  "
20170222,9,"관람객아이들이 또 보고싶다고하니 우선 보람있었고, 저도 재미있게 봤어요  "
20170221,7,관람객반려견을 키우는 저희가족은 재미있게 감동있게 잘보았네요 5살아들도 이해하기 쉬운내용이였고 다시한번 키우고있는 저희강아지들을 돌아볼수있는 시간이였엉ㅅ  
20170221,8,관람객아이들과 함께 보면 좋은 영화에요  
20170221,8,관람객전 중간에 잠들어 잘 모르겠지만~아이는 넘 재밌게 봤다네요~  
20170221,1,평점 알바가 확실하네요 정말 내용도 없고 감동도 없고 스릴도 없고 웃음도 없는.. 이무슨..완전 망작이네요 트롤볼껄 너무 후회돼요 근데 애들은 나름 재밌었나봐요 절대절대절대 보지마세요  
20170221,9,관람객마이펫이중생활에 비해서 내용은 그럭저럭  
20170221,5,관람객그럭저럭 볼 만 했습니다  
20170221,8,"관람객8살,10살 아이들은 재밌게 봤다고 하네요근데 어른 보기엔 좀 유치해요 ㅎㅎ  "
20170221,10,재미있어요 꼭보세요...  
20170221,1,정은지 떄문에 1점 드립니다.  
20170221,6,"전 보통이었고 초2,초6딸 의외로 재밌다네요. 엄마랑 봐서 재밌었던건지.... 전 다른 애니메이션봤을때보단 좀 싱겁긴했어요... 애들이 재밌었다니 다행이긴해요  "
20170221,8,관람객아이들이랑보기잼나네요  
20170221,8,관람객어른 아이모두 재밌게 봤어요~  
20170221,8,관람객아이들이 재미있다고 하네요~^^  
20170221,7,관람객아이가 재미있어 했네요 더빙이 조금 어색한듯  
20170221,10,아이들데리고 재밋게 밧어요 전혀지루하지않고 아이들이  엄청좋아하더군요  
20170220,10,오지가 친구들의 주인을 찾아주고 자기 집도 잘 찾아와서 감동적이었다  
20170220,10,관람객스토리도 지루하지 않고 재밌었어요~엔딩 크레딧에 에이핑크 정은지의 ost도 참 좋았어요~  
20170220,6,굳이 극장 안가고 집에서 봤어도 될 영화..  
20170220,10,"재미있는 부분도 있고,감동적인 부분도 있네요!!너무 잘봤어요~  "
20170220,8,관람객볼만해요볼만해요볼만해요  
20170220,10,관람객잼있었어요ㅎ뭔지..마지막엔 눈물이;;  
20170220,10,아이들이 무척 재미있어 했어요~~  
20170220,8,관람객아이와 아주 신나게 봤어요. 방학 때 보기 딱이네요. 쇼생크 탈출 느낌...  
20170220,10,관람객아이가 너무 재밌어해요~  
20170220,9,관람객아이들의 친근한 강아지라 잼났어요~~~  
20170220,10,관람객아이가 좋아하네요  강아지들이  귀여워요  
20170220,10,관람객재미있게 잘 보았어요우리아들 좋아하더라구요  
20170220,9,관람객지루하지는 않았지만 새롭지도 않은 킬링타임용으로는 좋아요  
20170219,10,관람객재밌어요^^귀여운강아지들애니로보니더재밌네요^^  
20170219,10,꼭 봐야 할 영화입니다!  
20170219,9,관람객초등1학년 여자아이들 재밌다네요  
20170219,10,오지는 비글로써 비글미를 마구마구 발휘해주니까 강아지 좋아하는 사람은 모두 필수 관람!!!  
20170219,8,관람객아이들이 볼만해서 좋아요! 많이 봐요 최근은 볼게 그다지...  
20170219,7,관람객유아용..스토리가 너무유아틱함  
20170219,4,관람객무난한 영화내요 그렇게 재밌지도 재미없지 않이요  
20170219,1,진짜 뻔한 스토리에 재미없음5살 딸도 재미없다고함  
20170219,4,너무 지루하고 뻔하고 재미있는 장면도 없고 뒤에서 애들은 집에 가자고 울고 ....난 졸고 ㅠㅠ  
20170219,9,관람객살짝 긴장감은 없지만 그래도 재밌었어요~  
20170219,8,관람객살짝 지루한 부분빼고는 괜찮았어요  
20170219,8,관람객아이랑보가재미나요가족영화  
20170219,8,관람객재미있고 신나는 영화.추천합니다  
20170219,10,관람객넘 재미있었어요. 아이가 넘 흥미있게 잘보내요.강추!!  
20170219,8,관람객그림이너무나귀여워 5살아이랑 보았는데요 어두운 내용이 많이나오니 중간지나니 좀지겨워하더라구요 ㅋ그래도 볼만했습니다  
20170219,10,관람객아이들이 매우 재밌어하네요 ㅎㅎ  
20170219,9,무언가를 얻으려면 노력이 필요하다는것을 알려주는 애니메이션  
20170219,9,관람객잼있어요.아이랑 봤네요  
20170219,10,관람객너무 재밌었어요~아이들과 일요일 오후 즐겁게 보냈네요^^*  
20170219,10,이번 영화는 용기란 이런거야! 라고 아들에게 외처준 영화~~귀여운 강쥐들~흐흐  
20170219,10,울 아이가 재밌다고 다음에도 또 보고싶다 하네요.  
20170219,10,기대안하고 봤는데 의외로 멍뭉이들이 재밌게 스토리를 잘풀었네요.  
20170219,10,마이펫 오지도 재밌게 봤지만 영화 마지막에 나오는 은지언니 ost 녹음영상 너무 좋았어요 ㅎ  
20170219,10,마이펫오지 아이들과 함께 관람했는데 너~무 재미있어요^^  
20170219,10,재미난 영상이였어요 아이들이 좋아하네요  
20170219,10,주토피아랑 비슷한 컨셉이예요~ 아이들 보기에 좋네요  
20170219,10,여섯살 된 아들과 봤어요~ 재밌어서 집중하며 봤답니다~^^  
20170219,10,애들이 좋아했어요 강아지의 모험담^^  
20170219,10,아이가 강아지 넘좋아라 해서 봤는데 재미있어요~  
20170219,10,아이가 넘 재밌어 하네요. 추천 합니다.  
20170219,8,관람객아이와 보기좋은 영화!  
20170219,8,관람객재미나네요  아이들이 좋아해요~~~!!  
20170219,10,관람객동생이너무좋아하네요 아이들이랑보기에 적격인듯해요  
20170219,10,"관람객주인공인 오지와 오지의 친구인 프로기,배어 그리고 할아버지가 교도소를 탈출하는게 위험하기도 해보였고 재밌기도 해보였는데마침내 교도소를 탈출해서 내가 더 신나고 뿌듯했고 주인을 찾아서다행이라는 생각도 들었다.이거 말고도 여러점으로 재미있었다~^^♡  "
20170219,10,구구구으구구구으구구구구우구굿  
20170219,9,관람객동심의 세계로 빠져들고 강아지들에 마음을 이해하게되는 영화였습니다.  
20170219,1,재미업떠여 ㅠ 정말 재미업떠여 ㅠ 평점에 속았떠여 ㅠ조작된도시 볼껄그랬떠여 ㅠ 차라리 추운날 산책할걸그랬떠여 ㅠ 불필요한 희생자를 예방해여 ㅠ 내 옆에 앉은 유딩은 재밌때요 ㅜ 성인은 보지마여 절대 ㅜ  
20170219,5,네이버 평점보고 선택하고 애들하고 방금 보고 나왔어요  개들 교도소 이야기가 내용의 80% 네요 시작전에 우리밖에 없어서 불안했는데 3팀이 더들어와서 다행(?)입니다 쇼생크탈출 패러디도  있고... 평점알바의 존재가  의심이된다는...애들이  지루해하  
20170219,1,실제로 보면 정말 최악입니다 여기평점은 정말 신뢰가 암가네요  
20170219,10,관람객은지목소리들으려고 갔는데 생각보다 내용이괜찮아서 재밌게봤어요ㅎㅎ  
20170219,10,관람객재밌어요 ㅎ ㅎ 아이와함께봤어요  
20170219,9,관람객웃음도 있고 감동도 준 영화  
20170219,10,관람객재미있었어요..아이들과 같이 볼만합니다  
20170219,9,관람객재밌었어요 오지가 귀여워요!!  
20170219,10,관람객아이들과함께보기 좋아요  
20170219,10,관람객우리 딸이랑 잘 관람 했습니다..  
20170219,10,자식같은 반려동물을 믿고 맡겼는데 저런 비밀이 있는 곳이라면 끔찍하네요..'바로 내 이름은 오지에요! 나는 내 이름을 기억하고 있어요.'라는 말에 너무 뭉클했어요.아이들에게 반려동물의 의미를 알게 해주는 좋은 영화였어요!  
20170219,10,애인과봤다ㅋ 행복해진다 강추ㅋㅋ  
20170219,10,기분좋게보고나온것같다  
20170218,8,관람객동물을 좋아하는 아이라 재미있게 잘봤습니다. '루돌프와 많이 있어'의 헐리웃버전같네요. 주인공 캐릭터는 흡인력이 좀 떨어지는듯해요. 오히려 치와와가 더 매력적인듯합니다.  
20170218,5,평이 이렇게 좋을줄은.. 애니덕후라 웬만하면 다 재밌게 보는데 이건 너무 지루했네요.. 중간에 두번이나 졸았어요. 아이는 괜찮았나봐요  
20170218,10,귀여운 캐릭터들의 매력에 행복한 영화!!  
20170218,9,관람객마지막에 재미있었어요  
20170218,10,너무좋아요 마이펫오지♡♡♡  
20170218,7,마지막에 목줄이 흩날리는장면을 보면서 강아지도 이름을가진 소중한 인격체임을 다시한번 각인했습니다. 마지막 은지양이 부르는 노래도 매우 희망찼고요  
20170218,10,귀여움에 설레이고  유쾌한 모습에 웃고  스펙타클한 모험 때문에 흥미진진했어요!  행복한 견생 라이프 오지의 모습을 다음에도 꼭 만나고 싶어요 ^^  
20170218,10,비글미 넘치는 강아지 오지의 견생인갱 최대위기! 재미난 모험 기대합니다  
20170218,1,아르르르르컹컹컹 달콤이 빼애액  
20170218,10,귀여운 강아지들의 감동적인 스토리라고 그래서 기대하고있어요! 동생이랑 함께 보고싶어요!!  
20170218,9,관람객6살 아이와 함께 보기 좋았네요~^^  
20170218,10,관람객아이가집중해서잘보더라구요^^  
20170218,9,관람객처음에는 잘보다가 중간쯤되니 사르르 잠이...결국 보다 자다 왔다는..ㅋ  
20170218,9,관람객아이들과같이볼만합니다~  
20170218,8,관람객재미있게봤어요 아이들이 너무 재미있어해요  
20170218,8,관람객응 식사챙겨드세요 오늘 겁나춥네  
20170218,9,봄방학과 어울리는 멍멍이들의 쇼생크탈출  
20170218,9,관람객초등 입학 기념으로 상영시키게 되는데 테마가 재미있을뻔하지만 내용이 좀 무거워서 그랬을까 애들 지루들 하고 끝나기도 전 나가고 싶어하니 잘못 골랐군아 하는 생각들뻔했다고 할까  
20170218,9,관람객강아지들의 주인을 그리워하는 열정으로 지혜를 모아 감옥을 탈출하는 감동적인 내용입니다. 아이들 데리고 꼭 관람하시기 바랍니다. 비글 닥스훈트 슈나우져  잉글리쉬쉽독 치와와 등  강아지 고유 종마다 성격과 특징을 재미있게 연출하였음종의 특징도 네 조  
20170218,1,아니 재밌다고하신분들..너도한번당해보라는건가요? 하도 짜증나서 보는중간에 평점올립니다..화질은 애들만화중 빼꼼정도랑 비슷..내용은 그렇다치고 재미하나도없음..반전도없고 울 애들 지금 재미없어서 엄마한테가자고 조르고있어요..최악!!  
20170218,2,평점 알바인가요 정말 실망ㅜㅜ  가족영화도 재밌는거 많은데.. 이건 어른도 지겹고 애들도 지겹고  
20170218,8,관람객재밌네요. 근데 뭔가 좀...  
20170218,10,귀여운 멍멍이들 보기만해도 힐링되는 느낌!  
20170218,10,멍뭉이들 넘 귀여워요ㅎㅎ 정은지가 참여한 노래도 중독성 짱!  
20170218,3,관람객유치원아이들도 지루해할영화네요.보는동안 잠만잣다는...  
20170218,7,관람객8살아이와 함께보았는데조금 지루해하네요  
20170218,8,관람객아이들과 보는데 시간 가는줄 모르고 봤습니다.잼나네요.^^  
20170218,10,관람객너무너무 재밌게잘봤어요~~^^  
20170218,5,관람객5세 여아가보기엔 지루한듯하네요ㅎ중간에 나가자고;;;;  
20170218,10,관람객아이들이너무 재미있어 합니다.  
20170218,10,내용도 알차고 감동적이여서 너무 보기 좋았어요♥  
20170218,10,정말 기대되는 애니입니다^^  
20170218,7,아이는 재밌었다네요~  
20170218,10,유쾌하고 정말 정말 재미있는 영화... 최고입니다. 엄치척  
20170218,8,너무너무재미있어서 또보고 싶어요 꼭 보고 싶네요  
20170217,9,귀여운 오지의 집 찾기 여정에 동참하고 싶어요.  
20170217,10,스펙터클 커밍홈 어드벤처 <마이펫 오지> 기대되지~ 보러 극장으로 가지~ 재미있지~ 또 보고싶지~~^^  
20170217,10,강아지 좋아하는 우리 아이들이 보면서 신나고 잼있어해서저도 뿌듯하네요 ~~  
20170217,10,"주인 없는 시간 동안 강아지들만의 세상과 우정, 모험이라는 강아지의 시각에서 펼쳐지는 신선한 스토리는, 아이들과 어른 모두에게 사랑스러운 볼거리를  줄 것 같아 보고 싶네요^^  "
20170217,9,간절함이 이루어낸 기적의 모험! 신나고 유쾌하네요.  
20170217,10,평범한 반려견 ‘오지’가 가족들이 해외여행을 가자 애견호텔에 맡겨지며 벌어지는 이야기를 유쾌하고 그려낸 것 같아 기대됩니다^^*  
20170217,10,"감동,재미가 있는 어른들에게는 동심으로 돌려주고 아이들에겐 꿈과 희망을 주는 마이펫오지, 강아지들을 넘나 사랑하는 우리 아이들과 함께 보니 신기해하고 재밌었어요. 멍뭉이들의 캐릭터마다 개성이 있고 귀여워서 아이들이 참 좋아합니다.  "
20170217,10,마이펫오지 귀엽고 깜찍한 캐릭터들의 신나는 모험!  
20170217,9,주인공 오지와 친구들의 커밍홈 어드벤처라 흥미진진하네요.^^  
20170217,10,멍뭉이들의 각양각색 매력과 스펙터클한 어드벤처가 기대됩니당^^  
20170217,10,귀여운 캐릭터와의 만남! 너무나 재밌는 에니메이션 같아요.아이들이랑 보러 갈게요.  
20170217,10,비글미 넘치는 흥부자 오지부터 수다쟁이 프롱키까지 견종만큼이나 다양한 개성의 멍뭉이 캐릭터들의 매력이 느껴져서 꼭 보고 싶어요^^  
20170217,9,"주인이 없는 시간 동안의 강아지들 세상과 우정, 모험이라는 강아지의 시각에서 펼쳐지는 신선한 스토리가 기대되는 영화!  "
20170217,10,마이펫오지 정말 재밌어여~~~^^*  
20170217,10,오랫만에 우리 아이들과 재미나는 강쥐애니 보고 끝나고 나서 애완견카페 까지 갔네요 ㅋㅋㅋ  
20170217,10,엄청 씩씩한 오즈!! 너무 귀엽고 사랑스러워요  
20170217,10,너무 재밌음~~!!♡  
20170217,10,시사회에서 보고 온 사람들 말로 너무 좋았다네요 저도 꼭 보러 가려구요~ 기대돼요  
20170217,10,마이펫오지덕분에 아이들과 봄방학이 지루하지않을듯  
20170217,10,감동과 재미 귀여움을 모두 잡을수있는 영화일것 같아요.  
20170217,10,귀염둥이 오지의 모험 넘나 기대된다는요!!!얼른가서 봐야겠어요>_<♡  
20170217,10,귀여운 오지의 모험 기대됩니다! 귀여워요~  
20170217,10,귀여운 펫들의 세상이 펼쳐지네요. 너무 귀여운 것 같아요.  
20170217,10,"볼거리가 많고 개들이 넘 귀여워서, 기다만땅!!  "
20170217,10,멍뭉이 오지와 함께하는 가족상봉 애니메이션 '마이펫 오지' 기대가 되고  강추하고 싶네요. 우리집 강아지를 생각하면서 가족들과 함께 보고 싶어요.  
20170217,5,관람객아이들이 보기에는 괜찮아요 유치해서ㅠㅠ 저는 성인이지만 애니매이션 좋아해서 봤는데 별로였어용.. 스토리도 좀 유치하고 영상미도 좀 떨어졌던것 같아요.  
20170217,10,너무 재미 있어요 보면 볼수록 한번 더 보고 싶네요  
20170217,10,평점10점만점에10점드립니다~♥아직 마이펫오지를 보지는않았지만 주변사람들이 마이펫오지 정말재미있구 특히아이들에게 교훈을주고 적극추천하는 영화라 학생인 저두 마이펫오지보기에 정말좋을것같습니다!! 마이펫오지 더욱기대되는 애니메이션영화네요♥당장보러갑시닷!  
20170217,10,마이펫오지완전기대됩니다 !!!  
20170217,10,가족과 함께 볼 수 있는 전세대를 아우르는 가슴 따뜻한 애니메이션 정말 최고였어요!  
20170217,10,귀여운 캐릭터들의 향연! 재밌겠네요!  
20170217,10,완전 추천드립니다.^^  
20170217,10,애견인들 뿐만 아니라 남녀노소 모두가 즐길 수 있는 마이펫오지!!! ㅎㅎ 드디어 오늘 개봉했네요 ^^ 완전 기대됩니다~!!!  
20170217,10,강아지 좋아해서 귀여움가득  사랑스러움가득 즐거운시간 될것 같아요.  
20170217,10,마이펫오지 너무 기대되요~  
20170217,10,귀요미 캐릭터들의 매력폭발  
20170217,10,우리집 미니도 집에서 이렇게 있을 것 같아요 ㅋㅋ 봄방학을 맞이해서 초등학생들이랑 유치원생들 정말 재미있게 볼 수 있는 영화! 요런 영화엔 감동도 빠지지 않죠!! 진짜 보고 싶은 마이펫 오지  
20170217,10,최고입니다. 아직도 여운이 가시지 않습니다.  
20170217,10,캐릭터가 귀여워 아이가 넘 좋아할듯요.기대되요~  
20170217,10,오즈가 너무 귀여워용^^ 내일 보러갈껀데 아이들이 폴짝폴짝 뛰어요~~  
20170217,10,조카들이 너무좋아할듯 기대♡  
20170217,10,예고편부터 찜콩한 마이펫오지! 너무 기대됩니다!!  
20170217,9,재밌고 아이들과 함께 보기 좋아요^^  
20170217,10,반려견 생활을 재치있게 풀어낸 <마이펫 오지> 개님 모시고 사는이에겐 은혜로운 작품이로세. 보고싶다.  
20170217,10,오지가 친구들과 함께 견생 최대의 위기를 헤쳐나가는 좌충우돌 모험과 우정을 그린 애니메이션 #마이펫오지! 최고!  
20170217,10,너무너무 귀여운 캐릭터들의 총출동 꼭 보고고싶어요 ㅎㅎ  
20170217,10,귀요미들이 나온다니 ㅋㅋ 기대만땅!! ㅋㅋ  
20170217,9,관람객아이들이 참 좋아하네요. 생각보다는 무거운 느낌이지만 스토리가 단순해서 애들이 잘 봐요.  
20170217,9,신나는 모험을 떠나 가족에게 돌아가는 오지!  
20170217,10,내가 좋아하는 미니언즈 제작진이 또 하나의 꿀잼을 선사할 마이펫오지 내게 오지?? ㅋㅋ  
20170217,3,너무 평범해서 아이가 보다가 나왔어요  
20170217,10,관람객재미있어요~추천합니다  
20170217,1,"인터넷으로 보면 자리 엄청 팔려서 잼나는지 알고 갔는데, 막상 들어갔더니 4명 앉아있었음. 이걸 바로****라고 하지요.  "
20170217,9,관람객아이와 함께 봤는데 너무 재미있네요  
20170217,10,빵빵 터져요!! 보는 제가더 신나네요 ㅋㅋ  아이들한테 참 좋은 애니  
20170217,10,너무  재밌었어요 ! 고등학생인데도 이렇게 꿀잼이라니 아이들이 보기에도 적절한거 같고 10번봐도 질리지않을 영화인것같네요 ! 잘보고 가요 ~ 마이펫 오지 5만원주고 봐도 아깝지않을것같네요 마이펫 오지 정말 꿀 ~ 마이펫 오지 보러 극장으로 오지 ~ ?  
20170217,10,반려견에 대한 아주 중요한 교훈적 이야기부터 내용이 알차고 제가다 몰입하고 보고 좋았음!!  
20170217,10,진짜 재미나요!!! 사랑스런 아이들 나오니 감동 ㅠㅠ 적이기도하고  
20170217,10,보는 내내 애들이 깔깔데고 ㅋㅋ 은지양도 목소리 무쟈게 귀엽고 잘 만든 애니같아요 짱짱  
20170217,10,아이들데리고 아침부터 완죵 잼있는 멍멍이들 영화 보고 좋은 시간보내다 왔어요  
20170217,10,완죤 사랑스러운게 귀욤 터지네요. 반려견도 사랑입니다  
20170217,10,귀여운 멍뭉이들이 나와서 딸아이와 재미있게봤어요^^  
20170216,10,엄청 재미있어요.^^  
20170216,2,포스터는 발랄하죠?대부분의 내용이 칙칙한 교도소 얘기. 아이들 보라고 만들었을텐데. 마이펫의 이중생활은 재밌었는데. 그런 밝고 재밌지 않고 사나운 개들도 필요 이상으로 너무 많이 나오고. 아이와 전 재미 없었어요. 미니언즈 제작진? 시간 아까웠네요.  
20170216,9,관람객오늘얼집땡땡이치고첫개봉날첫조조로보고왔어요ㅎ6살따이첨엔지루해하고몸을비비며있다제가중간설명하며이해시키고잘보고왔네요ㅎ마이펫이중생활생각하며갔는데좀덜재미있었어요솔직히^^;  
20170216,10,은지언니 팬이어서 봤는데 제가 중학생임에도 불구하고 친구랑 재미있게 잘 봤습니다~~ 다음에 또 보고싶네요ㅎㅎ  
20170216,10,꺄앙~♥ 이거 너무 귀연운거 아네요? ㅋㅋ  
20170216,10,친구들과 함께 볼수있는 영화라 좋아요!!!!친구들아  재미있어~~~꼬~~옥  봐봐  
20170216,10,멍뭉이들 화이팅~^^즐거운 탈출기  
20170216,10,관람객아이들은 잼있어 하네요  
20170216,10,아이들이 좋아하네요. 교훈적이여서 또한 좋은 영화. 안보신분들 추천이요!!!  
20170216,10,믿고 보는 제작진이라 봤는데 보는내내 재미나고 귀욤귀욤 했죠  
20170216,10,딸아이가 이거보더니 강아쥐 사달라고 난리남 -.- ^^  
20170216,10,이거 아이 친구들 데리고 또 보러갔어요 두번보니 더 재미있네요  
20170216,10,귀여운 강아지들의 좌충우돌 고난극복기 ㅋㅋ 아이들이랑 보면서 자연스럽게 교훈도 알려줄 수 있고 너무 좋았어요  
20170216,10,애완견도 키우고 있는데 이넘도 넘넘 귀엽교 사랑스러워요~♡  
20170216,9,씩씩하게 아이들끼리 보고 나왔는데 집가는동안 오즈이야기네요 귀엽나봐요  
20170216,10,오지가 너무 씩씩하니 아이들이 보고 배울게 있어서 참 좋아요  
20170216,10,아이들이 잼있다고 얼굴 활짝 폈네요 ♥ 만족  
20170216,10,오랫만에 아이들하고 극장관람.. 가족이 행복한 시간보내고 왔어요  
20170216,10,오지가 너무 귀여워서 인형 아이들한테 사주고 싶어요  
20170216,10,미니언즈처럼 귀엽고 빵터져서 재미났어요 호호~  
20170216,9,"애니와 더빙이 너무 잘 어울리고, 스토리가 재미져서 캐릭터들이 사랑스럽네요  "
20170216,10,전혀 지루함 없이 아이들과 잼있는 시간 보내고 왔네요 강아쥐 넘 귀여워요~  
20170216,9,관람객다른것 보다 팬심만으로 짱!내용도 정말 좋았어요  
20170216,10,관람객좌석배치도잘되어있고..주변환경도깨끗해..쾌적한환경에서..영화관람을잘했습니다..  
20170216,5,관람객조금 지루하고 뻔한내용~  
20170216,1,지루하고 그래픽조잡하고애들보기엔 스토리도 무거움고구마만먹는기분  
20170216,8,관람객애들이 울뻔했다네요 감동적이라고  
20170216,10,마이펫은 오지구요 숨겨진비밀은 지리구요  
20170216,9,관람객잼있었어요..지루하지않고..즐겁게보았답니다..강추예요..오즈귀여워요^  
20170216,10,정말 재밌습니다^-^  
20170216,8,"시사회로 봤는데, 더빙이 어색하고 스토리도 어린이들에게 적합하지 않은 것 같아서 아쉬웠습니다.  "
20170216,8,오지야 일로 오지마엌ㅋㅋㅋ  
20170216,10,시사회서 봤는데 캐릭터도 이쁘고 스토리도 재밌어요.  
