0,1,2
20190120,1,그나마 만든성의를봐서 1점  
20181129,8,괜찮네요. 감동적이고. 볼만했습니다.  
20181020,6,재미로 볼 영화는 아니지만 감동은 있음  
20181019,10,눈물 나는 영화였어요. 많이 생각하게 되는 영화네요  
20180717,10,재밌다는 얘기를 듣고 봤는데 마음을 울리는 영화였네요~좋은 영화 잘봤습니다!  
20180717,10,너무 재밋엇어요 부모님 생각 많이 나네요  
20180707,7,카메라촬영 좋았으나 마지막 에피소드가 지루해서 감점 1점.  김혜자의 연기는 항상 감탄스럽다. 노인들을 주제로 한다고 해서 극전개가 꼭 느릴 필요까지는 없다.  
20180331,10,어머니를 생각하게 하고 나의 학창시절을 추억하게하고 지금의 나를 되돌아보게하는 영화  
20180215,1,다행이다 독립영화여서. 상업영화였다면 리얼이나 염력과 같은 평가 받아을거야  
20180214,10,"영화 보면서 이렇게 깊게 생각해본게 얼마만인가 싶습니다. 너무 좋은 작품을 만드신 배우, 스태프 모두 감사합니다  "
20180214,10,우연히 티비에서 영화봤는데 안혜경 언니 연기 정말 잘 하셨어요. 누군지 순간 못 알아볼정도로요. 앞으로 연기자로 많이 뵐 수 있었으면 좋겠어요 :)  
20180213,10,누가 어리지 않고 어른이 되었을까 생각하게 되었고 뭉툭하고 단단해진 남자도 간지럽게 사랑을 할때가 있었다는것을 느끼게 된 영화  
20180121,10,김승현씨연기 잘하시네요화이팅  
20171205,7,딱 킬링타임용 영화.누구나 그런 생각 그리움 한가지쯤 가지고 있어 공감은 되지만 이야기 너무 평범하다.  
20171120,7,어머니가 보고 싶다...  
20171020,6,관람객늦게 도착해거 김혜자 배우님 이야기를 놓쳤다마지막 할머님?분 이야기가 제일 씁쓸했다나의 노년에 대해서 생각해보는 시간이었다  
20170820,7,송재호님 대사가 너무 안들림 ;;  
20170819,10,냉장고 점검중인 수리기사 옆에서 분주히 찬을 꺼내 식사 준비 하시는 모습이 너무나 사랑스러?웠습니다. 한구석 허전하면서도 동시에 따뜻한 영화네요. (♡.♡)  
20170815,8,죽는거 보다 더 무서운건 아무것도 할수 없는것.  
20170717,10,굿굿 감동이엇어오!!!  
20170607,10,관람객상영하는 곳이 많지 않아 찾아가서 봤네요많은 생각을 하게 하는 영화였어요~  
20170602,10,이런 찐한 감동을 주고 삶의 의미를 부여하는 영화 좋다..김지성양 너무 이쁘다..  
20170528,7,늙어간다는것에 대한 삶의 고찰과 번뇌를 보여주는 작품... 부모님 생각도 나고 좋은 영화이긴 하지만 무언가 아쉬움도 남고 허무하기도 하다..  
20170526,10,여전히 작은 상영관이 안타깝네요ㅠㅠ모두 꼭 봐야 할 영화인데..  
20170526,2,넘침은 모자람만 못하다.  
20170524,6,"세 개의 시나리오. 각각 내용도 있고 나름 좋긴 했네요. 하지만 정확한 전달도 부족하고, 연결의 개연성을 부여하는 듯 하다가, 마침표 없이 그냥 끝났네요. 전 감동적으로 포장시키려한, 제대로 안된 작품 같네요.  "
20170523,8,좋은영화!두번째에피소드가젤좋았던.다들첫사랑의기억이있죠.  
20170523,10,우리의  삶에 대해 생각해볼 수 있는 영화였어요  
20170522,7,억지스러운부분이좀있지만 괜찮은든  
20170522,5,영화 자체는 괜찮았으나 송재호쌤이랑 같이한 조연 때문에 짜증남.  
20170521,8,관람객스토리전개가 좀 억지스러운 면도 있었지만 주려고 하는 메시지가 명확하고 선해서 좋았습니다  
20170521,10,삶을 주는 영화네요. 마지막 빈 의자가 마음에 오래 남습니다.  
20170520,10,살아 있을 때 부모님께 효도합시다. ㅠㅠ  
20170520,7,꿈 많던 청춘들의 끝은 새드무비의 주인공이 될 확률이 높다  
20170519,10,관람객부모님의 연애시절 옛추억을 돌아볼수있는 따듯한영화  
20170519,7,온씨랑 안씨 연기 심각하다  
20170519,4,애달픈 마음을 달랠 길이 없네  
20170518,10,관람객내용이 공감이 많이 가네요가족들과 같이 봄직한 영화입니다배우분들의 연기도 좋았던것 같아요 관록의 배우들도 좋았지만 신인배우들도 좋은 연기였어요다만 3편의 영화가 잘 연결되지 않는게 좀 아쉬웠어요  
20170518,1,연출수준이 대학생 졸작만도 못한듯... 배우분들 명성에 먹칠  
20170517,10,너무 재미있게 봤어요다음작도 기대되네요  
20170515,10,먹먹해집니다누구나 다 그렇진 않겠지만 어찌 살아야할지 생각해보는 시간이 되었습니다  
20170515,9,보는 내내 먹먹해지는 영화. 상영관이 없어서 너무 안타깝네요  
20170514,10, 화려하지않으면서 잔잔한 우리 일상을 보는 듯한 이 영화를 보면서 부모님이 살아온신 길 그리고 지금 당신이 살아가는 삶의 길을 보는 듯 했습니다. 5월 가정의 달을 맞아 부모님 모시고 꼭 함께 보셨으면 합니다. 감명깊은 영화입니다  
20170514,8,관람객부모님이 생각나네요.. 연락자주 드려야겠어요  
20170513,10,신선했고 생각해보게되는  
20170513,7,관람객서로다른모습의 인생을 볼수있었는데.. 참 마음한켠이 먹먹해지네요..  
20170513,10,그냥 신선하다고해야할까.  
20170512,10,부모님과 꼭 함께 보시면 더욱 좋습니다.  
20170512,8,관람객무난 했고 신선 했어요ㅎㅎ  
20170512,10,영화보는 내내 부모님 생각이 너무 많이 났어요.. 상영관이 너무 적은거 같던데.. 극장들이 수익만 생각하지 말고 이런 좋은 영화를 많이 볼 수 있게 상영관도 팍팍 열어주면 좋겠네요~  
20170512,10,어제 봤는데 가슴 뭉클하니 너무 슬펐습니다! 부디 꽃길만 걷길!  
20170512,10,김혜자 선생님이 했던 대사가 자꾸 머릿속에 맴도네요...마음이 먹먹해지면서 깊은 여운이 남는 영화였습니다!  
20170512,1,10점 준 사람들은 제정신이 아닌듯  
20170511,1,학생이 보기엔 재미가 없다. 나이드신분이랑 같이가서 보시길..재미로 보는 영화는 아닌든  
20170511,10,인생의 소중한 것들에 대해 다시금 생각하게 만들었던 영화였습니다.  
20170511,10,"가족과 사랑, 삶에 대해 다시 생각해 볼 수 있었던 영화였습니다  "
20170511,10,가슴이 찡하네요부모님생각납니다ㅠㅠ  
20170511,10,믿보배우들에다가 가슴 따뜻해지는 이야기... 안볼이유가 없는 영화  
20170511,10,"처음보는 얼굴에 배우가 있었어요, 신재호 선생님 아역이었나? 그분 참 매력있으시더라구요  "
20170511,10,가슴 따뜻하게 영화~ 부모님과 같이보면 좋다  
20170511,10,"엄마도, 아빠도, 누구에게나 빛나던, 순수했던 때가 있었구나 하고 생각하게 만든다  "
20170511,10,가슴이 아려 옵니다.많은 것을 생각하게 하는 영화  
20170511,10,보고나면  부모님께 연락를 드리게 되는 영화  
20170511,10,눈물이 또르르르르....잘해야지  
20170511,10,삶을 위로해주는 영화....  
20170511,10,부모님이 생각나는 영화. 보는 내내 먹먹해졌네요  
20170511,4,!찍으려다가 .을 못찍음  
20170511,6,재미있을 줄 알았는데 생각보다 많이 재미있지는 않네요  
