0,1,2
20190110,10,아이가 너무 좋아했어요  
20181202,10,정말재미있었습니다.  
20180917,6,김장훈씨 나오는 줄..  
20180823,10,이 영화를 보고 암이 나았습니다...  
20180429,10,관람객아들이 좋아하네요...  
20180217,9,관람객애들이 넘 좋아하네요~  
20180208,6,관람객흠...내용이~~~그닥.티비로ㅈ볼걸  
20180113,8,관람객애들이 좋아해서 봤어요~  
20180111,9,관람객정말 잼있어요~ 아이도 너무너무 좋아했구요 저도 정말 잼있게 봤습니다~  
20180108,10,관람객아이가 재미있어해서  좋은시간보내고왔습니다ㄷ  
20180101,9,관람객조금 지루했어요.  아이들은 잘봤지만  
20171230,10,관람객완전푹빠져서  두아들이  너무 잘보고나왔써요  
20171229,10,관람객아이가 너무 재밌어했어요~ 애들끼리만 들어온 친구들도 집중해서 잘 보더라구요 ㅎ  
20171226,10,관람객같이가서.. 전 안 보고 애는 봤는데.. 아주 만족햇다고 하네요.. ;;;  
20171223,10,관람객아이들이 좋아해요재미있게 잘보고 왔어요  
20171223,10,관람객아이가너무조아해요  
20171217,8,"관람객아이와 함께 보고왔어요.,. 정말로   좋아하네요  ㅋㅋ  "
20171217,3,관람객어른들은 지루했지만 아이는 재밌게봤어요  
20171216,9,관람객아이랑  잘 보고 왔어요 6살아들 잼있다고 하네요^^  
20171216,8,관람객아이들이 초집중해서재미잇게봤어요  
20171213,10,관람객아기가 너무 재미있어했어요 ㅋ  
20171213,10,관람객아이가 너무 좋아했습니다  
20171212,10,관람객아이랑 같이 봤는데 재밌었어요~~~^^  
20171212,10,관람객잼나~~^^요!!!!  
20171212,10,관람객아이들이 좋아해서 별점 많이줬어요역대 캐릭터들도 나와저 어른인 저도어릴적 생각나고 즐거웠어요 :)  
20171212,4,관람객팝콘이맛잇더군요 팝콘에집중햇습니다  
20171211,10,관람객애들이 아주 재밌게 봤어요  
20171211,10,관람객아이와 재미있게 잘봤어요  
20171210,10,관람객넘잼있엇구 아이가 넘좋아하네여  
20171210,10,관람객6살아이랑 봤어요 아들이 너무 좋아해요  
20171210,9,관람객아이가 즐겁게 봤다고1번 더 보고싶어했어요  
20171210,8,관람객그냥 그런거 같애요.그냥ㅋㅋㅋ뭐라고 적지ㅋㅋ  
20171209,10,관람객아이가 넘 즐거워해서다시 보여주고싶네요~  
20171209,5,관람객그냥..애도 끝엔 조금 지루해하더라구요  
20171209,6,관람객잘보고 재미있게 보았습니다.  
20171209,8,관람객오랫만에 재밌게 봤습니다  
20171208,7,관람객애들이 너무 좋아해서 저도 좋았어요내용이 재미있었습니다장난감사달라하네여ㅜ  
20171208,10,관람객애들ㅇㅣ너무좋아했엉·느  
20171208,8,관람객아들이 재미있어하네요^^  
20171208,10,관람객애니멀 닌자포스 잼있게 보고왔어요  
20171207,8,관람객영화가 너무짧아요 아이들도 아쉬워합니다  
20171207,10,관람객애들만 들여보냈지만 재밌었대요  
20171207,7,관람객아이영화. 같이 관람하기 힘드네요  
20171206,10,관람객아이가 좋아하고  재밌게 잘봤네요  
20171206,5,관람객참재밌어요 참잼있어요  
20171204,8,관람객아이들이 재미있게 보았습니다  
20171204,9,관람객아이가 너무좋아했어요 만족해요  
20171203,9,관람객재미있었어요 마지막이깜놀이었다능  
20171203,9,관람객아이가 재미있게 잘 봤다고 해요  
20171203,8,관람객파워레인저재미있어요^^  
20171203,7,관람객잘받습니다 잘받습니다  
20171203,10,관람객아이가좋아해요^^키즈관에서 봤는데 아이가어릴수록 강추입니당  
20171202,10,관람객재밌고 멋있는 것 같아요  
20171202,10,관람객아이가 너무 좋아라더라구여~^^  
20171202,7,관람객그럭저럭. 아들 설정은 쫌..재밌었음  
20171202,7,관람객스토리는 그저그랬지만 아이는 무척 재밌어하더라고요  
20171201,10,관람객아이들이 너무좋아합니다  
20171201,10,관람객아이가 평소에 좋아하는 애니메이션!!정말 잼있어하네요  
20171201,10,"관람객아이들도 재미있어하고 좋았어요^^3살, 7살 아들 둘다 대만족ㅋㅋ  "
20171201,6,관람객항상 느끼는거지만 우려먹는건 파워레인져가 최강인듯... 파워레인져의 역사를 느낄수 있음.ㅋ  
20171130,10,관람객아이랑 처음 본영화 애니멀포스좋은추억만들었어요  
20171130,9,관람객애들이랑보기에는 넘재밌습니다  
20171130,8,관람객아이가 좋아했습니다.  
20171129,9,관람객5세아들과 함께 관람했는데 너무좋아하네요ㅎㅎ  
20171129,10,관람객조아요조아요 조아요조아요~  
20171129,10,관람객파워레인저 시리즈는 진리입니다  
20171129,9,관람객아이가 좋아하길래 가서 봤는데 영화보고 더 불타올랐어요. 맨날 아아아~~와이드키잉~ 하고 돌아다녀요. 58분의 짧은 시간이지만 기승전반전결까지 알차더군요! 아이가 너무 좋아해서10점 드리고 싶었는데 제가 좀 지루해서 한개 뺐습니다ㅠㅠ 그래도 즐거웠어요  
20171128,8,관람객애들이 넘 좋아라 하네요^^  
20171128,10,관람객아들이 너무 좋아했어요^^  
20171127,8,관람객평소 파워레인저 좋아하는 아들과 봤는데 제가.봐도 재미있네요 ^^잘봤습니다  
20171127,8,관람객아이는 재미있어 했어요.  
20171127,9,관람객오랜만에아들이랑같이봤네요 아들이잼있게보아서좋았습니다^^  
20171126,10,관람객아이가 재밌어하고 좋아해요 ㅋㅋ  
20171126,8,관람객아이가 재밌게 봐서 좋았습니다  
20171126,10,관람객재밌었어요~~~최고  
20171126,8,관람객4살 남자아인데 웃으며 봤습니다  
20171126,10,관람객 아이와 함께 보았어요~~^^  
20171126,9,관람객1시간 상영시간 길지 않아 좋고 재밌었어요  
20171126,8,관람객아이들이좋아하며 집중하며봤어요~  
20171126,3,관람객애들은 재밌데요.저는 유치  
20171126,8,관람객아이와 즐거운 시간이었습니다  
20171126,10,관람객아들이 너무좋아해요노래도 따라부르고 끝나니 또 보고싶다고하네요저도 만족해요  
20171126,7,관람객제 아들이 요새 가장 좋아하는 방송 극장에서 하네요  
20171126,8,관람객아이들이 좋아하네요...  
20171126,10,관람객아이들이 너무좋아했내요  
20171125,10,관람객아이들이 좋아해요~~~  
20171125,5,관람객아이가 재밌어했는데 시간이 58분 너무 짧아 아쉬웠어요  
20171125,4,킬링타임으로볼만합니다  
20171125,10,관람객아이가좋아했어요.짧다고아쉬워했어요  
20171125,8,관람객아이들이 좋아하는 캐릭터를 한번에 볼수 있어 좋았어요  
20171125,7,관람객아이들이 재밌고 즐겁게봤습니다~  
20171125,9,관람객7살아들이 재미있었다고 9점주네요ㅎㅎ  
20171125,5,우리 아이들이 극장에서 처음으로 잔 영화  
20171124,7,관람객재밌어요 근데 너무 짧아요ㅠ  
20171124,1,개꿀잼이네요~~~~  
20171124,9,관람객아이들과너무좋은시간이었고극장에서 특촬물을자주만났으면합니다  
20171123,8,관람객아들래미와 주말에 좋은 추억만들고자 영화데이트를 했습니다 ㅎㅎ평소좋아하는 파워레인져시리즈라 재밌게 잘보고 욌네요  
20171123,10,관람객아이들에겐 빅영화!!!  
20171123,8,관람객아이가 집중하며 정말 잘 봤어요 ~  
20171122,10,관람객6살아들이재밌데요!  
20171122,10,관람객갠춘갠춘        갠춘갠춘갠춘  
20171122,5,관람객키즈관은 처음가봤는데 영화관이라 하기엔 좀 많이 허술하네여ㅠㅠ  
20171122,7,관람객우리아이가 넘 재미있어서 집에봐서도 애기해요  
20171122,9,관람객아들이 깊이 집중해서 보더라고요 재미있었다네요~~^^  
20171121,9,관람객7세 남아 재미있었다고 하네요  
20171121,10,아주 아주 좋았습니다.  
20171121,7,관람객조금은 유치했지만 아이들은 너무나 좋아하네용 ㅎㅎㅎㅎ  
20171121,8,관람객7살 아이 재밌게 봤어요영화가 짧아요  
20171121,10,관람객아이가 좋아하네요. 보러가길 잘한거 같아요.  
20171120,10,아이들한테  딱!!!근디  영화가 왤케 짧은가요??  
20171119,10,관람객쪼아요~! 하하하하 엄청 재밌었어요!  
20171119,10,관람객매번 나올때마다 보는 시리즈라 잼있어요ㅎ  
20171119,10,관람객굉장히 만족합니다 아이가 너무너무 좋아했구요 처음 가봤는데 아담하니 좋네요 사람도 많이없었구요 평일이라그랬겠지만  아주 좋았습니다 다음에도 또 이용하고 가봐야겠어요 감사합니다  
20171119,6,관람객7살아둘내미와 봤는데 울꼬맹이 너무 좋아하네요^^  
20171119,10,관람객애들이 좋아하네요. 재미있기보았습니다  
20171119,10,관람객재미있게 봤어요 아이들이랑ㆍ  
20171119,7,관람객일곱살아들이보기엔 훌륭했다고봅니다^^  
20171119,9,관람객아이들의 입장에선 기다림없이 볼거리가 많은 영화어른들 입장에선 다소 정신없는 영화 개연성이 적음.하지만 재미있게 봤어요.  
20171119,9,관람객텔레비전에서보는것보다재미있어요~아이들도신나게보더라구요-  
20171119,10,관람객아이가 너무 좋아합니다  
20171119,10,관람객7세5세 남자 아이들이 정말 재밋다고 하네요 7세 아들이 완전 화끈했어   라고  하네요  
20171119,10,관람객아이가 너무재밌게 잘봤어요강추해요  
20171119,10,관람객아이들이 좋아해요 추천합니다  
20171119,10,관람객재미있게 잘 봤습니당 감사해요  
20171119,10,관람객굿 아이들이 좋아해요 짱  
20171119,10,관람객3살5살 두아들이 너무 조아하네요신랑도 같이 좋아했다는..만족해요  
20171119,10,관람객아들이랑재미있게봤어요  
20171119,10,관람객아이가 초 집중해서 보더라구요  
20171119,10,관람객아들이 너무 좋아하네요 춤추고  
20171119,9,관람객재밋엇어요아이가좋아합니다  
20171118,9,관람객아이가너무좋아라해서상영했는데 너무짧은내용에 아이가실망했네요 아이가너무기대하고 봤나봐요 별루재미없다고하네요  
20171118,10,관람객재미짐요~~~~!!!!  
20171118,10,와.  정말 감명깊게 봤어요.  하.  너무 신상적이네요호랑이 변신할때 그 위압감.  마치 백두산호랑이가 살아움직이는것 같았어요.제 인생 만화영화네요.  몰입감이 좋아 마치 제가파워레인져 된 기분이였어요.자 오늘도 출동!  
20171118,10,관람객아이들이 즐겁게 봤네요!  
20171118,8,관람객재밌게 잘 봤어요. 아이가너무 좋아하네요  
20171118,10,관람객아이가 너무 재밌어 해서 저는 만족합니다ㅎ저도 나름 옆에서 재미있게 봤네요ㅎㅎㅎ  
20171118,5,관람객6살 아들은 재미있어 했어요 ..  ㅎ 내용은 계속 싸우기만 하니  정신이 읎었네요... ㅎ  
20171118,6,관람객아이들이 재미없었답니다 ㅠ  
20171118,9,관람객파워레인저에 빠져있는 아들이 엄청 좋아하네요처음부터 변신 싸움!!신나게 잘봥ㅎ습니다단 아이들이보는 영호?ㆍ 광고가 너무 많았어요ㅜㅜ  
20171118,9,관람객영화는어른이봐도재미있네요^^극장도조용하고좋았습니다.  
20171118,10,관람객아들이 너무 재밌어하네요  
20171118,10,관람객잼있게잘보고왔습니다.아이가좋아해요~^^  
20171118,10,관람객굳!!! 정말로 좋아오  
20171118,10,진짜 보고 싶었던건데 완전 굿임  
20171118,7,관람객ㅋㅋ아들이랑 즐겁게봤어요~~  
20171118,9,관람객아들과 함께 재미있게 봤어요~  
20171118,5,관람객뭔가 시끄럽고 어지러운 느낌..집중도 않됨  
20171117,9,관람객재미있어요   추천해주세요  
20171117,8,관람객아이와 함께 너무 재미 있게 보고 왔습니다.  
20171117,10,11점은 없나요?!!!  
20171117,10,완전 재미있어요~~~~! 강추!  
20171117,9,관람객아이가너무재밌어했어요~  
20171117,10,관람객아이들과 너무재밌게봤어요  
20171117,10,막둥이가 파워레인저 광팬이예요~ ㅎ 아빠랑 같이 가서 봤는데 엔딩곡나올때 춤췄다네요 ㅋ  
20171116,5,관람객아이가좋아했어요 내용좋아요  
20171116,10,관람객6살 저희 아들이 또 보고 싶다며 좋아하네요ㅎㅎ이번주에 또 보러 갑니다ㅋㅋ  
20171116,6,관람객파워레인저 항상 비슷한 내용이지만 아이들이 너무 좋아해서 재미있게 봤습니다  
20171116,10,관람객우리 6살 아이가 너무 좋아하네요~~슈퍼전대 화이팅!  
20171116,10,"네 다음은 우주전대 큐렌쟈, 한국 이름은 파워레인저 갤럭시포스.  "
20171116,10,관람객아이들이 너무 재밌게 보내요~^^  
20171116,6,관람객딸이랑 아빠랑 봤어요 주위에는 죄다 아들들 ㅋ  
20171116,5,관람객아 아이들은 재밌어하나봐요. 전별로...ㅎ  
20171116,8,관람객아들이 너무너무 재밌게 봤어요~  
20171116,10,관람객저도아이도재밌게봤어요  
20171116,7,"관람객5세, 7세 남자아이들이 넘 좋아했어요  "
20171115,3,관람객재미있게 봤어요 애들이 전잤구욬ㅋ  
20171115,9,관람객어른이 보기에도 재미있어요  
20171115,9,관람객재밌었어요 아이도 잘보고ㅎ짧아서 아쉽지만 그만큼 집중되었네요  
20171115,8,관람객유치하고 손발이 오글거리긴하지만 나름 감동도 있고 어른인 저도 재밌게 봤네요~  
20171115,10,"4살아들하고 봤는데 극장에서 춤을추고 또 보자고 난리도 아니였네요.아이들 영화라 핸드폰이나하고 있으려고 했는데, 스토리도 탄탄해서 저도 끝까지 다 보고 왔네요^^  "
20171114,8,관람객재밌네요... 어릴적 생각도 나고..아들이 너무 재밌게 보네요..애니볼때랑은 달라요..집중해서 보더라구요..시간이 좀 짧아서 아쉽더라구요..ㅋㅋ  
20171114,10,관람객애들이넘좋아하네요 짱  
20171114,1,잘 자고 왔습니다..!  
20171114,10,관람객아이도 좋아하지만 정작 엄마인 내가 더 매력에 빠짐...시간 가는줄몰랐어요~  
20171114,10,관람객아이가 재미있어 하네요  
20171113,10,관람객닌자포스대 트레인포스보다 훨씬 재미있었어요ㅋㅋㅋ  
20171113,10,딸의 첫 극장 데뷔작입니다! 애니멀포스를 평소에 좋아했던지라 신나게 봤네요~ 또 다른 작품도 극장에서 볼 수 있었으면 좋겠습니다~  
20171113,9,관람객재밌었음 어릴때 추억하게 해준영화  
20171112,10,관람객처음 이용했는데 예매과정이 편하고 빨라서 좋았습니다  
20171112,7,관람객아이들과 즐겁고 재밌게 잘~보구왔어요  
20171112,9,관람객내용알차게 잘보고왓어요 아이도 집중력 최고네요 ㅎ 저도 끝무렵에 눈물날뻔햇어요 어른인 제가봐도 멋지고 감동도 잇엇네요 ㅋㅋㅋ  
20171112,10,관람객아이들이 너무재미있어해요  
20171112,10,관람객아이들이 너무 좋아했어요~ 엔딩때 춤추고 노래하고^^ 고맙습니다~~  
20171112,7,관람객아이들은 너무 재미있어해요. 하지만 처음부터 끝까지 싸우는 장면이라 폭력성을 조장하는 것 같아 별점에서 삭감했어요.  
20171112,9,관람객아들이 너무 좋아하는 파워레인저!!! 재미있게 보고왔습니다!!!  
20171112,10,관람객아이가조아하네요 잘보고왔습니다  
20171112,8,역시나 이번에도 차기작인 큐렌쟈의 등장씬이 삭제되었군요 참 아쉽네요ㅜㅜ  
20171112,10,관람객아들과함께본영화덕심이생겨납니다  
20171112,10,관람객즐겁게 관람하였습니다.감사합니다  
20171112,8,관람객아이가 정말 좋아합니다.  
20171112,7,관람객재미잇어요아이들도 좋아해요  
20171112,10,관람객어른인 제가 정말 재밌게 봤네요. 왜 우리나라는 이런시리즈물을 못만드는지ㅎㅎ  
20171112,10,관람객너무재밋어하네요.^^  
20171112,8,애들이 너무 좋아해요 애니멀포스 큐브 손에 쥐고 열심히봤어요  
20171112,10,관람객아이가 좋아했어요 ㅎㅎ  
20171112,10,관람객아이들하고 봤는데 너무 재미있네요조금 싸우는것만 나오긴 하지만요 ㅎㅎ  
20171111,9,관람객아들과의 오랜만의 데이트..감기가 와서 힘들어 죽겠는데도  아들이 좋아하니..나도 좋다!ㅋ  
20171111,10,"진짜 솔직하게얘기하면, 애들을 위한 영화임쓸대없는 잡얘기없이 빠른전개와 지루할틈없는 모든 스토리가 줄줄 나오는느낌 !스토리 자체도 애들한테 쉽게 전달되고 이해하기 쉽게 만들었음 아무튼 애들이 즐겁게봤다면 엄마인 나도 즐겁고 재밋게 봤음^^  "
20171111,8,관람객생가보다 짧은시간  시간이 엄청 빨리지나가더군요  
20171111,10,관람객애들이너무재밌데요왕추청  
20171111,10,아이들이 너무 좋아했어요. 신이난 아이들을 보니 저 또한 뿌듯^^  
20171111,9,"관람객트레인포스는 애들이 워낙 좋아해서 영화판이 나왔다는 얘기에 반가웠네요. 영화에 닌자포스, 애니멀포스가 다 나와서 역시 재밌게 보고 나왔어요~  "
20171111,10,관람객아이들이 너무 재미있어 하네요 만화보다 더 재미도 있고!추천합니다~  
20171111,8,관람객애가.재미나하네요.  
20171111,10,관람객아이들의  영웅이니 최고죠.  재밌어서 그런지 짧았다고 하네요.  
20171111,10,관람객굿좋아요좋아요좋아요좋아요  
20171111,9,관람객6세 아드님이 정말 신나게보네요아쉬운점은 너무짧아요  
20171111,10,관람객파워레인저너무조아하는우리5살아들초집중해서너우나잘봤어요  
20171111,10,관람객완전 꿀잼! ^^ 파워레인저 영원하라~  
20171111,10,관람객한시간동안 저희5살 3살 아들들 말한마디 안하고 팝콘과 사이다로 저에게 휴식을 줬네요..ㅎ저도 넘나 재밌게 봤네요  
20171111,8,재미있어요 애들이너무좋아하네요  
20171111,10,관람객짱잼났어요ㅋㅋ 애들이 넘좋아해요  
20171111,10,관람객아이가 너무좋아하네요ㅎㅎ  
20171111,9,아쉽게도큐렌쟈가안나온개아쉽내요그래도역대슈퍼전대를오랜만에보아서좋았습니다  
20171111,10,관람객대박^^.재미나요6살아이랑 함께또보고싶댕‥ㄷㅇ  
20171111,10,관람객애가또보자네요 시간이짧아좋았어요  
20171111,6,관람객4세5세 아이들 좋아하네요^^노래나오니 춤도추고 애들보기엔 재밌었어요  
20171110,10,관람객내일 또 보자네요.5세 남자아이요  
20171110,9,관람객아이가 한시간 내내 눈을 못떼고 봤어요.  
20171110,10,관람객아이들이 좋아하네요~  
20171110,10,애니멀포스를 스크린에서 볼 수 있어서 너무 좋았어요 ㅋㅋㅋㅋ 역시 여전한 파워레인저의 재미!  
20171110,10,파워레인져광 4살 아들과 보고왔어요. 보고와서 하루종일 파워레인져 얘기를 하네요. 엄마인 제눈에도 나름 재밌고 감동적이었어요^^  
20171109,10,5살아들하고 아까 보고 왔는데 너무 좋아하더라구요끝까지 잼있게 잘보고 왔네요  
20171109,8,관람객아이가 넘 잼있어해요~  
20171109,8,관람객아이들이 너무 재밌어하네요^^  
20171109,8,관람객닌자포스와 애니멀포스를 한번에 보니깐 재밌네요 아들이 좋아했어요  
20171109,10,관람객너무재밌었어요 ^^유치한데 재밌다는 ㅋㅋ아들보다 제가 더 신나게 본듯하네요  
20171109,10,짱짱맨!!!! 재밌어영  
20171109,10,"감동의 대서사시, 오늘도 지구는 평화롭습니다.  "
20171109,10,아 동심의 세계는 파워레인져지 똥칼라파워!  
20171109,1,환상적인 콜라보레이션  
20171109,1,무플 방지위원회에서 나왔습니다. 잘부탁드립니다.  
