0,1,2
20190102,5,지금 구매하려면 어디서 구매해요? 뭔 개잡블로그에 조회수 쳐모을라고 불펌한 것들만 잔뜩 나오네 아직 안 봤으니 5점 올립니다  
20181128,10,이미 스토리를 알고 보니 더 재밌는 듯 캐릭터 간의 관계를 아니까  
20181118,1,"돈 독이 잔득 올랐네,.,  "
20180922,10,난 좋았는데 확실히 극장에서 보신분은 실망할수도?  초반 내용 신작화로 볼수있어서 새롭고 좋았어요 구작화도 귀여워서 좋아하는데 깔끔한 신작화도 보기좋네요!  
20180902,5,이건 구지 극장에서 안 해도 될 것을 그냥 티비 스페셜판으로 나온걸 왜 극장에 걸었는지 뭐 새로운 것도 아니고...  
20180811,1,tv스페셜을 영화로 돈 벌여들임.  
20180224,1,그냥 이미 본 내용을 돈내고 조금 더 크게 보는셈 팝콘은 맛있었으니까 1점 줍니다  
20180207,10,정주행하기는 딱 좋은 영화지금 그림체도 취적.입덕하긴 좋은 영화  
20180203,10,저는  의외로  재밌게  봤습니다.  근데  제가  생각하기에도  이건  돈내고  볼만한  영화는  아닌거  같네요...  
20171222,7,이제는 신이치 일때가 그립다.  
20171219,7,여태껏 에피소드들을 간단명료하게 잘 설명해준 압축판1.  
20171218,10,코덕인지라.. 코난 입문용으로 정말 추천 ㅎ 고화질에다가 새로운 장면도 몇몇 넣어주니까 괜찮았음!  
20171022,1,이걸 돈받고 개봉한 cj가 양심없는거지.  
20171008,10,오랜만에 과거 생각이 났다. 사실 너무 오래전 이야기여서 언제 봤던지 기억이 안났었는데 그때 그시절의 기분을 다시한번 느끼게 해준 추억의 작품이었다. 하지만 내가 생각했던 그런 결정적인 힌트는 없었다는게 다소 아쉬웠다.  
20170817,7,아는 내용들 고대로 나옴 돈 아까웠음 ㅠㅠ 코난을 아예 모르는 사람이라면 입문용으로는 괜찮을듯..??  
20170725,1,진짜 이거 저번에 영화관에서 봤는데 ㄹㅇ 돈낭비  
20170724,1,"후,솔직히 저는 영화관 가서 보지는 않았지만, 정말 실망입니다.아니, 이거 자체가 원래 도일이가 롤러코스터 사건에서 추리전에 끊깁니까? 티비로 보다가 화나서 적어요, 진짜 방송사에서 짜른건지는 몰라도 다시본다는 생각으로 기대했는데 실망입니다. 정말  "
20170724,5,투니버스에서 첫방하길래 봣는데 똥싸다 끊긴 기분이다 질문받는다 씨발  
20170724,2,더빙도 뭔가 무성의한느낌 성우진을욕하고싶다기보다 뭔가 여튼 억지느낌  
20170716,1,님들 이거 초딩새끼들 이해도 못하면서초딩새끼들 때문에 나온거예요  
20170615,1,"그냥 짬뽕으로 해놓은것 뿐이지 별다른것 없구,..뭐야 이거ㅡ_ㅡ^ 돈배려써ㅜ  "
20170608,2,그냥 다 봤던 내용에다 고화질로 해놓은 느낌..?좋았던건 그냥 고화질인거뿐..  
20170603,2,지금껏 극장판을 빼놓지않고 다 봤는데 최악임...이미나온내용 화질만 좋아짐  
20170602,6,코난 광팬으로서는 볼만했습니다  
20170521,1,책에 나오그데로 출연해네요.1~3화은 적부 본 내용 인데 좀 심심하네요  
20170509,2,일본에서는 그냥 틀어주는걸 우리나라에선 돈받고 ... 다시보기로 봤는데 개봉하자마자 안본게 다행이네요  
20170506,1,이건 그냥 TV로 스페셜편으로 보여주세요.. 이미 내용 다 알고 있어요.  
20170501,1,극장판처럼 홍보한거 왜죠?  
20170412,1,코난 마니아로써 영화로 내긴 색다른 이색감이없어서...말입니다  
20170411,5,아... 이건 정말 아니다 차라리 만들지 말았어야 했다  
20170411,8,그래도 코난이라 8점 준다  
20170403,10,재밌었어요ㅠㅠ 근데 일본에서는 티비로 방영했던것을 우리는 영화관에 자꾸 개봉하니까..~_~ 그래도 코난 팬으로써 초창기 생각도 나고 잘 보고 왔습니다!  
20170401,10,난 그 바레너님이 쓰신 재미있게 보는 법에 다 해당되서 그런가전 너무 재밌었는데요ㅎ 수족관 이야기랑 이어지는것도 좋았고 코난에 신란 잘 안나오는데 계속 신란얘기 나오는것도 좋았고 예전꺼를 최신 그림체로 보는것도 좋았고 마지막 쉐리는 넘 오져버렸고..  
20170401,10,앙 배모띠 앙 띠 앙 기모띠 앙 영화띠 앙 코난띠  
20170401,1,코난덕후라면 절때보면안되는 영화.  
20170325,1,헐ㅋㅋㅋ 왜 내 평점 지움..? 노어이  
20170325,7,이번 영화는...솔직 진짜 별로였음 에피소드여서 그런건지 짜집기 영상이 넘 많네...  
20170324,10,난 코난 좋은데요  고화질이라 좋은데요  저화질이랑 고화질이랑 차이 있잖아요우리 코난 브이라인으로 나와서 좋기만 한데 뭐.미란이 태권도신 짱임그리고 첨본장면 은근 많던뎅  
20170322,10,"나름1,2화 리메이크 기분도 있고 셰리 넘이쁘고 나름 코난 판다면 봐도좋을 영홥니다!  "
20170322,10,그런데 다들 욕들 많이 하시는데 솔직히 에피소드니까 이때까지 봤던 내용들이 나온다는거 정도는 예상이 되지 않나요? 그리고 보고나서 욕을 할거면 처음부터 안보시는게 나을거 같은데..ㅎ보고 욕하실분들은 집에서 보세요 영화관가지마시구요  
20170315,5,영화관가서  보는건 돈버리고오는거고 솔까 나중에뜨면보는게 나음 근데 그것도 솔직히 시간아까움 ㅇㅈ????  
20170313,6,영화줄거리 보면 초반에피소드 극장판으로 만든거 알수있는데 왜 속은것처럼 그러지ㅋㅋㅋ내용이 같아도 영화관에서 볼수있는거에 의의를 두는거지 뭔의미를 찾고들있냐  
20170311,7,"...? 재밌는데너무 까기만하시는듯.. 뭐 다알던거고하지만, 그래도 기승전결 맞게했는뎅... 전재밌었음 물논 다른극장판보다는 거저먹은게보여서 7점줌  "
20170306,9,이거뭔가 원피스 에패소드 시리즈랑 비슷함  
20170305,2,와... 나 진심 이거 개니보러간듯... 더빙으러 해줄줄 알고 갓는데 자막이네... 나 자막 별로 않좋아하는데.. 휴...진심 돈이 아깝다..  그래도 마지막에 7월딜에 커밍순이라고 뜨니까 그래도 좋앗다  
20170305,1,집에서 쿠폰주고 봤는데...영화관에서 돈내고 봤으면 암걸렸을듯...그냥 코난 1~2화 ;;  
20170305,10,역시코난 ! ! 재밌었어요!코난을 잘모르시는분들이보면 한번에 이해할수있는거같에요 ! ! 코덕으로써도 재밌게봤어요 ~ 마지막에 여름에 커밍순이라는디 21기 진홍의연가가 개봉할지안할지 ...ㅎㅎㅎ 기대가되네요 재밌었고 코난극장판은 다 재밌는거같에요 ~  
20170304,1,화질좋은1기 보는느낌이군요  
20170304,1,이거 뭐임??명코 1~2화만 봐도 나오는 건데 그럴 빠앤 영화관에서 영화 보는 것 보다 그냥 집에서 시리즈를 사겠다  
20170304,1,아쉽군요. 왜 이런걸 만들었는지 이해가 안되네요  
20170302,10,본 것들도 있지만 이 영화는 1화를 리메이크 한거라서 재미가 있는거는 아니어도 도일이 표정들이 좋았습니다!  
20170301,10,너무재미있어요.^^  
20170301,1,영화볼라고 낸 돈이 정말 아까울 정도로 노답;  
20170228,1,다 아는  내용 과 영상을 왜 돈주고 또 본거지?  굳이 새로운걸 알았다면 도일이 이마가 엄청 좁구나~ 정도  
20170228,9,너무 좋아요!!! 일본에서는 TVf로 틀어 줬다지만 이 정도면 극장판해도 좋겠는데요?!!  
20170227,1,아놔괜히봄...1점도 아까움ㅠㅠ이걸...극장판이라고...밝혀진 진실 아무것도 없네....  
20170227,1,ㅋㅋㅋ 다 아는내용 숨겨진 에피소드는 아닌든 그냥 명탐정코난 1화부터 끝가지 보다보면 나오는데실망..  
20170227,10,Tv로 봤는데 사람들이 재미없다고 했는 데. 전. 정말로 재미있었어요  
20170227,1,너무하네....왠만큼 코난본사람들은다알만한내용 짜집기...이걸..못봐서ㅜㅜ집에서 만원이나 주고 다운받았는데..진작 평점보구 다운받을걸..너무하네요돈아까운것도 그렇지만 어떻게 저런걸.극장판으로.내보내나  
20170226,1,노 잼 보다가 영화관에서 뛰쳐 나왔다 돈이 아까움  
20170226,1,ㄹㅇ 너무 노잼 이미 다 나온내용 1시간 30분 하고 남은 10분 정도는 그냥 사건들이 빠르게 슈슈슉 나옴 전혀 이해 못하겠는 부분  
20170226,10,명탐정 코난 20여년의 역사가 담긴 귀중한 영상 명탐정 코난 팬들을 위한 스페셜!  
20170226,1,이건 다 알려진 내용이라구요...그래도 신이치 봐서 좋긴 좋았는데 퍼즐은 다 맞쳐지는게 아니라 이미 맞쳐진거에요..  
20170225,1,사실 1점도 주기싫다. 노잼  
20170225,10,아는내용이었지만 모르는 부분도 있었기에 볼만했다.  
20170224,1,에휴 ..괜히봄 진짜 돈아깝네  
20170224,8,개인적인 생각이지만 저는 만족합니다. 8점 드립니다.  
20170224,10,재미있었습니다ㅋㅋㅋ  
20170224,1,진심으로 지금까지 없었던건 끝에 5분?정도입니다  
20170223,3,솔직히 검은조직이 나온다고해서 봣는데 나오긴했지 진실이나 몰랐던 사실을 알게괴는거 몇개 있긴한듯 다만 기대에비하면 실망이 매우큰 ㅜㅜ  
20170223,8,댜사는 똑같지만 장소는 달라서 뭔가 새로웠음. 그리고 여름에도 다른 에피소드 한다는데 그거라도 기대해보삼. 마지막까지 예상했던 스토리라 뭔가 돈 쓴게 허무하긴 했지만 그래고 비하인드 스토리도 나왔음. 이건 일본판 스토리에도 안 나온거임.  
20170222,10,??? 뭔데..더빙 왜 나왔냐??? 저기요?? 올레티비 쓰는데 더빙이 있잖아?; 상영은 자막밖에 안 하고..이젠 상영 안 하나.. 왜 예매하기 없어... 그래도..뭐 봐야지♪ㅁ! 잇힝☆ 난 영원히 코덕이니까☆  
20170222,1,쓰레기영화임 애니 구성 요소 만있고 이딴것도 영화로만들다니 돈이아깝다 OO같은영화임  
20170222,10,아니 욕 하는 사름들 솔직히 뭐임 도일이가 작아지기 전에 무슨일들이 일어났는지 많이 나왔는데 똑같다고 하는 사람들이 이상한거임 그리고 일본일본 하는데 그럼 일본 가서 보시던가요 왜여기서 이러시는지 여긴일본이 아닙니다  
20170221,1,일단 1점1점1점1점  
20170221,1,차라리 tv판 아니면 원작 정주행하는게 더 나아요....  
20170221,10,에피소드원이라고 검색만 해도 리메이크라고 나오고 제목만봐도 리메이크구만 그럴거면 차라리 첨부터 보지말지 난 재밌게 봤는데 뒷사람이 노잼이라고 겁나 욕 처하던데..  코난에서 안 나온 스토리 많이 나왔던데 뭐가 똑같음  구별 못하면서 광팬으로 위장 ㄴㄴ  
20170221,10,장미가 도일이 사망처리한거 알앗음ㅇ  
20170221,1,어지간히재미없더라...  
20170221,10,코난에 미쳐사는 사람인지라 다른 사람들은 ㄹㅇ 노잼이라고 해도 난 재밌었음..; 똑같은 장면만 나왔다고 하는 데 대부분의 장면이 비하인드 스토리였음 실제로 똑같은 장면 거의 안나왔는데 코덕아니면 잘 구별못할듯 솔직히 말하면 광팬아님 안보는거 추천  
20170220,1,코난 영화 넘 지겹다 아깝지만 1점을 드리겠습니다  
20170220,9,기대이하 이긴한데 나름 재밌었음  
20170220,10,이거 에피소드 원-작아진 명탐정이라고요!!명탐정코난 1기에 나온 이야기들이퀄이 떨어져서 지금 퀄로 리메이크 한거구요작아진 명탐정이 1기에 남도일이 작아졌을 당시에 제목이었잖아요...  
20170220,1,광팬이라면 보지말아야할 영화..다~~~아는내용..수도없이 본 내용..으악~~~~내돈....ㅜㅜ  
20170220,3,tv판을 그대로 틀어주었네요. 점점 극장판은 갈수록 실망스러워 진다고 느꼈지만 이번껀 아무리 그래도 심했음..  
20170220,1,근데 이런내용 만들시간에  미란이가 코난이 남도일인거 알아채고 다투거나 슬퍼하는 내용이나 검은 조직한테 재대로 복수를 만다거나 장미를 알아보거나하지 극장판 이나 그냥이나 다 범인밖에 안잡고 사실은 하나도 밝히지 않아..  
20170219,1,"1,2화를 안봐서 이거를 봤는데... 포스터에 나와있는 거의 모두(베르무트,꼬마3,쿠도 유사쿠,키드)심지어 하이바라까지 별로 안나오고... 이건 그냥 안보는게 나아요. 짜집기인지는 모르겠는데, 퀄리티가 엄청 떨어져요.. 코하펜으로써 실망입니다...  "
20170219,5,재미는 없네요... 검은조직에대한 단서 또는 보스의단서를  새로운거 넣었으면 그나마 재밌을것같은데... 다 봤던 이야기여서 좀 별로였어요. 재가 코난을 짱좋아해서 봤는데....솔직히 별로였습니다. 하지만 퍼즐은 좋아요.히히히  
20170219,6,딱히; 그저그럼 말그대로 러브스토리? 그래도 재밌긴 재밌슴. 그런데 많이 실망  
20170219,1,동생때문에 뭣도 모르고 돈만날렸네 ㅅㅂ이딴걸 왜 극장에서 돈받고하는데 ㅋㅋ  
20170219,1,찌질하고 미개한 ㅆㅈㅇ 돈먹는 소리 들린다 킁킁킄으ㅓㅋㅇ컹컹컹  
20170219,1,"이게 뭐야 그냥 1,2화 나온거네 다 애니에서 나온내용 진짜 보지마셈 왜봄  "
20170219,9,그래도 이벤트 상품많이 주던데 ....안나오는 것 보다낫고  
20170218,1,실망이에요 말그대로 정말 1화 내용을 좀더 자세하게? 다시 그린 내용이랄까..  
20170218,1,하...내돈 이거 다나온거 리메이크한거잖아요 재미도없고....미리평점좀보고 영화관갔다올껄 그랬네요 후회합니다.새로운내용?30분채안됩니다  
20170218,1,티비 에서나온 걸 연결해서 나온거 같다^^:;  
20170218,1,별한개도아까움/아니 난 매일밤코난을 틀고잘정도로 매니아지만 이런걸 극장판이라고 .../이건우롱이지? 아 난 이걸보려고 왜 이시간에 이러고있는거지/평점보고왔다면 무조건 안받을 .../퉤퉤퉤.!!이런식으로라도 돈벌고싶다니 도와주리다 참 장사 더럽게하네  
20170218,10,한번도 안나온 내용인데 중복은 무슨 중복?  
20170218,6,코난 퍼즐 때문에 보러갔다..  
20170218,4,정말 코난 좋아하는사람일수록 보지말아야할듯.그냥 코난 좋아하는사람들이 다 아는내용만..보던거 또 보는느낌..?  
20170218,1,"진짜 1,2기 내용 짜집기 한거몇번이고 더 봤던내용  "
20170217,1,절대 보지 말것쓰레기임  
20170217,10, .재밌었어요ㅋㅋㅋㅋ  
20170217,10,복고 열풍은 예상치 못한 곳에서  
20170217,1,이건뭐 영화가 감동도없고 다 아는이야기 봤던장면 자세히 짜집기수준 와 답이없다 심지어 영화 끝나고 잠깐하는영상? 그런것도 없고 기념품으로 받는 퍼즐을 칠천원주고 샀는기분이들정도임..대단하다 대단해 재밌다고 댓글단 사람들은 알바임?  
20170217,1,이걸 돈주고 영화본다는건 돈 잃어 버린거나 똑같은거다.  
20170217,10,작화는 좋은데..ㅠㅠ  
20170217,10,그날 무슨일이 있었는지 알았다.코른키안티는 그사장을 제거하려 하였고하지만 철수 그리고 베르모트가 3기에 등장한 이유마찬가지 코른 반전  
20170217,2,짬뽕 짜집기 쓰까의 연속  
20170217,7,정말 코난을 좋아하시는 분들만 가서보세요 거의 짜집기긴 한데 새로운 장면들도 10%정도는 있으니까 괜찮을거에용 그리고 2주차 특전으로 퍼즐도 받았어여ㅋㅋㅋ  
20170217,10,역시 코난 믿고 봄...!!그림체 정말 대박임..bb  
20170217,5,재미있긴 해도 진홍의 연가 개봉하는게 훨씬 난 것 같은데...  
20170216,1,이럴수가...다 나온건데 사기네...게다가 일본에서 tv로 한걸 개봉해다니;;돈 아까우니깐 상품없으면 보지마세요.  
20170216,10,재밌엏어요 그런데 조금 아쉬워요  
20170216,10,그래도 나쁘지않았어요  
20170216,1,생각보다 재미없어요. 너무 기대하진 마세요. 다 아시잖아요 코난이 약먹고 작아진거요  
20170216,8,중간에 생략되는 부분이 많아서 아쉽다  
20170216,1,이걸 돈받고 보게하다니. 코난팬들에대한 우롱.  
20170216,10,코난 마나아라서 벌써 많이 본영상들을 모은것 같았음 그래도 코난이라는 거 자체로 만족  
20170216,1,보면서 이게 극장판이야??? 이거 그냥 극장 개봉 기념 SP방송아니야? 이런느낌 ㅡㅡ  
20170216,3,헐.. 보려 가려고 했는데 보면 안되겠군요ㅠㅠ 안 본 화가 거의 없을 정도로 마니아니까 더더욱... 나중에 일본판으로 찾아서 봐야겠네요.. 평점은 그래도 보질 않았으니 3점은 드릴게요...  
20170216,1,정말 정말 짜집기 하고 보충한것같은 느낌? 1점도 주기 아까운 정도?  처음으로 코난을 보면서 실망감이 컸고 내가 이걸 왜 돈을 내고 보았을까?? 하는 생각도 들었습니다.  코난을 안보다가 처음본사람들한테는 괜찮을수 있지만!! 정말 아쉽습니다.  
20170215,1,돈에 눈이먼 사람들 지루하고오리지널스토리+다아는내용+이전에없던내용억지로구겨넣기=희대의망작 예고편>>>>영화영화평론하면서 이렇게 직설적으로 쓰기는 처음이다  
20170215,10,신이치는 사랑이죠 핰핰  
20170215,1,1화 재탕으로  극장판을 만들줄이야..; 영화 감상한 시간 아깝다!  
20170215,1,와 미치겠네?? 안녕하세요 저 영화관에서 돈주고 본 사람인데 장난하세요? 그런 거의 짜집기 영화는 나도 만들수 있겠다 나참 ㅋ 어?이가 없네? 아니 소재가 떨어지면 그냥 하지를 말아라 돈이나 쳐 받을려고 이렇게 쌩쑈를 하지 말고  
20170215,1,마이너스 평점입니다. 돈아깝습니다.애니 압축형 극장판으로 돈벌이하려는게 너무 눈에 보입니다. 광고에 속지마세요.  
20170215,2,재미있긴한데...일본에서는 TV로 나온거를 돈내고 봐야하네요.그냥 토렌트에서 다운 받아서 보세요  
20170215,1,코난 극장판까지 챙겨서 보는 사람이라면 다아는 줄거리  결말내라 슬슬  
20170214,1,이건 진짜 아니다. 아이가 이런게 왜 극장에서 하냐고 하네요.  
20170214,1,진짜 보지마셈 내가이거 레알로 보고 올리는 후기인데 여태까지 나왔던 이야기고 보면 진짜 돈 날린 기분임 코난 제가 좋아 했었는데 이런거 코난을 좋아하는 사람들한테 정말싫망을 않긴다고 생각함 정말 돈이 남아 도는 집은 이거보셈.  
20170214,7,다 아는 내용이 나오는거여서 솔직히  좀 돈내고 보긴 뭐했는데 그래도 그림체도 바뀌고 약간추가된 내용도 있어서 뭐..나쁘진않았어요  
20170214,10,짜집기가 꼬우면 보질말던가 뭔 1~3화야 그전에 대사로만 나온내용이나 없던장면 같은거 추가해서 1~2화까지 그린건데 확장판 난 꿀잼이었음  
20170214,10,신이치는 사랑입니다 여러분  
20170214,2,기대많이했는데 막상 1화랑 별차이도 없고....딱히 몰라도 상관없는 내용 몇분 집어넣고 극장판이라니...ㅠㅠㅠㅠ 거기서 거기예요  
20170214,1,내가 뭘 본건지 싶다 진짜;;  
20170214,8,재밌긴한데 원래 2시간  tv스페셜이었던 작품이라 극장에서 상영하기에는 부족함이 많습니다. 돈내고보기엔 중복되는부분도 너무많구요  
20170214,10,사람들이 내용똑같아서 돈낭비 뭐 그래서 기대 안하고 봤는데 그림체 부터가 달라졌고 다시보고 돈내고 봐도 재밌었습니다^^* 작가님도 이렇게 한 이유가 있으시겠죠ㅎㅎ 아무튼 코난은 다 재밌음  
20170214,1,진심 재미 없음. 이걸 돈주고 ..보다니... 투니버스 재방 보는게 낫겠음..;  
20170213,10,내용이 재밋는게 문제가 아니라 우리 신이치만 잘생긴게 나오면 되요 .. 짱짱 ..  
20170213,1,솔직히 이번꺼는 재미있던 내용도 없었던거 같고..모르는내용이 100%중 5% 정도인거같네요... 1화2화?그냥 붙인거 같은느낌....  
20170213,10,사스가 코난군 기대를 저버리지 않고 재미있었어요 그리고 베스트로1점준 놈아 일본에서만 티비 스페셜이고 외국가면 극장개봉이거든요?모르면 말을 마세요  
20170213,10,기대가 되는만큼 재미도 솔솔하네요..ㅋㅋ  
20170213,10,잼있게봤어용ㅋㅋㅋㅋ  
20170213,1,어이가없어서 평점까지쓰네..이거 그냥 코난 1화 2화잖아 별 내용도안나오고 이거볼바엔 차라리 컴퓨터로 코난본다 괜히봤네 진짜 알바들 작작해라  
20170213,9,역시 신란!! 재미있게 잘 봤습니다ㅎㅎ  
20170213,1,코난1기에 나온부분(좀유명한거) 코난시작할때마다 나오는거 섞어서 편집해놨더라고욯ㅎㅎㅎㅎ 보지마세요 돈아까워요진짜... 비추비추비추  
20170213,10,덕후들아! 이 내용 이 장면 다 기억하지?? 하는 느낌이에요 ㅋㅋㅋㅋ추억여행...  
20170213,10,짱이에요역시대박코난클래스가다르다대박짱짱  
20170213,10,빨리 보고싶기도 한데 언제쯤 다운이 가능 할까요? 개봉한지 일주일 지난것같기도 하다만  
20170213,3,일단 그냥 보실거면 집에서 명탐정코난 1기부터 보세요 저는 명탐정코난을 정말 좋와해서 다 봤는데 쫌 실망스러워요 그래서 쫌 짜증났어요 저처럼 명탐정코난 덕후인 사람들은 보지않는것을추천드림니다  
20170212,3,음...극장판이라서 봤는데 크게 달라지거나 알아낸것도 거의없고 그냥 1~2화를 보고 약간 추가한 느낌? 아무튼 이거 안보신분들은 1년뒤에 투니버스에서 하는거 걍 추천드림  
20170212,10,굳굳굳굳조아요조아요  
20170212,1,알바들아 앵간히 좀해라..  
20170212,10,와ㅠ 오늘 친구랑 봤는데 진심 짱이에요ㅠ 결말이 좀 말도안되게 끝나긴했지만 진심 도일이도 많이나오고ㅠ 짱입니다ㅠ 2시간이 언제간지도 모르게 후딱지나갔어요 이 영화보고 진짜 코난에 더 빠져버렸어요ㅠㅠ 진심으로 추천합니다ㅠㅠ♡  
20170212,10,아니 8일에 개봉하고선 벌써 막내림???ㅠㅠ어디서 예매해요?  
20170212,1,아니 걍 1화 2화 보세요 낚였네.. ㅅㅂ  
20170212,9,코난스토리를 잘 모르는사람들은 보면이해안될수도 있을것같아요 그래도코난팬입장으로는 짱이네요 ! 책에는없던 내용도나와서 좋네오무엇보다 자막이  너무좋아요 더빙판 추구하던제가 자막찾아보게 생겼네요 ㅎㅎ  
20170212,9,코난은 언제나 옳다!!!  
20170212,10,내용이 반복이되도 재미있는코난 신이치가 많이 등장하고 알콩알콩도 굿 쉐리의 새로운 모습도 보게되어서 좋았어요 추억이 새록새록  
20170212,1,원피스 카지노는  잼나게 봤다. ㅡ..ㅡ명탐정이건  추억우려 먹기 식  사기다.경기도 안좋은데 남에 돈 만원을 날로 먹을려 한다 -_-완전 OO들임  이거 만든놈등  
20170212,3,"1,2화 내용 그냥 그대로입니다 처음 나오는 30분만 모르는 내용이고.. 특전아님 안봐도 될거 같아요 더빙도 아니고 자막입니다  "
20170212,10,코덕이라 다 아는내용이긴 했어도 재미있었다. 신란파가 아니라서 딱히 신란의 꽁냥꽁냥을 보고 썩 좋지는 않았지만 신이치가 많이 나와서 좋았다 결론은 10점 ㅇㅇ  
20170212,8,신이치랑 란이랑 알콩달콩하고 되게 풋풋한 장면들이 많아서 좋았던것 같아요. 쉐리에 대한 정보가 많이 나오지 않아서 아쉬운 부분도 있었지만 대체적으로 재밌게 봤어요.  
20170212,2,재미없었다  정말 노잼....  
20170212,10,퀄리티가 더 좋아졌어요 역시 코난은 재미있습니다 꺅  
20170212,10,신이치가 많이 나와서 너무 좋았음  
20170212,10,재미있음!!!코난  
20170212,1,코난 마니아라면 더더욱 보지말아야할 영화 이미 수십번 봤던 내용들의 연속  
20170211,5,나도 애니 정말팬인데 이번주 코난 극장판은 별로 재미도 없어서 10점 절반인 5점 주고싶다 아마 이내용은 1화부터 정리를 할것같다 지루할듯 진홍의 연가 꼭 개봉해주세요 제발 제발 제발 제발  제발 제발 제발 제발 제발 제발 꼭 개봉해주세요!!!!  
20170211,2,기대했는데 정말 실망스러웠다...그냥 알던 내용을 늘여놓고 나머지 짜집기해서 만든 느낌..?처음엔 그렇다쳐도 마지막엔 내용이 하나도 이해가 안돼네요;;  
20170211,10,완전 재미있네요!~명탐정코난 1기가 나오기전에 내용인 것 같네요  
20170211,1,돈이 그리도 좋더냐 ㅉㅉㅉ  
20170211,10,예고편부터 장난아님 명탐정코난 (애도가와 코난)남도일(쿠도 신이치) 장수하는 애니메이션되길..^^  
20170211,5,제가 코난팬이라 같은 코난극장도 극장에서 3번~ 5번정도 반복해서 보는데 요번은 새로추가된것도 정말 조금밖에 없고 .. 이번편은 좀 실망스럽네요. . 다음편을 기대하겠습니다.  
20170211,1,짜집기. 광팬이 조카녀석이 화를 내더군요0점이 안되서 1점 줌  
20170211,1,일본에서 티비로 그냥 틀어주는 짜집기영상을 극장에서 이 돈을 받다니 이건 소비자 우롱에 가까운 수준.. 그냥 집에서 애니 1~3화를 보세요 그거랑 내용도 똑같고 새로운 장면도 채 30분이 될까말까입니다 물론 그 장면들도 별 의미는 없습니다^^  
20170211,5,이거 극장판 아니고 전형적인 한국형 사기입니다.  일본에서 코난 보는 사람이 좀 늘어서 단기간에 보라고 만든 스폐셜입니다. 바뀐 건 홍장미 언니가 원래 1기 8화 때 죽었어야 했는데 애니제작사가 잘못해서 못 죽인거 여기서 죽인 거랑 홍장미 연구실 뿐입  
20170211,1,새로운 내용 하나도 없고 이미 나왔던 내용 재탕한거에다 쓸데없이 시간잡아먹는 연애장면들을 뒤섞어논 사기극.  
20170211,10,"추억의 코난, 극장판으로 처음봤는데 너무 재밌게 봤네요  "
20170211,3,기존 내용의 재탕&짜깁기. 솔직히 너무 실망. 처음 30~40분을 쓸데없는 사건 해결 에피소드로 채운 것은 정말 최악의 시나리오였단 생각. 그동안 드러나지 않았던 비밀이 밝혀지는 줄 알았으나 그것도 아님. 수익을 위해 만든 매니아 저격성 극장판임.  
20170211,9,명탐정코난 극장판  재미있었요  여름하는 코난극장판 기대함  
20170211,10,오랜만에 보는 코난은 무조건 반갑고 좋네요~자막이라 더 몰입도 되고 재밌게 봤어요~  
20170211,1,다 나온내용이네요ㄷㄷ  
20170211,2,아들하고 항상 극장판 코난은 매번 보는데 이번엔 조카들과도 같이 봤는데 다 아는 내용이라 왜 봤는지 모르겠데요.참고로 저도 이번 영화는 별루예요 ^^  
20170211,3,코난은 좋아하나 그렇다고 이유로 무조건 평점 높게 주기에는...좀 아닌것같은데?...  
20170211,3,진짜 다시 복습하는기분. 코난 처음보는 사람에게는  좋은것같음.  
20170211,6,재밌긴 한데 극장판으로 할 정도는 아님.  
20170211,9,내용은 겹치지만 재미있어요  
20170211,1,TV시리즈 하나 뜯어서 영화라고 사기쳐서 개봉해 돈 뜯어내는 것이 요즘 유행인가?  
20170211,10,진홍의 연가 개봉함?? ㅋㅋㅋ  
20170211,1,내돈 내시간 내콜라 내팝콘물어내... 진짜후회 솔까 에피소드로 계속 나오면 에피소드 3부터 봐야할삘 진짜 그냥 1기다시보긴줄~! 돈아깝 코난광팬인데 이번에실망...  
20170211,4,달라진 점 하나 없는 코난 리부트  
20170210,9,코난 팬으로써 1화를 되새김질하면서 재밌게 봤어요다만 지금껏 공개되지 않았던 이야기도 기대해서 그런가 조금 아쉽긴 했어요 그래도 볼만했습니다!  
20170210,1,이 영화는 코난과 란의 연애얘기 입니다. Cj에서 호갱들 돈 뜯어내려고 투니버스에서 방송 안 해주고 cgv에서 단독으로 수입해서 상영한 것입니다. 그래서 평점 1점 줌  
20170210,10,내 두시간 내 팝콘 내 8000원 어디있나요?찾고있습니다  찾으면 연락주세요 010 5959 1818  
20170210,10,역시 시리즈마다 실망시키는법이  없음무조건 코난은 스크린에서 봐야함  
20170210,10, 일본에서는 tv스페셜로 방영한걸 우리나라에서는 돈주고 봐야하나 하시는분들 적지않을텐데 우리도 tv스페셜로 방영했다면 이 재밌는걸 영화관에서 보여주지 이런 반응이 나왔을것같기도합니다 결론은!재밌었고 개인적으로 더빙이아니라서 애들 별로안와서 좋네요ㅋㅋㅋ  
20170210,5,나쁘지는 않았는데 자막이라서 뭔가 좀 아쉬웠고 좀 지루한 부분이 많았음  
20170210,10,역쉬나 실망시키지 않는 코난.. 꿀잼 터졌네 터졌어  
20170210,10,역시 코난!!! 봐도봐도 재미져!  
20170210,1,시즌으로 내는게 훨씬 더 낫겠네요. 기대하고 봤다가 후회했어요. 영화관에서  왜 상영안하려고 하는지 이해했습니다.  
20170210,1,별로 추천하지 않습니다오랜만에 봤는데 내용도 새롭지 않고 보면서 지루했어요돈내고 보면후회 합니다아빠도 봤는데 지루하고 따분했다니다  
20170210,3,엄청 재미없어요. 돈주고 괜히 본거같아서 돈이 아깝네요..1화부터 지금까지나온 화 총정리해준기분..재미도 없고 내용도 별로에요 코난 팬인데 이번 극장판은 실망중에 대실망...  
20170210,1,가지가지한다 ㅋㅋ 가지가지  
20170210,1,"극장판이라길래 새로운 내용 뭐 있을줄알고 봤는데 그냥 1,2화 붙여놓은거임....  "
20170209,1,어 내 평점 왜사라짐?ㅋㅋㅋㅋ여러분 낚이지 마세요. 1화 리메이크 입니다. 밝혀지기는 개뿔 하나도 안밝혀집니다. 예고편만 잘만드네. 신란 팬분들을 위한 서비스랄까나 ㅋ 뭐 원래 스페셜이니까 애초에 별 기대는...근데 여기 알바들 참 많은거같네요  
20170209,10,"최근에 나온 어릴적기억이 잠깐 언급된것같은 다른 에피소드와 조금씩이라도 연결지어서 어, 이건 이편이네~ 하며 그 내용을 떠올리며 볼 수 있었어서 정말 좋았던거같아요. 코난 덕후로써 정말 좋았습니다.  "
20170209,5,명탐정코난 1화2화보는기분입니다 극장판보는느낌으로 기대하진마시고 그냥 1화2화다시본다생각하시고 보세요  
20170209,10,역시 코난 이네요.실망시키지 않는 재미 보장!!!  
20170209,9,역시 코난♥ 재밌게봤어요! 그런데 1화내용 그대로여서 좀 아쉬웠네요ㅠㅠ그리고 마지막에도 좀 허무하게끝나고...  그래도 코난은 재밌어요♥ 한정판파일도 너무이쁘고!! 코난흥해라♥♥♥  
20170209,10,이번편은 코난 한번도 안본 사람이 보면 이해하기 쉬운 편인듯...  
20170209,1,와 기대 엄청했는데 완전 잼  없다화염의 해바라기도.11번째 스트라이커 좋아함나 코난 왕짱팬  
20170209,10,넘나 재밌었어요♥ 역시 코난 배경 스토리는 언제봐도 좋아요*^^*  
20170209,10,이거 왜 예매하기가 안뜨죠?  
20170209,10,진짜... 다시봐도 너무 재밌어요... 와.. 핵 꿀잼!!!  
20170209,1,야임마  외사상롯데시네마에[는개봉안시켜주냐빨리부산사상롯데시네마에도상연하게해달라  
20170209,4,"예고편에 기대를 너무 많이하고 봐서 그런지 실망감이 너무 크다...그냥 별 내용없이 1,2화 연속으로 보는거 같고 음...그냥 별다른 내용이 없음  "
20170209,10,어른 시호는 사랑입니다.  
20170209,10,끝부분은 아는 내용이었지만 사건이 자연스럽게 이어지게 해주고 초반부터 중반부까지 못보였줬던것을 보여줘서 좋았었습니다.코난 팬이라면 봐야하는!!!!아 그리고 이거 보니까 파일 나눠주더라고요.포스터랑 똑같은 그림이 있는.완전 이득~  
20170209,5,솔직히 코난팬은 OO쯤된 어른애들이 많은데 클리셰가 넘 심했음ㅋㅋ그리고 그림체는 최신인데 내용은 그옛날 그대로라 몬가..ㅋㅋㅋㅋ 오글거림을 참을수가없었음ㅋㅋ 나원래진짜 진지하게보는데 내가 커버렸나 왜 웃음이나지 상처받음ㅋㅋㅋ 초반 극장판같은거안나오나ㅜ  
20170209,10,< 재미있게 보는 법 >1. 코난 스토리를 100% 알아야 함2. 최근 일본판을 봐야 함(수족관 이야기랑 이어짐)3. 쉐리(하이바라) 덕후이면서 신란 좋아함코난 1화를 디테일하게 만든 거라 스토리 중점으로 봐야 함결론 : 마지막 쉐리 소름;;  
20170209,10,코난을 이해하기 위해서는 반드시 꼭 봐야할 영화 !  
20170209,10,정말 재밌고 만족스러운 코난 영화  
20170209,10,역시 자막판이라 좋은듯 ㅋㅋ 근데 여태 코난 애니로 봐온사람들이면 이거 안봐도 내용은 다 이해할듯 해보임 ㅇㅇ  
20170209,10,이거 지금 네이버에 예매하기 버튼이 안 뜹니다. 다른 영화는 다 뜨는데  
20170209,10,역시 코난! 잼있음! 1화 고화질로 보는 것 만으로도 의미 있음  
20170209,10,기대했던 만큼 재미있게 봤어요~!!  
20170209,10,역시 코난이네요!!! 재밌습니당  
20170209,10,추억의 화수입니다.코난을 처음 접하신 분들은 볼수 있기를  
20170209,10,재미있어요 명탐정코난 짱  
20170209,10,믿고보는코난!명탐정코난덕후라면걍무조건10점  
20170209,10,"전부터 명탐정코난을 TV만화를 통해서 즐겨봤지만, 극장판은 처음이네요~ 영화를 보고 앞으로는 극장판 시리즈를 쫙~ 보고 다니려구요! ㅋㅋ이렇게 보니 또다른 매력이 있네요. 더 큰 화면으로 보니까 훨씬 더 재밌고 좋아요!  "
20170209,10,코덕이라면 꼭 봐야될 작품이네요!!!!  
20170209,8,역시명불허전코난  
20170209,6,예고편 등에서 모든퍼즐이 해결된다고 홍보해서 봤는데 결과적으로 그냥 초반에피소드 짜집기였네요..재미는 있었지만 tv에서 해주면 볼정도고 극장에서 보는건 좀 아쉬움이 많이 남네요  
20170209,9,좋아하는 1기 첫 부분을 신 그림체로 보는 것도 좋고 무엇보다 등장하기 어려운 신이치가 많이 나오는 것도 마음에 들어요 그런데 역시 초등학생들이 쩝부모님과 같이 오셨으면 좋겠습니다 정말 시끄럽더군요... 아님 제가 이 나이먹고 그걸 본건가  
20170209,10,엄청 재 밌 음 사은 품 잘 받 았 음  
20170209,10,재미었고요슬퍼어요^^  
20170209,2,헐이다 헐!극장판인 이유가 뭔데..실망이다ㅠㅠ  
20170209,1,그냥 코난 1화 2화입니다. 돈 내고 투니버스 재방송 보러간 느낌이었음  
20170209,10,계속 신란이라 좀 지겨운 감이 있었는데 마지막에 신시 새롭네요!그리고 작붕도 거의 없고...굿  
20170209,10,정말 재미있어요. 짱!!  
20170209,5,코난이니까 5점은 준다  
20170209,1,나만 별로였나그냥1~2화를늘려논거같은느낌검은조직에대해서풀어줄주알았는데아님코른이랑키안타는한장면밖에안나오고코난팬이라면꼭봐야한다고다들적으셨는데코난팬이라면 다 아는내용들..몇몇 처음보는내용이있지만 극장판으로 볼정도는 아닌거같음  
20170209,10,코난은 닥치고 10점..  
20170208,10,내용이 거의 다 아는 내용이긴 하지만 역시 코난이라 존잼이당ㅎㅎ 클리어파일도 진짜 디자인 쩌러요ㅜㅜ 코덕이라면 꼭 보셔야해요!! 거의 다 아는내용이도 새로운 내용도 조금 나와요! 근데 키드가 분량이 엄청 적어요ㅜㅜ 그건 슬프지만 코덕은 걍 보세요!!♥  
20170208,10,내용이 거의 다 아는 내용이긴 하지만 역시 코난이라 존잼이당ㅎㅎ 클리어파일도 진짜 디자인 쩌러요ㅜㅜ 코덕이라면 꼭 보셔야해요!! 거의 다 아는내용이도 새로운 내용도 조금 나와요! 근데 키드가 분량이 엄청 적어요ㅜㅜ 그건 슬프지만 코덕은 걍 보세요!!♥  
20170208,10,자막판이라 새로웠고 재밌었어요!!!  
20170208,10,아주 재미있습니다~그리고 참고로 영화 끝나고 스크롤이 끝날때까지 남아계시면 좋은일이 있습니다~^^  
20170208,10,그냥 보세요 코난은코난입니다  
20170208,2,코난을 정말 좋아하지만 ..넘 실망..보는내내 졸렸네요  
20170208,1,별로입니다.보지마세요  
20170208,10,정말 기대되는 대작!! 빨리 보고 싶다~  
20170208,10,"캬..역시 명불허전 코난!!!보는데 완전 몰입감 짱,신이치 짱! 시즌1의 1회를 다시 보고 또 새로운 장면들도 볼수있어서 좋았음..진짜 그곳에서 무슨일이 있었는지 궁금했는데 알게되서 좋았고 암튼 결론은 완전 재밌었다는거!!!  "
20170208,9,내용 다 아는데도 재밌네 ㅋㅋ  
20170208,10,기대하고봤는데 역시 핵꿀잼 ㅋㅋㅋㅋ 꼭보세영 남도일 너무 잘생겨서 심쿵당합니다 란도 너무 이쁘고 ㅠㅠㅠㅠ 코난도 귀여움 잘생김 다해먹음 ㅠㅠ  
20170208,10,작아진 코난이 하찮고 귀여웠습니다...1화를 엄청 내용정리잘된 고퀄리티로  본 기분에 하이바라가 예뻤고... 검은조직도귀여웠고... ㅠ 코난 아는사람이 아니면 이해하긴 어려운부분이 뒷부분에 있지만 전체젓으로 재미있어요~!!  
20170208,6,앞선 내용 설명은 좋았지만 뒷부분은 조금 아쉬움이 남아요. 그래도 역시 코난이죠!  
20170208,10,역시코난! 여름을기다리겠어!  
20170208,9,한편으로 요약해서 오랜만에 예전 에피소드 보니까 반갑고 좋았어요  
20170208,9,신란 갈라놓은 아오야마 작가님!!하이코난 으로 이어지게 해주세요!!!일편 다시보는 기분 ㅋㅋㅋ  
20170208,4,재밌었습니다 옛날거 다시 보니까 기뻤어요  
20170208,10,재밌었습니다~~!!  
20170208,10,명탐정 코난을 다시 관심 가지게 만든 감명깊었던 영화였던 것 같습니다.  
20170208,10,생각보다 훨씬 재미있어서 좋았습니다  
20170208,10,역시 코난! 극장에서 보니까 너무 좋네요 추천합니다!  
20170208,10,좋아요!여태껏 요약해준느낌!  
20170208,10,코난 도일이 신이치 귀엽구 깜찍하당 ~~~~  
20170208,7,명탐정코난 에피소드원 재미있어요~  
20170208,10,너무재밋습니다!!!잘보았어요!!!  
20170208,10,오랫만에 1화+ 미공개 파일들을 보니 너무 좋았ㅇ요!! 코난 팬이라면 꼭 보시길  
20170208,10,코난팬이라면 재미있게 볼 수 있을것 같아요  
20170208,6,재미있는 영화 입니다 추천해요  
20170208,10,좋습니다잘봤습니다 감사합니다!  
20170208,9,코난을 엄청좋아하는팬입니다. 재미있지만 약간 짜집기한느낌이조금들긴합니다. 하지만 오래전내용이 생각나고 내용이정리되는느낌입니다ㅡ 아무래도 에피소드1이라서 그런것같아요. 다음에피소드가 기대가됩니다.  
20170208,6,그동안 알려져있던 에피소드의 구체화같은데중복내용이 더많았던거같다  
20170208,10,이제 결말만 나오면 완벽!  
20170208,10,10점 잼나용너무 너무 잼나요  
20170208,10,코난.... 많이 기다렸어요ㅠㅠ 지금 cgv에서 이벤트로 오리지널 포스터도 주고 있어요!!!  
20170208,10,이건꼭봐야돼요!!!  
20170208,10,보고싶었는데 너무좋다ㅠ내가 이제 신이치랑 동갑인데 못 빠져나와요♥사랑한다 쿠도♥  
20170208,10,코난빠짐없이다봣는데  오늘쩡이엿다..!!!  
20170208,10,큰 화면으로 볼 수 있어서 더 즐거워요  
20170208,10,코난 재미있어요~! 역시 코난!!!!  
20170208,10,코난군 다이스키><><  
20170208,1,킼ㅋ킼킼킼ㅋㅋ킼킼ㅋㅋㅋ  
20170208,8,원래 있던 1기를 그냥 자세히 영화관에서 본 느낌입니다. 그런점 빼고는 미란이랑 달달해서 좋았고 코난이 귀여워서 좋았습니다.  
20170208,10,남도일이 나와서 좋은거 같아요 다음 극장판도 꼭 볼게요♡  
20170208,10,재밌을꺼같아요~♡♡♡  
20170208,10,빠밤빠바바바밤~빠바바바바밤바바바밤~어째서 대한민국은 이 정도 대 히트작 애니 씨리즈가 없는지?누구라도 혹시 이유를 아시는 분?  
20170208,10,"코난 극장판들의 장점은 반전 속에 반전,  "
20170208,10,코난 예상했던데로 재밋을것 같아여  
20170208,10,코난 에피소드 궁금했는데 이런게 나오니꿀임  
20170208,6,"란이랑 신이치 러브라인이 많이 드러나서 좋았음 근데 그냥 1,2화 짜집기한 내용이 다 라서 좀 아쉬웠음. 관객선물로 파일도 받았는데 귀여움 ㅋㅋㅋ근데 정말 내용은 1,2화 짜집기라 실망감이 좀 많았음코난도 좋지만 신이치 많이 나와서 그건 좋았고 !  "
20170208,10,생각보다 재밌었음ㅋㅋㅋ  
20170208,1,기대하고 갔는데  실망이 컸다. 중간중간 장면이 바뀌는데 챙겨 보지 않은 사람은 이해하지 못할 스토리였다  
20170208,10,명탐점코난    정말 재미있어요!!  
20170208,10,완전재밋음!!!! 기대별로 안했는데 금나재밌음!!강력추천!!코덕코덕♥  
20170208,1,이런거 안남기는데 돈과 시간을 낭비한영화입니다  
20170208,10,"오랫만에 신이치가 등장하고, 검은 조직도 많이 나온 데다가 명탐정 코난의 줄거리를 잘 모르는 사람도 쉽게 이해할 수 있는 내용이어서 좋았습니다!!! 에피소드 투도 꼭 개봉하였으면 좋겠네요♡♡ 명코 파이팅!!!!  "
20170208,9,티저 나올 때부터 기대했는데 나오자마자 보고 왔는데 내용이 반복되긴 해도 재밌게 보고 왔네요bb  
20170208,10,코난을 처음 보는 사람들도 보기 좋은 것 같아요~  
20170208,10,기대이상으로 재밌었어요!  
20170208,10,역시 코난은 안질리고 재밌네여♥♥  
20170208,10,꿀잼~♡한꺼번에볼수있어서 좋아용쨩!  
20170208,10,1화 비하인드 스토리 정말 재미있어요!!  
20170208,2,"솔직히 더빙판으로 안해줄거면 극장가서 볼이유도 없음 1,2화 짜집기 해준 내용이라서  "
20170208,10,"진짜 코난팬들 꼭보세요 후회 안하심그리고 마지막에 장미(셰리)가 글자 바꾸는거가 코난 도와준거란걸 이해하고 소름돋음.,, 장미가 큰역할 했다 ㅜ베르무트도 너무 이뻤고 다 좋았어요  "
20170208,10,제가 코난 팬인데 진짜 이번 극장판 에피소드 원 - 작아진명탐정은 정말 TOP3 안에 들어요! 1번째는 에피소드 원 2번째는 순흑의 악몽 3번째는 칠흑의 추적자에요! 앞으로도 재밌는 극장판 많이 만들어주세요! 제발요! 정말 감사합니다!  
20170208,10,이거 평소에 안나오던 장면이 많이 나오는데다가 그림체도 좋아지고 이걸 보면 전체내용 아시는 분들 내용 스무스하게 넘어가는거 보고 감탄함..  
20170208,10,짱잼!! 이 영화 완전 추천!1  
20170208,10,야마구치캇페이 성우분 목소리를 극장안에서 생생하게들은것만으로도 완전 만족했습니다 프롤로그 보면서 몇권에 어떤장면인지 추억하고 신란커플위주로 흘러가는 내용이 보다 흐믓했습니다ㅎㅎㅎㅎ  
20170208,10,와 진짜개꿀이다 너무재밌음 코난팬이면무조건봐야할듯  
20170208,6,코난을 큰 스크린으로 보니까 집중도 잘 되고 하긴 했는데 내용이 1화 다시 보는 것 같았어요 그리고 끝이 뭔가 조금 아쉽고 허무한 느낌! 그래서 마지막에 '2017년 여름 coming soon' 이라고 나와서 안 보고는 못 배길 것 같아요ㅜ  
20170208,3,코난 재밋긴한데ㅜㅜ 너무 기대하고 새로운 내용인줄 알았는데 1기 영화관에서 보고온 .. 봣던거였네요 그래도 재밋음  
20170208,1,제벌 보지마세요!!! 완전 재탕이네요... ㅡㅡ  조조로 본 게 그나마 다행이네요. 좋다고 하는 사람들은 죄다 알바인가요??  시간낭비에 돈낭비  쩌네요.  영화보면서 이렇게 극혐인 건 또 처음이네요. 아무리 돈독이 올랐다지만.. 너무 한거 아닌가요.  
20170208,10,항상기대되는 애니입니다  
20170208,10,"개봉하자마자 달려가서 봄ㅋㅋㅋㅋ 봤던 이야기라고들 하는데, 이 기회에 코난 잘 모르는 친구들한테 영업하기 좋을듯!  "
20170208,2,진심 이거 극장판 맞는지.... 구성 완전 구림 예날에 봤던 에피소드 그래도 보여주는 건 아니잖아  
20170208,2, 시사회때 봐서 돈 내지 않아 다행이라고 생각한다. 1점은 중간중간에 설레는 신이치와 란의 로맨스. 다른1점은  영화볼때 가끔씩 웃게해주는 개그들이 좋았다.  
20170208,10,마지막에 극장판 21기 여름 때 개봉한다는 장면이... 흠.. 일본이 4월달에 개봉하니...  
20170208,10,"정식으로 공개 되지 못한 극장판이지만, 우리나라 팬들에게 보여주기 위한 스토리! 혹은 프롤로그 이야기..일뿐.. 일본에서도 실제로 방영된 것! 극장판이 아니더라도 괜찮은 아이디어인 것 같다. 지금까지 보여주지 못한 비하인드 이야기를 영화관에서 볼수있다  "
20170208,10,와우 언블리버블 나는 이걸 꼭 본다 이거 안보면 신고하고 그 선착순 매진되면 그쪽 고소하곘습니다. 는 구라고 꼭 본다. 내가 이거 안보면 인생 쫑난다. 진짜 이거는 긴급속보 내가 코난을 몇번을 봤는데 다봄 진짜 이번에는 이거는 진짜 안본면 찐따 인디언  
20170208,6,티비특별판으로봐야지 극장판으로생각하고보면 안대요~ㅋ솔직히 쪼끔기대했는데 그렇게 마니재밌진않았어요ㅋㅋㅋ특전아니였음 그냥 나중에봐됬었다는생각들어요ㅋㅋ그치만 작화도 이쁘고 이랬구나라고 생각드는 특별판이였어요~~ ㅋㅋㅋ  
20170208,10,작화도 프리퀄에 자막!!!♥그리고 1화의 비하인드 스토리들을 풀어낸거는 정말 재밌었고마지막 쪽에 나온 명장면까지 최고였어요!!!!코난 클리어파일도 받았구요~~♥ (다음 주에 또 보러가야하나? 다른 선물 준다는데..☆)  
20170208,10,에피소드가 많고 이야기 내용이 많아서 너무 좋았습니다~캐릭터하나하나 예쁘고ㅠ 꼭 보세요! 특히 코난 팬이라면.. 특전 엘자파일 선명하게 잘나왔더라구요..!  
20170208,10,더빙 되잇나요????  
20170208,10,명불허전 코난! 코난은 사랑입니다  
20170208,10,기대 이상이었어요 물론 코난 1화를 리메이크 한 거지만 새로 추가된 장면도 많고  최신 작화로 보니까 신선했습니다.  
20170208,10,기대 이상. 재미있었음.  
20170208,10,우왁 개봉하자마자 보고옴 ㅋㅋㅋ개꿀잼!! 코난져아  
20170208,10,역시 믿고 보는 코난!! 팬이라면 진짜 극장에서 봐야하는 영화! +_+  
20170208,10,아 정말 언제봐도 잼있다  
20170208,10,역시 코난은 진리! 재밌었어요  
20170208,10,큰 화면으로 보니까 신란 더 잘 어울려보여서 질 뻔ㅠ 부러우면 지는건데  
20170208,10,역시 코난! 1화의 내용을 큰 스크린으로 다시보니 완전 꿀잼!!  
20170208,10,역시 명탐정! 코난팬이라면 꼭 극장에서 봐야할!!!  
20170208,10,코난의 그 시작을 알리는 작품!!코는 팬이라면 당연히 봐야져!!  
20170208,9,궁금하고 자세히 알고 싶었던 코난의 과거를 알수 있어서 너무 좋았습니다. 개인적으로 코난은 만화책 보다는 애니메이션이 좋은거 같아요. 코난 팬이면 꼭 보셔야 합니다!!!  
20170208,10,난 코난 팬이라 좋았는데? 올해 여름에 커밍순 뜨더라 시사회만 뜬건지 모르겠는데~ 두근두근했다  
20170208,2,에잇! 완전 재탕에다가 다 신란이잖아? 돈이 아깝다....왜 tv 스페셜을 영화개봉하냐고!  
20170208,10,보고싶었는데 시사회로 봐서 좋았음! 내친구는 코난 잘 앙보는데도 재미있었다고 했다는 ㅋ  자막으로봐서 더 좋았음  
20170208,10,코난 오랫만에 봤는데 기대이상으로 재미있었네요~~ 신이치가 많이 등장하고 예전에 본 1화를 새롭게 볼 수 있어 만족스러웠어요~  
20170208,10,시사회로 봤는데 코난이랑 사진도 찍고 무엇보다 난 신란 로맨스 폭풍이라 진짜조았음! 관객선물있다고 해서 그거 받고싶어서 또 봐야하나 진지 고민  
20170208,10,큰 화면으로 보니 몰입도 쩔었음! 신이치랑 란이랑 알콩달콩하고 거기다 코난도 완전 귀엽다 ㅠㅠ 자막으로 원어 그대로들으니 더 꿀잼!!  
20170208,10,역시 예상대로 재미있네  
20170208,1,크음..코난 별로인득한데.. ㅋ  
20170208,3,애초에 TV  스페셜을 극장에서 개봉한게 문제다. 절대 영화관에서 보지 마세요. 돈낭비입니다. 정말 코난 좋아하시는 분들께 추천합니다.  
