0,1,2
20181231,6,허전한 영화 이도 저도 아닌 남녀주인공 외모 때문에 집중해서봄  
20181021,6,아후 ㅋㅋㅋ 뻔하다 뻔해  
20181009,7,볼 만 했으나 다 이해하기에는 지루한 전개... 조금 더 드러내며 표현했음 좋았을 것 같다.  
20181008,10,재밌게 봤음ㅋㅋㅋ 결말 맘에 든다  
20181003,8,테레사 팔머 넘 매력적이네요.아무리 개방적이라도 낯선남자집에 함부로 따라가면 인되죠..  
20180912,10,심장이 벌렁거렸음 ㅠ 차분하게 무서운영화 싸패남주눈빛이 너무 무서움  
20180910,10,먼가 짠했다 저남자도 저래야만했을 이유가 있었던거니까...그러니까 여행가서 원나잇하지말라는 교훈누군줄알고 ㅜㅜ인생 큰일남...재밌게봤네요  
20180902,10,평점 테러 방지!! 재밌는 영화  
20180902,6,마음을 압박하는 느낌을주는 영화네요 팔머 연기 정말 잘하네요 역시세계적인 배우에요스토리는 뻔한 내용이지만 배우들 연기댐시 몰입감이 잘된영화 역시 사람이 제일 무섭다를 보여주는 예  
20180901,8,테레사 팔머의 재발견!제가 스릴러 매니아인데 이 작품 섬세하고 몰입도있고 볼만합니다. 오락영화아니라 점수가 낮은것같네요.  
20180830,7,잔인한 장면이나 자극적인것 없이 내내 긴장감과 자연스런 무서움을 느낄 수 있었다.괜찮은 섬세한 영화다.  
20180823,6,여주가 마니속터지게 발암물질 유발하는 경향이있음저항도 아주미흡하고 보는내내 속터졌음  
20180821,1,메갈이 남긴 평점이 공감 1위라니  
20180821,1,"극에 대한 몰입보다,  작가의 사도마조히즘적 취향에 빠진 독선적 판타지. 극적 코드들은 B급 공포물을 따다 넣은듯 부조화가 심하고, 우연을 가장한 필연의 극 전개는 빤하고 진부하기까지 하다. 본인이 원하는 극한의 사랑을 그린듯 하지만 도망치고 싶은것.  "
20180821,1,반지 보니까 반지의 제왕이나 호빗시리즈 보고 싶다.  
20180821,2,발암 영화다 암걸리는 전개임  
20180821,10,별기대없이봤는데 완전시간가는줄모르고봤네요 여주인공연기쩌네요  
20180820,1,이게뭐야.... 뭣도아닌 이상한 영화였음  
20180820,1,미지근한 물 마신 느낌...  
20180820,1,여자를 벗겨놓네... 실망스럽다  
20180820,2,와...설정부터가 시작부터가 짜증유발이네...주인공이 바보멍청이면 걍 망한거다. 재미는 커녕 스트레스만 오지게 주네 중간부터 봐야한다걍 여행하다 갑자기 납치된걸로 생각하고  
20180820,10,괜찮은데 이상하게 평점이낮네  
20180723,9,"배우들의 연기에 몰입감은 더 했고 스토리구성도  좋았어요 영화의 긴장감과 심리묘사가 잘 표현됐고 잘 만든 영화란 생각이 들고 ""테레사 팔머"" 최고의 연기를 봤다고 생각이 듭니다  "
20180705,8,평점 낮아서 기대 안 했는데 몰입감 있고 괜찮음  
20180623,7,앤디가 미친 변태 범죄자라 그런지 이해되지 않는 돌발적인 행동들이 있었다. 1. 숲에서 클레어를 죽이려던건가? 2. 개는 왜 줬다가 뺏어감? 3. 왜 물을 못쓰게 잠그고 갔지? 등등  
20180617,10,별로일거라 생각했는데 생각보다 잼있게봤다 ..  
20180530,4,베를린도 아니고 신드롬도 아니다. 베를린에 있는 미친놈 이야기다. 깊게 이해하자면 결벽증의 남자가 여자를 대하는 방식?  
20180514,8,남자가 너무 찌질하고 찌질...사이코  
20180508,8,팔머의 연기가 대단하네요..섬세한 연출력에...평점이 이상하네요...이정도면 수작인듯..추천합니다..  
20180507,10,무서워..독일여행가기싫어짐ㅜ  
20180505,10,평점보다 훨씬 볼만합니다.  
20180501,10,여운도 남고 저는 재미있었어요 평점 너무 낮아요  
20180420,7,결혼이랑 비슷한거 아닌가 ㅋㅋ  
20180410,10,완전 재밌게 봤어요. 스릴러물 좋아하는 분 이라면 꼭 보시길  
20180315,4,클로징이 너무 억지스럽고 이해가 안됨  
20180211,8,vod로 봤는데 은근 재미있어요좀 답답하기도 했지만 열씸히 봤네요~  
20180207,10,영화 내에서 표현한 분위기가 너무 좋았고 내용의 전달을 위한 연기가 너무 좋은 그런 영화 였네요 내가 한국 사람이여서 그런건지는 모르겠지만 감정의 전달이 확연한 차이가 있어 너무 좋은 영화였습니다  
20180119,6,손 끝만 스쳐도 마음까지 오픈해 되는 여자 배낭객의 현실 일수도  
20180116,10,난 잼있게 봤는데...각 배우들 심리적인 역할연기 최고  
20171223,9,"먼 여행지에서의 설렘과 외로움, 여정에서 한번쯤 바라는 인연과 일탈로 시작되는 안타까운 이야기. 간만에 몰입해서 잘봤는데.. 평점이 왜 이따구람  "
20171221,4,아주 많이 지루하다. 재미없다.  
20171201,10,재밋는데 평점이 왜이래  
20171127,4,재미없다 재미없다 재미없다  
20171126,2,시간에 대한 보상을 받고싶다  
20171109,4,결국 말주변 좋고 인물좋다고 쉽게 남자만나지 말라는 세상 경솔한 여자들에게 보내는 경고의 메세지같은 영화다. 테레사 팔머는 역시 노출이 있어야 훌륭하긴 한데 이번 역은 너무 답답해서 좀 짜증날 정도. 마지막 응징이 없다는 점에서도 좀 화딱지가 난다.  
20171107,10,평점 낮아서 기대 완전히 떨어뜨려놓고 봤는데..몰입도 있고 난 재밌게 봤네요..평점 올리는 의미로 10점  
20171105,9,기대안했는데 볼만했어요  
20171104,10,와 진짜 무섭겠다 실제로 저런 일이 많겠지?..  
20171102,2,이 영화비슷한거 있지않나 여자 감금당하고 여자가 종이비행기로 살려달라고 창문밖으로보냇는데 들키고  
20171020,8,기대안하고 봤는데 의외로 볼만했음..  마지막 결말은 아쉬웠지만  이정도면 만족합니다.  
20171019,5,"주인공들(남녀 둘 다)의 심리를 이해하기 힘들고, 느린 템포로 긴박감이 부족하다. 근데 베를린에 감금 사건이 많나? 제목이 오해하게 만든다  "
20171017,4,"스릴러만의 긴박함이나 조여오는듯한 전개를 좋아한다면 비추, 잔잔하고 평온한데 서늘한 공포를 좋아한다면 추... 근데 하나같이 결말은 높은점수 못줄듯  "
20171017,6,살고자 했을뿐 신드롬은 없었다..^&^  
20171016,7,남주여주  연기력땜시  끝까지  봄ㅡ     딴건  그닥  
20171007,9,저는 여자친구랑 굉장히 재밌게 봤는데 이상하게 평점이 낮네요. 스릴러 좋아하시는 분들이라면 추천합니다. 평점 9점대 까진 아니더라도 8점대 급 영화인 것 같습니다.  
20171007,6,일단 테레사 팔머의 노출은 만족. 하지만 영화는 몰입하기 힘들다.  
20171006,6,이 여자는 납치된게 아니다. ㅡ.ㅡ  
20171004,6,독일을 가도 장소만 다를 뿐 호주식 스릴러. 여감독이 찍어도 호주식 스릴러.  
20171002,9,테레사 팔머 얼굴을 보고 어떻게 9점 이하를 줄수 있어...  
20170927,10,아니 이거 엄청 재밌었는데 평점 왜 이러냐  
20170926,3,많이 본 듯한 장면의 다운그레이드 버전  
20170925,1,감독을 확인하고 영화를 봤어야 하는건데..  
20170924,3,영화는 스토리텔링이다. 적어도 청소년관람불가라면 대상이 성인이라는건데 탈출하지 못하는 주인공이 이해가 된다면 자신의 지성을 의심해보도록. 평점 5점이상은 절대 줄 수 없는 영화.  
20170923,1,인생의 2시간을 버리고싶다면 완벽한영화  
20170910,1,먼가 있겠지 하고 봤더니 2시간 조졌다.  
20170902,8,감독은 여배우의 섬세한 표현을 통해서 관객을 몰입하게 하는 서스펜스가 끝까지 이어지는 영화다.  
20170828,4,"주인공도 답답, 스토리도 답답.  "
20170826,4,"장르적으로 많이 사용되었던 소재인데, 긴장감과 스릴을 버린 채 인물의 감정에만 집중한다. 문제는 그 감정을 느끼기엔 영화가 너무 지루해서 몰입이 되질 않는다는 것이다.  "
20170824,10,영화괜찮은데.  진짜알바있는듯..평점왜이래ㅡ배우.배경.다 괜찮앗음.  
20170823,6,드라이버로 찍는다 기절시킨다 캐이블타이로묶는다 현관문과 바깥문을 열어둔다 몽둥이를 구해온다 차 시동도 걸어둔다 그놈 전화기로 신고한다 묶인채로 반항하면 또 기절시킨다 아이큐 80 이상이면 최소한 이정도는 생각해야  한다  
20170823,10,"평점이 생각보다 넘 낮네요,,보는 내내 긴장하고 봤는데,,섬세하게 심리묘사도 잘되어있고,,괜찮은 영화  "
20170822,1,납치를 하려면 이쁜 여자를 하던가.. 개오크년 데려다가 뭐하자는건지 영화 만든 꼬라지 하고는 18 감독 배우 거지 새1끼들 ..납치를 한건지 여자를 모시고 사는건지 어이가 없네 18  
20170817,7,보는내내 여주가 크리스틴 스튜어드인지 아닌지 헷갈렸음 뭔가 잔잔하고 답답하지만 섬세함 여자감독이었구나 그냥저냥 볼만은 함  
20170817,1,영화의 기본?도 모르는 건지..  
20170816,3,내용도 없고 그냥 가둬놓고 나중에 탈출하게되는 그냥 그런 영화.. 킬링타임용으로도 별로다..  - 공포/스릴러 매니아이고 웬만한 영화 다 재밌게보는 스타일  
20170816,7,탈출기회가 많앗는데도 왜탈출을 못하니..ㅠ  마지막씬을  위해서 그런거겠지.. 긴장감과 스릴 적당하고  그냥저냥 볼만 했음  
20170815,10,왜 이렇게 평점이 낮을까? 난 그냥저냥 봤는데.. 평점이 너무 낮다고  생각해서 10점줌  
20170808,8,남자가 왜 사이코가 되었는지  성장과정이 자세히 없어아쉽다 .  
20170803,1,다운받아봄 보는내내 답답 아오진짜개답답 마지막 자막개어이없음  
20170802,10,관람객스릴있고 남자의 집착이 너무 무서움....혼자다니는여자여행객들한테만....소름....여행 혼자 못다닐둣...  
20170801,1,비행기에서 보다가 스트레스지수 올라가는영화...  
20170728,5,극중 팔머 불쌍한데..그와중에 넘 예뻐서...  
20170726,6,숨막히는 영화다.. 조금만 러닝타임을 줄였으면 더 좋았겠지만 인물의 심리를 이렇게 잘 드러낸 심리스릴러물이 있었나싶다.  
20170725,6,1분 탈출 쾌감을 위해 러닝 타임 내내 암 걸리실 분에게 추천  
20170725,10,아엠디비에서 6.3인데 아직 한국 관객 수준 멀었음  
20170725,3,상실감(?)으로 비롯된 내 것(착각)에 대한 병적인 집착...예상했던 것보다 스릴이나 긴장감이 좀 많이 아쉽구 루즈하기까지...  
20170723,1,이런걸 흔히 3류 영화라고  
20170719,4,"소시오보단 사이코, 크리스틴 스튜어트보단 테레사 팔머  "
20170717,6,스릴감이 생각보다는 높지 않앗지만 볼만은 했음. 여주인공이 감정선은 이해하기 어려움.  
20170714,5,지루하다... 스릴러같지 않는  
20170714,7,정말 무서운건 저항하고 도망치는데도 안되는 것을 알았을 때.  
20170714,8,관람객전 재미있게 봤어요! ㅎㅎ스릴러 영화 잘 보는데 이건 여주한테 감정이입이돼서 심리적으로 너무 무서웠네요 ㅠㅠ  
20170713,10,베를린 신드롬   영화  잘봤습니다영화 3069일과 룸을 보다 더한다고봐요잘뵈습니다  클레어 (텔레사 팔머) 화이팅 왹구영화잘될라  
20170712,8,영화를 좋다..다우 느낌 있게 재밌게  
20170712,1,관람객스릴러.... 언제  스릴러가 될지 기달리다가 마지막 끝난 자막떳을때가 소름..  
20170712,7,나름 스릴도 있었지만 남자가 왜 저모양이 됐는지 나왔다면 좀더 이해하기 편했을꺼 같았음. 도대체 처음본 사람 어딜보고 뿅 간건지 여자도 이해안됨. 영화 보고 난 후 교훈은 처음가본 여형지에 처음본 사람은 따라가지 말것.  
20170712,2,돈주고 스트레스 사고 싶으면 보세여  
20170712,4,왜 죽이거나(타살) 죽지(자살) 않냨. 프라이팬으로만 해도 남자색히 들어올때 호박날릴수 있겠더만  
20170711,9,넘나 긴장됬음 방탈출게임!!!  
20170711,10,당신이 페미니즘이어야합니다.  
20170711,3,관람객으음....? 줄거리는 좋았는데 잘못푼듯..  
20170711,10,한국영화 소원을 말해봐를 능가하네  
20170711,8,끝마무리가 조금만 더 스릴감이 있었다면 더 좋았을텐데 살짝쿵아쉽네요  영화보면서 나도 저런 상황이 오면 주인공처럼 행동할 수 있을까 라는 생각도 하면서 저는 이 영화 잘 봤습니다.  
20170711,7,결핍을 가진 두 남녀의 갈등을 잔인하게 그린 것이 인상 깊었는데 생각보다 평점이 낮네요  
20170711,6,뭔가 재미있는듯 하면서도 뭔가 지루하다.. 영화를 보고 난 후에도 애매하다  
20170711,1,시간이 아깝다 정말. 킬링 타임 용으로도 비추천.  
20170710,6,여타 다른 감금 영화와 비슷한 맥락.. 큰 기대 없이 보면 볼만  
20170710,1,뭔말이 하고 싶은거야 감독은 남주는 왜 미친건지 졸 설정도 허접하고 원래 미친놈인거냐.. 아님 엄마때문이냐.. 설정을 한거  같은데 티도 안나고.. 여주는 그냥 좀 지능이 떨어지는거 같고.. 이정도 영화면 팔머 로  포르노 찍어도  성공하기 힘들다..  
20170710,5,근데 제목은 왜 베를린 신드롬? 베를린이 멀 잘못했다고 ㅠㅜ  
20170710,6,중간중간 의아함을 자아내는 부분도 없잖아 있지만 적당히 긴장감있고 여주의 감정선을 잘 느낄 수 있어서 괜찮았어요. 하지만 영화가 친절하진 못했다고 생각됩니다.  
20170709,10,"팔머 연기 잘하네요!꽃다운 나이에 노출연기 쉽지 않을텐데,자연스럽게 잘 했구요,트라우마가 있는 사이코선생님 막스 리펠트 연기도 좋았습니다.팔머 크리스틴 슈튜어트와 비슷하게 생겼지만 연기는 한수위네요.  "
20170709,6,여주는 이뻤고....스릴은 살짝?  
20170709,7,약간의 몰입과 약간의 긴장감. 나쁘지 않았다  
20170709,10,ㅁㅊ볼프강 겁나 섹시해 ㅠㅠ 닥치고 봐야한다 이건 테레사 팔머까지 와우  
20170709,10,i'll never don't forget it  
20170709,2,관람객쓰레기...이게무슨 야동인지 삼류인지참...  
20170709,7,'7광구'. '리얼'급이라길래 기대 아예 안하고 봐서 기대이상이었음ㅎ 난 나름 스릴도 있고 괜찮았는디? 음.. 같이 영화 볼 사람이 박열 스파이더맨 이런 것들을 다 봤다면 기대접고 이거 같이 보면 됨. 선택지가 없을 때 보는 거 추천!^^(  
20170708,8,"치밀한 구성, 과하지 않은 전개, 다양하지만 산만스럽지  않은  플롯, 배우의 뛰어난 연기력  "
20170708,8,다 필요없고 볼프강을 스크린에서 보다니  
20170708,2,그냥 그런가보다 하고 지나가는 영화. 댓글알바 싫어요.  
20170708,10,테레사팔머의 노출씬이 아주 인상적이네요 스토리도 괜찮은듯  
20170708,6,핵고구마 여주 깝깝하네 진짜 멍청하더니 마지막에 살짝 똑똑해지는 에휴  
20170708,1,완전 비추....실망에 실망  
20170707,2,베를린 신드롬 본 내가 신드롬 걸리겠다.  
20170707,1,솔직히 1점도 아까워요돈주고 본걸 정말 후회해요아무런 내용도. 전하고자 하는 바도 없는 영화..  
20170707,1,댓글알바 티 좀 안나게 할 순 없나  
20170707,1,상영관이너무없네요.. 무슨영화볼려면 70km를가야하나 주위에대형영화관이 10개나있는데도 한곳도상영안하네  
20170707,1,"그나마 처음 10분, 마지막 10분이 볼만하달까. 하긴 그마저도...  "
20170707,10,여성감독이 그런지 여자들이 한번쯤 느껴본 현실공포를 실감나게 묘사함.  
20170707,1,어이가없네요....ㅋ  
20170707,10,긴장감 만큼은 최고다 손에 얼음쥐은줄 알았네  
20170706,10,인생영화! 스릴있고 의미있는영화  
20170706,8,이정도면솔직히 볼만ㅋ 다크하우스는2점이다ㅡ  
20170706,10,끝까지 놓을수 없는 긴장감 인생영화 꼭보셈  
20170706,5,선과선의 경계를 적당히 조절했군 딱 더도덜도 아닌 중간치기  
