0,1,2
20180107,7,4살7살 애들은 재미있게 봤어요 우리애들은 뽀로로 타요 같이 유치한거 좋아하는 애들이라..  근데 성우들이 아쉽네요 요즘 애들만화 성우들 잘하시던데..  악당 목소리도 무슨 강원도 사투리쓰는것처럼 억양이 이상하고..  암튼 계속 악당성우 거슬렸네요  
20171120,9,캐릭터들이 귀여워미치겠다..  
20171011,7,관람객아이들이 재밌어했네요  
20171007,7,관람객귀여운 돼지 베이브^^  
20170818,5,관람객좀 고루하구 지루했어요  
20170817,8,캐릭터 퀄이 약간 아쉽다..  
20170811,5,관람객보통이었어요.ㄱㆍ냥저냥  
20170803,9,관람객아이들고 너무재미있게 봤어요  
20170802,10,관람객재미있게 아이와보았습니다  
20170728,2,관람객별로~^^6살 아이도 보다가 재미없다고 하네요ㅎ  
20170722,9,관람객단순한 내용으로 애들이 보기에 좋아요^^돼지도 귀엽구요~~  
20170721,7,관람객4살아이데리고 봤는데 재밌게보더라구요마지막엔 좀힘들어했지만ㅋ어른한덴 걍 시시하죠뭐ㅋ  
20170717,3,관람객화질이 별루고 6세 아이에게는 너무 시시한 영화였어요  
20170714,7,관람객어린이들에게 보기 딱 좋은...  
20170710,10,관람객3세아기랑 봤는데 아가가 너무 좋아했어요^^  
20170709,4,관람객그냥저냥 애들도 별로 지겨워했네요  
20170708,5,관람객아이들이 즐겁게봣어요  
20170708,9,관람객아이들이 재미있어 했어요  
20170708,8,관람객6살아이 재밌게봤어요  
20170705,2,관람객아이들이 보기에도  어른들이보기에도  상당히  지루하다   애니보면서  하품10번도넘게 하긴처음이다  6살딸이랑봤는데  제목에서 느끼듯이  아이들에겐 유익한영화가 될꺼라 생각들했었는지  두돌 정도된  애기들많이들델고왔는데  애들  하루종일 징징소리~  
20170705,8,관람객5살 아들이 집중해서재밌게잘 보았어요  
20170705,10,관람객재미있었습니다매우정말아주  
20170705,10,관람객아이가 좋아했어요~!!!!  
20170703,7,관람객픽사만 보다 보니 약간 ...  
20170702,9,"관람객아이들이 보기 넘 즐거웠습니다. 다만 조금 긴거 같은 느낌이 들었습니다. 저희 아이가 4살이라서, 후반가니.. 자리에서 일어나려고 하더라구요  "
20170702,8,관람객귀여운 동물 친구들의 생일케잌 사수 모험이 재밌었어요  
20170702,10,관람객아이가 재미있게 봤습니다~^^  
20170702,10,관람객아이가 잼있다고하네요  
20170702,8,관람객6살 남자 아이는 매우 좋아했어요어른은 정말 지루하실듯  
20170701,9,관람객돼지의신나는모험이야기를 아이들이 너무좋아하네요 재밌게잘봤습니다  
20170701,8,관람객아이들  눈높이로 보니 재미있네요  
20170701,8,관람객아이가 집중해서 보고 아주 좋아하였어요^^  동물친구들이 나와서 아이가 즐거워하였어요  
20170630,10,관람객아이들이 보기에 좋은 그림과 내용이었습니다~  
20170629,9,관람객아이가 넘 재미있어하네요~~  
20170628,6,관람객아이가 조금 지루해했어요  
20170628,7,관람객구럭저럭..애들하고 딱히 볼게 없어서 봤습니다..  
20170627,2,4살 아들과 첫 영화...참고 보려고 했으나... 내용이 너무 진부하고... 지루하고... 성우들 연기가 너무 올드해서... 상영 30분만에 나왔네요... ㅠ 여러모로 아쉬운 영화네요..  
20170625,7,관람객아이들이좋아하네요~~~뒤에우는아이땜에ㅠ쫌힘들었지만~~  
20170625,5,관람객착한애니메이션입니다  
20170625,8,관람객오랜만에 아들과 같이 보고 왔어요.. 괜찮은것 같아요  
20170625,10,관람객애기들이 넘넘 좋아하네요^^  
20170625,9,관람객아이들이  너무 재밌어했다  
20170625,10,관람객아이들이 너무 재미있었다고 하네요~~다음에 또 보고싶다고 하더라고요^^  
20170625,10,관람객애들모두  재밌게 봤어요~  
20170624,8,관람객딸 아이는 살짝 무서워했지만 전반적으로는 재미있는 영화였습니다~  
20170624,10,"관람객6살,4살 꼬마녀석들 엄청 집중해서 보고 왔어요아이들이 친숙하게 다가갈수 있는 동물들이 나오고애니메이션 색감이 너무 이뻤어요  "
20170624,9,관람객시간이 너무 짧아요 근데 딸이 좋아하네여  
20170624,10,관람객7세 아이 재미있었다고 했어요^^  
20170623,8,관람객Soso ㅎㅎ ㅋㅋ !!  
20170623,7,관람객잔잔하게 보면 좋은 영화에요.  재미는 그닥 없었네요  
20170623,8,관람객아이랑 볼만한 영화 조금 지루하김했어요  
20170621,8,관람객아이가 재밌어했어요!  
20170621,1,내 추억에다 무슨 짓을 한거야?!  
20170621,10,관람객아이들과 보기 좋네요~재미있어요  
20170621,7,관람객아이가  좋아할것 같아서 보았는데생각보단 아이에 흥미를 끌어내지는 못했네요영화에 대한 관심보단 재미가 덜한것 같아 아쉽습니다  
20170620,6,관람객잼있게보다가 나중엔 지루해 하드라구요ㅡㅡ  
20170619,7,피뢰침 끼리 싸우는데 재밌네요  
20170619,1,무언가 잘못됬어. 나의 베이브는 이렇게 생기지 않았어. 애니메이션 개발진이 나의 환상을 꺠부셔서 쓰래기통에 넣어버렷어.. ㅠ.ㅜ  
20170619,8,3살 아들과 첫 영화관람 했어요~ 돼지보다는 영화시작전 물고기영화 광고를 했는데 자꾸 그거보자그래서 좀 당황; ㅋ 그래도 집중해서 끝까지 잘 봤네요 아들이 보스베이비 중독자인데 이건 좀 시시했을거같긴해요 멧돼지방귀낄때 한번 빵 웃었어요 ㅋ  
20170619,10,관람객아이와 재미있게 본 영화~^^  
20170619,8,관람객잔잔하니 영유아들에겐 너무 재미있겠어요~우리딸은 초1이었는데 엄마 5살 동생이 좋아하겠다 이렇게 말하더라구요그 영화관에는 1~2살되는 아이도 너무 잘보더라구요~  
20170619,10,관람객아이와 함께 보러 갔는데 스토리가 아이가 보기엔 딱이였어요^^ 크게 자극적이지도 않았구요 보는내내 아이가 즐거워했어요 참고로 아이는 여덞살입니다  
20170618,9,관람객아이랑 너무 즐겁게 봤네요~^^  
20170618,2,관람객지루했어요....애들도 처음엔 집중하더니 재미없다고 하더라구요ㅠ  
20170617,10,눈으로 직집봐야~ 롯데 cgv 이더위에 한두자리만 남았군 그래~  
20170617,8,그냥 딱 애들이 좋아할 영화입니다. 애니좋아 하시는 성인분들은 그래픽이고 내용에 조금 실망하실수 있습니다.  
20170616,10,관람객재미있어요~ 어른이 봐도...지루하지 않고 재미있네요  
20170616,10,꼬마돼지 베이브의 대모험이라 그런지 꿀잼꿀꿀꿀잼이였다  
20170615,1,한심해요 너무 한심해요  
20170615,10,"이벤트 당첨돼서 봤는데, 아이가 너무 좋아하네요^^ 돼지 베이브가 너무 귀여워요  "
20170615,10,오늘 개봉했길래 조카들이랑 바로 보고 왔어요 ㅎ 일단 영상미가 알록달록 너무 예뻐서 초집중 ㅎㅎ 아이들이 보기에 너무 착하고 재미있는 이야기라 저까지 대만족하고 갑니다!  
20170615,10,시사회로 봤어요. 아이들이 넘 좋아라 하네요. 제가 봐도 재미있던.. 주말에 아이들 데리고 보기 딱!!  
20170615,10,오늘 개봉이니 ? 뎃글이 없네  
