0,1,2
20190106,4,근데 vod영상은 언제 나오는겁니까? 이럴꺼면 왜 극장개봉했나요??  
20181201,10,제발 좀 vod 좀 내주세요! 좀좀좀! 제발 좀  
20180717,10,빨리 vod로 나와서 구매해서 보았으면 좋겠습니다 보지못하신 분들은 보고싶어도 볼수가 없어서 너무 아쉽네요  
20180324,10,진짜 가슴을 울리는영화 ㅠㅠ  
20171202,5,헉스.전체 관람가인데..피..피가  
20171021,7,관람객종교가 없는 이에게도 올바른 믿음이란 무엇인지 남을 위한 삶이란 어떤 것인지 서평의 삶을 통해 잘 보여주는 영화입니다.  
20171012,10,관람객서서평영화를 통해 우니나라에 오신 선교사님들에 대해 다시금 생각하며 감사함으로?그 복음의 씨앗이 꺼지지 않는 생명의 불꽃이 되어 더 많은 영혼을 살리는 우리의 모습과 삶이길 소망했던 기억이~~  
20171006,7,관람객서서평의 삶을 존경합니다.  
20170923,7,비록 영화적인 연출은 (매우) 아쉽지만 다큐멘터리로서 영화 전체에 흐르고 있는 이야기의 힘은 잔잔하고 묵직하다. 한 여선교사의 진심이 보여준 사랑의 힘.  
20170907,10,관람객참 좋은영화엿어요!! 서서평 ㅠㅠ  
20170827,10,감동적인 영화입니다.  
20170824,9,관람객잊고있던마음을깨닫고 좋았습니다  
20170812,7,관람객서서평선교사님의 헌신적인 모습을보며 가슴이 뭉클...그런데 조금지루했어요  
20170804,10,관람객복음으로 거듭난 사람은 어떤 삶을 살게되는지를 보여줍니다. 사랑받지 못한자가 예수님의 사랑으로 넘치게 그 사랑을 나눠줄수 있습니다  
20170802,10,관람객그리스도인은 왜 고난을 받아야하는가에 대한 해답을 보여준 영화. 영원한 것을 얻고자 영원할 수 없는 것을 버리는 자는 바보가 아니다. 라는 말을 남긴 짐엘리엇처럼..그녀는 예수님이 가신 길을 따라 갔다. 저도 따라갑니다. 천국에서 만나요  
20170730,10,관람객최고였습니다!이 어두운 시대에 마음에 큰 감동이 있었습니다앞으로도 이런 영화를 많이 상영해 주시면 감사하겠습니다♡  
20170723,1,서프라이즈 재연급 연출에 너무 졸리다 이런분을 좀 더 좋은방법으로 알릴방법이 있엇을텐데..  
20170721,10,관람객서서평 선교사님의 삶을 배우며 제 자신이 부끄럽고 감격이 계속 가시질 않네요. 너무 좋은 영화 만들어 주셔서 감사합니다.ㅔ  
20170719,10,관람객너무 좋았어요!! 감동입니다  
20170718,10,"막무가내로 제 종교를 강요하는,개독이 싫어질때마다,다들 한번씩 보길 권한다  "
20170715,10,관람객우리가  지금 누리고 있는 신앙은 선교사님의 헌신과 섬김  덕분입니다. 한알의 밀알이 썩어야 많은 열매를 맺을수 있다는 성경말씀이 다시한번 떠올랐 습니다. 그리고 시종일관 나는 어떤  삶을 살고있나? 라는 물음과 함께 부끄러웠습니다.  
20170715,10,관람객예수님의 향기가 나는 삶을 사신 분  
20170715,10,관람객감동적이었습니다. 전 기독교인은 아니지만 기독교인분들이 꼭 보셨으면 해요  
20170714,9,관람객출산 후 처음으로 아이를 남편에게 맡기고 휴가를 얻어 선택한 영화입니다. 육아를 하며 내가 그리스도인이 맞나 싶을 정도로 제대로 된 신앙생활을 하지 못하는 것에 늘 마음이 무거웠는데 서서평 선교사님의 일생을 보며 정말 저렇게 살다 가셨는데  
20170713,9,관람객조선의 여성들을 따뜻하게 돌보는 그녀의 헌신에 감동받았습니다.  
20170711,10,"관람객Not Success, But Service.성공이아니라 섬김이다.  "
20170708,9,관람객감동적이었으나 조금 다큐같은 느낌이..  
20170707,10,관람객goood!!!!d  
20170705,10,관람객성공이 아니라 섬김! 마음에 새기겠습니다.  
20170704,10,관람객반성하고 다짐하게 되는 영화  
20170704,10,관람객감격 감동! 이런 영화가 많이 만들어졌으면 좋겠어요~  
20170702,7,관람객섬김.크리스챤은 아니지만 서서평. 그녀의 삶이 숭고해서 저절로 숙연해졌다.  
20170701,9,관람객쉐핑의 삶을 통해 내 삶을 돌아보게 되었습니다  
20170701,10,관람객너무 잘봤습니다~ 강추강추^^  
20170630,8,관람객성공이 아니라 섬김이다주님을 위해 일한다고 하지만 언제나 그 일의 동기는 나입니다세상의 성공이 아닌 주님의 마음으로 섬기는것진짜 믿음의 방향이라 생각합니다~  
20170629,1,"서프라이즈급 영상,배우 cbs방송용 다큐ㅎ관객을 기만하고 극장에 올려진 자체가 이해불가다. 훌륭한 고인을 이렇게 저질스럽게 상업적으로 이용하다니ㅎ 이래서 개독이라 하는구나 알게 되었다.영화를 사랑하는 죄없는 관객들 등에까지 빨대를 꽂으려하네.이런 ㅁㅊ  "
20170628,10,성공만을 바라보며 살아가는 이세상속에서 모든사람들이 꼭 봐야하는 영화라 생각합니다. 섬김이 진정한 성공이 아닌가 하는 생각이 듭니다.  
20170628,10,관람객시련도 감사하다.  성공이 아니라 섬김이다.  
20170628,10,관람객예수님의 사랑을 이 땅에서 몸소 실천하신 서서평 선교사님을 알 수 있었던 감동적인 영화였습니다. 이 땅에 많은 해외선교사님을 통해 역사하신 하나님의 사랑을 우리가 잊고 살았던것을 회개합니다.  감사하며 살겠습니다.  
20170627,10,관람객눈물흘리지 않고 보려고 했는데..  
20170627,10,그분의 삶이 고스란히 잘전해졌고 감동입니다  
20170624,10,관람객뜻깊은 시간이었어요 :)  
20170623,10,관람객감동이네요. 마음에 와 닿도록 잘 구성해 주셨습니다.  
20170620,1,평점조절 들어가겠습니다. 감사합니다. 수고하세요  
20170620,1,"영화평 남겨본적없는데,, 평점 높은거보고..로그인!! 영화보다 이렇게 졸은건,,, 스누피 이후 처음..  기독교다큐를 영화관에서 상영하는거 자체가 문제가.. 서프라이즈재연+기독교인터뷰가 다임..거기에 부드러운 하정우 목소리가 자장가처럼 들려 꿀잠때림  "
20170619,10,"관람객예수님의 생명력, 예수처럼 살아가는 모습 그리고 또 다른 예수를 만드는  "
20170619,10,관람객감동적이고 좋았습니다  
20170618,10,관람객감동적이었습니다 강추  
20170617,8,관람객이런 의미있는 영화가 많이 만들어졌으면 좋겠습니다.  
20170617,7,관람객서서평이라는 인물을 알게해준 좋은 영화입니다. 그러나 구성이나 완성도 및 연기력은 많이 아쉽네요. 다큐 영화이지만 기술인나 심미적이나 구성이 많이 부족하여 아쉽네요. 앞으로 와성도 높은 기독교 영화가 나오길 기대해봅니다:)  
20170615,10,관람객마음을 울리는 좋은 영화 감사해요.  
20170614,9,"관람객서서평, 천천히 평온하게!너무 재밌게 잘 봤습니다.  "
20170613,10,관람객누군가의 희생이 헛되이지 않도록..  
20170610,7,관람객종교를 가진 사람이 아니더라도 충분히 감동 받아 볼 수 있는 다큐멘터리... 종교가 이런식의 김동을 사람들에게 줄 수 만 있다면 좋겠다.  
20170609,10,관람객사랑합니다주님 촛대를 옮겨주신다는 말씀처럼 나를 옮기시옵소서  
20170608,10,관람객감동적이고 배움이 있는 영화!  
20170608,10,관람객잔잔한 감동감사함을 느낍니다  
20170607,10,관람객고맙습니다 쉐핑 잊지 않겠습니다.  
20170606,9,관람객최근에 본 영화 중 감동이.잇는 영화다  
20170606,10,관람객다큐다 그러니 재미있다없다로 못말한다 그냥 서서평이라는 사람을 다큐로 만든것에 평점준다  
20170606,9,관람객선교사님의  삶을 차분히 따라가며 그 분의 정신을 조금이나마 이해하고 공감할 수 있는 영화였습니다.  
20170605,10,"관람객최고,, 이런 영화들이 많이 많이 나오기를..  "
20170605,7,관람객영화 자체의 완성도는 만족스럽지는 않으나저 척박한 조선 땅에도 인도의 마더 데레사와 같은 영혼을 사랑하는 분이 있었다는 것을 조명하는 뜻 있는 영화!  
20170605,9,관람객잘만들었어요 제목 그대로 은은한 감동의 선교사 영화입니다 대박감동으로 나가오지는 않치만 저는 이 영화 같은 감동의 영화 좋아요~~오래동안 기억의 남아서 주님의 삶을 살아갈때 힘이  될것 같아요 그리고 주님을 닮아가도록 노력 할꺼 같애요~~^^  
20170604,10,관람객믿음생활을 하면서 서서평선교사님의 다큐로 보는삶은 진정 그리스도 였다~!!섬김과 사랑 감동이고 신앙의 도전이된다~!!  
20170604,10,관람객천국에서 만납시다... 성공이 아니라 섬김이다.. 등등 많은 말들이 마음에 남습니다.  
20170601,1,영광영광 할렐루야~!  
20170601,10,"관람객천천히 평온하게 이름처럼 살고 싶었던 선교사님,,그러나 예수생명된 주님의 생명으로  천천히 평온하게만 달려갈 수 없는 십자기의 길~~~그 누구도 돌보지 않던 죽음의 땅에 한 줄기 빛이 되어주신 생명되어주신 서서평선교사님,, 주님이 하셨습니다.  "
20170531,9,ㅠㅠㅠㅠ보고싶은데 상영관이 너무 없어서 못보고있어요...iptv에라도 동시상영하면 참 좋을텐데 아쉬워여  
20170531,10,관람객그저 눈물없이 못보는 감동 영화입니다! 강추  
20170531,10,드라마틱한 장면도 기승전결도 없는 다큐멘터리. 그저 은혜의 강이 천천히 평온하게 흘러갑니다. 이 빚을 누구에게 갚아야할지 주님앞에 무릎꿇고 두손 모아 여쭈어만 봅니다.  
20170529,10,자신을 위해 아무것도 가지지 않았던 사람  
20170529,7,관람객숭고한 삶에 박수를!!  
20170529,10,저도 그길 따라가겠습니다  
20170529,9,관람객영화를 보며 참 제 자신이 부끄러웠습니다. 어떻게 저렇게 살 수 있을까 생각 하면서도 저런 삶을 살고 싶다라는 생각이 듭니다. 열혈히 하나님을 사랑하며 죽고 싶네요. 선교사님의 삶을 영화화 해주셔서 감사합니다!  
20170528,10,관람객이런 좋은 선교사님을 한국땅에 보내주신 주님께 감사~  서서평 선교사님에 대해 잘 몰랐었는데 영화보면서 믾은 걸 느꼈어요. 더 좋은 영화 많이 만들어주세요 cgntv  
20170528,10,관람객천천히 평안하게 라는 뜻의 서서평의 이름을 가지고 만 리타향 조선에서 한 알의 밀알이 된 한 여인의 고귀한 삶에 고개 숙입니다. 부족한 나의 믿음을 되돌아 보는 기회가 도었습니다.  
20170528,10,여자가 태어나면 족보가 아니라 재산목록에 넣던 시절.. 여성들을 위해 교육과 사랑으로 이 땅의 여성들의 설 자리를 만들어준 서서평 선교사님 참으로 감사합니다.  
20170527,10,어쩜 이런분이 있을수가 있죠?내가 바뀌고 이런분만있다면 비행청소년 자살 왕따 빈곤 없는 세상이 될듯 합니다~  
20170527,10,서서평 깊은 울림을  주는 영화  
20170527,10,관람객할렐루야 ^^ 이시대에 모든 목회자들과 선교사 그리고 크리스찬들에게 필요한 매세지 입니다. 할렐루야 응원합니다  
20170527,10,관람객ㅜㅜ눈물나는헌신에감동합니다  
20170526,8,관람객예수님과 같은 선교사님의 생애와 우리 대한민국이 어떠한 희생으로 말미암아 세워지게 되었는지 느낄 수 있었던  
20170526,10,종교를 떠나서 헌신과 섬김의 삶이 무엇인지를 깨닫게 해주는 영화. 현시대를 살아가는 우리가 앞으로를 어떻게 살아야할지 방향을 잡아주는 영화.꼭 보세요.  
20170526,10,잊혀졌지만 결국 드러나게 되는..!!!  
20170526,10,관람객천천히 평온하게 이름 그대로 삶을 살았던  
20170526,10,그 숭고한 삶만으로도 알려질 충분한 가치가 있다.  
20170525,7,선교사님 희생과 사랑을 기억합니다  
20170525,10,관람객좋았어요 진짜 추천합니다  
20170524,8,관람객아주 굿굿이엿슴닽~~  
20170522,10,"관람객밝혀질 일들은 숨은 진주처럼 숨어있다가 언젠가는 반드시 밝혀진다. 서서평도 그런 숨은 진주같은 사람이다. 간호학도로서 본받을 점이 참 많은 선교사님, 정말 감동적인 영화입니다.  "
20170522,10,관람객좋아요 볼만하네요~~~  
20170522,6,종교가 없는 사람이에요. 서서평 인생 자체가 너무 감동스럽고 감사한건 사실인데 후반부로 갈수록 종교에 대한 얘기가 많으면서 공감이 힘드네요.  1시간 10분 보고 뒷 부분은 뻔할것 같아 나왔어요.  
20170521,3,졸리다 너무 감정호소..다큐멘터리서프라이즈인줄  
20170521,10,너무 감동적인 영화입니다이 영화를 위해 안보이는곳에서 고생하시는 분들 축복합니다  
20170520,10,관람객부모님과 같이 영화 관람하였습니다  
20170520,10,관람객가족들과 함께 잘 보고왓습니다^^  
20170520,10,관람객우리의 삶을 돌아보게하는 감동적인 영화입니다  
20170518,10,이 시대  그리스도인들이 꼭 봤으면 좋겠다. 정말 잘 만든 좋은 영화이다  
20170518,8,"관람객다큐_영화적 완성도는 무난, 삶을 돌아보게 했습니다. 신앙적 삶도 돌아보게 됩니다.  "
20170518,10,관람객감동적이고조아요좋아요!  
20170518,8,관람객영화를 보고나서 제자신이 부끄러워지게되네요  
20170516,10,관람객감화감동의 다큐실화였습니다.자족의 삶으로 감사하며 살렵니다  
20170516,10,관람객내가죽어야사는... 주님의십자가사랑을 가슴에안고 알지도못하는이조선땅위에한알의밀알이되어 수많은생명을낳는 귀한사명감당하고추님나라올라가신 삶은 이땅에서 가장값진삶을 보이신것이었습니다주님을만나자의삶은 희생이따르는사명이었습니다  
20170516,10,관람객너무 감동적...이여서 행복했어요  
20170516,10,관람객감동의 물결입니다 추천  
20170516,10,관람객보는 내내 울었어요 ㅜㅜ  
20170516,10,관람객누구나 다접할수있는 우리의과거?현재?미래를 볼수있는 유익한 사실을 영화한 서서평!우리만 본것이 아쉽다  
20170516,10,관람객지금..우리나라를세우고..하나님을전해준..순고한믿음..눈물로감사드립니다  
20170516,9,관람객꼭 보시길 추천합니다.작아지고 겸손해지는 나를 마주하게 될거예요  
20170515,10,관람객무엇을 위해 열심히 달려왔는가??제 자신의 삶을 뒤돌아보게 했던 영화입니다  
20170515,9,관람객영화로도 다 표현이 안되는 사랑이 있습니다. 선교사님이 자신을 내놓으면서까지 한국사랑이 가능했던  이유~~ 단순히 어린시절의 불우한 기억때문은 아닙니다. 받은 사랑은 느끼면 가능합니다~~~~  
20170515,10,"빠르게만 살아가라고 하는 세상에서, 진정한 가치를 찾으며 천천히 그리고 평온하게 살아가고 싶은 사람들에게 추천해주고 싶은 다큐멘터리 영화  "
20170515,10,관람객감동이 있어서 좋았습니다  
20170515,10,Not  Success But Serivce  이름도 빛도 없이 조선의 사람들을 위해 죽은 한 여인의 삶이 이제라도 누군가에 의해 재조명이 되어 다행이다. 묻혀있던 진리의 진실이 가슴을 먹먹하게 한다.  
20170515,8,관람객어려운 시대에 병들고 가난한 약자들을 위해 헌신을 아끼지 않고 살다가신 서서평 여사님의 훌륭한 삶을 알게 되어 좋았습니다. 물질만능의 각박한 현실 속에서 그 정신을 다시 되새기고 교훈 삼아 그 헌신이 얼마나 값지고 귀한 것인지 생각해 볼수 있었습니다.  
20170514,9,관람객하정우 나레이션 좋았네요. 근데 다큐의 비중보다 재연비중이 더 더컸으면 합니다.  
20170514,10,제 인생을 다시 돌아보게 되는 영화네요.  
20170514,10,관람객느낌이 있는 시간부끄러운 나의 모습 ~~  
20170514,10,관람객음? 볼만해요 ㆍ아침일직하는거라 그게좀?  
20170514,10,"관람객감동의 삶, 그리스도의 향기입니다^^  "
20170514,10,관람객평온하고 좋았어요 굳귣  
20170514,3,평점이 10이 많은게 이해가 되지 않습니다서서평의 삶은 충분히 감동적인 삶이었겠지만영화인지 다큐인지 스토리가 너무 엉성하고배우들도 너무 어색합니다돈주고보기 너무 아까웠고요차라리 그돈으로 책한권 사서 보는게 훨씬 낫겠습니다  
20170513,10,관람객은혜로운 영화였습니다.  
20170513,10,크리스챤의 삶이 뭔지 다시한번 깨닫게되었고 너무 감동적이었어요 !  
20170513,10,관람객감동적입니다 다들 저마다 성공만 생각하는 세상에 건강한 마음을 새롭게 해줍니다  
20170513,10,관람객참 그리스도인으로서의 삶이 무엇인지 돌아보며성공이 아니라 섬김의 삶을 살아야함을 다짐했습니다~  
20170513,10,관람객고3  딸과 함께 보았습니다.  자기 인생은 이 영화를 본 전과 후로 나뉠거 같다고 고백하네요.  자기의 모든걸 내어 놓을수있는  힘. 그건 바로 복음의 능력임을 다시한번 확인하는 시간였습니다. 감사합니다.  
20170513,10,관람객다시 되돌아 볼 수 있는 기회였습니다.  
20170513,8,관람객많은 기대를 했지만 연기 부분이 좀 아쉬웠습니다. 다큐라면 아예 다큐로 가면 좋지 않았을까 하는 생각도 들어요. 하지만 서서평이라는 역사적인 인물에 대해서 알게되고 자신의 십자가를 진 크리스찬이 걸을 수 밖에 없었던 길 그리고 현 한국기독교를 보며  
20170513,1,최초로 보다가 꿀잠잔 영화. 교회다니는 사람아니면 영화시작하는순간 ' 아..'탄식이 나옴  
20170512,9,관람객하정우에 덤덤한 네레이션과 실화의 감동.  
20170512,6,관람객독일계 미국인이면서 우리나라에 선교로와  일평생 예수그리수도의 삶처럼 훌륭하게 지내다 가신분으로 그동안 널리 알려지지 않았지만 이번영화를 계기로 널리 알려지길 바랍니다  
20170512,10,"관람객서서평 선교사님의 생애를 통하여 이 조선땅을 사랑하시는 예수님의 마음을 보았습니다 그 마음 저도 품고 성공이아닌 섬김으로 예수님이 가셨던 그 길,주님을 사랑하는 많은 선교사님이 가셨던 십자가의 길 따라 걷겠습니다  "
20170512,9,관람객예수님 처럼 살아가는 삶이 어떤지 좀 더 현실에 가깝게 그려냈다. 처음에는 이야기가 느리게 풀어간다고 느꼈지만 그래도 끝까지 보는 것을 추천한다. 오랜만에 건강한 채식을 먹은 듯 했다. 의미있는 삶을 살도록 어떤 선택을 할 것인가 고민하게 된다.  
20170512,10,관람객이 분이 살아냈던 것처럼 살 순  없겠지만 내가 있는곳에서 섬길수 있는 만큼 섬겨야겠어요.  
20170512,10,인생을 성공적으로 사는 방법은 성공을 좇지 않고 섬김을 실천하는 것이라 믿습니다. 감동입니다. 감사합니다.^^  
20170512,8,관람객다큐멘터리 형식인지는 모르고 봤는데 나름 유익했어요.아가페 적인 사랑을 다시 한번 생각해보는 영화입니다.  
20170512,9,관람객국내 여선교사님에 관한 내용은 처음 접했는데 너무 유익하고 감동적이었습니다.  
20170512,10,서서평 선교사님의 삶 고맙습니다  
20170512,10,사실 한국교회가 선교사님들의 피로 세워진 곳이라는것을 알았었지만 서서평선교사님은 알지 못했었습니다 이영화를 통해 또다른 선교사님을 알게되었고 성경에 나온 말처럼 먼저그의나라와그뜻을먼저구하면네게필요한 모든 것을 더하신다는 말씀 그대로를 보여준 영화입니다  
20170511,10,"관람객""성공이 아니라 섬김이다""이라고 남기신 히어로님의 감상평에 동감합니다.  "
20170511,10,정말하나님의 말씀으로 사는 것 실천하는 교사의삶이 저토록 숭고할수있을까 내일일은 내일걱정하고 오늘하루에주어진시간에 최선을다하는 서서평선교사의삶을 보니 절로 눈물이 쏟아지는데 100년이지난 밝혀진것도 하늘의 뜻이라고 생각합니다 정말 숭고한 삶이네요  
20170511,8,관람객너무 좋았어용~마지막 정리해주는 내래이션도 감동적이였습니다  
20170511,8,관람객다큐와 함께함에 더 감동이 있었습니다  
20170511,1,40대 이상 평점 비율 보소?ㅋㅋㅋ  
20170511,1,예수쟁이의 영화..;....  
20170511,10,관람객가냘픈 한 여인으로서 상처를 이겨내고 거룩하게 살아간 모습이 아름답습니다.  
20170511,8,관람객한 여인의 헌신이 조선의 여인들에게 새로운 꿈과  희망을주고 천천히 평안하게 하나님이 주신 사명을 감당하고 모든것을 다주고 떠나는 쉐핑. 그리고 그녀의 후예들이 한일장신대학교에서 학업에 열중하고 있다  
20170511,10,관람객일제강점기에 나라에서도 버려두었던 호남 여성 교육에 힘써주신 고마운분고맙습니다 조선에 와주셔서....  
20170511,10,관람객이름없이 빛도없이 감사하며 섬기리라! 이분에게 아주 잘 어울리는   찬양가사입니다.  
20170510,9,관람객감동적이네요~~^^  
20170510,1,"서서평이라는 인물은 대단하지만, 이건 보통 생각하시는 그런 영화는 아닙니다.. 기독교인들만 보세요;  "
20170510,8,관람객너무너무 좋은 은혜로운 영화입니다  
20170510,9,관람객담담하게 써내려간 선교사님의 삶. 과하지도 부족하지도 않게...그래서 더 묵직한 여운이 남는다...  
20170510,10,관람객영화를 본 후 '서서평' 그 이름이 가슴에 새겨졌다.당신의 너무도 값진 희생과 사랑으로 밀알이 되어 우리 나라에  수 많은 복음의 열매를 주셨습니다. 감사합니다.  
20170510,10,복음을 전하기 위해  이 땅에 오신  모든 선교사님 감사합니다~서서평 선교사님  감사합니다^^  
20170510,10,관람객잔잔하지만 생각거리를준다  
20170510,1,별로..입니다...  
20170509,10,죽기전에 꼭 봐야할 영화  
20170509,10,지금의 우리나라가 있기까지 낮은 자리에서 헌신했던 선교사님들의 희생이 있었음을 깨닫게 되는 시간이었습니다. 추천해요~^^  
20170509,10,관람객많은 감동받았습니다우리도 은혜를 갚기위해 선교사를 더 많이 파송하여야 한다고 생각합니다  
20170509,1,말도 안되는 평점 ㅋㅋ 이게 영화인가?  
20170509,10,관람객잔잔함이남는 이시대 우리크리스천이 닮아갈 모습이였습니다  
20170509,10,관람객주님의 긍휼을 알게하는 삶  
20170509,10,관람객서서평 관람을 통해 우리나라에 주님의 말씀이 전파된 역사를 알게돼 너무나 감동이었습니다  
20170509,10,감동적인 영화입니다  
20170509,10,"관람객한평생의 삶으로 빛을 드러내신 선교사님의 이야기를 과하지 않고 담담하게, 담백하게 보여주셔서 더 좋았습니다. 많은 분들이 보시길 추천합니다.  "
20170509,10,관람객제 삶이 부끄러웠습니다  
20170509,10,성공보다 섬김이 필요한 시대에 천천히 평온하게 다가온  감동적인 영화..피보다 더 진한 사랑이 무엇인지 그 사랑이 누구에게서 오는 것인지 깨닫게 해준 고마운  영화이다.  
20170509,10,관람객너무 좋았습니다^^ 꼭보세요  
20170508,1,"개독 영화? 개독 영화는 안 봐도 뻔하다. 선교 할라고 이제 이런 영화까지 만들다니. 대단하다. 개독들. 돈 안 아깝냐? 하긴, 세금도 안 내는데 뭔 돈이 아깝겠냐. 결국 영화 만들어야 한다고 죄다 자기네 개독교원들 설득? 해서 얻어낸 돈일 텐데.  "
20170508,10,관람객선교사님의 삶 자체와 잔잔한 나레이션이 어우러져 깊은 울림을 받았습니다.  
20170508,10,관람객Not success but service..  
20170508,10,사랑받은 것도 없는 것 같았는데 사랑을 퍼 주었습니다. 그 사랑의 비밀은 십자가 입니다.  
20170508,10,관람객굳굳굳섬김이란정말 희생이 꼭 필요한 것 같네요 뿌린대로 열매를 얻는다는 말이 생각나네요  
20170508,1,541984562165416541  
20170508,10,관람객큰 감동이 있었습니다.  
20170508,10,관람객가슴이 먹먹해지는 영화입니다. 누가 그렇게까지 다른이에게 희생할수있을까요.  
20170508,1,별로  재미가   없었다 ㅋㅋ  
20170508,9,관람객가장 낮은 곳에 있었던 조선 여성들을 세상의 빛으로 섬겨주신 선교사님의 이야기가 감동  
20170508,10,관람객진짜 감동적이네요ㅠㅠ  
20170508,10,관람객사람이  산다는  것이  오직  자기를  위하여 사는 것이라고 믿는 세상에서 숭고한 하나님의 사랑과  인간을 실천에  옮겨 별같이 빛나는 인생을 완수한 서서평 선교사님께 감사합니다  
20170508,10,관람객정말 감동입니다. 피 한방울 섞이지 않은 이땅의^^  
20170508,9,성육신 적 삶을 살아간 서평은 상처입은 치유자였다.그녀의  외로움과 상처를 보듬어준 사람들은  또 다른 서서평이었을 것이다.  
20170508,9,관람객일반적인 영화로서의 스토리 구성이나 재미요소는 좀 작았지만 다큐영화로서 그리고 낮지만 위대한 헌신의 삶을사신 서서평선교사님의 일대기로서 보는 이들에게 잊지못할 감동을 주었습니다.  
20170508,10,마음을따뜻하게...그리고정화시키는영화...감동이었습니다^^  
20170508,1,예수쟁이들이 이걸로 쇼생크탈출의 왕좌를 깎아내리네;;;  
20170507,10,Not success but service  
20170507,10,인간의 삶에  감동이 없다면 ..원슝이랑 다를게없다.  
20170507,10,기독교와 카톨릭은 엄연히 다릅니다.  아니 틀립니다기독교가 맞고 카톨릭은 틀립니다  
20170507,7,"관람객검소하고 낮은 자의 길을 걸어가셨고고아된 소녀, 과부들 및 병든 환자들을 돌보셨다.죽는 그 날까지 자기 몸 희생하며예수님의 사랑과 복음을 전했던 서서평 선교사님 내가 빛나는 것 보다는 남을 빛내주는 사람이 되기를 기도합니다.  "
20170507,10,놀랐습니다.  실제로 이런 분이 계셨네요.  
20170507,10,훌륭한 인생을 살다간 사람의 이야기 입니다.  
20170507,10,관람객가슴을 울리는 한 인생의 이야기이자 한국의 숨겨진 역사의 한 면을 차분히 재조명해주는 다큐!  
20170507,10,Not success But service시련이나 고통을 사용하신다  
20170507,10,"이기심의 끝으로 치닫는 우리사회에서, 국외인이 보여주기 어려운 사랑을 보여줬다.  "
20170507,10,우리의 영혼을 깨우는 영화입니다.  
20170507,10,하나님을 모르는사람이 보면 정말 재미없는영화하지만 좁은문을 찾은자들에게는 정말로 최고의 인생영화!!! 최고의 감동영화  
20170507,10,"그 이름 대로,  영화제목처럼  살다가 죽은 아름다운 삶을 직접 보기를 추천합니다.  "
20170507,10,"보고 있자니 눈물이  자연스럽게 흐를 수 밖에 없는 아름다운, 감동적인 이야기네요.감사합니다. 이나라 대한민국 이와같은 분들 덕분입니다. 고맙습니다.  "
20170507,8,관람객잔잔하게 깊은 감동을 준 영화. 우리네의 삶을 다시금 되돌아보고 삶의 목표를 점검하게해준 소중한영화.  
20170507,10,저희 민족이 지금  이렇게  풍요롭게 살수 있었던것은서서평 선교사님과  또다른 많은 선교사님들의 예수님과 같은희생이 있었기 때문이다.  
20170507,10,성공이 아니라  섬김이다.인생의 좌우명으로 기억할 만 한  문장입니다  
20170507,10,"감동스러운 영화네요, 한번ㄸ쯤 가족들과 보는 기회가 있으면 좋을 것 같아요  "
20170507,10,말이 필요없는 영화. 내 인생을 돌아볼수 있는 기회  
20170507,9,꼭 봐야할 영화 감동입니다!  
20170507,10,관람객성공이 아니라 섬김이다!영화보는 내내 계속 마음의 찔림과 벅찬 감동이 함께 했습니다!  
20170507,10,관람객생각을 하게 만드는 영화였습니다.  
20170506,10,"Not success, But service  "
20170506,8,"관람객이 영화가 개봉된다고 했을 당시 주일학교 아이들과 함께 가고 싶은 마음이 컸다. 보고듣는 것에 영향받는 아이들에게 진정한 그리스도인의 삶이 어떠한지 알려주고 싶다해야할까.""성공이 아니라 섬김이다""다소 어려웠을지 몰라도 이 글귀가 마음에 남길..  "
20170506,1,평점 너무 높아서 균형을 위해  
20170506,10,온누리교회에서 보라고 해서 봣슴  
20170506,10,관람객아낌없이 주었던 서서평 선교사의 사랑의 씨앗이  열매맺어 지금의 내가 있다는 생각이 들었고..주기보다 받기만 하며 살았던 시간이 부끄러워졌습니다.  
20170506,10,관람객참으로 감동 적이 었습니다 성공이 아니라 섬김  
20170506,10,"성공이 아니라 섬김이다. 감사합니다, 서서평 선교사님. 잊지 않겠습니다..  "
20170506,10,관람객감동적인 작품 이었습니다.  
20170506,10,관람객처음에 생각하고 기대한 것보다 훨씬 좋았습니다. 서서평 선교사의 장점 만이 아니라 아픈 면까지 다양한 방면에서 고찰한 것이 좋았습니다. 지금의 한국교회가 배워야 할 점도 많았구요.  
20170506,10,기대됩니다~*^^*  
20170506,9,관람객비록 상업성은 없지만...감사한 영화입니다.  
20170506,1,관람객별거 없음 교회다니는 분들은 좋아하겠네  
20170506,1,평점 조절하러 왔음... ㅇㅇ  
20170506,10,강력추천합니다!  다들 울더군요.  
20170506,1,한국에서  제대로된종교가 있을까? ㅋ 불교든  기독교든 어차피 돈에죽고 돈에사는 장사꾼들이잖아? 무슨 깨달음같은 멍멍이소리 하지마 ㅋ  
20170506,10,종교이든  삶이든 그분들의 발자취는 감사합니다.  
20170506,10,관람객보는 내내 감동이었습니다.  
20170505,10,관람객서서평의 고증을 통해 그 삶을 재조명한 영화..남의 나라에 와서 하나도 남김없이 주는 그녀의 삶..요즘 넘쳐나는 물질의 풍요를 다시 반성하게  된다  
20170505,10,관람객감동적입니다 나도 그렇개 살고 싶습니다모든 사람에게 이 영화를 권합니다  
20170505,10,"관람객서서평,천천히 평온하게가슴아프지만 아름다운 영화였습니다.모든 세대 공감할 수 있고,빛으로 오신 예수님처럼 섬기며 살아 오늘을 살아가는 우리에게도 감동을 주는 서서평 선교사님의 삶에 감사와 경의를 표합니다.빛으로 살아야 한다는 깊은 울림두요  "
20170505,10,정말 감명깊게 잘 봤어요 진짜 사랑이 뭔지 가르쳐 주는 영화입니다^^♡  
20170505,9,관람객감동적인 영화이네요선교사님의 헌신과 조선에 대한 사랑으로 많은 열매와 부흥이 있는것 같아요이런 영화를 볼수 있어서 감사드립니다. 영화를 만든분들 수고하셨어요  
20170505,10,관람객영화라기보다 다큐에 가깝고 전개도 그러합니다 너무 내 자신만 바라보며 사는 것 같다는 마음이 많이 들었습니다  
20170505,10,"관람객다큐멘터리 형태의 내용 속에서 섬김으로 오신 주님을 발견합니다,하정우님의 나레이션도 좋았습니다  "
20170505,10,관람객천국에서 만납시다.일생을 희생으로 살았던 하나님이 기뻐하신 선교사 이야기.  
20170505,8,관람객중간중간에 설명 나오는 부분에는 사알짝 졸았지만 그래도 전반적으로 엄청 감동적이고 마음을 만지는 영화 같아요 ㅠㅠ 몇 번을 운지 모르겠네요 ㅠ 한 번쯤은 보는 것도 좋을듯요  
20170505,10,"관람객천천히 평온하게, 진정한 삶을 볼 수 있었습니다.  "
20170505,10,관람객밖으로 선교가 아니라 우리나라 외국선교자들의 발자취를 찾아보고자한다  
20170505,10,관람객예수님 닮은 삶을 사신 서서평선교사님.  감동이었어요.  
20170505,9,관람객내삶도 서서히 평온하게 살고싶다는 마음이 드는 영화  
20170505,7,관람객교회에서 다같이 보면 좋을 것 같아요!  
20170505,10,관람객감명 깊게 보았어요. 순수한 삶과 헌신의 삶이 무엇인지 되돌아보게 되었어요  
20170505,10,Not success but service....  
20170505,10,성공이 아니라 섬김이다  
20170504,10,"""성공이 아니라 섬김이다.""  "
20170504,10,관람객보는 내내 눈물이 났습니다. 푸른눈의 외국인이 우리민족을 위해 이토록 헌신하는 동안 저는 대체 무엇을 했던 겁니까...  
20170504,10,관람객선교사님의 삶을 보면서 저희 삶을 반성했습니다.  
20170504,10,관람객감동적인 영화였습니다!!  
20170504,9,재미보다 깨달음을 주는 영화.  
20170504,10,피 한방울 안 섞인 우리민족을 위해 그렇게 헌신하신 모습에 감동받았습니다.  
20170504,10,관람객서서평 선교사님의 희생정신으로 인해 오늘 우리가 누리는 복 참으로 감사합니다  
20170504,10,"관람객살아온 지난 시간들과 지금 살고있는 이 시간,그리고 앞으로 살아야 할 날들, 어떻게 살아야 할지를 깨우쳐준 영화. 감동은 언제나 누군가의 헌신과 아름답고 겸손한 희생을 통해서만 우리의 마음을 울리게 되어있는데 보다.  "
20170504,10,관람객서서평 선교사님괴 같은 분들의 사랑과 헌신으로 한국에 복음이 전해진지 불과 100여년이 지났을 뿐인데... 그 본래의 메세지가 너무나 많이 변하고 퇴색되어진 현실이 인타깝습니다. 예수님을 따라가는 삶에 고난이 당연한 과정이며 유익이라는 것 기억하길.  
20170504,10,"관람객나의 삶과 신앙에 대해 다시금 돌어보고 많이 반성하고, 생각하게되는 영화네요...ㅠㅠ많은 분들이 보시면 좋겠어요...  "
20170504,10,지금까지 살아온 삶을 다시 한번 돌아보게 되었습니다  
20170504,10,"영화볼때는 잔잔한감동이었는데, 끝나고 엔딩크레딧올라가니 눈물이 쏟아졌네요...  "
20170504,9,관람객생각하게 한 영화였어요.  
20170504,6,"""나눔"" 이 것이 예수의 가르침의 핵심이었고, 그 어려운 일을 몸소 실천하신 선교사님의 삶에 가진 것이 너무 많은 지금의 삶이 부끄러워 진다. 그 깊은 삶의 울림을 다큐멘터리 영화로 표현하기에는 그지없이 부족하다는 느낌이다.  "
20170503,10,관람객도덕이 없는 이 시대에 꼭 보시길~  
20170503,10,복잡한 시대에 잔잔한 감동이 있는 영화이었어요  
20170503,10,관람객감사합니다한알의 밀알이 땅에 떨어져 죽고 지금 제가 여기있습니다?  
20170503,8,관람객서서평선교사님의 행적을 찾아가는 잔잔한다큐네요큰 감동까지는 아니지만 작은 울림이 있었어요  
20170503,9,관람객선교사의 헌신하는 모습에 눈물이 흐르네요  
20170503,10,관람객잠잠히 선교사님의 삶을 통해 예수님을 전해주셔서 감사  
20170503,10,관람객그리스도인이 어떻게 살아야하는지를 명확하게 보여주는 작품입니다  
20170503,10,관람객감동적인 영화입니다~  
20170503,10,관람객한국을 한국사람보다 더 사랑했던 서서평 선교사님♡  
20170503,10,관람객요즘 시대에 정말 필요한 메시지입니다. 성공이 아니라 섬김  
20170503,10,"선교사님의 헌신을  내가 영화의 평점으로 표현하기는 무리가 있는 것 같습니다. 수많은 그리스도인들이 이 세상에서의 '성공'이라는 사단의 속임수에 넘어가고 있는 이 순간에서 'Not success, but service'라는 유언은 우리에게  "
20170503,6,관람객선교사의  일대기 잘보고 감명받았읍니다  
20170503,10,관람객천천히 평온하게~~~조선의 힘없고 병든 분들을 위해 모든것을 쏟아부으셔서 예수님의 삶을 실제로 보여주신  서서평선교사님의 삶을 닮고 싶습니다♡♡♡  
20170503,10,예수 그리스도의 사랑으로 우리나라가 살고 있음을 다시금 확인했고 지금 현재 나의 모습을 다시 생각하게 되였습니다.  
20170503,10,"영화 너무 잘 봤습니다. 처음으로 기독 다큐 영화를 접했지만, 아이들하고 같이 볼 수도 있어서 좋았고, 그저 흥미나 오감을 자극하는 영화가 아닌, 제목 그대로 천천히 평온한 그러나 잔잔한 감동이 있는 영화였습니다.  "
20170503,10,미지근했던 믿음이 다시 뜨거워지는 시간이었습니다  
20170503,10,"이거 저희교회에서 만든거라서 교회에서 봤는데, 너무 슬프고 내용이 너무 감동적이에요.  "
20170503,9,"다시 보며 잘 기억이 나지는 않지만 제주도 사경회 때 이런 말씀 하신 것이 와 닿았네요. '무지개가 피려면 비가 와야 하듯이, 고난 뒤에는 영광이 찾아옵니다. 여러분 현재의 고난을 잘 이겨내야 합니다.'  "
20170503,8,관람객보는내내 가슴이 먹먹해짐...더많은 사람이 이영화를 볼수있었음 좋겠다.  
20170503,10,관람객굿굿 조항용~~~!!!!  
20170503,10,관람객천천히 평온하게 마음에 스며드는 감동적인 영화였습니다! 종교생활을 하는 사람이라면 누구나 감화받을 서서평님의 일생이였고 종교가 없는 분들도 그 시대의 여성의 삶과 선교에대해 생각해 볼 수 있늠 설득력강한 영화였습니다  
20170503,10,흥미위주의 영화가 주지못하는 삶의 fact를 직면하게 하는 영화...불운을 딛고 ...환경탓 하지 않고...  오직 말씀에 붙잡힌바 되어...삶으로 섬김을 실천한 진정한 예수님의 제자...서서평선교사님을 통해 한국여성들이 빛가운데로 나옵니다..  
20170502,10,관람객예수님의삶을 닮아실천하시는 모습에 저자신이 한없이 부끄럽습니다할수있는 작은거라도 실천해야겠다 다짐합니다  
20170502,10,진정한 주님의 사랑을 알게 되었습니다. 이렇게 눈물 많이 흘리며 본 영화는 처음입니다. 꼭 관람해보세요.  
20170502,10,"""서서평선교사는 예수를 조선에 전하는 방법은 자신의 모든 것을 내어 주는 것이라 생각하여 자신을 내어 주었다. 그리고, 우리는 예수를 보았다. '성공이 아니라 섬김이다'라는 문구는 그의 좌우명이자 유언이었다."" (나레이션 중)  "
20170502,10,관람객예수님 닮게 산다는게 무엇인지를 생각하는 시간이였고나의 그리스도 삶을 생각하게 하는 시간이였다  
20170502,10,관람객꼭보세여 삶을돌아보게하는영화  
20170502,10,"어떠한 화려함을 찾아볼 수 없지만 마음 속 천천히 평온하게 찾아오는 감동은 최곱니다.!!! 잊혀졌던 선교사들의 헌신과 사랑을 다시금 생각해 볼 수 있는 영화라고 생각하며, ""성공이 아니라 섬김이다.""라는 글귀는 계속 생각해보게 합니다.  "
20170502,10,서서평 선교사님을 이땅에 내려주신 하나님께 감사드립니다.  
20170502,10,사람에게 삶을 돌아볼 수 있는 그 어떤것을 주는 인생이 부럽습니다.  
20170502,10,의료선교의 중요성과 부르심에 대한 도전 작품  
20170502,10,관람객나를부끄럽게 만드는영화성공이아닌 섬김모토로삼고열심히 살아야지  
20170502,10,"""Not Success, but Service"" 성공을 보고 달려가는 요즘 세상에서 정말 중요한 것이 무엇인지, 진정 제자로 살아가는 것이 어떤 의미인지 감동과 동시에 도전을 주는, 가슴에 먹먹함과 동시에 뜨거움을 주는 영화입니다.  "
20170502,10,오랜만에 감동적인 영화를 보았네요...  
20170502,10,나는 얼마나 타인을 위해 희생하고 배려하며 살고 있나 돌아보게 하는.. 그런 영화. 고맙습니다. 어딘가에서 누군가에게 사랑을 흘려보내는 그리스도의 사람이 되고 싶습니다..  
20170502,10,관람객너무 감동적이예요~~  
20170502,10,감동적이었습니다. 본받고 싶습니다.  
20170502,9,관람객잔잔하고 차분하게 서서평 선교사님의 인생을 돌아보면서 지신 또한 돌아볼 수 있어서 좋았어요:)  
20170502,10,은은하면서도 오래가는 거룩한 눌림. 어떻게 그런 삶을 살 수가 있었을까?  
20170502,10,어떻게 살 것인가에 대한 하나의 큰 울림이 있는 영화  
20170502,10,감동이다.  감사하다....  
20170502,10,"우리나라 기독교 역사 주역이신 서서평 선교사님,숨겨진 귀한 진주를 발견해준 영화입니다.영화를 보는내내 눈물이 마르지 않았습니다.그 분의 삶을 감히 따라 살고 싶습니다.  "
20170502,10,관람객영상도 아름다웠고 서서평 선교사의 사역 일대기를 구체적이고 감동적으로 그려진 점에 점수를 주고싶네요. 많은 도전과 은혜받았습니다.  
20170502,4,평점만 보고 보러 갔다가 너무 지루해서 도중에 나왔습니다. 꼭 원하는 분만 보세요  
20170502,10,관람객서서평선교사에게 많은것을 배우고 갑니다.  
20170502,9,눈물이 핑 도네요 첫장면이 힘이 있었고서서평역의 여배우와 재연? 배우들의 연기그리고 영화 속  풍경이 참 아름다웠습니다  
20170502,8,에세이같은~~ 한편의 인간극장 을 보았네요..꼭 밝혀져야 하는영화..영화보단 티비를복고 온것 같은~^^  
20170502,10,꼭 보고픈 영화입니다. 꼭 보셔야 합니다. 왜냐구요? 기존 상업 영화에선 절대 다룰 수 없는 고귀한 삶을 다뤘기 때문입니다...기독교 그 이상의 이야기입니다...  
20170501,10,한국 크리스천으로 그녀의 삶을 보면서  깊은 울림이 느꼈습니다.  
20170501,10,정말 훌륭한 분이셨군요. 감동입니다.  
20170501,10,잔잔한 감동을 느낄 수 있었습니다..  
20170501,5,서서평의 인생에는 만점이지만 돈주고 보기엔 너무 지루하다 이런건 다큐멘터리 방송으로 보거나 책으로 읽는 편이 낫다.  
20170501,9,성공이 아니라 섬김이다 어떻게 살야야 할지 다시 한번 생각하게 하는 영화  
20170501,9,관람객책으로 읽은 적이 있어서 보게 되었어요.. 다큐영화네요. 어떻게 살아야할지 생각하게 된 영화입니다. 끝부분에서는 계속 울었어요. 강추합니다^^  
20170501,10,"관람객다큐멘터리 식 영화였고, 크리스천으로 제 삶을 돌아보는 소중한 시간이었습니다. 좋은것 조금 나은 삶을 위해 애쓰는 제 모습을 회개하게 되고, not success, but service 의 삶을 조금이라도 따라가고 싶습니다.  "
20170501,10,선교사님의 섬김과 기도가 대한민국의 씨앗이 되었습니다! 감사합니다!♡♡  
20170501,10,성공이 아니라 섬김이다. 낯선 이방 땅에 와서 소외된 자들을 섬긴 선교사님의 일생을 통해 작은 예수님을 볼 수 있었습니다. 이 땅의 모든 크리스천들이 어떻게 살아가야 하는지에 대해 보여주는 울림이 있는 영화라 생각합니다. 감사합니다.  
20170501,10,많은 그리스도인들이 봤으면 좋겠습니다. 특히 성공신화에 매몰되어 있는 많은 리더들이 봤으면 좋겠네요..  
20170501,9,"관람객천천히, 평온하게성공이 아니라 섬김이다말이 아닌 삶으로 신앙을 살다가신 분많은 생각이 스쳐갑니다  "
20170501,10,관람객자신의 과거와 현재 사이에서 모든것을 희생하며 섬김의 삶을 살아온 서서평 선교사님 넘 멋지고 여자이지만 그의행적이 무척이나 커 보이네요.  
20170501,9,관람객눈물이 끊임없이 나오게 만드네요..물질과 명예를 예수님보다 중시하는 나의 모습이 부끄러웠습니다..  
20170501,8,관람객잔잔한 감동을 선사하네요  
20170501,10,그리스도인 이라면 꼭보세요  
20170501,10,관람객재미있게 보고갑니다. 좋은 영화 감사합니다.  
20170501,8,관람객다큐영화 치고는 잘된영화입니다 서서평 선교사님을알게 되어 기쁨니다  
20170501,10,영화보다 더 감동적인 영화  
20170501,10,관람객정말 좋아요~ 어떻게 살아가야 하는지를 알 수 있는 영화였어요^^  
20170501,10,너무 잘 봤습니다! 오래동안 기억에 남을 좋은 영화네여! 강추합니다~  
20170501,9,"관람객변화하는 세상 속, 주님의 뜻에 따라 사는 삶에 대해생각해 볼 수 있는 뜻깊은 시간이였습니다  "
20170501,10,"한 사람의 조건없는 희생으로 지금 많은 변화가 있었던 것 같네요..조선의 탐관오리와 폭정, 무능력속에  좌절해야만 했던 그 시대의 서민들에게 큰 희망이었을것 같네요..  "
20170501,10,어떤 내용일거라는 것은 어느 정도 예상을 하고 봤지만 자극적이고 흥미위주의 영화홍수속에서 잔잔한 감동으로 우리 삶의 의미를 느끼게 하는 영화였습니다~  
20170501,10,관람객메가박스상영관에서 오랜만에 봣는데 좌석 되게 폭신해서 좋았어요 ㅎㅎ 그리고 역시 선교사님들의 섬김과 헌신 덕분에 ㅜㅜㅜ...  
20170501,10,관람객강력추천합니다.ㅠㅠㅠ  
20170501,10,개인의 이익과 그에대한 소유가 우선되게 살아오는 우리에게 앞으로의 삶에대해 이야기해주는 필름인거같다 내용이 사실이지만 마치허구인것같은 그런내용이다 삶의가치를 어디에 두어야 하는지 알려주는것같다  
20170501,10,관람객서서히 평온하게잔잔한감동입니다  
20170501,10,서서평선교사님의 가족사를 보며 마음이 짠했씁니다.인간적인 마음으로는 도저히 버티기 어려운 현실이나 소명과 사명감으로 자신을 하나님께 드린 선교사님의 마음은 큰 울림으로 다가옵니다.  
20170501,10,관람객Not success but service'성공이 아니라 섬김'마지막 말이 기억에 남네요마음이 뭉클해지는 영화입니다꼭 한번보세요^^  
20170501,10,스스로의 유익을 구하지 않는 헌신의 삶... 참 아름다운 삶입니다.  
20170501,9,관람객한국인도 아니고  머나먼 길을 건너와죽을 때까지도 목숨을 준 선교사님풍토병으로 영양실조로 죽고남은것이라곤  동전7개반쪽 담요. 저는 잘 먹고 잘살려고노후대책 세우며 살고있는 저희들에게깊은 생각을 다시하게 하는시간이었어요.  
20170501,10,"관람객잔잔한 감사와 가슴 떨림.Not Success, But Service.지향할 곳과 실천을 찾는시간.  "
20170501,9,다 어디갔지 서서평의 후손들  
20170501,10,잘 보았습니다.다른 선교사님들과 다른 점들도 인상 적이었고재연도 잘 이루어진 것 같네요...많이 추천하고 있습니다  
20170501,10,관람객정말 감동이에요...우리나라 힘든시대에 하나의 밀알로 헌신하신 쉐핑. 이 시대에도 우리에게 위로와 도전을 주시네요  
20170501,10,아.. 이런것이구나! 생각해봅니다. 돌받에 뿌려진 씨앗이 되지 않기를 기도합니다.  
20170430,10,이 땅의 가난하고 외로운 이들의 어머니였던 엘리자베스 쉐핑(서서평) 선교사님의 삶을 소개해 준 것만으로도 꽉찬 10점을 주고 싶은 영화  
20170430,10,사랑으로 섬김는 예수님의 마음을 담은 영화입니다.  
20170430,7,관람객성공이 아니라 섬김이다이말을 실천하신 아름다운 삶을 사신 서서평  
20170430,10,한 영혼의 희생이 엄청한 파급효과를 가져옵니다  
20170430,10,내일일은 걱정하지 않아요...  
20170430,10,관람객영화는 오프닝 5분이 중요하다는데.. 이미 시작부터 눈물이 났던 영화.. 가슴 먹먹하게 스며오는 그 분의 감정과 마음에 그렇게 눈물이 났었나보다. 특히 하정우의 내레이션때문에 더 집중이 잘되고 감정이 더 그랬는지도 모르겠다.  
20170430,10,굿!! 성공이 아니라 섬김이다!!  
20170430,10,헌신적으로..깨어 있는 한 사람이 중요한 이 시대에.  많이 생각해 한 영화였습니다.  
20170430,10,천국에서 만납시다 할렐루야!  
20170430,9,"예수님을 믿음으로써 어린시절의 고통을 긍정적으로 생각하고 타인을 위해 평생 헌신한 쉐핑 선교사님을 보고 종교의 중요성을 다시 한 번 느꼈네요. 예수를 믿을 생각은 없지만, 다시 한 번 주위의 도움이 필요한 분들을 살피게 되는 좋은 깨달음이었습니다.  "
20170430,10,감동이네요. '섬김'의 의미가 무엇인지 제대로 보여주는 것 같습니다. 이 시대에 필요한 섬김이 무엇인지 시사하는 바가 크네요.  
20170430,10,관람객영화를 보고 많은 감명을 받고 반성을 아주 많이 했습니다. 먼 타국에서 한국까지 오셔서 헌신한 삶에 아주 깊은 감사를 드립니다. 조건 환경에 대한 불만불평을 하는 저 자신을 돌아봐야 함을 다시 한 번 분명히 깨달았습니다. 강력히 추천하는 영화입니다.  
20170430,10,본인의 고독과 외로움보다 큰 타인을 사랑하는 마음으로 섬김의 삶을 온전히 사신 서서평 선교사님이 지금이라도 알려지셔서 다행입니다. 감사드려요.  
20170430,10,선교사님의 헌신에 정말 감사합니다  
20170430,10,잔잔하지만 가슴속에 아주 큰 울림을 주는 영화네요.. 자녀들과 함께 다시 봐야겠어요  
20170430,10,서서평 선교사님.. 한 여성으로서 낯선 타국에서 보여주신 사랑 그 빚 갚고 싶습니다..  
20170430,10,너무 진한 삶을 보았습니다..  
20170430,10,개인적인 아픔과 슬픔을 사랑으로 승화시킨 영화네요~ 감사합니다.  
20170430,10,"이 땅에 지극히 낮은 자의 모습으로 오신 예수의 생애를, 그녀의 일생을 통해 다시금 느꼈다. 큰 울림.  "
20170430,9,화려한 영상과 다이나믹한 스토리를 기대한다면 이 영화를 선택하지 않았겠죠  나의 삶을 되돌아보기를 바라며 차근차근 살펴본다면  삶의 방향을 돌이킬 수 있는 메시지를 얻을 수 있는 영화입니다.  
20170430,10,살며 사랑하는 귀하고 아름다운 삶에 보는내내 눈물이 났습니다. 내 자신을 비추어보는 거울같은 영화였습니다 .  
20170429,10,관람객ㅈㅐ미가있네요추천합니다  
20170429,10,관람객서서평선교사님의 삶을 통해 많이배웁니다  
20170429,10,관람객좀 더 서서평 전도사님에 대해 잘 알 수 있고 신앙과 희생과 헌신을 알 수 있도록 2탄이 나왔으면 합니다.  
20170429,10,"현시대에 꼭 봐야 되는 영화네요. 사랑,희생 아이들과 같이 봐서 더 좋았습니다.  "
20170429,10,관람객눈물로 씨를 뿌린자는 기쁨으로 단을 거두리로다  
20170429,4,관람객서서평님 일대기의 다큐멘터리로서는 의미가 있다고 볼수있으나 영화적요소에서 아쉬움이 많습니다  
20170429,10,관람객감동적이였습니다 감사합니다  
20170429,10,성공이 아니라 섬김이다.  
20170429,10,관람객보는내내 눈물나 혼났네요한국을 위해 먼곳에와서 저렇게 아낌없이주는나무처럼 모든걸 주신 서서평선교사님 존경합니다  
20170429,10,낯선 이로 와서 '한국인'을 섬기고 '한국인'으로 죽었다.  
20170429,10,예수님을본받는삶이란 무엇인지 그대로 살아낸삶  
20170429,10,서평 선교사님이 섬기고자 하였던 한국인으로서 알고있어야 하는 이야기  
20170429,6,실제 서서평과 함께한 동료나 주변 인물들의 이야기나 인터뷰를 직접 들을수 없는 것이(생존자가 없어서) 아쉽다.  
20170429,10,순이 아역 배우가 연기를 감동적으로 잘하네요. 화이팅  
20170429,10,관람객기독교 다큐멘터리 영화가 아닙니다.진지하게 나의 삶을 되돌아보게 되는 영화입니다.큰 기대없었는데 참 좋은시간이었습니다.  
20170429,9,관람객예수님의 사랑을 몸소 보여주신 서서평 선교사님 스토리 감동적입니다.  
20170429,1,예수쟁이 영화 돈버렸네...  
20170429,10,성공이 아니라 섦김이다....맘이 넘먹먹하네요..순이역의 아역배우가 마지막에 서교사님이랑 하는말도 넘 슬퍼요. . . 감동주셔서 고맙습니다~~  
20170429,10,이 영화는 주제 자체가 별점5개짜리다....이기주의에 물들어있는 우리에게 푸른눈의 선교사가 선문답을 던진다.  
20170429,10,크리스천뿐 아니라 대한민국이 봐야 할 영화입니다. ^^~  
20170429,10,"관람객침대옆에 붙어있는 ""성공이 아니라 섬김이다"".라는 선교사님 글귀가 생각나네요..선교사님은 예수님 말씀대로 자기를 부인하고 자기 십자가를 지고 주님을 따랐습니다..영화보는 내내 눈물을 멈출수 없었어요.부끄럽네요..ㅠㅠ  "
20170429,10,"늘 바쁜 일상 속에서, 불안한 미래에 대한 걱정 속에서 살아가는 나에게 인생은 정말 무엇을 위한 것인지 알게 해준 영화. 여성이 절대 인정받지 못한 시대에 태어나 남성들도 하기 힘든 일들을 해준 서서평 선교사님 존경하고 감사합니다.  "
20170429,10,"참 많이 울었습니다. 최근 고민해오던 문제들에 대한 답을 얻은 기분이었고, 남편이 예배의 은혜를 누리지 못하고 힘겨워하고 있었는데 깊이 감동을 받은 듯하여 더더욱 감사했답니다! 문득 양화진에 가봐야겠다는 생각을 했습니다. 이런 영화 많이 만들어주세요!  "
20170429,2,노잼 지루 고루 아무리 다큐라지만 ..  
20170429,10,섬김의 모습. 이방인으로 조선인답게 조선인을 위해 헌신한 서서평 선교사님의 모습을 이 시대 살고 있는 기독교인들이 꼭 봐야하는 영화. 종교인이 아닌 신앙인으로 예수님을 닮아가는 삶을 살도록 교훈을 줍니다.  
20170429,10,살아가는 이유를 생각하게하는 영화입니다  
20170429,10,"2016년에 이 영화의 초기작품을 보고 감동이 커서, 학교졸업식에서 인사말로 'Not success, But service!' 를 말했다. 서서평을 통하여 보여준 그리스도인의 삶을 생각하게 되었다. 이번에 극장에서 다시보니  더욱 감동적이다.♡♡  "
20170429,10,"다큐멘터리 영화인 걸  알고 봤지만  지루하지 않았고 5살, 11살 아이들과 함께 보았는데.. 아이들이 잔잔하게 함께 보고 어른인 저는 감사한 마음이 들었어요~ 11살 아들은  서서평이란 분이 좋은 일을 많이 하셔서 좋았다~ 하더라고요~  "
20170428,10,좋은 영화 감사합니다.  
20170428,10,So beautiful life...  
20170428,10,"서서평, 천천히 평온하게 제 삶을 돌이키고 반성하게 만든 영화  "
20170428,10,영화를 보는 내내 먹먹했습니다오늘 이 땅에 살아가는 우리가 이런 귀한 삶을 본받아야 한다는 생각이 들었어요  꼭 보시라고 권하는 정말 좋은영화예요  
20170428,10,관람객이런 영화를 만들어주셔서 감사해요.  
20170428,10,"관람객머나먼 미국에서 자신의 편안한 삶을 다 버리고, 우리민족도 돌보지 못한 가장 가난하고 힘없는 자들을 섬기기 위해선교사의 모든 혜택도 다 버리고 사랑과 섬김으로 일생을 보내신 선교사님의 삶이 큰 감동이었고 성공이 아닌 섬김이 진리임을 깊이 새깁니다!  "
20170428,6,관람객너무 지루하다는 생각이 들었습니다  
20170428,10,진정 예수와 같은 삶을 사신 분의 인생을 담은 다큐영화였습니다. 처음부터 끝까지 잔잔하게 펼쳐지는 서서평의 이야기는 나의 삶을 되돌아보게 합니다.  
20170428,10,성공이 아니라 섬김이다.  
20170428,10,개화기때 우리나라에 들어온 많은 외국인 선교사로 교육과 의료등에 혜택을 받은 우리 조상들이 그 힘든시기에 잘 이겨내셨기에... 서서평선교사님뿐만 아니라 그시대 우리나라를 사랑과 자비로 돌보았던 선교사님들을 마음속으로나마 감사와 은혜로 기도합니다.  
20170428,10,"Not Success but Service = 성공이 아니라 섬김이다. 재미로 보는 영화가 아닌 우리들의 삶을 되돌아보고, 다시 점검할 수 있도록 도와주는 길잡이가 되는 영화라고 생각해요. 기독교인 뿐만 아니라 모든 분들이 꼭 관람했으면 하는 영화에요  "
20170428,10,눈물과 함께 보게되는 영화 였습니다.! 섬김은 어렵고 희생하는 듯 보이지만 그 섬김은 세상을 변화시킬수 있는 위대함 입니다.!  
20170428,10,너무 감동적인 영화. 제 삶을 돌아보게 하며 반성하게 되는 영화였습니다! 감동감동  
20170428,10,"비참했던 현실의 조선을 이처럼 아름답게 섬겨주셔서 감사했습니다 서서평선교사님!! ""Not success but service"" 천국에서 만납시다!! 매 순간 큰 감동을 받았습니다~ 좋은 영화 만들어주셔서 감사합니다^^!! 최고에요  "
20170428,10,시작할때부터 끝까지 감동이었습니다~ 이 시대를 살아가는 우리에게 많은 것을 생각하게하는 귀한 영화입니다  
20170428,10,관람객한사람의 헌신이 시대를 살아가는 모두에게 얼마나 큰 영향력을 미치는지 새삼 느끼게 도는 영화  
20170428,10,선교사에 관한 다큐멘터리 영화입니다. 기독교인뿐 아니라 믿지 않는 사람에게도 권한고 싶은 영화입니다.  
20170428,9,"what for?  나는 무엇을 위해 사는가..맛집찾아다니고, 좋은 옷 좋은 가방 나의 몸과 외면을 치장하기에 바쁜 내 모습이 부끄러워지는..  헐리우드 액션 영화처럼 보고 시원한 영화는 아니지만, 생각하고 느끼게 해주는 영화. 무엇을위해 사는가..  "
20170428,10,예수님처럼 진정한 섬김의 모습을 보여주셨던 서서평 선교사님을 이렇게 영화를 통해 알게되어 정말 감사하게 생각합니다. 선교사님께서 삶으로 보여주신 것처럼  어두운 세상을 비추는 빛이 되고 싶습니다.  
20170428,10,한 사람의 삶을 다른 나라의 사람들을 위해 익숙하지도 않고 낯설기만 한 사람들과 환경 속에 마음을 들이고 헌신하는 실화의 이야기가 마음을 다독입니다.  우리 나라에 여러 모양으로 누군가들의 삶이 헌신되어 있다는 생각을 해보게 되었습니다.  
20170428,10,우리도 신경쓰지 않는 우리를 더 걱정한 분  
20170428,10,크리스천이라면 반드시 꼭! 봐야 할 영화!!  바쁘고  메마른 이 시대가운데 다시 한번 진한 여운의 사랑을 느낄 수 있는 영화다.  이 영화가 지금뿐만 아니라 계속해서 다음세대들까지도 쭈욱 볼수 있는  명화가 되길 바랍니다.  
20170428,9,서서평 선교사에 대해 잘 알지 못했는데 이번 영화를 통해서 알게 되었어요 감동적이고 먹먹한 순간이 많았네요  
20170428,10,꼭 봐야될 영화~! 누군가에 헌신과 희생 그리고 눈물의 기도가 있었기에 오늘의 한국이 있지 않나 싶습니다. 귀한 영화 만들어주셔서 감사합니다~!!^^  
20170428,10,"Not Success, But Service.서서평 선교사님의 삶에 나의 삶을 돌아보게 하네요..  "
20170428,10,잊혀지지 않아야할 너무 큰 사랑  
20170428,10,"저는 이 영화를 통해 '존경', '감동', '눈물', '부끄러움', '결심', '헌신의 아름다움', '인류애'를 느꼈습니다.  "
20170428,10,두 번 세 번 다시 보고 마음에 새기고픈 영화입니다. 서서평 선교사님의 삶을 배우고 싶어요.엔딩크레딧까지 다 봤어요. 영화에 흐르는 음악도 GOOD! ♡  
20170428,10,"이 영화는 비기독교인 평론가의 평론 대상이 아니라 이 땅에 살고 있는 모든 한국인이 선교사들에게 진 빚을 되돌아보는 영화다. 평론가 평점은 그들의 세계관의 반영에 지나지 않기에 영화에 담긴 사랑,섬김, 희생 및 소외된 자를 향한 그 긍휼을  모른다.  "
20170428,9,제목처럼  천천히 평온하게 잔잔한 감동  
20170428,7,평생 자신의 신념을 지켜 최선을 다해 사신 후 행복하게 미소를 띠고 돌아가시는 모습 아름다웠습니다.  
20170428,9,조선의 여자들의 삶을 위해 헌신했던 서평선교사님의 삶이 너무 인상깊었습니다!! 그분들의 섬김이 있어 감사했습니다~^^  
20170428,10,내가 지금 겪고 있는 고통과 슬픔까지도 하나님이 사용하심을 알 수 있는 영화  
20170428,10,숨가쁘게 지나가는 하루하루에 미처 생각지 못한 삶의 깊은 감동을 느끼게 하는 영화. 잔잔하되 깊이 있게 밀려오는 감동. 성공이 아니라 섬김이다.  
20170428,10,세상의 빛으로 살다가신 분.. 병원취직을 앞두고 있는 내가 앞으로어떻게 살아야 할지를 알려주는 거 같다  
20170428,10,좋긴좋은데 주제가 어렵다 나로썬  
20170427,10,서서평 선교사님의 아낌없는 헌신과 따뜻한 사랑의 메시지를 전해주는 감동이있는 다큐영화였습니다. 제 자신을 돌아보고 앞으로 하나님의 사람으로서 어떻게 살아가야할지 생각해볼수있는 시간이었습니다.  
20170427,10,볼때마다 나를 돌아보게 하는 영화~정말 잘 살아야겠다. Not success but service  
20170427,10,낯선 이 나라를 사랑해주셔서 감사합니다. 너무 다 주고가셨어요.. ㅠㅠ 잊지않고 본받아 저도 부르심의 자리에서 작은예수가 되도록 노력하겠습니다.  
20170427,10,서서평 선교사가 우리나라 사람들을 위해 죽기 직전까지 섬기는 모습을 보면서 예수의 존재를 깨닫게 하는 영화였어요. 모든걸 떠나서 우리가 진정으로 이 세상에서 필요로 하는 것을 이 영화에서는 잘 보여주는 것 같아서 충분히 볼 가치가 있다고 생각해요.  
20170427,10,나의 고통이 다른이를 위한 사랑이 될 수 있음을 보여준 영화였다  
20170427,10,서평선교사님이 조선을 돌보셨듯 지금 내가 돌보아야할 대상은 누구일까?라는 생각을 하게되었습니다  
20170427,10,관람객감동입니다우리나라에이런은혜로운역사가있었네요소박하게작은부분이라도우리도본받고살고싶어지네요이런영화가더많이만들어져서널리알려지길바랍니다  
20170427,8,관람객내용은 좋으나 나레이션으로 이끌어가서 좀 지루한 면이 있었다.  
20170427,10,"한국인이 몰랐던, 한국인을 위해 헌신한 아름다운 삶... 성공이 아닌 섬김의 삶 (Not success But service)... 진정한 리더십...  "
20170427,10,예수님의 삶을 그대로 보여주셔서 큰 감동이 되었습니디  
20170427,10,"어쩌면 본인의 힘들었던 과거를 원망할 수도 있었을텐데, 그를 통해 오히려 사랑으로 이방땅의 여인들을 섬겼던 서서평 선교사님의 섬김과 헌신이 너무 아름다웠습니다. 기억하겠습니다  "
20170427,10,예수를 바로 보여주는 삶이 무엇인가를 느낄 수 있는 영화였다.  
20170427,10,좋은 영화 만들어 주셔서 감사합니다.  
20170427,10,사랑과 섬김에 대해 느끼게 되는 영화였습니다. 각박한 요즈음의 삶에서 다른 이를 돌아보지 못했던 것을 생각하게 하는 좋은 영화네요.  
20170427,10,서서평 선교사님의 섬김과 헌신을 보며 무거운 마음으로 집에 돌아갑니다.. 진정한 그리스도인의 삶이 무엇인지 다시 한번 생각해보게 됩니다 감사합니다 선교사님!!  
20170427,10,빛과같이 살다가신 서서평 선교사를 통해 많은것을 깨닫고 갑니다  
20170427,10,성공이 아니라 섬김이다.예수님처럼 살다가신 서서평 선교사님 영화를 보며제 삶을 돌아보는 소중한 시간이었습니다. 감사해요!  
20170427,10,성공한 삶보다는 섬기는 삶을 살아가는 우리 되기를 소망합니다.  
20170427,10,삶속에서 예수님의 향기를 사랑을 품고 섬기는 서서평 선교사님의 삶을 보며.. 나는 과연 이렇게 살아갈수 있을까? 영화을 보는 내내 나를 돌아보게 했던 귀한 시간이였습니다.  
20170427,10,서서평으로 사는 것을 생각하는 기회예수로 사는 것  
20170427,10,힐링영화 너무 감동적이에요! 추천합니다:)  
20170427,9,작은 기적을 체험했다. 바로 옆자리에 3년만에 아는 분 만남. 신나게 수다떨고 영화 얘기 하고 신앙 상담하고.  어떻게 그 수많은 상영시간 중에 바로 옆에서 만났을까?! 영화도 감동이지만 나는 감히 성령님이 이 영화에 강력히 임재하신다고 확신한다.  
20170427,10,진정한 섬김이 무엇인지 삶으로 직접 보여주신 선교사님을 느낄 수 있는 다큐멘터리 영화입니다.  
20170427,9,서서평선교사님의 삶 자체가 조선의 선물이었네요!  
20170427,10,"한 알의 밀알이 생명을 낳고, 생명을 낳고.. 서서평 선교사님삶의 모습을 짧게나마 보았지만, 후대에 선하고 큰 영향력을 미친 삶이 저에게 큰 감동이였습니다. 광주와 제주도, 우리나라의 섬김에 감사합니다.  "
20170427,10,성공이 아니라 섬김이다!!! 어떻게 살아야 하는지에 대한 울림으로 심장이 뛴다.  
20170427,10,많은 도전을 받게되었어요 :)♡  
20170427,10,우리가 잊지 말아야 할 역사가 있습니다. 거룩한 사역을 기억할 수 있게 해주셔서 감사합니다.  
20170427,10,관람객너무 감동적인 영화입니다 감사드립니다  
20170427,9,"국수주의 없는 진짜 애국 애민을 담은 영화.Not success, but service. 한 이방여인이 우리나라를 이렇게 사랑할수 있을까? 이것이 온전히 사람의 의지와 마음인것인가?  "
20170427,10,너무 감동적이었어요ㅠㅠ  
20170427,9,관람객작은예수로 살아온 선교사님의 모습에 눈시울이 뜨거워졌고 크리스쳔으로 부끄러웠습니다 서서평선교사처럼 살다 하나님나라 가고 싶네요  
20170427,10,큰 감동 받았습니다 크리스천이라면 꼭 보세요~  
20170427,10,"관람객저도 동일하게 작은 예수로 살아가고 싶습니다, 한국에 와주셔서 감사합니다. 부끄럽지 않게 믿음을 행동으로 보이며 살아가겠습니다.  "
20170427,10,내 삶의 지표낫 썩세스 벗 써비스!!^^  
20170427,10,"""저는 하나님께서 제게 하신 그대로 조선의 짐을 기꺼이 덜어주려고 합니다.""  "
20170427,10,말할 필요 있나. 이런 영화가 10점 만점이지  
20170427,10,관람객우리의 삶에서 어떻게 예수를 드러낼 수 있는지를 알려주는 영화였습니다! 굳이 선교를 나가지 않더라도 우리의 삶이 선교지라는 것을 생각하게 되었습니다  
20170427,10,기독교 영화로써 정말 가치 있는 영화입니다. 보는 내내 현실을 살아가는 기독교인으로써 성공이 아닌 섬김으로 살아가야 겠다는 다짐을 하게 됩니다.;  
20170427,10,서프라이즈에서 나왔었던...!한국을 위해~목숨까지 바친 외국인들중에 한분인...!  
20170427,8,신이 인간에게 준 가장큰 선물 존엄성을 일깨워준다  
20170427,10,성공이 아니라 섬김입니다~^^  
20170427,10,"말초신경을 자극하는 영화시장 틈에서 잔잔한 감동을 주는 영화를 만나 행복했습니다.한 사람의 삶을 통한 다큐의 힘이 감동을 배가 시켰습니다.한국인 보다 더 한국인을 사랑한 한 서양 선교사의 삶이 나의 삶을 돌아보게 합니다좋은 영화, 적극 추천합니다  "
20170426,10,크리스챤들이 꼭 봐야할 좋은 영화입니다 성공만을 위해 달려가는 이 시대에 꼭 필요한것은 섬김입니다 서서평의 섬김을 통해 지금의 대한 민국이 만들어 졌음을 .... 지금의 대한민국을 섬길 좋은 리더십이 나오길 기도합니다 저도 삶을 돌아 봅니다  
20170426,10,문득. 시간이 지날수록 잔상이 뚜렷하게 떠오른다. 잊을수없는 충격. 알려지지않은 인생.  과연 서평의 삶이 내게도 가능할까. 무엇이 그녀의 삶을 이토록 고귀하게 이끌었나. 많은 것을 생각하게하고 도전하게 한다. 너무도 아름다운 한 여자의 인생.  
20170426,10,재미있는 영화는 많지만 이 영화처럼 영향력있는 영화를 만나기는 쉽지 않은것 같아요. 혼자보기 너무 아까운 좋은영화입니다. 아니 좋다고 평가하는것도 부족함을 느낍니다.  
20170426,10,참 닮고 싶은 삶입니다... 존재 자체만으로도 감사했습니다...  
20170426,10,내용과삶자체만으로도 만점 이상의 드라마  
20170426,10,서서평 넘 보고 싶은데 상영관이 없어요보고싶어도 못봐요 ㅠ ㅠ  
20170426,10,관람객잘 보았습니다 ....눈물나게...  
20170426,10,예수를 따른다는 것이 무엇인지 온 몸으 보여준 사람  
20170426,10,서서평(쉬핑) 선교사님과 같은 분이 있었기에 오늘 우리가 복된 나라를 살고 있습니다.  
20170426,10,"타인을 위한 삶, 큰 여운과 하나님의 깊은 사랑을 느끼게 해주는 영화  "
20170426,10,관람객집중하기 위해 혼자 봐서 그런지 몰입도가 높앗어요신앙인이라면 그 분의 삶은 알고 있어야 될것 같네요~~^^강추입니당ㅎㅎ  
20170426,10,관람객재밌어영 잔잔하게 잘봤습니다  
20170426,10,"이 영화를 보면, 왜 지금의 한국교회가 세상사람들로부터 조롱을 받는지 알게됩니다.  크리스쳔의 삶이 세상사람들과 어떻게 구별되어야 하는지, 삶의 이유가 무엇인지 깨닫게 해주는 영화입니다.  "
20170426,10,종교인은 아니지만 여성과 약자들의 곁에서 평생은 헌신했던 그녀의 삶은 정말 깊은 감동과 뭉클함을 준다. 이 시대에 필요한 메시지인 것 같다.  
20170426,10, 한 여인의 슬픔... 한 그리스도인의 치열함... 아무 연고도 아무 인연도 없는 이국 땅에서~ 혼신으로 섬기고 또 섬긴 서서평 선교사님의 삶을 다시금 생각해 봅니다 한알의 밀알이 갖고오는 나비효과가 약 80여년 흐른 지금 감동으로 다가옵니다  
20170426,10,"<서서평 천천히 평온하게>는 기독교인들이라면 꼭 봐야하는 영화이다. .그 분의 삶이 크리스천들에게는 교양과목이고, 비기독교인들에게는 분노가 많은 이 시대의 해답이 되어줄 것이다.평생에 잊지 못할 영화를 보고 싶다면 추천!  "
20170426,10,옛 선교사님을 통해 이 시대 하나님을 믿는 사람들이 어떻게 살아야 하는지 진리를 보여준 것 같습니다. 잘봤습니다.~  
20170426,10,나눔과 섬김의 의미를 다시 한 번 새기게 되는 감명깊은 영화네요..! 많은  분들도 제가 느낀 감동을 꼭 느끼셨으면 좋겠어요 !! 영화 강추입니다!!  
20170426,10,감동적....하아...  
20170426,9,ㅜㅜ 방금 보고 왔는데... 사랑과 섬김..우리 모두가 본받아야  할거 같아요.. 삶의 방향이 바뀌네요~ 감사합니다^^  
20170426,10,아무 것도 없던 조선에 홀로와서 한 평생을 바쳐 헌신한 서서평 선교사님의 삶을 거울로 비춰보면서 제 삶에 많은 부끄러움을 느꼈습니다.예수 그리스도의 따르는 삶이 어떤것인지 행동으로 보여주셨던 서서평 선교사님을 조금이라도 닮아가고 싶습니다.  
20170426,10,방향을 잃은 이 시대에 경종을 울리는 영화. 보는 이에게 오히려 질문을 던지는 영화. 깊고도 잔잔한 울림이 오래 마음에 남는 영화입니다.  
20170426,10,타국에서 빛도 없이 헌신하고 다 내어주며 살다간 선교사님의 헌신과 사랑에 숙연하고 감동받는 시간이였습니다.  몇번을 봐도  감동있는 서서평.. 이시대에 귀한  영화 입니다.. 제작진과 CGNTV에 감사드립니다. !!!  광명의 빛은 꺼지지 않았다~!  
20170426,10,Not success but service  
20170426,10,서서평 선교사의 성공이 아니라 섬김이다!! 요즘 사회에 가장 중요한 말씀인것 같네요~ 모두가 서로를 섬기려 한다면 얼마나 좋은 세상이 될지...감동적인 영화입니다.  
20170426,9,서서평 선교사님의 섬김에 저절로 고개가 숙여졌던 영화  
20170426,10,말씀에는 '성공'이란 단어가 없다는 것을 처음 알았습니다. 하나님의 행복한 종으로써 성공이 아닌 '섬김'을 실천할 수 있도록 더욱 기도하겠습니다. 좋은 영화 감사합니다.  
20170426,10,다시한번 제 제 자신의 인생을 찬찬히 그리고 진지하게 돌아볼 수 있는 너무도 소중한 시간이었습니다!!  
20170426,9,아무리 가져도 행복한 이가 적은 지금...진정한 가치를 깨우는 영화다  
20170426,10,오랜만에 느끼는 감동입니다. 주인공의 인생이 과장되지 않고 담담하게  그려진 수작이네요.  
20170426,10,"""성공이 아니라 섬김입니다"" 영화를 보고 제 삶의 가치관이 바뀌었습니다. 100여년전 서서평선교사님은 돌아가셨지만 지금도 그의 가르침은 능력이 있네요 Good  "
20170426,10,관람객너무나 감동적이었습니다  
20170426,10,관람객선교사님의 위대한 삶에  감동  감사드립니다  
20170426,10,"외로움과 아픔 속에서도 자신의 모든 것을 내어준 서평 선교사님! 그 숭고한 헌신을 늘 기억하며 저 역시 사랑의 빛된 삶을 추구할게요. Not Success, But Service.. 결코 잊지 못할 감동입니다♡ㅜㅠ♡  "
20170426,10,"예수의 사랑이 그녀를 변화시켰고, 그녀의 헌신은 조선의 낮은자들이 스스로 빛임을 깨닫게 했다. 그럼 나는 앞으로 어떻게 살아야 하는걸까... 영화를 보고 무거운 숙제를 받았다.  "
20170426,10,조선을 사랑하는 여선교사. 자기 삶을 통해서  십자가의길 과 여수님을 보여주는 사람.  
20170426,10,자기만의 만족과 성공을 추구하며 살아가고 있는 현시대 가운데 섬김이라는 모습을 보여준 귀한 영화인거 같아서 너무 좋았습니다  
20170426,10,오늘 영화 봤어요~ 서서평 선교사님의 삶이 너무 감동적이었습니다 영화음악도 정말 좋았고 하정우 목소리도 너무너무 좋았어요 잔잔한 감동~~  
20170426,10,조선을 위해 바쳐진 수많은 선교사님들의 삶과 목숨이 지금의 대한민국을 만들었습니다. 그 중에서도 가장 낮은 자리에서 자신을 삶을 온전히 바치신 서서평 선교사님의 일대기를 담은 다큐 너무 눈물이 흐르네요... 참 감사하고 의미있는 시간이었습니다  
20170426,10,서서평 선교사님의 실화를 영화로 만들어 개봉일날 볼수있었다는게 참좋은 영광이었고  장면마다 감동이라서 어떻게 표현을 해야할지모르겠습니다 한번씩들 꼭 받으면좋겠습니다.  
20170426,10,서서평 선교사님의 삶을 돌아보며 많은 감동을 받았습니다. 성공이 아니라 섬기이다!  
20170426,10,마음 속 깊은 곳을 울리는 잔잔한 감동이 영화 시간 내내 이어집니다~~ 좋아요~~ 추천합니다 !!  
20170426,9,섬김과 희생이 무엇인지 배울수 있고 도전과 감동이 넘치는 영화인것 같습니다.  
20170426,10,누군가의 삶으로 치부해왔던 일들.. 도저히 감당치 못할 삶의 모습..  
20170426,10,예수를 믿는것이 어떤 것인지 가르쳐주는 좋은 다큐 였습니다  
20170426,10,서서평 선교사님의 희생과 헌신을 통해 한국땅에 믿음의 대가 이어져 가는 모습이 정말 감동이었습니다!!! 감동감동 최곱니다!!!  
20170426,10,좋네요~ 대한민국에 이런 리더십이 많이 생겼음 좋겠어요~리더십은 이런거라고 알려주는 교본같아요~ 성공보단 섬김...예수님의 가르침^^  
20170426,8,관람객의미있는 영화 모든 순간순간이 감동이고 먹먹하네요  
20170426,10,"""성공이 아니라 섬김이다."" 이 문장으로 이 영화를 요약할 수 있을꺼 같습니다. 많은 분들에게 깨달음을 줄 수 있는 귀한 영화인거 같습니다.  "
20170426,10,오 ~ 하정우..죽이네....  
20170426,10,그들의 희생이 있었기에 민주주의 발흥에 발판이 되었다. 종교를 떠나서 헌신과 희생이 변혁을 일으킨다.  
20170426,10,마음 속 깊은 곳을 울리는 잔잔한 감동이 영화 시간 내내 이어집니다~~ 좋아요~~ 추천합니다 !!  
20170426,9,섬김과 희생이 무엇인지 배울수 있고 도전과 감동이 넘치는 영화인것 같습니다.  
20170426,10,누군가의 삶으로 치부해왔던 일들.. 도저히 감당치 못할 삶의 모습..  
20170426,10,예수를 믿는것이 어떤 것인지 가르쳐주는 좋은 다큐 였습니다  
20170426,10,서서평 선교사님의 희생과 헌신을 통해 한국땅에 믿음의 대가 이어져 가는 모습이 정말 감동이었습니다!!! 감동감동 최곱니다!!!  
20170426,10,좋네요~ 대한민국에 이런 리더십이 많이 생겼음 좋겠어요~리더십은 이런거라고 알려주는 교본같아요~ 성공보단 섬김...예수님의 가르침^^  
20170426,8,관람객의미있는 영화 모든 순간순간이 감동이고 먹먹하네요  
20170426,10,"""성공이 아니라 섬김이다."" 이 문장으로 이 영화를 요약할 수 있을꺼 같습니다. 많은 분들에게 깨달음을 줄 수 있는 귀한 영화인거 같습니다.  "
20170426,10,오 ~ 하정우..죽이네....  
20170426,10,그들의 희생이 있었기에 민주주의 발흥에 발판이 되었다. 종교를 떠나서 헌신과 희생이 변혁을 일으킨다.  
