0,1,2
20190110,10,진짜로 1기2기를 줄여서 만든거 같가는 한데 그래도 재미있음  
20180827,5,이걸 처음 봐서인지 어리둥절. 적응이 되긴했지만 별루  
20180712,8,암살 교실은 네가 인정하는 몇 안 되는 일본 애니메이션이다.  
20180710,10,진짜로 내가 애니보고 이렇게 변성기온 초딩이 끅끅하면서 울었던 적은 처음이네 진짜로 나의 일본애니 입덕작품이다 진짜  
20180607,1,총정리인 영화 내용 뿐 아니라 당시 관객 매너도 너무 엉망이었기 때문에 저로서는 도저히 높은 점수를 줄 수 없습니다  
20180529,10,어렵게 생각하지 마셈 암살교실 한번 더 봤다고 생각하셈  
20180506,10,너무 감동적인 이야기네요  
20180227,10,최고! 암살교실 진짜 명작이네요!  
20180216,10,오하이오느르흐흐흐흐  
20180107,1,이게 뭐지? 과거사 감성팔인가??  
20171207,10,최고의 애니 최고의 영화아는내용인데도 또보니 새롭고 여전히 감동적이네요...눈물 주륵주륵 흘리면서봤네ㅜㅜ항상 웃으며 학생을 위하는 선생님의 모습과 그 가르침을 받는 학생들이 인상적이었네요...그저 개그물이 아닌 한번 더 생각하게 하는 애니  
20171116,10,중간중간 만화에서 못봤던 부분 봤던거같애요마지막에 눈물범벅 ㅠㅜ  
20171112,6,극장판은 짜집지에 약간의 오리지널이 들어있네요. 거기에 3점. 후일담 이었으면... 아니면 과거편 이었다면 더 좋았을건데. 너무 기대를 했던 나머지 오히려 실망이 더 컸네요.  
20171023,4,뒷 이야기가 아니고 지금까지 했던거 정리 같은거네요..  
20171022,10,다 보진못했지만 재밌습니다....  
20171004,10,관람객암살교실의 추억을 다시 느낄수 있었다  
20170917,10,정주행 하는 기분.... 어쨌던 암살교실 정말 최곱니다 추가 에피소드가 극장판이면 좋았겠지만 그래도 좋아요!  
20170830,10,관람객재밌었어요!추천합니다  
20170827,9,"시즌 1, 시즌 2를 다시 보는 느낌이 많이 들었지만 여전히 눈물은 계속 나오네요 ㅋㅋㅋㅋ 개인적으로 이번 극장판 재밌게 봤습니다 :) 시간 가는 줄 몰랐네요 !  "
20170820,10,아..진짜 눈물이 계속..ㅜ 진심 명작이다. 이건..  
20170811,5,그냥  암살교실 1/2기 요약편. 잡담은  92분중 20분도 안됨ㅋㅋㅋ  
20170811,10,와....말이안나온다 정말로반한듯  
20170810,10,코로센세 다이스키 ㅠ 살생님 : 느헤헤헤헤~~ㅠㅠ  
20170805,10,암살교실 좋아하시는 분이면 재밌개볼것같네욯저는 좋아해서..//내용은 암살교실 내용을 정리해줘요보는걸 추천합니다>< 카르마는 어른이 되도 잘생겼어..♡  
20170804,10,암살교실을 처음 부터 다시 본 느낌이 들어서 좋았음니다.ㅜㅜ  
20170720,1,관람객애니를 다시본다는 느낌에 영화인건 예상했지만너무많이 주요장면이 빠진거 같네요  
20170718,1,극장판이라 기대했구만 그냥 재탕  
20170704,10,한번 더 움. 펑펑.. 휴지 가지고 보시길..  
20170701,10,와..완전 재밌어요!!  
20170630,10,정주행한 사람으로서 다시봐도 감동적이며 여운이남는 ㅠㅠ고로센세  
20170624,10,난 암살교실 좋아했었으니까 이것도 나름대로 좋았는데 암살교실안본사람은 그냥 애니로 정주행하는것이 더날듯  
20170621,10,으아앙 암살교실 너무 좋아여 으어어엉  
20170621,10,와우...  울뻔했습니다  
20170618,9,사건속에서의 인물들의 감정을 다시한번 되새기는 멋진 시간이었습니다.  
20170617,10,이 애니를 오덕만화라면서 까내리는분들 똑똑히 들으세요 성경말씀을 대입해보자면 '내 시작은 미약하나 그끝은 창대하리라' 라는 느낌이 듭니다.. 선생님과의 멋지고 즐겁고 슬프고 힘든 일들을 겪는 스토리인데.. 마지막에보시면 감동받으실 겁니다  
20170615,5,"1기,2기 재탕 애니 본 사람들은 굳이 또 볼 필요 없음 그 이상의 내용 하나도 안 나오니  "
20170604,10,진짜 넘나 감동적 몇번을 울었는지 모르겠다 진짜 강추인 만화영화  
20170604,10,눈물 날 정도는 아니지만 정말 감동스럽네요..  잘 봤습니다.  
20170522,5,관람객난 영화가 더 좋더라...휴..  
20170521,10,대박.. .이였습니다.  
20170520,10,아아아아ㅏ앙아아ㅏ앙살생니뮤ㅠ  
20170517,8,관람객그냥 1 2기총집편 그이상도이하도아님  
20170515,3,이제 몇세 이하 뿐만 아니라 '몇세 이상' 관람불가도 정해줬으면 한다. 신파가 문어발식만 아니었다면 좀 나았을지도..  
20170508,6,"감동적이었다 ㅠㅠ, 눈물도 막 나오고... 아쉬운 점은 1기랑 2기를 그대로 짜집기해서  하이라이트 부분만 넣었다는 거...(...?) 이럴거면 솔직히 돈 내는건 좀... (3천원 정도면 사 주겠는디.. 만원은 좀 오버였어...)  "
20170507,10,관람객정말 총 요약편 재밌네요  
20170504,10,교사가 꿈인 학생분들이 보면 좋을 것 같내요.  
20170503,7,보고나서 다사 암살교실2기 25편을 봤습니다..  역시나 25화 마지막에 2사람이 안나온 것에 대한 이야기 입니다.  회상과 함께 암살교실을 본것에 대한 기억에 웃음이 납니다.  
20170501,10,너무 재밌고 신납니다.캐릭터들도 너무 귀엽고요.감사합니다  
20170429,10,진짜로  재밌었다....  
20170426,10,네이버 영화 리뷰에 댓글이나 공감 비공감좀 달개 해 주세요  영화사의 앞박으로  댓글 평점 알바 쓰는걸  묵인 하는건 알겠지만 말도 않되는 리뷰 쓰는 사람한테 비공감 정도는 매길수 있어야죠 계속 조작 하면결국  신뢰를 잃어버린 뉴스처럼 다떠나요  
20170425,8,재밌긴한데 이거 짧게 볼 바에야 차라리 1기부터 2기까지 정주행 할듯... 그냥 1기 2기 요약이잖아...  
20170425,10,인생을 바꾼 1년이라는 소중한추억 . 코로센세의 존재. 그추억은 평생 잊을수없다  
20170424,9,관람객기대 않했는데..재밌네요..  
20170424,2,팬심을 이용한 허접한 재탕  
20170423,10,영화 너무 재미있어요 나기사 최고  
20170423,1,여기 평을 보니 일본애니 미친눰들 많구만...제정신들인가...뵨태들가타...고로센세 다이스키~~~~ㅋㅋㅋㅋ  
20170422,10,가장 최애인 나기사와 카르마의 추억 떠올리기로 에피소드들을 다시 되풀이하는 것도 색다르고 좋았음. 특히나 마지막은 노래에 편집까지 잘 돼서 펑펑 울었음ㅠㅠ  
20170421,5,관람객과거편이 많이 나와서 조금 아쉬웠어요  
20170419,10,관람객카르마 머리깐거 구경하러 갔어요  
20170419,8,관람객팬서비스용 극장판이라 생각되므로 혹 해당 작품을 모르시는분이나 책 혹은 애니 이후 이야기 원하시는분들은 관람을 추천하지않습니다. 재미있었습니다!  
20170418,10,끝난다니 아쉽다..ㅠ 좀더 오래했으면 좋았을텐데  
20170418,10,관람객내 나기사랑 카르마 애정한다구요 둘이 케미쩔어요 꼭보세요(주륵  
20170418,10,관람객카르마 잘샹겼고 살생니뮤ㅠㅠㅠㅠ  
20170417,10,말이 필요 없음. 그냥 갓임  
20170417,8,관람객받고싶었던 포스터 받아서 좋아요  
20170417,10,예고편만 봐도 정말  아이들의 살선생 사랑은 정말  대단하네요마지막화 때 이제 끝이네 하고 했는데 대박  
20170416,10,관람객짱이에요짜아아앙아앙  
20170416,9,"관람객암살교실 만화책으로밖에 안봤는데 애니로 다보긴 너무많아서 극장판총집편 보길잘했다는 생각이들어요!  좀 아쉬운건 코로센세가 전해주는 메세지나 스승으로서의 좋았던 부분, 감동적이었던부분이 충분히 안나온것같아서 ㅠㅠ 1시간반안에 다 보여주기엔 많다는건알지만  "
20170415,8,관람객암살교실은 명작 중에 명작이지만7년 후에 대해 추가 에피소드가 전혀 없고 짜깁기만 해서 좀 아쉬웠습니다 ㅠㅠ  
20170415,8,관람객만화책으로 봤던 것보다 더 재밌어요  
20170415,10,관람객내 인생애니를 영화로...정말 감동입니다 세번째로 본거지만 또 보고싶습니다  
20170414,10,나기사랑 카르마가 같이 교실에서 돌아다니면서 하는것등을 보면서좋았음!  
20170414,10,잊지못할거예요 코로센세ㅠ  
20170413,10,관람객전체내용 줄여서 놓긴해도 그냥 볼만했어요  
20170413,9,관람객그냥 요약정리였음 ㅇㅇ  
20170413,6,관람객만화보단 덜 재미나지만 나름 괜찮음~~  
20170412,10,걍 미쳤다ㅜ이건 엉엉 소장할거야  
20170412,10,관람객짜집기지만 좋다ㅎㅎㅎ  
20170411,10,관람객진짜 인생애니 중 하나 ㅠㅠ살선생님 조금 기대했는데..아쉽네요..나기사랑 카르마 너무 잘컸구 다른 애들도 잘 큰 것 같아서 막 엄마마음들고 쨌든 잘봤어요!  
20170411,10,관람객역시 슬펐습니다ㅠㅠ 친구랑 같이갔는데 오열하는 친구 덕분에 웃겨서 많이 울지는 못했지만 주변의 이목을 끌기에는 충분할 만큼 울었습니다..ㅠㅠ  
20170410,10,이거뭐에요 .. 조카가 캐릭터만보고 보자고때써서  보러갔다가 눈물콧물 영화관에서 쏟음...  
20170410,10,암살교실을 맛볼수있는 마지막 기회입니다! 꼭보세요! 너무재미있었어요 눈물이... 살생님 불쌍해ㅠㅠㅠ 아쉬운건 A반의대한게 하나도 안나와요. 카르나기 펜 이라면 안봐서는 안됩니다. 살생님 죽는장면에서 눈물꾹 참다가 카르나기 논는장면에서 눈물터짐요.  
20170409,7,관람객아이가 보고싶다해서 같이 보게 되었네요. 시작과 중간중간 다소 과한 폭력적인 장면이 나와서 둘째랑 저랑은 놀라기도 했었지만 영화를 보고 난후 많은 생각을 하게 되는 영화입니다. 아이도 이 영화가 나타내려는 점을 잘 파악한것같았구요~  
20170409,5,명탐정코난에피소드원 작아진 명탐정 처럼 1기(1학기) 2기(2학기)내용 하이라이트로 짜집기된거라 돈주고보면 아깝씁니다. 선물받은 영화쿠폰이나 통신사해택이나이벤트로얻은쿠폰등으로 그냥 공짜로보거나 안보는걸추천... 암살교실 1편오 안봤다면 내용아는데는좋음  
20170409,8,관람객약간의 감동고 재미가잇어요  
20170408,8,관람객너무 카르나기 위주라서 다른 캐를 좋아하는 사람에겐 별로였다. 암살교실 정주행한 기분. 어차피 총집편할 꺼면 E반 동창회 설정으로 하는 게 낫지 않았나 싶다. 그래도 애정하는 만화라서 8점 줍니다.  
20170408,4,관람객7년후라고해서 기대하고 갔는데 낚임. 나기사랑 아키바네 둘이서 교실에서 과거이야기 속닥속닥하고 끝임  
20170408,8,관람객아이가 봤는데ㅡㅡ너무좋아하네요. 뒷부분에 슬퍼서 눈물이 났다고하네요. 제목만보고 보여줘야하나 고민했었는데 생각보다 괜찮았다고 하니 다행입니다.  
20170408,10,관람객재밌었어요 또 보고 싶어요  
20170408,10,관람객재밌게 잘봤습니다ㅜㅜㅜ카르마랑 나기사 너무 이쁘다ㅜㅜㅠ  
20170408,10,관람객원작의 감동은 그대로였지만 총집편이라는게 안타까웠던....  
20170408,10,살선생살선생살선생♡  
20170407,10,관람객애니로 보긴했지만ㅜ마지막에 두 명이 학교에 안나와서 좀 아쉬웠는데 이런 애피소드가ㅜㅜㅜ정말 보길 잘했어요!!!다시봐도 재밌는!!  
20170407,10,관람객막 막 눈물이 ㅜㅠㅜㅠ 진짜 마지막 인생 길잃어버렸을떄 꼭봐야됨  
20170406,10,관람객힝..애들너무 귀여..  
20170406,10,관람객꾸르잼 ㅠㅠ흑흑 살선생님 ㅠㅠㅠㅠ넘나 재밌었어요 ㅠㅠ  
20170406,10,안봐도 뻔합니다 꿀잼입니다  
20170406,8,관람객추억을 회상하긴 좋은데  너무 요약본입니다.다른 추가 장면이 많았으면 좋았을듯하네요. 그래도 보던 사람이 거의 없어서 극장 전세낸것 같이 좋았습니다.  
20170405,7,관람객새로운스토리가 아니라 좀 실망  
20170405,10,오랜만에 카르마 미모봐서 좋았긴한데 걍 전체 짜집기 해놓은거네 회상씬빼면 십분도안될듯...지루하고 실망이었지만 갓띵작이니 십점준다  
20170405,8,관람객재미있게봤지만 새로운 이야기가 더나온다거나 이어가는 부분이 없고 그냥 1기 처음부터 2기 마지막중에 하이라이트만 골라서 나온거같네요  
20170404,10,뭐 구지 말이 필요합니까? 그냥 암살교실을 본 사람들은 갓 명작이라 할수있죠근데 암살교실 보지도 않고 뭐라 하는 분들을 이해 할수 없네요...  
20170404,9,걍 총집편 이였내여 ㅋㅋ  
20170404,9,10점을 주고싶으나 1점을 뺀것은 복사붙여넣기식이었기때문..ㅠ 그러나 뭔가 진짜마지막이란 생각이들어 너무 슬프다 ㅠ 코로센세..  
20170404,10,관람객새로운 스토리가 아닌 기존의 스토리를 다시한번 정리해주고 다른관점에서 볼 수 있었던 영화얐습니다 2기를 보지않았을 경우 다소 이해하기 힘든 부분이 있습니다 상당히 감동적이였습니다  
20170403,9,관람객줄거리 모아둔 느낌 그래도 명작이니 +ㅅ+  
20170403,10,관람객교훈도주고 감동도 주는 영화  
20170403,5,관람객이거 암살교실 다시 보여주는거였으면 안봤음...  
20170403,10,"흐윽 이번에 특전도 그렇고 내용도 그렇고 너무 알차게 들어가있어서 좋았어요..,,몇몇 아이들이 안나온건 조금 아쉬웠지만 둘이 꽁냥꽁냥하는 것도 좋았고 큰 스크린에서 보니까 막 감동이 밀려온달까..아 결론은 암살교실 너무 재밌었습니다ㅜㅠㅜ  "
20170403,10,관람객정리가잘되었어요.암살교실못보실분들정리할때보기권장해요  
20170403,10,본편 내용만  넣고  본  내용은 별로 나오지 않은  것 같지만 그래도 암살교실이니까 10점!!  
20170403,10,관람객감동적으로 잘봤습니다 ㅠㅠ  
20170403,10,관람객사실 크게 별 내용이  있는게 아닌 그냥 애니 총편집판이지만 그래도 뭔가 다시봐도 마지막이 너무 슬프고 멋져서 재미있게 보고 갑니다..♡  
20170403,1,관람객재방송인 줄 알았으면 안 봤습니다...잘 알아보고 갈 걸... 재밌게 본 애니라서 그냥 예매했었는데...  
20170402,7,암살교실 애니편의 하이라이트를 92분에 몽땅 몰아 본 기분.그래도 또 다시한번 눈물 흘리며 봤네요.  멋진 영화였어요.  
20170402,4,걍난 정주해서 ㅁ 40분짜리 영화부분하고 일러아닌수건받고 7천원씀ㅎ 스토리  그대로  가져다 쓰고 참 그래두 명작은 명작잼잼헷  
20170402,5,관람객상상력이 높은 영화 입니다  
20170402,9,관람객조금 기대했는데 보니깐 애니 요약하거여서 돈이 좀 아깝네요...ㅜㅠ  
20170402,10,그냥 좋다. 말이 필요한가?  
20170402,10,관람객여태까지의 내용을 보여줘서 안본 사람도 쉽게 이해하고 볼수 있어서 좋았다  
20170402,9,"관람객1,2기내용이 썩어서 날줄은 몰라는대 재밌어요.  "
20170402,4,암살교실에 대한 사전지식이 없거나 처음 접한다면 매우 따분함. 2주차 특전으로 받은 안경닦는 수건이 가장 맘에 듦  
20170402,8,관람객애니에 나왔던 내용을 간략하게 잘만든것 같네요  
20170402,10,관람객감동적이고 역시 살선생 끝까지 재미를!!  
20170402,10,관람객또 보고 싶어요~~~~!  
20170402,5,관람객感動，感動～挺催淚的說  
20170401,10,관람객그냥 원작 줄거리이긴한데 또 봐도 눙물 납니다ㅠㅠ 다음에 또 극장판이 만들어지기위해 모두 보세요!!ㅋㅋㅋ  
20170401,10,정말 감동입니다 시간이 훌쩍 지나가는 군요 오늘 밤은 정주행 입니다!!  
20170401,7,관람객너무 내용을 압축해 놓은 듯..집에가서 다시 봐야할 듯 ㅜㅜ  
20170401,10,관람객나기사랑 카즈마가 성장한 모습이 정말 보기좋네요어디사는 문어랑 참 닮았네...  
20170401,7,관람객보통?인것같습니다.  
20170401,10,어제 애니 정주행다끝내고 오늘보러갔더니 그냥 애니다시보는느낌이라 실망..  
20170401,10,관람객잘봤습니다 암살교실 다시되돌아오니줗네요  
20170401,8,관람객볼만합니다 암살교실은 만화책으로만 본지라 조금 생소하긴 했어요ㅎ  
20170401,10,나기사랑 결혼하고싶다..  
20170401,10,관람객아 또보고싶다ㅠㅠ!!  
20170401,10,"관람객마츠이 유세이는 내가 특별히 좋아하는 작가다. 중학생 때는 마인탐정 네우로가 성인이 되어서는 암살교실이 마음을 사로잡았다. 애니메이션 1,2기 줄거리 요약 같은 극장판이었지만 팬으로서 보기에는 나쁘지 않다.  "
20170401,10,관람객짜집기한 내용이었어도 TV판 볼때랑 느낌이 엄청다른거같음... 눈물나올뻔했다..  
20170331,10,관람객사랑합니다 우리 또 만나요  
20170331,10,관람객웰컴투 후유증 윌드??? 하핫  
20170331,10,관람객내용을 알고 봤지만...또다시 감동이네요.  
20170331,10,관람객코로센세ㅠㅠ진짜 안울려고 했는데 장난없네요ㅠ  
20170330,9,관람객한번 더 봐야지. 아들이랑 같이..  
20170330,8,관람객카르마 너무 잘생겼구 나기사랑 키차이 바람직해서 좋아요! 예상은 했지만 역시나 과거회상만... 마지막장면까지 재활용할줄은 몰랏지만.. 카르마 원없이 봤으니 나름 만족!  
20170330,10,관람객총집편이긴 하지만 재밌어요. 본편자체가 원래 재밌어가지고...  
20170330,1,이럴려면 그냥 재개봉 하시지...  
20170329,8,관람객흠...어른 된 나기사와 카르마를 볼 수 있어서 좋았습니다.  
20170329,9,작년? 재작년? 암살 교실 완결후 감동을 다시 느끼고 싶은 사람들에겐 적극 추천! 하지만 최근에서야 암살교실을 본 사람들이겐 비추천 ~  
20170329,10,"이거보고운사람 공감 좀눌러주세요 ,,  "
20170329,10,재밋서...진짜무슨이건  
20170329,10,원래 이런 영화들이 다그런데요... 새로운 내용 계속 보여주면 갈때까지 갑니다 뭔 짜집기 해놓았다고 실망하시는 분들 애니제대로 못보시네요 ㅎ...암튼 이영화 최고였습니다.만화 내용도 스포일러 안해주고 처음과 끝만 넣어주다니...이렇게센스가좋을수가  
20170329,10,관람객아이들의 즐거움에 감동까지...제목의 섬뜻함을 제외하면  좋으네요.  
20170329,10,관람객ㅠㅠㅠㅠ 또 보고싶네요  
20170329,10,관람객ㅠㅠㅠㅠ 또 보고싶네요  
20170329,10,관람객재미있게 잘 봤습니다.  
20170329,1,이 무슨 taste of bottle....  
20170329,8,관람객지루하지 않게 재미나게 봄  
20170329,10,관람객원작들을 총정리와 감상을 다시해볼수있어서 좋았다  
20170329,10,관람객울뻔했지만 꾹 참았어요ㅠㅠ 나중에 네이버 다운올라오면 받아서 집에서 엉엉 울면서 볼거임 really  
20170329,3,이거 그냥 암살교실 2기 총집편임 2기 안본사람들 보샘 나는 2기볼때 화수도 많고 초반부 개노잼이여서 하차하고 이거보니깐 중요한내용 잘간추려서 보기좋았음 근데 2기본사람들이 보면 ㄹㅇ 영화비 날리는거  
20170329,10,관람객슬프고도 몃진 추억팔이였다  
20170328,10,관람객아들이 봤는데 재미있었다 하네요  
20170328,1,"뭔...극장판 나왔다고해서 보러갔는데, 장난하나요? 거짓말 아주조금 넣고 애니판이 아닌 에프터 스토리가 10퍼센트 정도라고 말할수있습니다. 이미 다 본걸 또 보는데 재밌을리가? 솔직히 말하죠 돈이 아까울정도였습니다.  "
20170328,9,관람객짜집기였지만 둘이꽁냥대는거 10분봐서 좋았습니다  
20170328,10,관람객깔끔하게 정주행할 수 있어서 너무좋았아요. 한번더 보로갈꺼임ㅠ 나기사너무예뻐  
20170328,8,관람객본편이랑 거의똑같은거만 나와서 좀그럼 그래도 재미졌음  
20170328,1,한국도 진짜 갈데까지 갔네요... 이런 오타쿠만화가 버젓이 상영된다니..에휴...  
20170328,5,관람객아이가재미있어하네요  
20170328,10,관람객암살교실 365일의 시간 재밌습니다.  
20170327,7,관람객볼만 한거 같네요.ㅋㅋ조카랑 본건데 여학생들 꺅꺅 거리는 통에ㅋㅋ  
20170327,10,관람객카르마 잘생겼어요 어떡해 나 치였어  
20170327,10,관람객카르마 너무 귀여워!!!!  
20170327,7,관람객암살교실 전체적인 내용 복습이 되었던 추억의 시간이였습니다 ~  
20170327,10,살생님 다시 만나서 좋았습니다. 1기 2기를 아우르는 좋은 수업의 마무리였네요.  
20170327,10,세상에 이렇게 감동적인 극장판은 처음본다 내 인생 애니 극장판! 다른 애니극장판도 보러 가야겠다  
20170327,10,관람객아주 감동적이여서 펑펑 울었습니다ㅠ?ㅠ재미있었어요!!!  
20170327,9,물론 TV버젼을 그대로 보여주는거라 약간 아쉬운감도 있지만그래도 암살교실을 재미있게봤기때문에 지루하지 않게봤네요카르나기 파시는분들은 재미있게볼듯  
20170327,7,"관람객1,2기 통편집해서 나오더군요덕분에 울고갑니다..  "
20170327,10,"관람객생각했던 것 보다 볼 만 했으나,아들의 경우 예고편과 상이하다고함.이미 알고 있는 내용이 많았다고 함.  "
20170327,10,'선생'이라는 직업이 가장 빛나는 만화  
20170327,9,관람객나름 좋은연출이었다. 본편을 본 사람들이라면 추억들이 떠오를 것이다  
20170327,3,....1기 2기 총합본 정도의 영화.  1기 2기를 정주행 했던 사람이 잊고있었다가 재밌게 보았던 추억에 다시 볼만한 내용압축편입니다.  단 원작이 워낙 뛰어났던지라 한번쯤은 볼만하네요.  
20170327,1,오타쿠 쉐리들 한심하다  
20170327,10,관람객다시 봐도 감동 또 보고싶다  
20170326,10,ㄹㅇ 온몸에 소름 돋음살생님 돌아와요ㅠㅠ  
20170326,7,"관람객오리지널 스토리라고 해서 보러갔는데 1,2기 명장면만 나와서 실망스럽다  "
20170326,8,관람객헨펀로 보다가 그장판이 나와서반가웠습니다기대한 만큼 재미있었네요  
20170326,10,저거 보고 울었고 한 편으로 일본이나 한국의 공교육의문제점을 알려준 영화였습니다.  
20170326,10,관람객다시 한 번 암살교실의 전반적인 내용을 돌아볼 수 있어서 좋았다  
20170326,10,관람객기대한만큼 재미있고  기분업됫다^^  
20170326,10,말이 필요없는 명작이었네요. 전 이야기들도보고 새로운 이야기들도 있는 내용이여서 더 좋았네요.  
20170326,8,관람객재밌네요! 카르마랑 나기사 너무 좋아요  
20170326,10,관람객추천합니다 꿀잼~~ 감동적인결말  
20170326,10,진짜 감동 ㅠㅠㅠ (스포일러 주의)애니에서 나왔지만 정주행 하는 거 같아서 좋았고 나기사카르마 케미도 짱짱!!!!  
20170326,10,관람객원래는 영화분위기와 자막을가린 사람들에 대해서이야기를하고싶었으나..암살교실 완전감동적이였고요ㅠㅠ카르마완전잘생겼음!!!  
20170326,10,관람객너무 좋다 그리고 약간 슬프다  
20170326,10,관람객슬프면서도 너무너무 잼나게봤어요 정말 짱이에요  
20170326,10,관람객재밌어요 또 보고 싶어요  
20170326,9,암살교실 애니메이션으로 보신 분들께는 비추천합니다. (스포일러이지만) 내용은 대부분 애니메이션에 나왔던장면들이 많이 나옵니다 . 저는 암살교실 애니로 많이 안봐서 그런지재미는 있엇습니다. 여운이 많이 남았네요돈 안아까워서 다행이네요  
20170326,10,"관람객제 친구랑  저는 보는 내내 질질 짰어요. 근데 진짜 재밌ㅇ므... 2주차는 특전 나오려나,,, 특전도 넘 예쁨  "
20170326,1,말그대로 1기/2기 내용을 명장명만 모아담아놓음. 나기사 카르마 어른버젼은 15분도 채 안보여주는듯함 1기/2기 안본사람만보셈. 본사람은 졸림  
20170326,10,관람객매우 감동적이에요. 눈물이 줄줄...  
20170326,7,애니 전편 무료로 봤으면 작가와의 의리로 한번 돈내고 보자  
20170326,10,관람객1년후 이야기 너무나도 감동적이였고 다시 뇌에 새기는 거같아서 좋은 기회였다  
20170326,6,관람객줄거리에 흐름이 명확하지않고 마무리또한지루함  
20170326,7,관람객암살교실 tva 보신 분께 추천  
20170326,8,관람객상영관이 근처에 없어서 멀리까지 가서 봤는데 잼있네요  
20170326,10,관람객전편을 봐야함 재미는 그닥  
20170326,8,관람객알고있던 내용을 잘 정리할수있게 해준 영화였습니다  
20170326,10,"사실 애니메이션 1,2기를 다 본사람이라서 이미 다 아는 내용 이었지만 그래도 다시 보니 마지막 부분은 역시 눈물이 나네요 재미있었습니다.  "
20170326,8,관람객총편집편이기는 했으나 감동은 여전히 최고였다.  
20170326,10,보다가 많이 울었네요 감동적이였습니다  
20170326,10,정말 감동적이였습니다 마지막에 살생님 죽을때는 눈물도 막 흐르고 노래도 잘 삽입했다고 생각합니다 너무 좋아요  
20170326,1,재미있긴했는데 암살2기 다시 정주행하는 느낌? 그냥 꾹꾹 담아놓은 느낌이네요.. 기대하고 본건데..  
20170326,10,역시 암살교실 bb 재개봉하기만을기달렸습니다~~만화에서도 울었는데 극장에서도 막 울고왔어요~~ ㅠㅠ 여운이~~으허 역시 암살교실입니다!!! 보러가실땐 휴지챙기세요!!!! 상영날짜가 길면 한번더 가고싶네요...  
20170326,8,"관람객암살교실 친구들이랑 보고 왔는데, 재미나고 흥미 잇었네요. 애니 드라마로 봤었는데, 극장판 개봉이 되어 바로 보러 왔는데, 잘한거 같네요~^^  "
20170326,9,관람객아무 정보도없이 갓는데 과거회상이였네요.. 다른 내영을 내심 기대햇는데ㅋㅋ.. 무튼 이 부분이 좀 아쉽긴하지만 짤막하게라도 전체내용을 잘 담았습니다. 오랜만에 뭉클했네요.. 암살교실 보신지 얼마안되셧으면 굳이 안보셔도됩니다!  
20170326,10,관람객1기 2기를 보신 분이라면 곡 보길엄청 울었다  
20170326,10,너무좋아요ㅜㅜ사랑해 얘들아ㅠㅠㅠ  
20170326,7,관람객아이들이랑 조금 재밌게 봤네요  
20170326,9,관람객재미있게 잘 봤습니다 ^^  
20170326,10,애니하고 야동은 역시 니뽄국이 최고라는건 아는 사람은 다 아는 이야기...  
20170326,9,관람객애들이 너무 재미있어 하네요  
20170326,10,말이 필요없음 대박임..  
20170325,2,관람객아들이 보자해서 봤는데 지루하네요  
20170325,10,매우 감동적인 스토리였어요 ㅜㅜ  
20170325,10,와..암교를4번정도정주행했지만 몇번을봐도눈물이남..진짜명작..!!^♡^  
20170325,9,이거 ㄹㅇ 초반엔 본내용 또나와서 진짜개노잼돈아까움인데 살생님죽는날 내용은 내 눈에 수도꼭지를 단듯한 느낌이들었다  
20170325,10,이거 진짜 레알 명작 안보면 후회하구요 암살교실 ㅠㅠㅠ  완전 내사랑 ㅠㅠㅠ  
20170325,1,거지같은 쪽니메이션 작작 좀 수입해라 ㅉㅉ  
20170325,10,앗씨 내가진짜 평소에 책을보든 영화를 보든 감동적이여도 울먹거릴정도지 펑펑울진않았는데...진심으로 이건 명작 같아요ㅜㅜㅜㅜ너무 감동적이야ㅜㅜㅜ영화관에서 진짜 펑펑 울엇고..  
20170325,10,영화는 정말정말 좋았지만 보러가시는 어린이 청소년 성인분들 영화관 기본매너는 지켜주세요. 영화관에 앉아계신 분들 모두 돈주고 보러오신 분들입니다.. 떠들면서 보고싶거든 집에서 돈주고 혼자 보세요  
20170325,8,감정들을 모으고 모아 꾹꾹 담듯이..  
20170325,10,"감동적이고, 너무 재밌습니다. 암살교실 팬이라면 꼭 한번은 볼만한 영화!!!  "
20170325,9,관람객암살교실 본 사람이라면  볼만한 영화  
20170325,10,"관람객물론 1,2기 압축이라고 생각되지만 그게 오히려 좋았던것 같습니다!!오랜만에.울기도하고ㅠㅜ감동은 물론,언제나 봐도 재미있고 인생애니입니다??기대 이상이었습니다!!  "
20170325,9,관람객재밌어용 카르마 존잘♡♡  
20170325,10,이건 말로못표현함 ㅇㅈ?  
20170325,2,관람객감동도 없고 재미도 없고...  
20170325,10,"관람객1~2기의 총 편집본이라고 봐야겠지만, 참 교사의 모습을 제시한 살생님의 모습은 심금을 울리기에 충분했습니다.  "
20170325,10,보고왔는데 너무 좋았다ㅠ 암살교실이 이제 마지막이라는 생각에 뭉클하고 마지막화 넣은거 다시봐도 눈물 났다..  
20170325,10,관람객눈..눈물이....  
20170325,10,관람객갓 암살교실 진짜 나기사랑 카르마좋와하시는 사람이 보면 좋을듯 (나기사여장 안나와서 쪼매실망)  
20170325,10,암살교실을 처음보는데 진짜 꿀잼입니다!! 여러분들! 꼭보세염!  
20170325,10,관람객좋았어요.또 보고 싶어요  
20170325,10,관람객너무너무 재밌었어요완전강추!!  
20170325,1,관람객카르마와 나기사가 만나서 과거 회상을 하는 내용. . . 애니에서 있던 내용 부분 부분을 그대로 넣어놨네요 그래서 새로운 느낌이  없었습니다  
20170325,10,관람객개꾸르잼 꾸르잼~~.  
20170325,10,재밌어요!! 이건 꼭 봐야합니다!!  
20170325,10,죽이기싫지먼 죽여야하는 선생님...  
20170325,10,관람객감동은있었지만 봤던것만보여줘서 평가가애매하네요..그냥 원작이좋아서10점ㅎㅎ  
20170325,10,내평점 저도 오늘 이거 봤는데 엄청 감동이에요 솔직히 이거보다가 조금씩 눈물이 났어요..이건 꼭 봐야해요~  
20170325,9,짜깁기한걸 알고갔지만 그래도 나머지아이들이랑 만나는모습도 보여줬으면 좋았을거같음.. 근데 급식들 매너좀지키자 옆에서 중간에 뭐야뭐야거리고 먹을때도 시끄럽게먹질않나 나갈땐 기어이앞으로뛰어가고 뒤에선 잡담하고 영화관한두번오냐 혼모노보다 더싫다진짜  
20170325,10,역시감동적인거같아요  
20170325,9,영화상영관이 없어 어디에상영 하나요  
20170325,9,관람객재미있긴 했는데 나기사 교사생활 좀 보여주시지 ㅜㅜ  
20170325,7,"관람객재밌긴 했지만, 솔직히 말해서 그냥 짜집기 한거라처음에는 별로였다. 또 새로그린 장면들도 작붕이 있어서 아쉬웠지만, 역시 영화로 보는건 뭔가 다르다고 느꼈다.  "
20170325,8,관람객참 재미있었어요. 추천드리고 싶네요.  
20170325,2,관람객뭔가 다른 내용인줄 알았는데 그냥 마지막 내용을 다시 짜집해서 개봉한것 같아요. 조금 실망했어요.  
20170325,10,관람객잼있습니다잼있습니다  
20170325,10,와 진짜 너무 감동적이고 막ㅠ너무 좋아요 7000원으로는 볼수없는 영화임ㅠ꼭 보세요 전 한번더 볼거임!  
20170325,10,암살교실 특유의 재미요소가 다 빠져서 아쉽긴 했지만 그래도 다들 울면서 봤어요! 엔딩에 살생님 가신 후 졸업까지의 모습도 담아주었다면 좋았을 것 같아요 :) 영화 보고나니까 다시 정주행하고 싶어지네요ㅠㅠㅠ  
20170325,10,진짜 오늘 친구랑 보고 왔는데 울었다 진짜 펑펑운듯살생님 죽을 때 진짜 슬프다 다시 봐도 슬프다 진짜 이건 암교 덕이 아니라도 보면 슬픈영화 인거 같다  
20170325,8,관람객딸의 손에 이끌려 본 두 번째 일본애니...  
20170325,10,하 정말 최고의 명작이지만 무개념 초딩들때문에 집중이 진짜안되네요 ㅡㅡ...  
20170325,10,"원래 영화보면서 잘 안우는데,이거 보고 펑펑 욺..새로운 이야기가 아니라 애니에서 주요 내용만 짜집기 한거라 아쉬웠지만 영화관에서 봐서 그런지 집중도 더 잘 되고 소리가 박진감이 넘쳐서 너무너무 좋았어요.시즌3 나오길 기대합니다♥  "
20170325,10,관람객극장에서 울었잖아요...ㅠㅠ  
20170325,10,관람객재밌었고 마지막엔 울었다고 하는 초6딸들~~  
20170325,10,이거 진짜 슬프고 감동적입니다 보시는걸 강~~력하게 추천합니다..  
20170325,1,원숭이 만화를 인간이 보니 노잼  
20170325,10,관람객다른사람들처럼 눈물나지는 않았지만 암살교실을 다 봤던 사람이라면 한 번은 봐도 좋다. 딱히 새로운 에피소드는 생각이 안나고 1기 2기가 대부분이지만 후회되지 않는 암살교실 ㅠㅠㅠ 타지역까지 와서 봤는데 후회는 없다 ?  
20170325,10,정말 재밌어요ㅠㅠ 편집 정말 잘 된것같고 감동이 배가 되네요ㅠㅠ  
20170325,10,관람객몇달전부터  기대했었는데  드디어봤습니다  재미있고  좋았습니다  
20170325,9,관람객재미있어요 내용을 몰라도 회상신이 있어  좋고  알고가도  다시 보는느낌이 좋았어요  
20170325,10,의외로 잘 알려지지 않은 명작 중 하나.  
20170325,1,이걸 왜봐 일본b급 만화 돈시간 다 아까워  
20170325,10,관람객하이라이트만 모아놓은 느낌이지만 그래도 너무 재밌음  
20170324,8,관람객기존 내용을 짜집은 형식이었지만 명장면이라고 생각했던 내용도 많이 나왔다. 그때 그 감동이 다시 느껴지고 커다란 화면과 큰 사운드로 들으니 감정을 더 몰두해서 볼 수 있어 좋았던 것 같다.  
20170324,8,90분만에 정주행한느낌이었네요ㅋㅋ 근데 좀 날로만들었다는 생각이들긴했어요 ㅜ 마지막에 단체씬이라도 나올줄..  
20170324,10,관람객역시 감동적인 만화ㅠㅠ이런 선생님이 하나쯤은 있어야한다고 생각합니다  
20170324,10,관람객역시 또 눈물이 흐릅니다...  
20170324,10,관람객감동쓰러웠고 재미있었습니다  
20170324,10,관람객애니에 나왔던 대부분의 내용이지만 카르마와 나기사의 큰 모습...너무좋았습니다....행복했어요  
20170324,10,과거회상이  대부분이라 조금 아쉬웠네요 .. 그래도  감동적이고 좋았습니다 !  
20170324,10,관람객옆에서 다들 쿨쩍쿨쩍울었다는  
20170324,5,관람객애니를 보는 것이 훨씬 더 교육적이고 감동적이다. 애니내용 요약한것 뿐  
20170324,1,기존 애니메이션 짜집기해서 만원씩 받고 싶냐? 암살교실 2기는 잘만들었지만 그대로 짜집기만 한거 극장판으로 보려고 만원에 시간버리러 온거 아닙니다 ^^ 이거 볼 사람들 소아온 오디널 스케일이나 보세요 이게 만원어치면 소아온은 10만원 어치는 될듯 ^^  
20170324,10,손수건 꼭 챙겨가세요 손수건 안가져가서 옷 다젖었습니다 진짜 ㄹㅇ명작 안보면 후회  
20170324,10,관람객나기사와 카르마... 정말 감동이였습니다  
20170324,10,"관람객이건 만화와 애니 둘다 정독, 감상 후에 봐야 의미있는 영화입니다. 뭐 당연한거겠지만.말이 필요합니까?최고입니다. 아니 그 이상입니다.예상 상상 기대 그 이상이었습니다. 역시 이런 맛으로 영화관에서 보는군요.영화관에서 안봤으면 후회할뻔 했네요.  "
20170324,10,관람객너무 재밋어요 또 보거싶내요 ㅎㅎ  
20170324,9,암살교실 완전 재미있었어요  
20170324,1,애니본사람 보지마세요중복의 향현  
20170324,10,암살교실을 한 번 더 볼 수 있어서 좋았어요.  
20170324,8,관람객흘쩍훙쩍 하지만 총집평 훌쩍 그래도 훌쩍  
20170324,2,생각 해봐야지   일본 보다 미국 없냐  
20170324,10,"여행길의 노래 가사를 써놓을 줄은...안 우려 했는데도 울게 됬네요. 카르마와 나기사를 제외하고는 나오지 않은게 아쉽긴 했지만, 그래도 애니 못지않게 감동받았어요!!!  "
20170324,10,4월구라를 이을 나의 인생애니 ..  
20170324,10,이거보다가 울었어요ㅜ 너무 감동적이고 엔딩곡도 좋았어요  
20170324,10,관람객보고 나서 울컥했다 근데 추억회상하는 그런거라서 좀 아쉬웠다  
20170323,8,"관람객전혀 바뀌지 않은 연출, 전혀 없는 후일담에 실망하지 않을 수 없었지만 원작의 감동은 무시할 수 없었다.  "
20170323,10,암살교실을 보신분들은 휴지나 손수건 챙겨가세요.살생님 죽을때 저도 모르게 울컥...ㅠㅠ  
20170323,10,살생님 죽을때 소리내면서 울뻔했다..이런거 질 못보는사람 통곡할듯...진짜 2주차때 한번 더 갈꺼고스트리밍 이용권 고마움;;이건 당장 써서 다시 정주행할거컵받침은...ㅎ;접시 같은건줄 알았는데 종이여서 좀 놀랐다 ㅎ새로개장한 신세계에서 봄  
20170323,10,총편집같지만 진짜 좋았구 살선생가는부분나와서 좀눈물흘리며 봤네요ㅠㅠ넘나조은것..♡또보고싶네여  
20170323,10,오늘개봉했는데 이거증말이늬?  
20170323,10,관람객개인적으로  암살교실 너무 재밋어서 만화부터 애니 영화까지 다봣어요ㅠㅠㅠ비록짜집기였지만 재밋엇구요 암살교실을  모르는 친구도 같이 보고는 감동받아서 울엇어요우ㅜㅜ꼭보세영  
20170323,10,영화 보면서 혼자 펑펑 울었네요..ㅠㅜ 다시보고싶어지는 영화 였습니다 짜집기라도 큰 스크린 + 노래 + 작화에 후회없습니다  
20170323,10,오늘 보러갔었는데 너무 감동적이였어요ㅠㅠ 코로센세ㅠ눈물 막고이고 울먹이고ㅠ 완전 최고였어요! 토요일에는 암살교실 졸업편을 보러갈꺼에여!  
20170323,10,관람객재밌었고 감동적이네요  
20170323,10,이번 극장판 진짜 좋아요ㅜ총편집 같지만 그래도 재미있었고 슬펐습니다ㅠ2기24화에서 극장에 있는 사람들 다 울고 저도 울고 극장에 눈물바다였습니다ㅠ저한테는 암살교실 제 인생작 죽을때까지 간직하고 기억할꺼예요ㅠ그리고 카르나기 꽁냥꽁냥 좋았습니닿  
20170323,10,관람객말이 필요없는 명작 영화  
20170323,8,관람객평범함 평타정도로본듯  
20170323,4,관람객별로  그래도 엔딩곡은 맘의듬 조금  
20170323,10,아진짜 너무 오바인게 광고하는거보고 미래내용이라고해서 봤는데 1기내용살짝들어가고 2기내용으로 되있는거였네요 근데 알고봐고 너무슬프고재밌네요 아근데 너무아쉽다 미래내용이였으면 2. 3번 더봤을텐데  
20170323,7,암살교실 소재가 정말 좋네요! 암살교실 시리즈를 한번도 안보고 봤구요. 그래서 감동이 크진 않았습니다.(관람객분은 공감못할수도있을듯해요ㅠㅠ) 꼭 시리즈 보시고 가시길!! 압축내용이다보니 처음보는저로써 오글거리고 지루했어서 아쉽네요  
20170323,10,아...역시 다시봐도 눈물나는 암살교실...저의 마음을 뿌듯하게 만들어줍니다..재밌게봤습니다!  
20170323,10,급식이들 조용히 시키자 진지하다  
20170323,10,기다리고 기다리고 기다린 개봉일~! 무조건 이번달안에 날잡아서 하루종일 보러갑니다~ ^^ 코로센세는 사랑입니다~  언젠간 다시만날 날을 기다리며ㅠㅠㅠ 코로센세 돌아와요 ㅠㅠㅠ  
20170323,10,암살교실 진짜 좋아요ㅠㅠ♡♡  
20170323,10,관람객다시 정주행을 하고 싶네요ㅎㅎ 나기사와 카르마의 추억 이야기여서 그런지 정주행하는 느낌이거든요ㅎㅎ이렇게 봐도 매우 좋네요ㅎㅎ  
20170323,9,관람객대충 예상은 한거지만.. 역시 짜집기는 짜집기네요 그래도 암살교실이라 볼만했고! 인정합니다! 인정해요! 그래서 아쉽게 9점..!  
20170323,10,하.. 진심 재 인생애니 ㅜㅜㅜ 학생이라 토요일에 꼭 보러 갑니다 !!  
20170323,10,관람객최고엿어요 진짜 감동스럽구 막막 눈뭉이나오고 ㅠㅠㅠㅠ꼭한번더갈꺼에요 강추합니다 여러분들도 꼭보세요!!!  
20170323,10,꿀잼이에요  완전 감동 코로센제ㅠㅠ  
20170323,1,일본만화 노잼..친구가 보러가자 해서 봤는데 하..  
20170323,10,애니메이션화 감사합니다ㅜㅜ  
