0,1,2
20180113,8,아이와 재미있게 봤어요  
20171009,10,관람객엄청 재밌었어요~ 3살아이도 잘 보더라구요  
20170922,10,관람객딸 아이가 너무좋아했어요~소피아에 엘레나까지!!  
20170917,10,관람객귀여워요 재밌습니다.  
20170823,9,관람객저는 지루했는데 아이는 좋아했어요그럼 된거죠 ^^  
20170815,10,관람객아이가정말 잘보더라구요  
20170812,5,관람객아이는 재미있다고 했습니다  
20170810,6,관람객어른이 보기엔 살짝 지루한~~^^;  
20170805,10,관람객두딸들이 너무너무좋아했습니다~^^  
20170730,1,관람객재미없었다..재미없었다 ..  
20170726,9,관람객아이들이ㅇ넘 죠아하네요  
20170718,4,7세 여아들의 취향엔 딱 맞을 듯  
20170717,6,5세~10세 애니메이션. 어른이지만 디즈니 애니 좋아하는데 이건 그냥 그렇네요  
20170717,8,관람객내용도재미있고 그림도 좋았는데 씨지가 좀어색^^아이는 참재미있어했어요  
20170707,8,관람객재미있고 아름다웠어요 아주아주  
20170611,10,관람객응 식사챙겨드세요 오늘 다받아야해요  
20170606,10,관람객애기들이 보기 잼있넹 굿  
20170605,10,관람객아이가 너무 좋아하고 재미있었어요  
20170530,4,관람객아이들 보여 주러 갔는데 아이들이 재미없어서 중간에 나올려고 하네용  어른들도 별로 였던 영화. 소피아를 매우 좋아하는 아이라면 괜찮을 듯  
20170530,9,관람객애들이 좋인해요 재밋어요  
20170527,10,관람객재밌었어요와이프가 더 좋아하네요  
20170526,9,관람객아이가잘봤네요 재밌음  
20170525,10,딸이 엄청 좋아합니다. 어른도 보기에 잼나네요.  
20170524,5,관람객TV에서 본 앞부분을 그대로 또 보여주다니...  
20170524,8,관람객애들하고 같이 봤어요 약간 짧은 감은 있지만 재미있었어요  
20170523,10,관람객아이가 재미있게 잘봤어요~  
20170523,6,관람객딸이요즘 엘레나 공주에게 홀릭되어 예매해줬더니 너무너무 좋아하네요 사실 전 돈아깝지만 ㅋㅋ 딸은 또 보고싶다며 대만족 해주시니 뭐 저도 기분좋게 봤네요~~  
20170522,6,관람객극장용이라고 하기엔 완성도가 티비에서 많이 벗어나지 못한수준.  
20170521,10,관람객어른도 재미있게 잘보았어요  
20170521,10,관람객생각보다 재미있었어요  
20170520,7,관람객아이들은 좋아했어요결론이 조금 부실하게 느껴지는건 저의 기분탓?집에서 보는 소피아와 별다른걸 못느껴아쉬웠더것같아요  
20170518,8,관람객애들이 좋아합니다....  
20170518,10,관람객재미있게 잘 봤어요.최고임  
20170518,10,관람객아이가 너무 좋아했어요  
20170518,7,관람객구성은 탄탄하지 않지만 음악이 좋아요  
20170516,9,관람객딸램이 재밌게 봤데요^^  
20170516,8,관람객전개가 좋아요 또 그림도 이쁘고  
20170516,10,관람객우리딸이 너무좋아해요~^^  
20170516,10,관람객 아들이  소피아와엘레나를  너무좋아해서봤는데  재밌더라구요  
20170516,10,관람객울딸의 더럽너무너무 죠아하는 소피아.  
20170515,10,관람객딸아이를위해 예매했지만 마지막 아발론 왕국 시민들때문에 저와 아이아빠가 오히려 더 감동받은 영화였네요 즐겁게 잘봤어오  
20170514,10,관람객7살 아이가 좋아하네요~~~즐거웠습니다~^^  
20170514,9,관람객아이가 좋아하네요 ~친구와 재미있게 봤어요  
20170514,10,관람객아이가 너무 재밋어했어요~  
20170514,9,관람객5살짜리 아이가 초집중하며 봤어요~  
20170514,8,관람객만4세 딸이 정말 좋아했습니다. ^^  
20170512,10,관람객재미있었던 아이들 영화  
20170512,10,관람객딸아이가 재밌게 잘봣네요 ㅎㅎㅎ  
20170512,10,네살아이 재관람까지 세번 다녀왔어요. 이제 상영안하던데 다행히 비티비에 올라와서 살았네요. my time 노래도 좋아요. 들으면 맘이 왠지 울컥 ㅜㅜㅜㅜ  
20170511,9,재밌게 봤습니다...애가 좋아하네요~~  
20170511,10,관람객ㅡ아이와 좋은 시간 이었어요  
20170511,8,관람객티비 엘레나 프리뷰로 아이들이 재밌게 봤어요  
20170510,8,관람객재미있게 잘 봤어요. 아이들도 좋아합니다.  
20170510,8,관람객아이가 잼있게 봤어용~좋은 시간이었습니다  
20170510,9,관람객아이가 정말좋아함 또보고싶음  
20170510,7,관람객애들이 소피아와 아팔로왕국의 공주가 나와서 좋아하네요  
20170510,10,관람객아이가 무척재미있어하네요  
20170510,7,관람객여자애들 환장하네 ㅎㅎ  
20170509,7,관람객다 좋은데... 이거 미국에선 그냥 티비 에피소드를 영화로 개봉한거 같은데 아닌가요???  
20170509,7,관람객아이는 재미 있어했네요  
20170509,8,관람객좋아요 특히 자매들은 더좋아하네요  
20170509,10,관람객아주재밌게봤어요아이가좋아했어요  
20170509,5,관람객텔레비전에서 봤던 바로 그 내용 열심히 졸다왔네요  
20170509,8,관람객애들이 좋아해욯ㅎㅎㅎ  
20170508,8,관람객아기와 함께보는 소피~티비에서만 보다 영화관에서보는 소피는또다른 재미가 있네요~  
20170508,8,관람객5살 딸아이 재미있게보내요  
20170508,7,관람객6세 딸아이랑 어린이날 기념 첫 영화로 관람했네요 너무 너무 좋아하더라구요 정말 공주시리즈는 여자아이들의 필수코스네요  
20170508,9,관람객아이들이너무너무좋아하네요  
20170507,8,관람객4살 아기랑 재밌게 봤어요.~  
20170507,6,관람객36개월 아이는 아직 1시간 영화관 집중은 힘든가봐요ㅠ  
20170507,10,관람객요새본중 제일잼났던 영화  
20170507,9,관람객7세 딸 아이를 위해 예매했어요평소에 좋아하는 공주들 나오니 집중해서 잘보고 잼있었다고 계속 말하네요  
20170507,8,관람객아이가 보고 싶어해서 갔는데 약간의 지루함이 없지 않아 있었던거 같아 8점  
20170507,9,관람객애들이 재밉게 봤다고 하네요  
20170507,10,관람객저희 직원 딸내미 보라고 표 사줬는데 잘 봤다네요.. ^^  
20170506,9,관람객아이가 좋아했어요.상영관이 좀 더 많았으몀 좋겠어요  
20170506,10,관람객아이들이 재미있게 봤어요  
20170506,9,관람객재밌어요극장판도굿굿굿  
20170506,8,관람객아이들이 좋아하네요 소피아와 엘레나가 왜 친분이있는지 이제야 이해가 되네요~^^시간도 적당하고 애들이 즐거워해요  
20170506,9,관람객여자 아이라 그런지 재미있었다고 하네요.  
20170506,8,관람객재밌어요다만 디즈니주니어에서 이미 ㅏㅇ송중인걸 그냥 극장에서 상영한다는건 좀 이해한됨요  
20170506,10,관람객엄마도 재미있게본 마나영화!!!  
20170506,10,관람객6살  4살아이와함께봤습니다아이들이 좋아하네요  
20170506,10,관람객아이가 너무너무 좋아해요~~  
20170505,9,관람객즐거운 영화였습니다.  
20170505,9,관람객어린이하고 관람하기에 너무 좋았습니다다음편도 기대 되네요  
20170505,10,관람객아가랑보는데 너무재미있게보았습니다  
20170505,10,관람객역시 음악도 좋고 아이가 정말 좋아했어요!  
20170505,7,관람객여자아이들이 좋아하는 소피아공주  
20170505,8,관람객딸아이가 잼잇게 봐서 좋앗네요  
20170505,10,"관람객아이들이 좋아해요, 재미 있었어요  "
20170505,8,관람객아이가 너무 보고파해서 갔는데너무 조아하네요 ㅎ여자아이는 역시 소피아네요 ㅋㅋ  
20170505,9,관람객재밋어요ㅠ짱 또 디즈니나오길  
20170505,10,관람객아이가 즐겁게보아서좋았습니다  
20170505,10,관람객너무 재밌었어요원래.만화로보던 내용이랑 자연스럽게 연결이되고노래도 나름 신나게 잘만들었어요아쉬운건 메가박스에서밖에 상영을안해서영화관과.시간의제약이있었네요  
20170504,10,관람객두 딸들~~ 재미있게ㅡ잘 봤어요~~ 또 보자고 하네요~~^^ 여자아이들취향에 딱 맞는!!!  
20170504,8,관람객큰 기대없이 딸이랑 가서 재밌게 보고 왔어요!상영시간도 길지 않아서 힘들지 않았구요 ㅎㅎㅎㅎ무엇보다 좋아하는 캐릭터들이 나와서 딸이 몹시 즐거워해서 좋았답니다! 가볍게 아이와 보기에 좋습니다^^  
20170504,9,관람객역시 소피아 재밌었네요  
20170504,10,관람객쵝오. 아이들이 좋앟하네요  
20170504,9,관람객재밌었는데 너무 짧아요 다음편 출사를 예정에 두고 만든 느낌  
20170504,10,관람객흥미진진하고 재미있었어요^^  
20170504,10,관람객굿 아이들이 좋아했어요  
20170504,9,관람객애들이랑 잘봤습니다 아주좋아했어요  
20170504,9,관람객아이가좋아해요 재미있게 봤어요  
20170504,10,관람객시간가는줄 모르게  잼있게  집중해서 봤어요~또 보고싶다고하네요  
20170504,9,관람객아이가 재밌어했어요 후속도 보고 싶어합니다  
20170503,6,관람객앞쪽엔약간지루한데그냥그냥볼만볼해요  
20170503,9,관람객아이가 끝까지 잘 봤어요  
20170503,5,관람객아이들은 좋아하는데 어른들은 그리 즐겁지않다  
20170503,10,관람객디즈니 프로그램에서만 본 소피아를 영화에서 큰 스크린으로보니 너무 신기하고 재밌어했어요~다시한번 더보고싶다고 여러번 얘기하네요~  
20170503,8,관람객조카랑 같이봤는데 재밌어했어요  
20170503,7,관람객아이들이 잘 봤어요ㅋㅋㅋㅋ  
20170503,9,관람객아이도 엄마도 즐겁게관람했어요~~  
20170503,8,관람객딸아이가좋아해요 소피아랑 엘레나 본다고 신나하네요ㅋ  
20170503,10,관람객애들이랑 보기좋은 영화  
20170503,8,관람객아이가 너무 좋아했어요  
20170503,10,관람객용감하고 마음 따뜻한 엘레나 공주  
20170503,10,관람객아이들이 너무 좋아했고 재미있었어요~^^  
20170503,5,관람객애는 좋아하지만 그냥 티비로 보는것과 차이없음.  
20170503,9,관람객아이들보기에는 딱이네요 시간도 적절합니더.  
20170503,10,관람객소피아에 별 관심없던 아이가 영화 한편에 너무 좋아하네요 입 딱 벌리고 시작부터 끝날때까지 집중해서 잘보더군요  
20170503,10,관람객딸아이가 재밌지 재밌지 하네요 ㅋㅋㅋ 저역시 시간가는줄 모르고 봤습니다 ^^  
20170503,8,관람객아이랑 재미있게 봤어요~  
20170503,9,"관람객재밌었어요,애는 좋아하네요  "
20170503,10,관람객재밌었어요ㅋㅋ목걸이의비밀도알게되구울땔들이 신나서난리도아니였어요ㅋㅋㅋ  
20170503,8,관람객여자 꼬맹이가 너무 좋아했어욬ㅋㅋㅋㅋ 하지만 아직 5살인지라 중간에 화장실도 가고 한시간 넘어가니 슬슬 나가자고 하고.... ㅋㅋㅋ 그래도 재밋게 봤어요!  
20170503,10,관람객재미있었어요 볼때부터 마음이 두근두근했어요  
20170503,10,관람객7세 여자 아이가 좋아해요  
20170503,8,관람객아이와 함께 봤는데 내용도 괜찮고 시간도 적당해서 괜찮았어요  
20170502,10,관람객아이와 같이 재밌게보았어요 키즈관이라 자유롭고 아늑한 분위기에서 잘 봤습니다  
20170502,8,관람객아이랑 함께 보기 좋았습니다  
20170502,4,관람객티비에서 본내용을 극장에서 본듯한 기분 ㅜㅜ 아쉽네요 다른내용이였음했는데 스티커 받은건 아이가 좋아해서 그나마 위안이네요  
20170502,8,관람객아이가 좋아하네요~ 시간도 적당하고 괜찮아요^^  
20170501,6,관람객조카랑 아들이랑 같이 보러 같어요~~화면이 참 예뻤어요 . 근데 집에서 보던 내용과 그닥 다르지 않아서 ㅠ 조금 실망이요  
20170501,8,관람객아이들이소피아를넘좋아해서~영화로만나는소피아도좋아하네요 그리긴시간이아닌지라집중도잘하고~오랫만에공주영화참좋았네요  
20170501,10,관람객재밌었어요딸아이가좋아하네요  
20170501,10,아이가완전잼나게봤어여많이좋아하네요^^  
20170501,8,관람객아이들과 함께 보기 좋은 영화  
20170501,6,관람객무난함 티비 만화를 극장에서 보는것임  
20170501,10,관람객우리 아이가 소피아를 너무좋아하는데 상영내내 재밋다고 이야기하네요엄마인 저도 지루하지않고 재미있게 관람했답니다~^^  
20170501,10,관람객5살 딸이랑 7살 아들이랑 보고왔어요 워낙 소피아랑 엘레나공주를 좋아하는 아이들이라 재미있게봤어요평소 티비로 보던것에 비하면 대사로 이야기를 풀어나가는 부분이 많아서 5살딸은 중간중간 조금 지루해했지만 끝까지 앉아서 잘 봤어요  
20170501,8,관람객평소 TV에서만 보다가이렇게 영화로보니 더 몰입해서재밌게봤어요~ 딸아이가 정말 좋아했어요~^^  
20170501,8,관람객아이들이 아주 좋아하네요  
20170501,9,관람객아이들이 좋아하는 영화라 아침일찍 조조로 봤네요.엘레나공주와 시너지가 크네요.아이들이 흥미진진하게 한시간이 금방 지나갔군요.  
20170501,9,관람객딸래미가 엄청 좋아하네요^^  
20170501,9,관람객아이랑 처음 같이 본 영화  한시간의구성이 알차고 엘레나 공주의 탄생배경을 설명해줘서 너무 좋았다  
20170501,10,관람객우리공주님이 아주 만족하네요  
20170501,10,관람객만화영화는 한번도 본 적 없고 아이랑 함께 처음 영화를 봤는데 내용이 참 착하고 순수합니다.. 퀄리티도 좋고.. 재밌게 봤어요  
20170430,10,관람객나름 감동적인 느낌이 있었어요..ㅠㅠ  
20170430,10,관람객그냥 딸아이랑같이보러갔는데 볼만하네요.조조로봐서 그냥싸게잘봣어요  
20170430,10,관람객아주 재미있게 봤습니다 딸아이보다 제가 더 좋아한게 함정이지만....  
20170430,10,관람객멋지고 넘재밋어 또예매할라고해용  
20170430,10,관람객우리딸이 집중해서 잘보더라구요~정말 너무재밌었다네요^^  
20170430,10,관람객딸이 좋아해요. 보고난후 주변에 자랑자랑~^^  
20170430,10,관람객몰입도최고~^^아이가즐거워하네요  
20170430,9,관람객8살 4살 두 아이 너무 재미있게 봤네요  
20170430,9,관람객아이가 많이 좋아하네요  
20170430,10,관람객재밋었어요.아이가정말좋아했어요!  
20170430,8,다섯살딸아이가 재밌게보았어요  
20170430,10,관람객시간이 짧게ㅜ느껴질 정도로 재밌었어요. 딸들이 보기에 정말 좋아요. 주체적 여성을 그리고 있거든요^_^  
20170430,10,관람객아주엄청많이재밌네요  
20170430,8,관람객저는 재미나게 봤는데 5살 딸은 10분 남겨두고 집중 못하더군요  
20170430,8,관람객아이들과 보기 좋은 영화네요~^0^  
20170430,10,관람객아이가 너무너무 좋아해요  
20170430,10,관람객요즘 엘럭나에 푹빠진 아이가 너무 좋아해요  
20170430,9,관람객아이가 좋아해요 재밌었어요  
20170430,8,관람객애들이재밌어하네요만족해요  
20170430,7,관람객아이들이너무좋아해요  
20170430,9,관람객초등3  여자애도 좋아하는 소피아~스티커도 받고 잼있어 하더라구요  
20170430,10,관람객아이들이 너무 좋아했어요~저도 넘 재밌게봤네요^^캐릭터도 너무 예쁘고 가족을 생각할수있는 마음 따뜻한 영화였어요~  
20170429,10,관람객ㅡㅟㄱㄹ12475555888  
20170429,8,관람객아들과 너무 즐겁게 잘봤습니다~ 화면도 깔끔하고 좋았어요  
20170429,10,관람객정말 재밌게 봤어요  주위에 자랑 많이 하려구요  
20170429,9,관람객딸아이와 함께 재미있게 잘봤습니다  
20170429,8,관람객재미나네요 아이랑같이 보기좋네요  
20170429,10,관람객소피아+엘레나라니~아이가 좋아해요  
20170429,8,관람객그냥저냥. . 볼만한 것 같아요~  
20170429,7,관람객조카가 재미있게 잘봤습니다  
20170429,7,관람객지루하고 그냥 그랬어요  
20170429,10,관람객7살아이가 좋아해서 기대없이 따라나서 본영화였는데어른이봐도 재미있는 내용이였어요망설이지않고 봐도 될꺼같아요  
20170429,10,관람객재미있어요 나가자고 안하고 끝까지 잘봄  
20170429,10,관람객아이가 보고나와서 너~무 재미있다고 하네요..잘본것 같아요^^  
20170429,8,관람객아이들이 재미있게 잘봤어요  
20170429,10,관람객요즘같이 미세먼지가 심할때 바깥나들이가 힘들면 극장가서 아이들과 보기 딱 좋은 호불호가 없는 영화인것 같다~ 큰아이가 영화관을 무서워서 잘 안가는데 소피아랑 엘레나는 티비로 많이 접해서인지 거부감없이 너무 재밌게 잘 봤다고 즐거워했다~  
20170429,10,관람객디즈니채널에서 즐겨보던 애니매이션이라 아이가 더 즐겁게 보더라구요 재미있었어요~  
20170429,8,관람객TV에서는 안했던 내용을 보는건줄알았는데 이미 보았던걸 극장에서 돈주고 봤네요 아이들이라 또 보아도 큰화면에 친구들과 같이 봐서 재밌었지만 전 좀 아쉽네요  
20170429,7,관람객소피아 재미있네요~ ^^  
20170429,8,관람객조카가 아주 푹빠져서 보내요 ㅎㅎ  
20170429,7,관람객생각보다 재밌었음아이가 좋아함  
20170429,10,관람객아이들이 정말정말좋아했어요  
20170429,9,관람객아이들이 재미있었다고 또보자고하네요  
20170429,8,관람객딸과 함께 재미있게 봤어요  
20170429,10,관람객내용이 구성있게 되어 재미있었습니다^^  
20170429,7,관람객티비에서 봤던거라 살짝 돈이 아까웠지만 아이가 좋아해서..^^  
20170428,10,관람객아이뿐만 아니라 엄마인 저도  소피아공주와 엘레나공주에게 푹 빠져 시간 가는 줄 모르고 봤어요~♥ 너무 너무 사랑스런 두공주 얘기! 다음 얘기가 벌써부터 기대됩니당~♥  
20170428,9,관람객아이들 모두 좋아하며 잘 봤어요 폭력적인 장면이나 나쁜 말들이 안나와서 좋아요 상영 시간이 짧다는 점과 디즈니 주니어 채널에서 하는 소피아 만화와 큰 차이가 없다는 아쉬움은 있어요  
20170428,8,관람객여자아이들은 무척 재미있게 잘보았어요..남아들두  괜찮다 해요..~  
20170428,8,관람객딸아이들이 재미있게보았어요  
20170428,10,관람객딸과 재밌게 봤어요 좋아요  
20170427,9,관람객아이가 너무좋아함나도 재밌게봄  
20170427,10,관람객재미있었어요~ 남자 아이인데도 재미있게 봤어요  
20170427,9,"관람객소피아를 즐겨보는 4살 여아에게 모험,도전,협동을 간접경험하게했네요 즐겁게봤어요!!  "
20170427,8,관람객아이들이 워낙 좋아하는 디즈니 영화여서 재밌게 봤어요.시간이 좀 짧다보니 너무 금방 끝나서 아쉽긴했습니다.  
20170427,7,"관람객티비채널보다는 러닝 시간이 길어져서인지 살짝 지루해지는 부분도 있었지만...긍정적이고 용기있는 캐릭터들은 매력적이네요. 요즘 정치권이랑 매치도되고^^노래도 살짝 아쉬웠지만, 여섯살 큰애랑 재미있게 봤습니다  "
20170427,10,관람객아이가 너무 좋아하고 잼있다고 다음에 또 보자고 합니다~~ 저도 푹빠져 보았네요 ㅎㅎ  
20170427,7,관람객상영관이 거의 없어 멀리까지 가서 보게 되었어요~ 5살 딸아이가 좋아하는 소피아공주~  아이가 좋아해서 잘 봤습니다.  
20170427,8,관람객초 3  아이들이 좋아해요.  
20170426,10,관람객딸아이가 좋아하는 소피아와 엘레나 같이나와서 더 잼나게 잘봤어요.  
20170426,10,관람객재밌게잘봤어요^^5살아들 잘 봐요~~  
20170426,10,관람객여자애들이 좋아하네요  
20170426,10,관람객여자애들이 좋아하네요  
20170426,10,관람객아이뿐만 아니라 저도 너무 재밌게 봤습니다  
20170426,10,관람객두 딸들 데리고 봤어요~ 저도 재미나게 봤지만 딸들이 정말 재미나게 본 거 같아요~~^^  
20170426,10,관람객딸아이와 재미있게 봤어요.  역시 영화라서 화면이 ~^^  
20170426,9,관람객아이랑 재미나게 봤어요 ~~얼핏 티비에서 본것같지만  
20170426,10,관람객애들이 좋아했어요.^^  
20170425,8,관람객아이랑 보러갔어요~  집에서 티비로 방송했던 내용이라 집중력은 떨어졌지만 잘보고왔어요~소피아공주 스티커 주셨어요~^^  
20170425,8,관람객5살 난 우리딸과 함께보려고 예매했는데못된 여왕 이 무섭다며 내내 고개숙이고 힐끔힐끔 봤어요 ㅠㅜ 근데 끝까지 다 보더라구요ㅋㅋㅋ다 보고 나선 또보고 싶다고 그러네요ㅋㅋ길이도 적당했고 첫 영화관람이었는데이만하면 좋았던것 같습니다.  
20170425,10,관람객5살 공주가 요즘 소피아 공주를 좋아해서 보러갔어요마녀왕비를 좀 무서워하긴 했는데 재밌게 봤습니다엄마아빠도 1시간 동안 푹 빠져서 봤어요소피아스티커까지 챙겨 주셔서 감사했습니다다음에도 애들 볼 수 있는 영화 상영 많이 해주세요  
20170425,9,관람객꽤 볼만합니다 은근 눈물도남  
20170425,10,관람객아이가 너무 재미있게 봤어요.  
20170424,7,관람객괜찮았습니다  딸아이가  좋아했어요  
20170424,8,관람객아이들은 재밌다고 좋아하네요~  
20170424,7,관람객아이가재미있게잘보네여~  
20170424,7,관람객아이가 좋아하네요..  
20170424,10,관람객급 보게되었는데 딸아이가 넘 만족해요. 티켓과 같이 받은 스티커도 대만족입니다. 다만. 음향이 ㅠㅠ 넘커서.  
20170424,8,관람객5세 여자아이인데 조금 무서웠는데 잼있었대요^^  
20170424,6,관람객아이들이 좋아하네요 ^^  
20170424,9,관람객5세딸은 너무 재밌고 신나게 봤는데 7세딸은 조금 아쉬웠던가봐요~ㅎㅎ  
20170424,8,관람객볼만은했어요.아직애들이집중력이없어서잘못본게아쉽네요  
20170424,10,관람객아이가 아주 즐겁게 봤습니다. 중간에 나오는 날개달린 호랑이? 표범? 이 동물들을 아주 신기하게 보며  좋아하더라구요  
20170424,9,관람객7살 남자아이도 아주~~~ 잼나게 보고왔어요!!! ^^ 스티커도 받으니 재미가 2배가 된것같아요~  
20170424,10,관람객우리아이가 너무재밌어 합니다 강추  
20170424,10,관람객볼만함 볼만함 볼만함볼만함  
20170424,8,관람객아이가 무척 재미있어 했어요~~근데 어른인 제가 함께 봐주기엔 살짝 심심했죠~~쪼금 졸았지만 딸아이가 행복해했으니 그걸로 만족합니다~  
20170423,8,관람객아이가 디즈니에 빠져있는데 엘레나랑 소피아 둘다 볼수 있어서 좋아했어요~ 그런데 상영시간이 좀 짧아서 아쉬웠어요.  
20170423,9,관람객아이가 잼있어하네요~  
20170423,10,관람객8세. 아들과 아빠가 둘이서 재밌게 보고 왔습니다. 팝콘도 맛있네요. 캬라멜맛  
20170423,8,관람객아이들이 생각보다 재미있게 봤어요~~^^  
20170423,8,관람객7살아이 딸아이가 좋아해용.  어른이보기엔 그냥 티비 디즈니채널 보는기분이구요. 시간도 적당하고 기분전환용으로 좋았습니다.  
20170423,9,관람객6세딸과 재미있게 봤습니다  
20170423,8,관람객아이가 너무 좋아했어요~  근데 좀 짧네요ㅋ 아쉬움?  
20170423,10,관람객아이가너무좋아했어요~저도집중해서보게됨  
20170423,10,관람객아이가 너무 재미있게 보네요^^  
20170423,9,관람객영화는 아이랑 보기에 최고 근데 극장 광고가 ㅎㅎ  
20170423,1,관람객시간 놓쳐서 못봤네요. 흑흑흑  
20170423,8,관람객신나는 마법에아이도 함께 신나는 영화!  
20170423,7,"관람객티비에서 항상 보던 주인공들이라 별기대안했는데,보는내내 아이가 재밌어해서 저도 좋았어요  "
20170423,10,관람객5살난 딸과 두번째로 보러간 영화였는데 잼있게 보아서 행복했습니다ㅋ  
20170423,9,관람객아이가많이좋아합니다  
20170423,6,관람객약간 지루하네요... 울 애기들 보다가 잠들었어요ㅠㅠ  
20170423,9,관람객보는내내 아이들이 푹빠져있네요7살아들6살딸이랑봤는데 아들도 넘 좋아해요  
20170423,8,관람객소피아공주재미있어요  
20170423,10,관람객요새 우리 두딸이 소피아에 푹 빠져있었는데  너무 재미있게보고왔네요^^  
20170423,9,관람객아주아주너무 재미낫어용  
20170423,5,관람객티비가 더 잼나네여시간도 짧고  
20170423,10,관람객아이들이 좋아합니다 괜찮은가 같애요  
20170423,7,관람객애들이너무좋아해서 가봤네요~   집에봐서 볼때보다 더 재밌었네여~  
20170423,9,관람객 딸이 좋아하네요 엄마도 잼있게 봤어요  
20170423,10,관람객여자아기가너무좋아합니당  
20170423,9,관람객아이들이 너무 재미있어 하네요~^^  
20170423,10,관람객6살 딸아이랑 같이 봤는데 너무 좋아하네요~잼있게 봤어요~~  
20170423,10,관람객애들이랑 보기에 딱 좋네요  
20170423,9,관람객딸은 너무 재미있었다며 신났네요~~^^  
20170423,9,관람객딸이 너무 잼있어하네요..  
20170423,10,관람객재밌네요. Ost도 좋았고 감동적이었어요.  
20170423,9,관람객아이가 정말 좋아하네요~^^  
20170423,9,관람객애들이 좋아합니다~애들이 좋아합니다  
20170423,7,관람객그럭저럭..아이들은 재있데요.음악이 좀 더 좋았으면 영화가 더 재밌었을것같아요.  
20170423,8,관람객재미있네요.남자아이는 약간 지루해했지만요ㅎ  
20170423,8,관람객생각보다는 약간 실망.그래도 볼 만 했슴.  
20170423,8,관람객소피아와 엘레나를 좋아하는 딸들에겐 즐거웠던 영화.  
20170423,8,관람객어린이가 볼만해요 어린이와 함께~  
20170423,10,7세 꼬맹이 넘 좋아라하네요.. 또래 여아 강추!  
20170423,9,관람객딸램이 너무 재미있게 잘 봤다고 하네요.오랜만에 영화를 봐서 더 즐거웠나봅니다  
20170423,1,애기가 벌써 다본 내용이라고 하네요  어찌 디즈니 채널에서 했던 거를  바꾸지도 않고 고대로 할수가 잇냐여  
20170423,10,관람객딸들 보기에는 최고입니다.  
20170423,6,관람객아이들이 볼만한 영화네요TV에서하는 디즈니주니어 내용과 너무 비슷해서조금 아쉽긴했지만..  
20170422,10,관람객아이들이 폭 빠져서 봤네요. 소피아 분량이 더 많았으면 좋았을 것같아요  
20170422,10,관람객아이들이 너무 좋아했어요~  
20170422,8,관람객아이들에게 아주 즐거운 영화였습니다.  
20170422,10,관람객집에서 보던 소피아 새로운 에피소드를 보니좋아하네요~시간도 길지 않아 아이가 보기 좋아요  
20170422,10,관람객7살 아이가 너무 좋아해요스토리도 노래도 좋아요  
20170422,8,관람객재밌었어요 아이가 근데 중간에 지루해했어요  
20170422,8,관람객아이가 소피아와 엘레나를 너무 좋아해서 보러갔는데 좋았어요^^  
20170422,8,관람객아이는 재밌게 봤음 뮤지컬 스타일  
20170422,7,관람객일단 6살 딸아이가 너무 좋아하네요. 근데. 영화로 제대로 만들었다기 보다는 티비방영분이 긴 느낌이랄까.. 어른이 봤을때는 좀 아쉬웠어요  
20170422,7,관람객티비로 방송 했던거 같은데....ㅡㅡ;;;;울집공주가 좋아해서 다행이에요  
20170422,10,"관람객Good!! ..,,..  "
20170422,7,관람객재밌게 잘봤어요~~!! 키즈관은 첨이었는데~~ 아이들보기 편하네요~~!!  
20170422,10,관람객아이와 함께 봤는데 평소 티비에서로만 봤던 소피아를 영화관가서 보니 좋아하네요  
20170422,9,관람객재밌어요~ 아기들 좋아해요~  
20170422,9,관람객여자아이들이 좋아할 내용이에요~  
20170422,10,관람객애들보기에는 참 좋은거 같음  
20170422,8,관람객애 쫒아봤는데 나름 재밌네요영상이 이뻐요  
20170422,10,관람객재밍어여 ㅋㅋ 진심 아이 좋아해요  
20170422,10,관람객최고입니다. 너무재밌어하네요^^  
20170422,8,관람객6살 여아가 집중하고 잘보네요  
20170422,8,관람객재밋어요~~소피아가귀엽네요!  
20170422,10,관람객아이와 주말데이트~~!!!^^제가 더 집중해서봤네요ㅋㅋㅋ  
20170422,6,관람객절반은 디즈니주니어에서 방영한내용..나머지를 보기위한 영화인가...아이들은 좋아하지만...  
20170422,10,관람객딸아이와 매우 즐겁게 봤습니다 사은품도 감사해요  
20170422,10,관람객아이가 너무 좋아하네요 애기가 좋아하는 2개의 애니메이션 주인공이 나와 더 좋은것 같아요  
20170422,6,저희딸이 봤던 내용이라는데 처음 개봉한 내용이 아닌가요? 다시봐도 재미있다고는 하네요  
20170422,10,관람객아기와 함께보기 딱 좋습니다.  
20170422,8,관람객메가박스에서만 상영해서 차타고 좀 멀리나왔지만 아이가좋아하네요.  
20170422,8,관람객아이들이 보기에 시간도 적당하고 내용도 좋네요^^  
20170422,10,"관람객좋습니다.좋습니다,  "
20170422,8,관람객두 아이 모두 너무 재밌게 봤어요주말 영화 관람 성공입니당~~  
20170422,10,관람객아이가좋아하네요  즐거웠습닏?  
20170422,9,관람객재미있어요. 근데 tv랑 너무 똑같네요  
20170422,8,관람객5살 꼬마가 마지막엔 조금힘들어했지만 함께 볼만했어요이런 애니메이션이 많이 개봉하면좋겠어요  
20170422,9,관람객소피아를 좋아해서 그런지 아이가 재밌게 봤대요. 방송용보다 조금 더 긴것말고 이야기 진행이나 풀어가는 스탈이 방송용이랑 거의 똑같네요 ㅋ  
20170422,10,관람객딸아이가 워낙 소피아와 엘레나를 좋아하는데 딱 좋은 콜라보영화 였습니다:) 목걸이를 매개체로 한 스토리 연관성도 나쁘지않았구요 어른이 보기엔 살짝 진부할 수 있지만 무조건 아이들 관점이니 그러리라 생각합니다ㅎ 재밌게 잘 보았습니다~!  
20170422,7,"관람객7세,5세,4세 어린이와 같이 봤는데 두번보고싶대요 ㅎㅎ  "
20170422,10,관람객어른과 아이가 함께 즐겁게 볼수 있는 멋진 공주들의 이야기 완전감동입니다. 꿈과희망 용기를주는 멋진영화네요 왕자따윈필요치않다네~~~  
20170422,5,관람객뮤지컬식으로 노래가 너무 많아서 살짝 지루했었지만재밌었어요  
20170422,1,전형적인 아이들 백인 우월주의 세뇌용 만화.  
20170422,10,관람객아이가무지잼있어합니다‥엄청쟁있었다고하면서좋아합니다볼만하네요어른들도‥  
20170422,10,관람객애들이 많이 좋아합니다  
20170422,9,관람객가족영화로 즐겁게 보았습니다^^  
20170422,9,관람객아이들과 같이 관람하기 재밌었어요  
20170422,9,관람객아이가 좋아하며 보았어요  
20170422,9,관람객재미있어해요~ 지루하지도 않고 집중해서 봤네요 ㅎㅎ  
20170422,8,관람객8살여자아이 재밌었다하네요~^^  
20170422,10,관람객간만에 딸이랑 둘이서만 데이트를 했는데 소피아 덕분에너무 즐거운 시간이였어요. 딸이 너무 좋아하네요~^^  
20170421,7,관람객티비방영하는 엘레나 보고 이걸보니내용이쉽게느껴졌어요 아이들은좋아하긴하는데 티비보다노래가적다보니 집중도가떨엊는듯  
20170421,10,관람객그림도 이쁘고 상영시간도 적당해서 좋았어요.  
20170421,8,관람객5살 딸과 재밌게 봤어요 딸램도 재밌었다고 하네요  
20170420,8,관람객그림이 귀엽고 노래도 있어서 지루하지 않게 딸아이와 잘 봤어요~  
20170420,6,관람객새로울 것은 없었지만 아이는 좋아할 만합니다. 러닝타임도 적당해요.  
20170420,8,관람객아이가 초집중해 보네요~  
20170419,9,관람객딸아이가 재밌게봤다네요마녀 나올땐 좀 무서워 했지만요  
20170419,6,관람객영화 잘 봤습니다...  
20170418,4,디즈니 노선이 아이들에게 좋지 않다  
20170418,9,관람객중간에 약간 지루한 감도 있지만 그래도 딸래미는 즐겁게 감상~~  
20170418,5,"관람객6세아이 눈높이에는 맞았겠지만,영화 스토리가 엉성하고, 그래픽도 좀 별로였어요.노래가 그중 제일별로였어요.  "
20170418,9,관람객아이들이 재미있게 보내요~  
20170418,9,관람객딸아이가 재미있게 잘봤다구 하네요  
20170418,8,관람객넘감동적이고잼있었어요  
20170418,10,관람객아이들이 굉장히 좋아하네요~  
20170418,9,관람객극장도 편안하고 좋았고 내용도 재미났어요. 아이와 오래간만에 극장나들이했는데 둘다 즐겁게 보낸 시간이었습니다. 또가고싶네요. 다른분들께도 추천해요. 여자아이들은 좋아할거에요~  
20170418,10,아이들이랑 보면 좋은 영화에요 ㅎㅎ  
20170418,9,관람객아이랑 재미있게 봤네요  
20170417,10,관람객재밌아욜ㅇ재민아온ㄷㄱㄴ  
20170417,8,관람객아이들과 보기 괜찮았습니다 ^^  
20170417,9,관람객공주님들이 좋아하는 정말 귀여운 공주 영화 에요~~^^  
20170417,10,관람객아이가 좋아합니당 ㅎㅎ 친구랑 같이 봤는데 정말 재미있어 하네요ㅎㅎ 또보러가자고 ...;; ㅋㅋㅋ 디즈니 공주 애니는 다 재미있네요  
20170417,8,관람객내용이 전개가 너무 빨라요다급한 마음 까지 들었어요..  
20170417,10,관람객재밋엇어여 딸도좋아하네여  
20170417,10,관람객디즈니 채널에서 한번 나온 것 같은데 딸이 끝날무렵 시청해서 너무 안타까워 하더라구요 그래서 부랴부랴 예매해 보고왔는데 6살 딸램 눈물 흘리며 봤어요ㅡㅡ 딸램이 너무 재밌어하고 몰입해서 보는 모습보니 십점만점도 안 아깝네요  
20170417,9,관람객엘레나와 소피아 연관성이 설명된 영화라 아이들이 재밌어 하네요  
20170417,10,관람객전   졸다 자버렷늡데애들은재밋게봣다네요중간중간 음악을 부르는장면이잇어 지루하지않ㅇㅏㅅ어요  
20170417,9,"관람객딸 ,아들이 둘다 소피아를 좋아해서 재미있게 봤네요  "
20170417,10,관람객7살5살4살딸들 너무 즐겁게 봤어요마녀가나와서조금무서워했네요  
20170417,10,관람객소피아공주와 엘레나공주의 조합으로 두딸만 들여보냈는데 너무 재밌다고 했어요..63분 러닝타임이라 영화치곤 짧아서 아쉽지만 재밌다고 하니 만족합니다.  
20170417,8,관람객어른이 보기에 내용은 재미없고 졸렸으나 아이가 너무 좋아해서 만족합니다  
20170416,10,관람객재밌었어요. 시간이 길지 않아서 애들도 집중해서 보고요.  
20170416,8,관람객아이가 너무 좋아했어요 !  
20170416,8,관람객아들이랑같이봐도 즐거운 소피아공주 였어요  
20170416,10,관람객다섯살딸이랑 재미있게봤어요~ 재밌었다고 또보고싶다네요  
20170416,7,관람객아이들이 재밌게잘보네요ㅎㅎ  
20170416,8,관람객지난 시리즈보다 음악도 째지고 조금은 몰입도가 떨어지긴했지만이번에 새로 방영되는 엘레나공주와의 스토리여서아이와 보기는 괜찮았어요.  
20170416,8,관람객아이랑 너무 재밌게 보고 왔어요^^  
20170416,9,관람객7살짜리 여아들 너무 재미있었다고 합니다^^극장 나오자마자 물어보지도 않았는데 흥분해서 이야기줄줄~하네요~ 여자아이들에겐 만족도 높은 영화인 듯 하네요ㅎㅎ  
20170416,10,관람객여섯살 딸아이가 요즘 젤 좋아하는  엘레나공주 옷까지 입고가서는  넘  재밌었다고  또보러오자고 하네요~ ㅎㅎㅎ  근데  인천은  오늘로 끝이라  또  못볼듯싶어요~ vod나오면 한번더 보여줘야겠어요~^^  
20170416,10,관람객아이가 너무너무좋아해요  
20170416,10,관람객아이들이랑 주말이라 같이 보러갔는데 애들이 너무 좋아 하더라고요  ㅎㅎㅎ저도 엎에 앉자서 같이 봤는는 재미있어서 제가더 집중해서 봤어요ㅎㅎ ㅅ  
20170416,10,관람객역시 소피아 ㅎㅎ 아이가 너무 재미있게 봤어요  
20170416,10,관람객아이가 너무 좋아하네요~스릴있고 재미나요~  
20170416,8,관람객애들이 너무 좋아했어요  
20170416,10,관람객유치원 또는 초등 저학년 여자아이 보기에는 딱 굿  
20170416,10,관람객아주 재밌어요!!! 엘레나 공주가 어떻게 목걸이에서 탈출했는지 알게됨  
20170416,6,관람객아이들과 볼만했습니다^^  
20170416,10,관람객재미있었어요~아발론공주가 어떻게 빠져나왔는지 궁금했는데 좋은 내용이였어요.  
20170416,10,관람객아이가 너무 재미있게 잘봄시간이 길지않아서 좋았다 ~~ㅎㅎ  
20170416,10,관람객딸아이가 9살 인데 보고서 좋아하네요..주로 보는 연령대는 좀더 어린듯합니다...  
20170416,8,관람객잼나게 봤네여~~ 엘레나덕후  
20170416,10,관람객7살 5살아이들과봤어요아이들은 재미있다고하네요  
20170416,10,관람객정말정말로재미있습니다.  
20170416,7,관람객우리 아이가 소피아의 용감한 행동에 감동했다네요 ㅎㅎ  
20170416,10,관람객너무너무 재미 있고 따분하지 않았다  
20170416,3,관람객아이들때문에 어쩔수없이 보긴했네요 하접하네요 디즈니 실망입니다 ㅡㅡ 이건 그냥 애들코묻은돈벌기 정도 수준이네요  
20170416,6,Tv서하는거랑크게차이를 못느낌  
20170416,8,관람객좀 짧지만 애들이 매우 좋아해요  
20170416,8,관람객디즈니 주니어에서 보는 그대로 재미있어했어요^^후반부 내용을 드디어 알게되어 저희 집 공주님이 아주 흐믓해 해답니다  
20170416,10,관람객아이들이 잘 봐요 감사합니다  
20170416,9,관람객재미잇네요..애들영화인데 어른영화광고는 좀 그러네요  
20170416,9,관람객27개월된 저희 아이가 처음으로 극장에서본 소피아^^ 역시 너무나재밋고 즐겁게 보고왔습니다~ 소피아는 말안해도 내용도 너무나 재밋고 예쁘잖아요~ 주말 아이들데리고 극장데이트하시는거 괜찮쥬? ㅋㅋ  
20170416,9,관람객아이들이너무좋아하네용ㅎㅎ  
20170416,10,굿~애들이 너무 좋아하네요! 오랜만에 나온 좋은작품인듯..  
20170416,10,관람객딸이랑 재미있게 봤어요  
20170416,8,관람객티비시리즈보다 넘 말이 빠름  
20170416,8,관람객딸아이가 너무 좋아해요  
20170416,9,관람객4살아이와 봤는데 적당히 내용이해하기쉬워서 좋았습니다  
20170416,10,소피아 좋아하는 딸래미들 재미있게 보고 왔어요~ 일단 시간이 짧아 애들 보기에 적당한 것 같아요~~  
20170416,8,관람객재밋엇어요  아이는 좋아해요  
20170416,9,관람객아이가 너무 좋아했어요. 시간도 너무 길지도 짧지도 않았구요  
20170416,10,요즘 6~7세 아이와 보기에 이만한게 없어요^^ 디즈니 주니어에서 해주지만..애들은 좋아하는 캐릭턴 계속 보니까요. 상영시간도 적당해서 중간에 화장실건다 보채지도 않았네요. 내용 모르는 남편도 재밌게 봤어요^^  
20170416,7,관람객소피아 아이들이 잼있어해요~^^  
20170416,5,관람객ㅜ니눞푸눔ㅍ푼팬ㅍ포ㅓㅏ유뉴  
20170416,10,관람객재미있어요딸이좋아해요  
20170416,10,호머심슨 : TV에서 공짜로 해주는 걸 돈내고 보는 호구는 우리 밖에 없을 거야. 특히나 너!  
20170416,9,관람객아이와 함께 가서 봤는데 아이가 엄청 좋아하더라고요! 선물로 스티커도 받으니 더 좋아했어요 재미있었어요~~  
20170416,10,관람객주말에 아이들과 관람하기 좋은 영화입니다.  
20170416,10,관람객아이가 좋아했어요!!!  
20170416,10,조카나보여줘야겠다...  
20170415,10,딸아이가 너무 재미있다며 다음에 또 보러 오자네요~^^* 음악도 좋고 저도 재미있게 봤어요~ 다음 편도 기대됩니다~^^  
20170415,4,관람객아이들은 잘 보긴 했어요 근데 극장판이라 내용이 뭔가 다를 줄아랐는데 티비로 봤던거랑 내용이 비슷해요 실망했어요..  
20170415,8,관람객재미있었어요~~딸아이가 소피아를 좋아해서 좋았어요  
20170415,10,"관람객엘리나공주, 소피아공주, 마법사도 나와 재미있었어요-딸아이 감상평입니다 ㅎㅎ  "
20170415,10,관람객너무 재미있었어요. 예약하고 가서 더 재미있었던 같애요.  
20170415,10,관람객여섯살 딸이 넘 좋아하네요~~이또래 여자친구들이 보기 딱좋은것 같아요  
20170415,6,관람객아이가 평소 소피아를 좋아해서 잘 보긴 했는데 조금 지루했어요~~ 그래도 아이는 잼있데요^^  
20170415,1,딱봐도 겨울왕국에 이은 동성애 영화  
20170415,8,관람객평소 소피아 좋아하는 6살 딸아이 재미나네 봤어요^^  
20170415,7,"관람객어린이 영화이면서도 스펙타클한 장면도 나와 좋았구요, 지루하지 않고 아이들이 보기에 적당한 분량이었습니다  "
20170415,9,관람객굿~~^^.딸이 넘흐 져아 합니당..~~  
20170415,10,관람객즐서웠어요 스티커도 받아서 좋아했어요  
20170415,8,관람객다섯살 아이랑 함께 보기 좋았어요^^  
20170415,10,관람객아이가 보는 내내 너무 재미있다고 재미있다고~~워낙 공주들을 좋아해서 그런지 잘 봤어요  
20170415,8,관람객잼있게 잘 보고 왔어요~~  
20170415,10,관람객편하게 예매하고 봤어요  
20170415,10,관람객아이가 좋아합니다평소 소피아와 엘레나를 즐겨봤다면흥미깊은 내용입니다  
20170415,8,관람객8살 6살 재미있게 잘보구왔어요  
20170415,8,관람객딸아이랑 재미있게봤어요스토리도 빠르게 전개되고 티비에방영되는엘레나랑 연결되는부분이라 너무재미있었어요~영화치고는 시간이짧아 조금 아쉬운부분은있었엉?  
20170415,10,관람객아이들이 재미있게 잘 본 것 같아요.  
20170415,8,관람객재밌었지만끝날땐좀아쉬웠어요  
20170415,9,관람객소피아와  엘레나의 조합  흥미 진진 하네요~~^^  
20170415,7,관람객딸이 재미있어 하고 다음편을 또 기대하고 있습니다  
20170415,7,관람객아이와 시간 보내기 좋아요  
20170415,10,"관람객6세, 7세 남자아이들과 함께봤어요한시간동안 집중해서 잘봤어요~~ 어른이 봐도 재미있었어요!!  "
20170415,10,관람객아이들이 좋아하내요좋아요  
20170415,9,관람객아이들이 너무잼있어하네요!  
20170415,9,관람객소피아와 엘레나를 좋아하는 아이가 정말 좋아하며 보았습니다.  
20170415,8,관람객아이가 재미있게 봤습니다.  
20170415,10,관람객아이들이 재밌었다네요^^  
20170415,8,관람객디즈니주니어에서 방송했던거라..돈아까웠음ㅠ  
20170415,10,관람객재밋어요^^금방끈나아쉬웟어요  
20170415,10,관람객우리아들딸 재밌다고 하네요~^^♡  
20170415,8,관람객재밌게 봤어요~~~많이 보세요  
20170415,7,관람객아이와 함께 봤는데 재미있어 하네요.  
20170415,8,관람객아이가 너무 즐거워하네요~ 근데 디즈니쥬니어 한시간본듯ㅎㅎ  
20170415,9,관람객아이가 좋아하네요. 어른은? ㅎㅎ  
20170415,10,관람객딸아이가 기다리고 기다리던 영화^^재미있어했어요  
20170415,9,관람객아이들이 재미있어하고 좋아했어요~  
20170415,10,관람객아이들이엄청좋아해요  
20170415,10,관람객재밌고 아이들이 좋아했어요  
20170415,10,관람객너무재미있었습니다 다음에또 봐요  
20170415,10,관람객7살남아 5살여아 둘다 너무좋아했어요아들은 감동적이고 딸은 배경이화려하니 좋은가봐요^^  
20170415,10,관람객생각보다 재미있었어요  아이와함께 보기 좋은 영화네요  뭔가 지금시국도 반영하고 있는 느낌이었어요  잘봤습니다  
20170414,9,관람객6세 여자아이가 딱 좋아하는 영회예요  
20170413,9,딸은 좋아해요. 이야기가 좀 짧은듯하지만...  
20170413,10,관람객재밌게 잘 봤어요 짜임새가 좋았어요  
20170413,8,관람객아이들과 소피아공주보고왔어요삼척에 극장이  생겨서 일단 너무좋아요한시간이라 지루하지않게 잘 보고왔어요극장도 너무 좋아요  
20170413,10,음...의미가 있나?  솔직히 재미는 없었지만 디즈니를 위해 10점  
20170413,9,어른이 보기에도 귀엽고 재밌네요! 아이는 말할것도 없구요!  
20170413,10,아이들은 원래 소피아를 좋아하고 부모님들이 보기에도 잼있어요  
20170413,10,저희 딸 정말 푹 빠져서 봤어요~! 다음 편이 빨리 나왔으면 좋겠어요!!  
20170413,10,아이들이 아주 좋아하네요. 퀄리티도 좋고 스토리도 재밌어서 어른들도 좋아할듯!  
20170413,10,극장에서 봤는데 아이들이 너무 좋아하네요~  
20170413,7,관람객아이들이좋아하네요..시간이너무  짧은게 아쉽네요  
