0,1,2
20190127,10,최고로 재미있어요!!!!  
20190113,10,또봇 처음으로 본게 초등학교 6학년때인데 오랜만에 극장판으로 보니 너무 재미있었고 20기 시리즈가 쭉 이어갔으면 좋겠어요!!^.^  
20180824,10,사ㅏ랑해...♥♥♥  
20180714,10,진짜 꿀잼 이다 그 마지맛로봇 간지난다  
20180703,10,엄청 재밌어요 ㅠ 기다리기도 많이 기다렸죠 ㅠ3ㅠ  
20180616,10,내용도 연출도 너무 좋았어요!  
20180422,10,"여지껏 본 어린이 애니메이션중 가장 잘만든 애니메이션~! 솔찍히 일본 로봇애니는 유치하거나 난해하거나 둘 중 하나인데 이건 어른인 내가봐도... 아이,어른 모두 만족할 수 있는 수작~!  "
20180411,10,니가 한발 내딕으면 난 그길을 따라갈게  
20180227,10,예전에 봤는데 평을 지금다네요 ㅎㅎ 뵜을땐 뭔가 흥미진진했는데 갈수록 감동적이였어요ㅠㅠ 이달감독님 정말루 존경합니다ㅠ  
20180216,2,W가안나오니아쉬워요 다음에는 꼭 w도 너어주세요꼭!!  
20171007,10,몇 번을 봐도 질리지 않고 새로운 장면을 각인시키게 된다.. 무엇보다 연출력이 대단하다고 생각된다. 감동적이기까지 해서 나중에 애들한테 보여주고 싶은 작품. 극장판 더 내주세요  
20170708,10,오열했습니다... 안본 사람 없기를...  
20170701,10,완전 재미있게봤어요!!감동도 있고  
20170625,10,10번도넘게봤네요 따뜻한교훈이있어더재밋어요  
20170623,10,기대 안하고 봤는데 생각보다 퀄리티도 좋고 재밌게 봤습니다.ㅜㅠ  
20170617,10,스토리 최고!!!! vod결제하고 아이들이 하루에 몇번을 보는지 모르겠어요~봐도봐도 재미있고 정말 잘  만들었어요~!!!  
20170617,10,확실히 또봇이 다양한 연령층을 공략하려고 했다는 점이 돋보였습니다. 던져진 메세지들을 나름대로 해석해가며 보는 재미가 있었네요 :)  
20170611,10,애니메이션의 발전!!! 스토리의 탄탄함!! 애들도 좋아합니다  
20170525,10,극장가서 보고싶었는데 놓쳐서 네이버에서 다운받아 봤습니다. 어른들이 봐도 재미있고 감동있는 스토리에요. 보면서 어찌나 눈물나던지...또봇 본 적없는 동생도 재미있게 같이 봤습니다! 극장판이나 시리즈 모두 대박나서 계속 해줬으면 좋겠어요  
20170525,10,"스무살이나 됐는데.... 극장에서 보고 정말 많이 울었습니다... 어른과 아이들 모두를 위한 영화 였던 것 같습니다..ㅠㅠㅠ오랜만에 보는 트라이탄도 너무 멋졌어요.. 좋은 만화,영화 만들어주셔서 감사합니다!  "
20170524,10,최고의 명작이다..안본사람이랑 겸상 안함  
20170520,10,트라이탄 합체 할 때 부서지는 것 진짜 웃기고 현실적이었다  
20170519,10,아이가어렸을때 같이앉아서보면서 우리나라애니도 볼만하다며 저도빠져버려서 합체이름까지 다외우고 아들내미는 로봇다사모으고 그랬는데 극장판이나왔다는이야기는들었지만 개봉시길 놓쳐서 iptv로봤어요 넘나재미있고 추억소환이랄까 넘즐거웠어요 다른에피소드도기대할께요  
20170519,1,알밥님들 고ㅗ생이 많습니다  
20170518,10,레트로봇 감사합니다....  
20170518,10,극장에서 2번보고 아이피티비로 나와서 결제해서 또 볼만큼4살 아들이 너무너무 좋아해요 ! 어른인 제가봐도 재미있고 탄탄한 스토리에 감동까지 ㅠㅠ 눈물줄줄 흘리고 나왔네요 극장판 또 만들어 주세요 기다릴게요  
20170518,10,역시 갓갓레트로봇 충성충성충성  
20170518,10,스토리도 좋고 연출도 좋았음 깨알같은 재밌는 장면들도 많았음 감동도 있었고 이런 명작을 봐서 영광이었다  
20170518,10,스토리가 좋아서 어른들도 볼만한 애니메이션이라고 생각해요.한국 애니메이션이라 몰입 잘 된 것 같아요.저도 부성애에 눈물 조금 흘렸습니다.  
20170517,1,알바들의 파워 엄청나다. 평점은 높지만. 극장에서는 상영했는지도 모르는 애니..우리나라는 3D 애니는 정말 안되는거 같아..  
20170517,10,진잼진잼진잼진잼진잼  
20170516,10,아이들만이 아니라 어른들도 충분히 재미있게 볼 수 있는 영화였습니다! 좋은 작품 만들어주셔서 감사합니다ㅠㅠㅠ  
20170516,10,너무너무 기대했고 기대한만큼 재밌었어요 ㅠㅠ!! 극장판2기를 기원합니다 ㅠㅠㅠ!!!  
20170515,10,"정말 재미있고, 또 좋은 영화입니다!! 많이 보세요!!  "
20170513,10,"역시 극장판이네요. 순위가 아쉽긴 하지만, 영화는 최고!  "
20170511,10,"아이는 물론 엄마, 아빠도 기다린 또봇. 오래 기다린만큼 정말 재미있고 감동적이었어요. 앞으로도 계속 또봇 시리즈 볼 수 있음 정말 좋겠어요.  "
20170510,10,아들과 보러갔다가 제가 더 감동받고 나왔습니다. 국내 애니메이션 영화 중에 수작이 분명합니다. 레트로봇은 역시 실망시키지 않는군요. ^^  
20170509,9,저 밑에 분 관람객 평이 왜 없냐면 네이버에서 예매를 할 수 없고 cgv에서 직접 해야돼서 그래요 진심으로 어른이 봐도 재밌었고 한가지 어른 입장에선 후반부 전투씬 연출 더 긴박했음 좋았겠다 싶어서 별 하나 뺏습니다 나머지 별은 모두 작가님께 바칩니다  
20170509,10,진짜 재밌었고 20기도 나오고 극장판 2탄도 나오길  
20170508,10,기대 안하고 봤는데 스토리가 탄탄하고 공감이 많이 되었습니다  
20170507,10,우리아들이 즐겁게 봤으니 10점입니다~또보고싶다네요 한번더 가야겟죠~  
20170507,10,아들과 함께 봤는데 어른도 재밌게 볼 수 있어서 더 좋았다. 아들도 오랜만에 오리지널 또봇을 보니 좋아한다.영화보고 나오면서 7살짜리 우리 아들이 눈물났어!! 하면서 아빠를 향한 마음이 더 애틋해진듯...극장판또봇 앞으로 계속 나오길 기대합니다.  
20170506,10,6살 조카와 봤어요.조카가 다 이해했을지는 모르겠지만 제가 너무너무 재미있게봤네요~~아빠..가족..눈물도 핑 돌고~유머도 있고~한국정서. 제주도. 태권도..다 너무좋았어요~~♡♡♡  
20170506,10,개인적으로 재미있게 봣습니다가족끼리 보기를 추천드립니다~  
20170506,10,9살 동생을 데리고 가서 봤는데 너무 재밌었어요.저도 또봇덕후라 내심 기대하고 있었는데 정말 만족했어요. 코미디로도 만점 스토리도 만점인 영화입니다!! 마지막엔 슬픈 장면이 있어서 더욱 감동적이었어요. 이런 영화를 만들어주신 제작진분들께 감사드립니다.  
20170506,10,감동도 있고 가족 애니메이션 답네요~볼만했어요~ 강추합니다~ 재미 있네요~단 CGV에서만 볼 수 있어서 그게 아쉽네요~  
20170506,10,5살아들 7살딸 35살엄마까지너무재미있게봤어요어른이봐도 유치하지않고좋음꼭보세요^^  
20170506,10,두 번 봤는데 너무 재밌어요ㅠㅠ세모야ㅠㅠ하나야 엑스ㅠㅠㅠㅜ그리고 본편에서 나오지 않은 K 탄생 스토리가 있어서 좋았어요..!!  
20170506,8,생각보다 의미도있고 잼났어요. 아빠랑보세요..  
20170506,10,매우 잘만든 수작임. 아버지와 아들이 보면 더 좋음.  
20170505,10,"7살 짜리 우리 아들 마지막에 울던데, 기분 좋은 추억 만들어 줘서 땡큐 땡큐  "
20170505,1,이거 진짜 재미있나요?조카들 보여 줄까하는데 관람객 평이 어쩜 단하나도 없나요?다른 영화들은 네티즌평과 관람객평이 몇개라도 따로 나와있어 비교해 보기도 하는데 전혀 없으니 좀 망설여 지네요  
20170505,10,오늘 아이랑 보고왔는데 어른인 저도 너무 재밌었어요. 나름 교훈도 있고.. 또 나왔으면 좋겠습니다  
20170505,10,7살 아들이 보자고 할땐 싫었지만 막상 들어가서 집중하고 보니 너무재미있었어요. 티비에서 잘 봤던 분들은 기억이 새록새록 나면서 좋을것 같아요. 잘 만든 것 같아요. 재미있습니다.  
20170505,10,"기대했었는데 기대 이상으로 진짜 재밌고 너무 슬펐어요ㅜㅜㅜ 트렌스포메이샨!! 두번째이야기는 언제나오나용,,,  "
20170505,10,하... 역시 또봇 y는 헬기로 개조하지 말았어야했어...10기까지는 꿀잼이었는데.. 아크니가 사라지고 개판됨..애슬론이 뭐야 애슬론이....  
20170505,10,"또봇을 극장에 서 보거되다니 감개무량지하철 씬에서 또봇들 첫등장할때 나도 모르게 울컥했다는싱글대디, 장애, 다문화 등 일상화됐지만 애니에서 볼 수 없는 소재들을 자연스럽게 녹여낸 노력에 박수를 보내고싶다속편도 꼭 개봉했으면  "
20170505,10,또봇멋져요 다음에도 멋진 로봇이 됐으면 좋겠어요또봇들 힘내세요 악당도 멋지게 물리쳐주세요(아이들 감상평입니다ㅎㅎ)  
20170505,3,"트랜스 포머 극장판의 감독 넬슨 신에게 보여주긴,구리다  "
20170504,10,"스토리 감동적이고, 코믹요소도 아이든 어른이든 즐길수있고, 배경음악도 정말 좋았습니다.그리고 기억나는 악역의 대사 : 비윤리가 아니죠, 초윤리입니다...!  "
20170504,10,오늘 애들하고 보고왔는데 너무 재밌게 잘 보네요~~^^ 어른이 봐도 재밌어요 ㅋㅋㅋ  
20170504,10,역시 또봇이다.역시 명작이다!  
20170504,10,진짜 재밌음 ㅠㅠ또봇 덕질 1번이라도 해보셨으면 꼭 보세요ㅠㅠ 극장판 엎어질까봐 손에 땀이나게 기다렸는데 드디어 개봉해서 봤네요. 애기들 어른들 다 빵터질때도 많고 어른들도 뭉클할 때 많음 떡밥회수도 잘했고 캐릭터들 매력 쩔고 제작진 센스 터진다 진짜  
20170503,10,"아이들의 전유물이 아닌, 연령대 상관없이 모두가 즐기고 감동을 느낄 수 있는 내용이었습니다! 스토리도 탄탄하고 깨알 웃음포인트도 많고 캐릭터들도 너무 귀여워요 (하나야ㅠㅠ 엑스ㅠㅠ) 오랜만의 또봇 너무 반가웠고 레봇이 또하나의 레전드를 만들었다 싶네요  "
20170503,10,정말정말재밌어요♥♥  
20170503,10,"정말 잘 만든 영화입니다. 물론 픽x와 같은 뛰어난 CG는 아니지만 이야기도 충실하고 한국적 유머, 감동 모두 있어요. 가족은 물론 회사 단체 영화로 봐도 좋을 작품입니다(ㅋㅋㅋ) 그동안 한국 극장판 애니메이션은 스토리가 아쉬웠는데 이건 대만족했습니다  "
20170503,10,아이들과 봤는데 재밌었습니다 조금은 뜨끔 우리나라 회사 사장님들도 보시기 바랍니다 잃어버린 아이들의 부모를 찾아 주세요 아이들은 부모를 애타게 기다립니다  
20170503,10,애들 데리고 가서 봤는데 레알 꿀잼. 믿고 보는 레트로봇.  
20170503,10,아이들과 재미있게 봤습니다. 디룩의 깨알 유머와 뻔하지만 가족애의 감동~^^ 아이들과 이번 연휴에 꼭 보세요~~  
20170503,10,극장에서 봤는데 ... 진심 짱 이야 !  
20170503,10,애들 때문에 보러 갔다가 제가 울고 나왔네요 ㅠ 넘 감동적이에요~ 중간 중간 깨알 재미도 있고 스토리도 빈틈없고 아이도 들고 있던 팝콘도 잊은 채  초집중해서 보더라고요ㅋㅋ  애들 영화라 기대없었는데 올 해 최고의 영화가 될 것 같아요.  
20170502,1,우리나라 최악의영화 흑역사다  
20170502,10,작중의 다른 많은 부분들도 그렇지만 무엇보다 악당이 마지막으로 하던 대사가 그렇게 공감이 가더라고요.  
20170502,10,스토리 몰라도 재밌게 볼 수 있고 기존 또봇을 알면 더 재밌습니다 보다가 몇번이나 터졌는지 몰라요ㅠㅠ3차 찍어버릴거야  
20170502,10,어른들 휴지  꼭 가져가세요  
20170501,10,한국적 정서 애들도 좋아하고어른들이 보기에 괜찮았습니다  
20170501,10,또봇 팬으로서 볼거리가 많아서 즐거웠습니다.극장판으로 접할 수 있어서 좋았어요ㅎㅎ  
20170501,10,2회차도 뜌ㅟ어야징 !!  
20170501,10,7살짜리 아들이랑 보고왔어요~나름 스토리도 괜찮구 가끔씩 나오는 유머코드 애가 참 좋아하더라구요 전체적으로 잼있었어요~^^애가 좋아하니 같이 봐주길 잘했단 생각도들고요~ 아빠들이 같이 봐주면 참 좋겠네요~~  
20170501,10,대박..아이랑 영화본것중 최고인듯요!마지막에 아이랑 끌어안고 울었네요ㅠ감동이에요ㅠ 액션씬들도 시원시원!  
20170501,10,영화평점 유일하게 달아봅니다.아이들 따라 또봇을 보다가 극장판이 나왔다고해서 애들과 보려 갔었습니다. 역시 또봇은 성인이 좋아할만한 애니였네요.최신 또봇과 뉴메카도 아니었지만 정말 재밋게 보았습니다앞으로 또 다른 극장판과 tv판이 나오길 바랍니다  
20170501,10,4살아들 펑펑 울었어요  
20170501,9,평론가 평점이 6점인걸 보면 우리나라 3D 애니도 수준이 많이 올랐구나 생각듭니다. 10년전 픽사처럼 우리나라 애니도 믿고보는 작품 처럼 발전했으면 좋겠습니다  
20170501,10,아들과 함께한 첫 영화입니다.평생 추억을 간직 할 수있는 뜻 깊은 영화 였습니다.감사합니다. 잘봤습니다.  
20170501,10,가족과 꼭 보세요로봇과 인간 그리고 가족아이들 인성도 채워주고어른이 보는데 재미도 있고 감동 교훈도 있네요  
20170501,10,진짜 집나간 또덕도 돌아오게함 ㅠㅠ  
20170501,10,또봇은 어린이 애니메이션이면서도 많은 생각을 하게 해 준다. 꼭 봐라.  
20170430,10,가정의 달 최고의 영화!!! 남녀노소 모두 즐길 수 있는 포인트가 많아요>_<  
20170430,10,앜 ㅋㅋㅋ 또봇 ㄹㅇ 밥됴듁아니냐?  
20170430,10,스토리 영상 모두 굿극장판퀄리티합니다  
20170430,10,리모의 아들 사랑이 엄청납니다ㅠㅠ우리 리모ㅠㅠ  
20170430,1,극장판이더만 티비판이랑 다를게 없잖아  
20170430,10,첫 부분 지하철충돌 막는거보고 소~~~~름!진짜 잼있게 잘봤습니다역시 디룩은 개그캐릭이라는거 확실히 느꼈네요ㅋ근데 영화끝나고 도운아저씨 혼자이야기하는데레드군단의 습격이라고 뜨던데이것에 대한 말이 읍던데 당연 이게 2탄으로 이어지는거겠죠ㅋ  
20170430,3,아들 둘이 팩노잼이라네요 런닝타임도 짧은데 집중도 안되고 tv에나 나올 스토리 이런걸 극장에 올리더니 졸다왔음  
20170430,10,어린이 애니는 좀 별 생각없이 보는 경우가 많은데 또봇은 생각할 거리가 많습니다.  
20170430,8,"카봇에 역전 당한 또봇이 내세운 회심의 대타, 결과는 득점 2루타  "
20170430,9,딸이랑 별기대없이 예매했는데 제가 더 좋아하며 웃고 있더군요강추!!!또봇 장난감 지르고 집에 왔습니다..  
20170430,10,정말 재미있어요 ㅜㅜㅜ!  
20170430,10,개봉첫날 초딩 1학년 아들 손잡고 가서 봤어요기다리던만큼 재미있었고 아들도 저도 또 보고싶네요...역시 애정이 가는 애니메이션이예요...  
20170429,10,아들이 보여달래서 같이갔다가 잘려고했는데 너무 재미있어서 시간가는줄 몰랐네요 마지막엔 감동적이라 눈물마져 ㅠㅠ 아들과 아빠가 같이보시길 추천합니다!2  
20170429,8,아빠들의  삶의 무게를 볼수 있고 어린이한테는 아빠의 소중함을 느끼게해준다  
20170429,10,저는 웬만한 헐리웃영화보다 더 재미있게 봤습니다아이들영화라고 우습게 볼게 아니네요좋은영화만들어주셔서 감사합니다시리즈로 계속 보길 바랍니다  
20170429,10,기다린 보람이 있었어..ㅠㅠ또봇 계속 방영해주시면 안되나요?ㅠ오랜만에 본 또봇들 넘 반갑더라ㅠㅠ애슐론보다 난 너희들이 더 그리워ㅠ  
20170429,10,아이랑 보러갔다 제가 더 재밌게 봤네요^^ 6살아이한텐 좀 어려운 내용이예요~  
20170429,10,정말 잘 만들어진 작품이었습니다. 우연한 기회로 보게되었는데 어른들도 함께 공감할 수 있는 작품이라고 생각될만큼 의외의 좋은 발견이었습니다. 앞으로도 또봇의 극장판 기대할게요!  
20170429,10,"초5 아들이 어릴때부터 또봇을 그렇게 좋아하더니, 이번에 극장판한다고 같이 보러가자고 조르길래 같이 봤어요~ 기대안했는데 생각보다 훨씬 재미있었고 아들도 이때까지본 또봇중에 제일 재밌었다고 대만족이네요  "
20170429,10,"또봇을 알고 보면 더더 재미있는 영화! 만약 또봇을 모른다 해도 내용을 이해하는데 어렵지 않아요. 오히려 재미있어서 아이들도, 어른들도 집중해서 보게 만들 수 밖에 없더라고요. 단순히 아이들만의 영화가 아니라 어른들도 즐길 수 있으니 꼭 보세요!  "
20170429,10,너무 재밌어요 아이들 어린이날 선물로 너무 좋을것같아요~~!!  
20170429,10,와..대박임 여러분 진짜 이건 또봇팬으로써 꼭봐야돼요 엉엉 ㅜㅠㅠㅠ장난감사라고 광고나해대는 터메극장판과는 차원이다른 웰메이트극장판!!  
20170429,10,아들 둘  또봇보며 키웠다 볼수있어요. 오랜만에 타이탄 나와 너무 좋았구요. 애들은 또봇 멋지다하며 보고 전 아무생각없이 같이 보다 오열했어요. 저만그런줄 알았는데 후기 보니 많이들 우셨네요. 강추합니다 !  
20170429,10,아빠와 아이를 위한 영화이니 연휴때 아이들과 보러오시면 좋겠네요  
20170429,10,어른도재밌다!!!!  
20170429,10,역시 또봇!!!아이와 같이 봤는데 아이는 물론이고 제가 너무 감동해서... 울고 나왔네요ㅜㅜ 스토리짱ㅜㅜ  
20170429,10,한국판 어른제국의 습격이다  
20170429,10,인생 명작 입니다. 레트로봇 감사합니다ㅜ 보면서 엉엉울었어요. 대한민국 역사상 가장잘뽑힌 극장판이라고 말하고 싶을 만큼 감동적이였습니다. 또 보고 싶어지네요....  
20170429,10,이 영화를 나 자신에게 선물합니다... 으흘ㄹㄱ흙릏렁헝헝  
20170429,10," 국산 아동, 로봇 애니인데도 스토리가 너무 탄탄해서 놀랐습니다. 기승전결 완벽하고 중간중간 개그도 너무 웃겨서 계속 웃었습니다. 왜그러지 의문가질수있는것들도 납득가는 이유를 붙였고요, 무엇보다도 로봇의 매력을 너무너무 잘 살려서 재밌었습니다!  "
20170429,10,웃기고 귀엽고 감동적이고.. 재밌었어요ㅜ  
20170429,1,티비판이랑 다를게 하나도 없는 쓰레기 내용  
20170429,10,"정말 학생, 어른도 재밌게 볼 수 있는 영화입니다!!! 스토리도 정말 좋고 감동적이에요 펑펑 울면서 나왔습니다ㅜㅜ 또봇 화이팅!!  "
20170429,10,휴가떄 조카보여줘야지..  
20170428,10,"2017년 국산 애니 TV시리즈 극장판중 가장 5월의 가정의날에 적합한 월메이드 애니메이션 어린이,청소년,가족들도 함께 볼수있는 가족애니메이션입니다 역시 레트로봇입니다 성공하여 또봇 20기를 제작에 기원합니다 점박이 한반도의공룡 이후의 감동애니입니다.  "
20170428,1,개봉한거아닌가요?왜예매가안돼죠?ㅜㅜ낼이주말인데ㅠㅠ  
20170428,8,수년 동안을 기다린 보람이 있었습니다. 또봇 팬들이라면 오랜만에 초심으로 돌아갈 수 있는 작품이라고 생각해요.  
20170428,10,애들 데리고 봤다가 눈물 줄줄 흘리고 본 만화영화는 처음입니다. 스토리 정말 잘 썼어요  
20170428,10,"보고 오열하고나왔습니다 ,,  전연령 다들 즐겁게 즐길수있는것같아요  감동최고... 또봇사랑해 제작해주셔서 너무 감사합니다!! 좋은 추억 생겼네요^_^!!  "
20170428,10,오랜 시간동안 목빠지게 기다린만큼 길고도 짧은 80분을 보냈습니다! 때로는 웃고 때로는 울고 정말 행복했습니다! 포기하지 않으시고 끝까지 제작해주신 제작진분들께 감사의 인사를 드립니다! 정말 감사합니다ㅜㅜ!  
20170428,10,어른들이 봐도 재미있네요. 물론 애들은 넘 좋아하구요  
20170428,10,정말 또봇을 극장에서 볼수 있는 것만으로도 아이들 감동먹었어요 재미도 넘치고 감동까지 있는 영화!!  
20170428,10,사촌 동생 데리고 갔다가 입덕했습니다. 어른들도 재미있게 볼 수 있는 애니라더니..ㅋㅋㅋ 또봇 흥했으면 좋겠어요!  
20170428,10,조카 사랑 폭발!  완전 까칠한 조카인데 이영화로 마음 활짝 열어주네요 ㅋㅋ 감사합니다 추천하고 다닐게용 ㅋㅋ 어린이날 최고의 애니메이션 !!  
20170428,10,가족끼리 보러갔는데 다들 재미있게 보고왔습니당ㅎㅎ 잔잔한 감동도 있구요  
20170428,10,"한국적 요소가 고스란히 녹아있고 아이도 어른도 만족할 스토리,눈을 즐겁게 해주는 시각효과,깨알같은 개그코드로 웃음을 짓게 만드는 작품입니다.원작안보시고 보셔도 재밌어요!!물론 보신다면 1-9기 보시는 걸 추천드립니다(유튭공식채널)대박나길 기원합니다!  "
20170428,10,엉엉엉 진짜 재밌게 봤습니다... 누가 또봇이 어린이용이라 그랬어!!! 보면서 눈물 한바가지 쏟고 나왔습니다...  
20170428,10,또봇 극장판 최고의 선물이에요~ 어른이도 좋아합니다 감동감격감탄이 절로 나와요ㅎㅎ  
20170428,10,끝에 좀 먹먹하더라구요 중간중간 웃기도 하고 재밌게 잘 봤습니다  
20170427,10,애기들: 우와 또봇 트랜스포메이션!! 우와!어른들:흙흙흐흙흙으어허허ㅓ허어엉ㅜ.ㅜ  
20170427,10,어린이 애니에 대한 편견을 없앤 연출과 스토리라서 재미있게 봤습니다. 그동안 또봇을 본 팬들에게 뜻깊었고 다시한번 보고싶윽 영화였습니다! 상영 오래했으면 하는 바람입니다ㅠ  
20170427,10,최고에요! 어린이 친구들 어른들 손잡고 꼭 같이 보러오세요!  
20170427,10,아이가 한시도  눈 떼지않고 잘봤어요 재밌네요 ㅎ  
20170427,10,휴지랑 손수건 챙겨가세요  
20170427,10,몇년을 기다렸는데ㅠㅠㅠㅠ흐뮤흐뮤 드뎌 봤다ㅠ (오열) 우리 같이 트렌스포메이션!!  
20170427,10,ㅠㅠ아 너무 재밌게 잘 보고왔어요.'최근 또봇 재미없지만 의리로 한번 봐줘야지'하고 갔는데 열번 스무번 보고싶네요! 완전 행복해  
20170427,10,좀흥미지진에 스펙타크입니다  
20170427,10,"또봇을 본 적 없어도 재미있게 볼 수 있고, 봤던 사람들이라면 정말 강력 추천합니다!! 아이 어른 할 것 없이 또봇 특유의 재미와 감동을 잔뜩 느낄 수 있어요. 가정의 달을 맞아서 부모님(특히 아버지)과 아이들이 함께 보면 더없이 좋은 작품이에요ㅎㅎ!  "
20170427,10,눈물 찔끔.. 짠내 폭발! 애니메이션 치고 스토리가 탄탄하네요! 재밌어요! 감동은 덤!  
20170427,10,극장판답게 스케일도 크고 스토리도 따뜻해서 보는 내내 재미있게 봤습니다^^  
20170427,10,교회 유초등부 애들이랑 같이 봤는데 재밌다고 난리난리... 어린이날 추천각입니다ㅎㅎ  
20170427,10,조카들이 너무 좋아해서 로봇도 사줬어요 ㅋㅋㅋ 어린이날때 같이 또 보러갈 예정! 어른들이 보기에도 꿀잼이었어요  
20170427,10,아이들이랑 정말 즐겁게 봤어요! 너무 좋아하고 정말 재미있다고 하더라구요  
20170427,10,오래 기다렸는데 드디어 보고 왔어요ㅋㅋ 아이들이 너무 좋아합니다 이거 보여주고 영웅 되었어요.. 이것은 대한민국 부모들과 조카바보들을 위한 애니메이션입니다 제작진들 사랑합니다  
20170427,10,조카들 진짜 아침부터 난리남.. 같이 봐줬는데 스토리도 꽤 좋고 재밌었음 ㅋㅋ  
20170427,10,사촌동생이 짱좋아했어욬ㅋㅋ귀여운영화  
20170427,10,조카랑 같이 봤는데 이야기가 탄탄해서 저도 정말 재밌게 봤네요!!  
20170427,10,5월에 아이들 데리고 보기 딱 좋은 애니메이션이었어요  
20170427,9,오랫만에 보는 한국애니. 한국의 정서가 담겨있어 좋았6다!  
20170427,2,목소리연기가 다들 어색해서 좀.... 제대로 된 성우들 씁시다.  
20170427,1,어린이 대상이아닌 디즈니같은 애니메이션을 보고싶다  
20170427,10,"몇년을 기다렸는데.. 드디어 개봉!! ㅜㅜ 또봇을 보신 분도, 이번 극장판을 통해 처음 보시는 분도 모두 즐길 수 있는 영화라고 생각합니다. 다시 한 번 좋은 작품 만들어주신 제작진 여러분께 감사드리고.. 또봇 꼭 흥행했음 좋겠어요!! ><  "
