0,1,2
20180107,8,관람객주말마다 울아들이랑.. 재미있네요.ㅎㅎ  
20180105,7,관람객애들이랑 보기에는 그럭저럭  
20171230,4,관람객그런대로 볼만하네요..너무 기대했나봐요~~  
20171229,5,관람객그냥 그래요 아이들이랑 보려고 그냥 예매했네요  
20171228,7,관람객아이들이 재밌게 봐서 즐거우네요  
20171217,6,"다들 재밌으시던가요.. 사람들마다 다르겠지만 적어도 저와 아이, 그리고 그 공간 함께했던 영화보러 오신 분들은 끝나고 다들 벙한 표정이었어요. 진심 후기는 솔직히 해 주셨음ㅠ  "
20171210,5,"관람객뮤지컬 영화라 그런지 어린 아이들이 보기엔 지루한 감이 있네요.. 악당 캐릭터가 무서워 보여서 아이가 눈 가리고 봤는데, 끝에는 재밌었다고 하네요~!!  "
20171123,9,정의가  이기는데  내용이 우스꽝스럽군요.덜렁이도 해낼 날이 오는 것인가요.  
20171113,1,관람객내용도 부실하고 노래며 그림체며 다 별로에요진심 돈아깝던데요  
20171112,9,관람객아이들이  재미있게 보았어요  
20171112,9,관람객재미있게 봤어요~~~~  
20171110,8,관람객초반. 흥미진진~ 후반부가면서 아이가 견디지못하고 나왔어요  
20171109,2,관람객아주 별로 별로 네요 유치부 아이들 싫어해요  
20171108,8,관람객아이들이 재밌었다고 하네요슬픈 내용도 있고 흥미로운 내용도 있고ㅋ잘봤어요  
20171107,5,관람객딸이랑 봤는데 잼 있었음..  
20171105,4,관람객유아용 B급 영화? 그런데 애들은 조아하네요  
20171105,8,관람객노래도 같이 더빙되었으면 더 좋았을뻔  
20171105,1,평점보고 봤다가 폭망한 애니. 내용도 앞뒤연결안되게 생뚱맞고 인물들이 모두 무섭게 묘사되어 애들도 무서워함.보겠다는 사람있다면 그 돈으로 짜장면이나 사먹으라고 하고싶을 정도. 절대비추함  
20171104,5,관람객그럭저럭 잼있어요 아이들은 좋아해요  
20171103,9,관람객재미있어요   추천해주세요  
20171103,8,관람객4살아이와 봤는데 엄청 잼있어하네요^^  
20171101,8,관람객재미있게 웃으며 관람 했어용.  
20171101,5,관람객아이들과 같이 봤지만 겨울왕국이나 보스베이비 같이 임팩트있는 애니메이션은 아니었던것 같다.엄청 기대하고 봤으나 생각보다 기대이하.평점은 그냥 soso  
20171101,8,관람객아이들이 좋아합니다아이들 시점으로 만든 애니라서 좋군요  
20171031,1,"6살 아이와 함께 봤는데, 비난하거나 기분 나쁜 말, 때리거나 떨어지는 폭력성이 다분했습니다. 웃기려고 억지스럽게 행동하거나 충분히 공포스러울 만해 보는 내내 불편하거나 걱정스러웠네요. 지금까지 본 애니메이션 중 최악이라 강력하게 비추에요.  "
20171031,8,관람객5세 딸이 재미있게 보고왔어요  
20171031,10,관람객음악도 좋고 어른들은 지루할지 모르지만 애들은 계속 웃고 즐겁게 상영했어요  
20171031,10,역시 동물 나오는 애니는 평타이상은 하는거 같네요.오소리 배저로가 귀여웠습니당  
20171031,10,듣기 좋은 OST와 천방지축 캐릭터들의 신비한 모험이 매력있는 애니메이션 이었습니다.볼만한 뮤지컬 애니였네요.  
20171030,10,톡톡튀는 캐릭터들이 한눈에 들어오는 애니였습니다. 독특한 설정과 캐릭터들의 아기자기함이시선을 끄는 애니메이션이었습니다. 하지만 대작들과는 비교하기에는 무리가 있음  
20171030,10,주말에 딸랑구 델꼬 보러갔는데 의외로 재밌더군요..  뮤지컬 애니메이션은 처음이었어요.. 특히 뮤지컬 애니답게 OST가 굉장히 듣기 좋았습니다..^^  
20171030,10,"디즈니, 픽사보다는 조금 퀄리티가 떨어지지지만 캐릭터도 아기자기하고 OST도 듣기 좋은 노래들로 가득한 애니네요.  "
20171030,10,"아이들을 위한, 아이들에 의한, 아이들로 인한 애니메이션!눈과 귀가 즐거운 음악영화였네요. 이런게 노르웨이 영화군요.  "
20171030,1,관람객내용이 어둡고 재미없어요.  
20171030,10,아이들이 또 보여 달라고 난리도 아니네요. 어른들을 위한 애니라기 보다는아이들을 위한 애니메이션이네요.  
20171030,10,그럭저럭 나쁘지 않게 봤습니다. 조금은 낯선 노르웨의 명소들도 나오고같이 간 꼬마아이들은 재미있게 봤다고 하네요.  
20171030,10,관람객아이들이 너무 좋아하네요너무 재미있게 잘봤습니다  
20171030,10,아이들이 보고 싶다 해서 무거운 몸 이끌고오랜만에 아이들과 극장에서 데이트 했네여신나라 합니당 좋은시간 보냈어여  
20171030,10,아이때문에 관람한거라..크게 기대 안했는데 재미있었어요오소리..배저로가 귀엽고 특히 컨츄리풍 음악이 너무 흥겨워서 아이가 넘 신나하네요~!ㅎㅎㅎ  
20171030,10,알록달록한 그림체와 컨트리풍에 낯설지 않은 OST들이 잘 어우러진 애니메이션 이었습니다. 아이도 집중해서 잘 보더라구요.  
20171030,1,"캬... 이걸 10점주는 사람이 있다니.. 스토리, 작화, 캐릭터, 음악 골고루 꼼꼼하게 엉망입니다. 감독 얼굴좀 보고싶네요. 보스베이비 수준 기대하고 갔는데... 상영관에 올린 배급사의 노력 혹은 인맥에 박수를 보냅니다.  "
20171030,10,관람객신나고 잼있었어요 ^^  
20171030,1,정말~ 재미없어요... 미안하지만... 돈주고 보기는 좀 아까워요 ~ 애들은 재미있었다고 하지만 겨울왕국볼때 몰입도가 아니고 주변 두리번거리고... 정말 기괴한부분도 있어요...극장서 본다고 하면 말리고 싶어요...  
20171029,6,관람객7세 아이는 잼나다고 하는데전 그냥 ㅎㅎ  
20171029,8,관람객아이들이 7서 9세 아들들인데 재미있다고 또보고싶다고 하네요 네덜란드인가 유럽쪽 만화더라구요 재미있었습니다~  
20171029,6,관람객요즘 어린이 영화가 많지 않아서 봤는데 그럭저럭 잘 봤어요뮤지컬식의 음악이 믾아 흥겨웠고 자극적이지 않아 다섯살 여자아이 잘뵜습니다  
20171029,7,관람객아들이랑 재미있게 봤어용~~ㅎㅎ  
20171029,8,관람객딸아이와 너무 즐겁게 봤습니다~^^주인공등의 입담이 절로 웃음을 자아내내요.  
20171029,9,관람객아이와 함께 보기엔 괜찮아요  
20171029,7,관람객어린이들은 좋아했어요  
20171029,9,관람객내용은 기대마시고 그냥 아이들이 좋아할법한 요소가 많아서 생각없이 아이들은 웃으며 좋아해요~  
20171029,7,관람객너무넘ㄷ재밋ㄱ니ㅣㅂ늬ㆍㅆㅇㄷㅁ  
20171029,1,차라리 뽀로로의 대모험 보는 게 낫겠다 ㅋㅋ  
20171029,10,관람객아이들의 눈높이에 맞춰서 재미있게 만들어졌어요. 우리아이가 참 재밌어 해요. 아이가 좋아하니 저도 좋네요  
20171029,10,관람객아이가 넘 좋아하네요. 노래도 좋고 즐거운 시간이었어요~~  
20171029,10,"관람객아이들 웃음이 끊이지 않았어요. 저도 간만에 동심으로 돌아간 느낌, 포크락 컨츄리송이 너무 좋더라구요. 유치원생 아이와 볼만한 애니가 없었는데.. 전 괜찮았어요!  "
20171029,10,흥얼흥얼 아이들이 따라부르기는 조금어렵지만 낯설지않은 음악들이 많이나와서 부모로써 괜찮았습니다. 캐릭터들 엉뚱발랄함도 아이들 유머코드에 잘맞은거 같습니다  
20171029,10,관람객아이가 유치원에서 친구가 봤다고 해서 봤는데 즐겁게 보는 거 같아 좋았어요. 어른이 봐도 괜찮음. 특히 노래가 너무 좋음.  
20171028,1,"돈주고 보다니, 세상 재밌는 요소를 한번에 다 때려밖겠다고 시도했는데 오히려 0보다 못한 기분.. 기괴하고.. 감동도 없고.. 내용도 없고.. 11살 동생과 함께 갔는데 둘 다 중간에 나오려다가.. 앉아서 봄.. 뮤지컬의 감동,특징,재미 하나도 못살림  "
20171028,10,애가 재밌었다고 하네요.  
20171028,1,허허...이런게 노르웨이 애니메이션...어이상실  
20171028,8,애들 데리고 같이 볼 만한 영화에요. 재미있어요. 애들에게는요.  
20171028,7,관람객친구들이 모험을 떠나는 모습이 흥미진진~악당들도 넘 재미나고 웃껴요.다양한 풍경들도 많이 나오고 엉뚱한 주인공들이 어설프지만 사랑스럽네요  
20171028,8,관람객큰아이는 재밌어하고 작은아이는 무섭다고ㅜㅠ등장인물들이 이뿌게 생긴편은 아니어서 그런가봐요  
20171028,1,6살 10살 애들이  정말 재미없대요.네티즌 평점보고 봤는데 알바들인가봐요.주위에서 누가 본다고 하면 꼭 보지말라고 말리고 싶네요.어른이 보기에도 재미없음.  
20171028,1,"비추입니다. 대충 만든 영화, 이걸 도대체 애들 보라고 만든 태도가 못마땅하네요. 이런 졸작을 수입하고 배포한 업체의 안목없음을 ..  "
20171028,2,관람객아 정말 재미없다 잠자다 왔어요  
20171028,6,관람객7세 아동이 보기에는 조금 심심했다고 할까요.. 냉정하게 조금 재미있었다고 딸아이가 말해주네요.  
20171028,2,관람객실망했습니다. 재미없어요.  
20171028,10,"추석 이후  아이들과 볼만한 게 마땅치 않았는데, 아이와 너무 재미잇게 봤네요! 노래도 좋구요! 역시 뮤지컬 영화는 극장에서 봐야 제 맛이네요!  "
20171028,10,스토리가 아이부터 어른들까지 흥미진진하고 재밌는 스토리네요!  
20171028,10,이거 드뎌 나오네요 조카들 데리고 한번 더 가야겟어요  
20171027,10,OST가 신나다보니 아이보다 오히려 제가 더 신나게 본 거 같네요. 온 가족이 함께 보기에 좋은 애니메이션 이었습니다.  
20171027,10,꼬맹이들을 위한 작품..  
20171026,2,"아이들을 위한 영화, 우리 어른을 위한 에니는 왜...  "
20171026,10,눈호강 귀호강한 재미있는 애니메이션이었어요! 아이가 웃으면 너무 즐겁게 봤네요! 노래도 다 너무 좋았답니다!!대박나면좋겠어요^^  
20171026,10,역시 동물 나오는 애니메이션은 기대 이상인듯ㅋㅋ  
20171026,10,아이들과 함께보니 신나하네요 강추  
20171026,10,아이와 함께 보러 다녀왔습니다. 아이가 원래 좀 산만한대 영화에 집중해서 보더라구요. 뮤지컬 애니메이션답게 OST가 신나고  비주얼도 괜찮습니다. 간만에 아이랑 영화 데이트 잘하고 왔네요  
20171026,8,솔직히 유치하긴하지만 얘들이랑 볼만한 영화입니다  
20171028,10,스토리가 아이부터 어른들까지 흥미진진하고 재밌는 스토리네요!  
20171028,10,이거 드뎌 나오네요 조카들 데리고 한번 더 가야겟어요  
20171027,10,OST가 신나다보니 아이보다 오히려 제가 더 신나게 본 거 같네요. 온 가족이 함께 보기에 좋은 애니메이션 이었습니다.  
20171027,10,꼬맹이들을 위한 작품..  
20171026,2,"아이들을 위한 영화, 우리 어른을 위한 에니는 왜...  "
20171026,10,눈호강 귀호강한 재미있는 애니메이션이었어요! 아이가 웃으면 너무 즐겁게 봤네요! 노래도 다 너무 좋았답니다!!대박나면좋겠어요^^  
20171026,10,역시 동물 나오는 애니메이션은 기대 이상인듯ㅋㅋ  
20171026,10,아이들과 함께보니 신나하네요 강추  
20171026,10,아이와 함께 보러 다녀왔습니다. 아이가 원래 좀 산만한대 영화에 집중해서 보더라구요. 뮤지컬 애니메이션답게 OST가 신나고  비주얼도 괜찮습니다. 간만에 아이랑 영화 데이트 잘하고 왔네요  
20171026,8,솔직히 유치하긴하지만 얘들이랑 볼만한 영화입니다  
