0,1,2
20190125,10,80분이라는 시간이 너무 너무 짧게 느껴졌네요  
20180925,10,개봉했을때 찾아 본 프랑스 감성 물씬 영화 :)  
20180602,5,말도 안되지만 순수하다... 글고 다시 예전 나의 엔젤을 느끼고 싶다면서 지가 다시 지 눈 멀게할줄 알았는데 그런 결말 아니어서 좋았다... 내가 너무 영화를 많이 본걸까?  
20180409,8,관람객영화전체적인 분위기도 너무좋고 개인적인 취향의 영화였습니다. 추천해요  
20180307,9,보이지 않는다와 볼 수 없다란 커다란 결핍을 메우는 순수한 사랑  
20180302,8,내 눈에만 보이는 매우 특별한 존재...귓가를 계속간지럽히던 속삭이듯한 대사들...파스텔톤 분위기의 아름다운 색감과 몽롱하고...몽환적인 영상미 그리고 감미로운 ost...1인칭 시점...에로틱함이 은근하게...  
20180223,7,보이지 않는 사랑의 아름다움. 묘한 매력이 시각적으로 잘 표현된 영화.  
20171229,10,남자 주인공 시점으로 여주인공이 아름답게 표현된 영상미도 좋았고 남주가 보이지 않는 다는 것을 알게되고 그것을 극복하기까지가 정말 감동적이었어요ㅜㅠㅠ  
20171228,10,"슬프고 아름다웠다,나는 이 이야기가 판타지라는것에 마음이 아려왔다  "
20171220,10,순수함의 극치를 보는 듯  
20171125,10,소리와 장면의 섬세한 표현이 너무 좋았습니다. 옛날 프시케와에로스 신화가떠오르기두하고 ..오히려 보여지는걸 너무 믿다보니 삶의 반만보게된다는말도 와닿았네요 보는내내 두근거리면서도 애잔한느낌에 좋은로맨스영화였네요^^ 너무좋았습니다  
20171110,8,유년기때까지 좋습니다. 괜한인간적?남성적?리얼리티살린다고 관음구도 넣는건 안하는게 낳았을것 같네요. 그거빼고 굿. 이미 판타지영환데 그런 흉한본성까지 리얼할 필요는 없었을거라 생각합니다.  
20171108,10,관람객아름답다 내가 좋아하는 모든것  
20171106,9,작은 오두막의 해질녘 호숫가 이야기. 시대를 타고 흐르는 이야기의 물결 속에서 사랑하는 그녀와 같이 수영한다.  
20171103,9,예쁜동화같은 영화 mon ange  
20171102,8,기발한 소재의 영화는 자칫 마무리의 탄력을 잃기 쉬운데 이 영화는 무난한 결말을 보여준다. 마음의 눈이라는 피상적 주제를 판타지 동화로 시작하여 슬픈 에로시티즘을 지나 사랑을 넘어 고귀한 삶으로 보여준다.  
20171101,8,관람객동화같은 스토리와 영상이였어요  
20171101,8,관람객보이는 것과 보이지 않는 것. 그 사이의 사랑  
20171030,5,관람객아름답지만 아쉬운 건 판타지가 주는 슬픔 때문일까.  
20171029,5,관람객영화 색감과 배우와 음악까지 모두 예뻤지만 내용 자체는 어렵다 ㅠㅜ  
20171025,10," 마들렌의 연기에 나 마저도 숨멎...매력이 어마어마해요 영상미는 말이 필요없이 좋았어요! 약간의 관음증 같은시선이 신경쓰이긴 했지만, 청소년기에서 성인으로 자란 마들렌에 대한 성적 호기심이였다면 뭐..그런걸로:)  "
20171025,7,"독특한 소재를 이용해 내면적인 사랑을 아름다운 영상으로 그렸다. 유럽특유의 영상미와 배경, 의상, 인물의 컬러가 특히 아름다웠으나... 약간의 관음적 시선과 유럽영화 특유의 불필요한 노출은 글쎄;;;  "
20171024,10,"누구든지 비로소 존재의 무게는 결코 가벼울 수 없다. 네가 아무리 흐트러지고 망가진다 하더라도. 사랑은 모든걸 치유하고 또, 파괴한다.  "
20171023,10,취향이 비슷한 친구들과 함께보면 다양한 관점을 공유할 수 있는 좋은 영화  
20171023,10,관람객재밌어요---''''  
20171023,8,"관람객내 존재가 투명할 때, 네가 있어준다면 얼마나 좋을까. 엔젤의 시점에서 영화가 보여져서 조금더 애틋했다.  "
20171022,10,"사랑을 해본 적 없는 우리가, 사랑을 하기 위해 꼭 봐야할 영화.  "
20171022,9,관람객완벽한 예술영화다!!!!  
20171022,8,"관람객몽환적인 영상미와 음악, 무엇보다 그들의 변함없는 사랑을 느낄 수 있었던 영화. 크랭크인이 올라가면서 나온 음악이 뭔지 정말 궁금하네요.  "
20171021,8,관람객아름다운영상 순수한사랑이야기  
20171021,10,관람객감각적. 환상적. 동화적.  
20171020,7,관람객천천히 섬세하게 흘러가는 영상과 시점이 몰입도가 좋았어요 아름다운 동화같은 사랑이야기 상상력이 맘에 들어요  
20171020,10,많은 영화는 봤지만 처음 보는 영화짧은 시간 내내 행복했다  
20171019,7,관람객처음으로 혼자 봤는데 나름 갠춘했어요  
20171019,9,괜찮아요. 나의 천사. 보이지 않아도 널 사랑하겠어.  
20171019,8,관람객아름답고 참신하지만. 일부 시선은 좀 불편. 그것 또한 사랑이라면 어쩔 수 없지만..  
20171019,9,완전 독특한 내용~ 투명인간과의 사랑이라..마음으로 볼수있는 진정한 사랑인듯. 영상미가 훌륭하다  
20171018,10,관람객와 저어어어어엉말아아아알  
20171017,10,관람객비현실적인 소재임에도 마치 정말 존재할것만 같은 러브스토리로 느껴졌다. 프랑스영화스러웠다.  
20171017,10,꼭보시길  다른말 안합니다  
20171016,10,프랑스를 동경하거나 좋아하거나 사랑하는 사람에게는 10점. 그렇지 아니하면 5점 이하의 느낌으로 다가갈듯?  
20171016,7,눈을 감아야 비로소 볼 수 있다는 역설이 흥미롭게 다가왔다. 동화적인 화법도 난 좋았다. 하지만 영화 속 세계관이 미흡하다는 점은 부인할 수 없다. 따라서 재미없게 본 관객이 있다면 판타지 속 세계관을 잘 전달하지 못한 이 영화의 잘못이다.  
20171016,10,10점 드림. 외국영화 블라인드와 비슷한 맥락. 동화같으며 따뜻한  
20171016,6,관람객반전없는게 반전인영화  
20171016,8,"아름다운 색감과 몽환적인 분위기로 보완된 단순한 플롯, 그리고 탄생한 판타지 로맨스  "
20171016,4,재미를 원하는 사람은 안 보는 것을  
20171015,8,관람객조금 뻔한 스토리일수도 있으나 영상미가 뛰어났다  
20171015,10,주인공 시선으로 카메라 렌즈가 움직여서 멀미가 났지만 그걸 견딜만큼 영상미가 끝내줬다.. 소녀들은 하나같이 섬세하고 아름다웠고 엔젤도.. 공감각적인 베드신까지 군더더기하나 없는 영화!  
20171015,10,"관람객영상과 연출이 놀라웠어요, 이런 영화를 볼 수 있다는게 행운이었습니다.  "
20171015,5,유년기까진 좋았는데...아쉽다  
20171015,1,유치하고 전개도 흐지부지하고 마지막엔 헛웃음 나옴...동화 찍냐? 하 내 8000원  
20171015,9,관람객신선한 소재 그런데 몰입하기에는 조금 아쉬운 전개  
20171015,8,관람객눈 감을 때 느껴지는 것들.  
20171015,9,관람객판타지적 요소가 아쉬웠지만 연출이 대박  
20171014,4,"보는내내 시신경이 투명하면 아무것도 안보일텐데, 눈꺼풀을 닫을 수 없을텐데, 계속 알몸인건가, 음식을 먹으면 음식물과 똥까지 다 보일텐데, 무슨 돈으로 먹고 사는건가 하는 현실적인 생각땜에 집중이 안됐다 너무 비현실적인거 싫은사람은 비추ㅜ  "
20171014,9,"관람객스토리 전개가 조금 뻔했지만 투명인간과 시각장애인의 사랑이라는 배경이 특이하고 투명인간 표현, 카메라 각도가 되게 좋게 느껴졌어요. 내가 주인공인 것처럼 느껴져서 감정몰입이 잘 됐음  "
20171014,9,"영상미에 일단 반하고, 엔딩크레딧 후엔 내 사랑을 되돌아보게되는 영화. 어설픈 연애지침서보다 이 영화한편이 나음!  "
20171014,4,관람객영상은 멋지나 내용이 너무 허무맹랑하며 비과학적이고 지루한 감이 있음.  
20171014,10,"신선하고,몽환적이고,아름답고,눈물나는영화..  "
20171014,10,독특한 애정작품이군..  
20171013,10,스스로가 존재하지 않는다고 생각할 정도로 무기력한 사람들이 봐줬으면 하는 영화  
20171013,1,영화선택 계속 실수ㅡㅡ  
20171013,7,Mon Ange...  
20171013,10,진정한 사랑을 느낄 수 있는 영화였다. 보는 내내 촬영 기술 참신함에 감탄함 ㅎㄷㄷ  
20171012,10,가장 시각적인 매체로 가장 촉각적인 이미지를 포착한다.  
20171012,8,눈감으면 더욱 선명해지는 영화입니다. 또한 솔직하면서 순수하구요. 영화 속 나오는 곡들도 너무 좋은데 언제쯤 나올까요 기다려집니다  
20171012,10,사랑은 사랑이다.. Love is Love  
20171012,10,여러분 사랑하세요 엔젤이 만병통치 #마이엔젤 #연애뽐뿌영화  
20171012,10,이 시대 가장 특별한 사랑 이야기. 투명인간과의 사랑이라... 내 남친도 투명인간이어서 지금 안보이는거지?....  
20171012,10,영상미 갑... 간만에 프랑스 영화 감성 제대로 느낄 수 있었음  
20171012,10,"앞이 안보이는 소녀와 투명인간 소년의 사랑이야기라는 후킹한 소재를 감성적인 터치로 그려내서 좋았다. 대부분 이런 소재는 SF 장르에서나 볼법한데, 로맨스여서 좋았다는....  "
20171012,10,섬세한 영상미 ... 여성 촬영감독이 찍었던데 그래서 그런지 사랑에 빠진 마들렌의 표정들이 다채로워서 좋았다  
20171012,9,가슴으로 느껴지는대로 사랑하라  
20171012,4,투명인간 이라는 점을 감안해도 관음적 시선이 굉장히 불편했음. 사랑의 순수함을 보여주고자한거 같은데 많이 부족함. 돈 다내고봤음 후회크게했을듯  
20171012,10,"사랑을 사랑으로 보여주는 영화.   티없이 사랑하는 시선, 사랑받는 시선을 즐길 수 있다.  투명인간 소재로 영화는 못된 욕망없이 순수하게 쏟아낸다.  "
20171012,8,괜찮은 영화일것 같아요!! 봐야겠네요!!  
20171012,10,꼭 봤으면 합니다. 나의 엔젤  
