0,1,2
20190111,8,소세키 작품을 영화로 만들다니 뜻밖이고 반갑네요.  
20190109,10,홍상수 영화를 좋아하는 취향이라 저는 재밌게 봤습니다.김민희가 뮤즈로 나오고부터 영화가 재미없어지기 시작한건 사실. 김민희를 영화에서 제발 빼고 다른 배우 써주셔야 영화가 발전할 수 있을거 같음  
20190106,1,안봐도 쓰레기가 만들어낸 쓰레기 영화겠지  
20190103,8,"항상 사람들은 근시안적이다. 이름 모를 헐리웃감독이 만든 영화는 감독의 뒷배경도 모르고 관심도 없는 채로 잘보면서, 이럴땐 마치 정의의 사명이라도 가진 양 영화는 보지도 않고 악평이네. 한심하다  "
20190103,3,흘러가는~의미없는~  
20190102,1,"그러니까 말하고싶은건 '자신을 속이지마라. 사랑이란 것, 실체는 없지만 느낄수있다. 사랑이란 믿음으로 아무도 우리를 막을수없다' 라는거같은데  사랑과 믿음이란 주제로 자신들이 행하고있는 불륜을 정당화하려고 만든영화같네요^^ 쓰레기감독의 쓰레기영화.  "
20181230,1,홍상수 나이처먹고 와이프랑 딸버리고 불륜이라니...  
20181229,6,그래도 재미는 있으니까.  보긴하는데...   홍상수 영화엔 항상  자기 관념에 빠진 주연배우들의 말다툼이 섞여 있어서 잠.. OO같다는 생각이 들어 그러면서 그냥 인간다우니까 그리고 평소 술자리에서 자주 나오는 말다툼에 그냥 재미를 느낀다. .  
20181227,10,삶을 담담하게 그려냈네요.  
20181225,1,"그후에도 떳떳하지못하니 궁색한 자기 변명만 늘어놓는구나.,.ㅉㅉ  "
20181224,1,영화가 뭔 죄다 똑같냐 ? 비슷한걸 몇개나 쳐 만드는거야지맞틀 부터 해변에서 클레어  그후 강변.. 드라마 찍냐?  
20181224,1,홍 상수 님 다행이 당신의 재능은 당신의 추함을 넘지 못하네요.  
20181224,1,권해효 아주 위험 인물입니다.조총련에 돈 대주고  있는 놈 입니다.  
20181224,7,비열함과 찌질함으로 버텼으나 그후가 힘들다.  
20181201,7,"홍상수식 영화. 평범한 대화,어색한 상황,관객들의 판단에 맡기는 심리묘사  "
20181119,7,변명도 이쯤 하면 예술로 쳐줄만 하다.  
20181028,7,소주 참치캔 그리고 짜장면  
20181025,7,홍상수 스타일은 여전하지만 이 영화는 뭔가 좀 다른 점들이... 시공간적 모호함. 현실과 꿈과 상상의 흐릿한 경계 등이 잘 안보이네요. 게다가 홍상수영화에서는 보기힘들었던 ‘정직한’ 플래쉬백까지...  
20181020,10,정말 재밌게봤습니다! 홍상수 감독님만이 할수있는 영화!  
20180918,8,"좋은 영화이다. 술로 인해 사람들의 감정의 끝과, 사람들의 추악함까지 끄집어 내는 그의 실력. 그것을 끄집어 내어 아름다운 대사로 풀어내는 감독님의 실력. 다시 한 번 감탄하고 갑니다.  "
20180827,8,"늘 그렇듯 인간의 감정, 특히 찌질함에 대한 이야기. 택시 안 김민희의 모습은 빛난다.  "
20180827,6,그때는틀리고 지금은 맞다 2  
20180822,6,딸을 보고 인생을 포기하지 않은 상수형.. 당신의 인생은 당신 자신의 것.  
20180815,1,불륜상수우웩드러웡어어엉  
20180814,7,그의 눈먼사랑. 김민희만 이쁘고 착해  
20180808,6,홍상수 영화의 전형적인 캐릭터와 시간의 혼재. 김민희와의 관계에 대한 홍상수의 생각도 톺아볼 수 있으려나 기대했지만.  
20180807,10,왜 이렇게 저열한 윤리의식을 아무데나 뒤집어 씌우는지....  
20180803,8,권해효 김민희 두분 연기 잘하심 ㅇㅈ  
20180726,10,"보다가 중간중간에 끄고 생각하게 만드는 영화다.너무 리얼해서, 너무 고차원적이어서.  "
20180703,10,"""모든 것은 빛난다"" 오랜만에 다시 되뇌고 있네요.. 좋네요. 정말 좋아요.. 아직 느낌만 갖고 있을 뿐 어떻게 구체적으로 이 좋음으로 표현할 ㅅㅜ 있을지 모르겠지만.. 그냥 좋아요.. 정말 좋은 영화!  "
20180628,3,방식과 작법의 한계에 도달한 듯 함.  
20180627,9,구질구질한 매력을 발견했다  
20180606,6,김민희때문에솔직히 이영화보았다솔직히 영화.무덤덤하게봤다김민희 홍상수 같은 위험한사랑 해본적있나?난 없다. 잘못된걸알면서  위험한사랑을하고있는 두사람 한편으론 씁슬하고한편으론멋있다. 해피엔딩이길..  
20180530,7,여전히 홍상수영화는 매력있고 몰입감이 있다.그 재능을 자기 변명애 가까운 이야기로 채우고 있다.그냥 불륜도 사랑이라고 불륜 미화영화나 제대로 만들었음 한다.  
20180527,10,관람객나쓰메 소세키의 그 후를 읽어볼래요  
20180522,6,여전한 홍상수식 변명...  
20180516,1,홍상수는  김민희랑 밤길 산책할때  불량배가 덤비면  김민희   내주고  냅다  도망칠거 같다.그리고 나서  나중에   엄청  유식한   말로   자기 합리화 할거  같다. ㅎㅎ   죽도록  패고싶은 케릭터다.  
20180414,8,그후에 이어지는 잊혀짐이 날로 매섭다.  
20180413,7,김민희씨 목소리가 헬륨가스 마신것같아서 좀 아쉽습니다. 평소 목소리 맞나요? 어색해요ㅠㅠ  
20180412,1,그닥 잘 모르겠음...!  
20180410,8,그렇게 해서 김민희와의 사랑이 시작되었다는건가...  
20180406,10,"홍상수는 사람에 대해 뭘 좀 아는 사람같다... 김민희의 연기는 객관적으로 잘한다 못하다 말할 수는 없지만, 이 영화에서는 독보적으로 빛나는것은 분명하다. 흐트러진 상황을 정리하고 더러워진 상황을 정화시키는 그 무엇... 위력적인 캐릭터다...  "
20180330,10,메갈여시돼지들이 와서 테러하고 갔나 보네  
20180320,9,홍상수 영화에 결국은 없다  
20180319,6,와 롱테이크는 인정해주자지린다 ㄷㄷ  
20180319,6,김민희 연기 자체만 논하자면.  연기 잘한다 천연덕스레.  
20180311,8,미화하거나 변명하지 않는 뻔뻔함이 홍상수의 매력이다.  
20180310,10,니들은 얼마나 깨끗하게 살길래ㅎㅎ남의 인생을 평하냐  
20180309,1,영화가 맨날 똑같은 듯... 이제 지겹네요  
20180218,1,어휴 이것도 영화란다 ~~  
20180214,1,속을 보여주는것처럼 속이는 비겁하고 치졸하고 추한 저저분한 영화. 자기들 얘기 그대로 보여주면서 쉽게 영화만든다.  
20180212,6,혼자 조용히 불끄고 보는정도? 사람은 색안경을끼고산다 특히 감독 배우의 잘못된걸 아는관객은 색안경을 끼고볼수밖에없는거같다 내가 그러하다  
20180209,1,소재가또불륜불륜밖에모르는불륜바보  
20180207,1,이쯤되면 영화배급해쥬는 사과해야한다.이현주 감독 연애담 배급사가 영화배급에 대해 부끄럽다고 공식사과했듯이...  
20180203,2,괜히 한년충이란 소리가 나오는게 아니다 홍상수 발톱의 때만도 못한것들이 욕이나 지껄이네ㅋㅋㅇㅋ  
20180202,1,난 남자라 개인적으로 감독의 개인연애사에 대해 전혀 나쁜감정도 없고 오히려 공감하기도 한다. 근데 그냥 단순히 김민희좀 그만써라 질린다 질려...다른 여주좀 봤음 좋겠다. 영화가 개인이야기를 쓸순있지만 사유물은 아니잖아..  
20180202,1,풉이라는 글자가 한글자라 작성이 안된대^^  
20180127,1,신인이 만든거라면 호감 갔을거다. 딱 그 정도 수준이라는 거다. 단순한 서사. 서사를 돋보이기 위한 흑백. 신인이라면 이 정도 머리 쓴 연출에 가능성을 보았을 터.평론가라는 사람들 외국평론가들을 좀 답습하길 바란다 딱 한국 수준이다. 영화도 평론가도.  
20180109,8,관람객하나님 뜻대로 하옵소서 미투다  
20180105,10,관람객김새벽은 좋은 배우이다  
20180102,7,그렇게 우리는 살아가는가 보다. 이유는 모르는 채로 순간순간의 결정에 따라 비겁하고 행복하게...  
20171228,5,관람객대상에 대한 동경이 느껴진다.  
20171226,7,그냥 이혼하고 만나면 안 되나?  
20171219,10,12344557898  
20171218,10,좋습니다.  홍상수 영화 재미있어요  
20171216,5,자꾸 변명으로 보이는건 나뿐인건지..  
20171215,1,단편영화중 이정도수준은 넘쳐흐른다  
20171211,10,사과 톡톡톡 트로피카나~  
20171211,2,영화 멍미 노잼 시간아깝  
20171209,7,동어반복도 계속하면 거장이 된 케이스..  
20171207,3,알지? 왜 3점인지 초반에부터 ㄴㄴ야  
20171204,9,관람객중간 중간 빵 터졌다. 진지하고 슬프지만 피식 웃음이 나온다. 인생은 가까이서 보면 비극이고 멀리서 보면 희극이라는 말에 어울리는 영화인듯 하다.  
20171203,10,개인적인감정을 영화평점에다가 쓰는 한국인 찌질한 클라스에 감탄하고 갑니다!  
20171130,4,"하하하, 북촌방향, 지금은 맞고 그때는 틀리다, 해변의 여인 등등. 다 재미있었는데 '당신과 당신 자신의 것' 이후론 완전 삼류 영화라는 느낌이 들 정도다. '당신과 당신 자신의 것', '밤의 해변에서 혼자', '그 후  "
20171130,7,"관람객홍상수,우리가 알던홍상수가돌아왔다  "
20171123,1,상수야~ 영화라는 매체로 더 이상 니 배설하지마라...  나도 영화한 사람인데... 더 참기 힘들다  그후부터다  
20171119,8,홍상수 영화 중 가장 유쾌했다.  
20171119,7,홍상수 감독의 영화는 처음이다. 그냥 평범하고 소소한 드라마 . 권해효 김민희의 연기가 좋아서 다행이었다.  
20171117,3,엥? 왜 18금이지? 바람피는 내용이라서 그런가???  
20171111,10,김민희는 아름답다. 화를 내도 술에 취해도 불륜을 저질러도 아름답다. 그래서 10점을 준다.  
20171111,9,관람객지금 이 순간을 살며 사랑하며  
20171111,1,홍상수 이 영화 너무 .... 쓰레기야 .... 악마 맞아 당신 ... 기본 상식이 너무 뒤틀렸어. 부끄러운걸 당연하게 맞다고 생각하고 있어. 너무 실망스럽다. 창피한 걸 모르건 동물 아닌가요 ?  
20171110,8,이 영화를 통해서 홍상수 감독 영화의 재미를 제대로 느끼기 시작했음 ㅎㅎ  
20171110,1,딱 지같은 내용만 써재끼네  
20171106,3,대가리 속에 이런 생각만 꽉차 있으니 이런게 나오지  
20171104,8,관람객500원때문에 쓰는 평점  
20171103,10,틀딱들 열폭해서 평점 낮추고 여기에 적혀야할게 뭔지도 몰라버리기 못배운티내버리기. 니들이 아무리 흥분해도 홍상수랑 김민희 상 잘받고 탱자탱자 잘살아요 니들 인생보다;가엾은 인생 총출동해버리고요~  
20171102,1,감독도 모르고 보다가 홍상수 작 아닌가 검색했더니 역시나.  
20171102,7,관람객변주가 계속되면  그건 더이상 변주가 아니다.  
20171028,8,홍상수의 처절한 자기 고백.  
20171022,10,"""지성은 비열하지만 어리석음은 솔직하고 정직하다"" -도스토에프스키-    비열한 지식인이 만들어가는 어리석지만 진솔한 영화 '홍상수'  "
20171016,10,"관람객그 후, 김민희가 밟은 첫눈 발자국  "
20171016,6,"홍상수 감독의 그 어떤 영화보다 자신을 적극적으로 드러냈던 작품, 책으로 막힌 권해효의 샷에서 숨이 꽉 막혀오더라.... 홍상수 감독의 작품을 보면 사랑을 그렇게 갈구하면서도 사랑으로 끝내 채워지는 법이 없으니 정말 필요한 건 사랑이 아닐런지도...  "
20171012,8,"믿음, 사랑,오해...시간이 지나면 희미해지는 기억들. 다 부질없다.  "
20171011,9,권해효의 재발견. 비겁한 남자가 흘리는 눈물  
20171011,9,여자의 촉은 무섭지... 결혼하기가 두렵다  
20171009,6,관람객나쁘지 않았지만 크게 좋지도 않았네요  
20171007,1,더럽~!걍 더럽~! 아내 자식 버린넘이 뭔들 제대로 하겟냐마는..  
20171007,6,서교동 출판사 사장 신입여직원따먹기편이네 리얼리티 쩐다  
20171005,5,관람객지루하고 루즈하고 정말 재미없다  
20171004,10,관람객재밌는 인생 사랑 그리고 이별입니다  
20171003,3,홍상수의 편파적인 일기장(일기는 일기장에 써라. 이것은 명언이다)  
20171002,8,관람객분위기가 좋아요. 김민희 배우님 계속 보고싶어요.  
20171001,9,아진짜 권해효랑 진짜 불륜하던 여자 지보다 김민희 이쁘니까 위기의식 느끼더니 지가 저지른 똥을 다 덮어씌워버리네.아오 실체와는 상관없이.느낌만 가지고 사람하나 보내버리는 꼬라지를 보고있자니 내가.다 억울하다  
20170929,1,"베댓에 바람 피는거 옹호하는 것들은,  남자가 주인공이라 저러는 건가.ㅋㅋ 괜히 한남충이란 말이 나온 게 아니다. 여자는 소리만 질러도 혐오하고, 그딴게 베댓가는데 ㅋㅋ 남자망신 다 시키늗 새기들  "
20170925,1,영화 그만 만드세요. 0000  
20170918,8,"홍상수 영화는 보기전 특유의 분위기가 나를 긴장시키게 만든다. 또 얼마나 사람의 드러내기싫은 부분을 시원하게 밝혀 줄 것인가..그런재미로 ㅋ 불륜이라는 드러운 소재,나는 싫지만 또 보고있구나!  "
20170918,10,관람객ㅇㄱ함 잼다 잼다 ㅈㅈㅈ  
20170918,10,적어도 두 번은 봐야 한다. 더할 나위 없이 아름다운 영화  
20170917,8,우리선희 이후로 몇년동안 나온 영화중 가장 예전의 홍상수다웠던 영화라고 생각합니다.  
20170917,9,"관람객김민희가 택시 타고 가면서 창문을 열어,눈 구경하는 장면이 좋았네요  "
20170914,3,김민희:  정말요? 권해효:  그래요?  
20170912,10,권해효 웃김 ㅋㅋㅋ 홍상수 영화는 뻔뻔할지언정 뻔하진 않아서 재밌음  
20170911,8,관람객비겁함을 비겁하다고 이야기하지 못하는 사람. 그리고 자신의 비겁함을 인정했을때 무너지는 모습. 따스한 척 웃음으로 가려버린 비정함.  
20170909,8,불륜을 소재로한 한편의 시츄에이션 코미디 같다. 배우들 연기 역시 좋았다.  
20170909,3,"좋았던 부분도 나빴던 부분도, 있는 영화.  "
20170907,6,관람객기억에 남는 부분이 이전작보다 훨씬 적었다.  
20170907,7,관람객반복되는 홍상수 작품.  
20170906,10,관람객홍상수 영화는 그 어떤 영화보다 해석하거나 평을 남기고 싶지 않다. 그냥 영화 자체로 자연스럽고 그 안에서 발견해 나가는 것을 그대로 가져가고 싶다.  
20170905,8,관람객다시 돌아온 홍상수의 재미  
20170905,7,관람객아름다운 김새벽 아름다운 김민희 토 나오는 냄저  
20170904,7,관람객홍상수 얼리 작품의 느낌 돌아오기  
20170903,10,관람객그후 그후 그후제목이뭐그리중요한가요  
20170903,5,상수는 정말로 민희를 좋아하나벼. 붕 떠 있네. 문제는 민희 맘인데..  
20170903,10,다필요없고 마지막 짱깨 존내맛있겠다  
20170901,9,관람객있어도 있는 게 아닌 게 될 수도 있고 없어도 있는 게 될 수도 있다.  
20170831,7,관람객홍상수 영화 네다섯편 본것중 가장 실망스럽지만그래도 홍상수  
20170831,10,재밌다..심플하고 담백하고...9점  
20170829,1,최악의 영화다. . . .ㅜㅜ  
20170829,1,권해효가...주연감은 아니지..  
20170825,10,"최선을 다하는데도 결국 비겁해질 수밖에 없는, 우리들의 군상.  "
20170824,1,평범한 사람들의 이야기? 이게 평범하냐 감독이 그러니까 이런걸 평범하다고 만들고 있지  
20170824,1,김민희는 늙은놈이 왜좋을까?트라우마가잇는가?ㅎ 이런영화찍는게 작품성있다고생각하는건가? 인생은한번뿐인데...  
20170824,1,불륜은 사랑이 아니다. 죄를 짓고 있는거다.  
20170824,1,감독이나 배우하기 참쉽구만  
20170824,6,역시나 홍상수식 영화..  
20170823,8,관람객홍상수 영화 중 역대급 쓸쓸한 영화  
20170822,8,관람객집중을 하면서 보게만드는 전개로 과거와 현재가예고없이 교차하면서 이야기가 전개된다  
20170822,5,ㅎㅎㅎ영화가 웃기도록 추잡하네요. 씁쓸합니다  
20170820,5,뭔가 고루하다. 1시간반의 짧은 영화지만..시간이 안가네요..  
20170819,8,"관람객그래, 이 맛에 홍상수 영화 본다!  "
20170819,1,영화 그만 찍어주시면 안 되나요?  
20170818,3,"그냥 후짐, 왜 흑백으로 한거~  "
20170818,5,주연배우가 계속 똑같아요...ㅎㅎ속편맞네요....  
20170818,9,난 아니라구 하지만  내가 그렇게 살고 있다~~  
20170818,10,남편 딸린 유부녀들 여기와서 부들부들거리네ㅋ 니들 남편 관리나 잘하세요. 남의 애정사에 대가리 쳐박고 기웃거리지말고. 그렇게 인생이 불행하냐?  
20170817,7,그냥 볼만하던데 뭐...  
20170816,7,"웃기긴 진짜 개웃기다. 왜사세요? 드립 뻔뻔하시내요 드립 진짜 여전히 찰지지만,  소재는 여전히 불륜이라는 틀을 벗어나지못하고  그때는 맞고가 여자의 (김민희)심리를 변주했다면, 그 후는 남자의(홍상수)의 심리를 변주해낸거 같아, 아주 작정하고 만든듯  "
20170816,9,"홍상수스러운 영화, 일관된 자기 표현, 정말 감독이라면 그리고 예술가라면 꼭 가져야 할 덕목_앞으로도 영화 기대합니다  "
20170815,10,관람객넘 재미있어요 또 보고 싶어요  
20170815,10,별4개인데 .. 영화매니아로써 이런 영화도 있음 좋겠어서.. 가평점 업해요 ㅋ.ㅋ  
20170815,7,관람객우리가 가진 솔직한 비겁함들. 그러나 어떤 선택을 하든 삶은 그 후에도 계속된다.  
20170813,1,남의것을 욕심내는건  아무리 생각해도 인성문제다...역으로생각만해봐도알텐데 ..지극히 지들입장으로 미화시키고 그것도 모자라  사랑이란 아름다운 단어를 더럽히지 말라  
20170813,8,등장인물들의 대사만으로 집중하게 만드는 힘  
20170813,9,찌질이의 찌질이에 의한 찌질이을 위한 영화 굿!!!  
20170813,4,배우들의 연기는 너무 좋았다..그러나 비겁한 자기변명은 너무 보기싫었다..  
20170812,10,김민희 하나만으로도..  
20170812,4,홍상수...당신 영화 맘대로 만드는건 모라 안한다...극장개봉이나 하지마라....일기는 일기장에...  
20170811,6,관람객비겁함도 망각도 흘러간다. 그뿐이다. 의미가 크지 않은 느낌 그런 감정이나 순간들.  
20170810,7,인간의 서사는 기록적이지 않다는 낭독문. 홍상수다운 영화. 공감할 순 없지만 더 진해진 그 유머와 냉소가 통쾌하다. 올해 본 가장 웃긴 영화.  
20170810,8,관람객너무너무 불편하고 웃긴영화였다.  
20170809,10,관람객홍상수의 여운 그리고 홍상수의 얘기  
20170809,1,30년 넘게 영화를 봤지만 홍상수감독과 전원사에서 만든 영화는 재미있게 본 영화가 하나도 없다공감도 안되고 대사도 구역질나고  
20170809,8,관람객살아가는 이유를 찾자 그러자  
20170808,7,홍상수영화는 그냥 보다보면 계속 낄낄거리게 됨ㅋㅋ 그 미필적 고의같은 상태로 던지는 얄팍하고 습관적인 떡밥들과 그 떡밥들을 낚아서 어떻게 요리할까 자연스럽게 궁리하고 전개되는 묘사들이 진짜..ㅎ 해외평론가들이 이런점까지 캐치하면 진짜 세계최고감독될텐데  
20170808,5,홍상수감독 영화 다 좋아하는데 이영화는 김민희씨 연기 너무너무 못하네요.진짜. 일반인정도 연기실력인듯해요  
20170807,9,"관람객홍상수의 이번 영화도 그저 그런 슴슴한 재미가 있겠지했는데, 휴가 복귀 날에 인생영화 한 편을 챙겨버렸다.  "
20170807,6,정말왜사는걸까....  
20170807,3,"혹시나 했는데 역시나 홍상수다. 지저분한 편집, 어색한 대사, 3류 각본. 딱 그정도.  "
20170807,4,진부하고 식상한 자아성찰적 담론  
20170806,1,지루하다에제  2탕3탕 자습서 같은영화 이제 그만  ..  
20170806,7,"홍상수의 참회록, 아니 더 솔직히 말하자면 참회록을 가장한 자신의 비도덕함을 뻔뻔하게 세상에 드러내는 욕망의 이야기. 이 영화로 자신의 '사랑'을 전부 이야기 했다고 보면 된다. 가장 홍상수다운 영화.  "
20170806,8,"비겁함, 어색함, 당황스러움, 황망함. 홍상수 감독이 '그 후'에 자신이 느꼈을만한 감정들이 모두 있다. 그만큼 솔직하고, 그만큼 애처롭다.  "
20170806,7,니들 그러다 나중에 늙어서 피똥싼다  
20170805,1,진짜 제작비아껴쓴 영화티  팍팍  낸다  다행히  무료다운로드 해서 봤지만 다운로드 시간이 아깝다  
20170805,10,관람객여러 시점이 공존하는 일상에 있을법한 그런 관점들을 스크린으로 느낄 수 있었다  
20170805,10,관람객잔잔하게 남자의 심리를 보여주네요  
20170804,5,바람난 자기 경험을 소재로 만든 세번째 영화.  
20170804,7,조강지처는 영원하다. 고전 이야기  
20170804,9,빼박 자전영화 답게 극 중 남주의 찌질한 행동이 절정에 달했지만 그래도 뭔가 중독성이 있다..  
20170804,10,우리시대에 홍상수를 만나게 된 것은 정말 감사해야 할 일  
20170804,8,관람객감독본인의 이야기를 만들다  
20170804,1,싫은건  싫은거지. 10자도 아깝다.  
20170804,1,이게 영화냐 ;; 100원도 아깝다  
20170804,6,자기변명 혹은 자기위로. 씁쓸하고 헛헛하다....그저그런 하루가 또 지나간다.  
20170804,7,관람객홍상수 감독의 대사에 질리기 시작했다.  
20170803,8,영화는 영화일뿐.. 암 생각없이 사람이 싫다고 영화마저 싫다는 인간들은 영화볼 자격이 있는건지?  
20170803,1,그런데  전작에선 여우들 벗기더니만 여기선 왜?김민희 안벗기냐  불륜영화 는 벗겨야 제맛인데 ㅋ 몸매 혼자 보고픈갑네 ㅋ  
20170803,2,"지루하고 답답하고 ... 예전에 이런영화 한두편은 흥미롭게 봤는데,,,이제 못보겠어요.  "
20170802,9,"보는내내 웃기고 오글거리다고만 생각했던 난데,, 인생을 이렇게 진실되게 표현할수 있을까? 대단하다 홍상수  "
20170802,10,개인사를 떠나서 저는 너무 잘 봤습니다.김민희 연기 너무 좋았습니다.그리고 대사 때문에 중간에 많이 웃었습니다.  
20170802,3,이영화권해효권해요?  
20170802,7,무난하다고 본다...  
20170802,1,스토리도 궁색하고 재미없고 지루하다.  완전 시간 아까움  
20170802,1,이런 쓰레기 영화의 감독이나 여주인공이나....  
20170801,6,관람객예전 홍상수영화가 그립네요  
20170801,1,너무 지루하다....뻔뻔하고  
20170801,5,발표이전에 영화들은 자신의 정신에게 '이사랑은 맞다'라고 합리화 시키는 과정이었다면 발표후 이어진 영화들은 대중들에게 '자신의 사랑은 맞다'라고 합리화 시키는 과정이네  
20170801,6,관람객홍감독... 요즘은 코미디 찍으시나봐요  
20170801,8,초기에는 나약함과 찌질함의 대한 고찰에서 이제는 내가 뭘 니들은 안그래 인생은 다 위선이야....라고 일갈하는 홍상수만의 화법... 전 너무 좋네요. 하지만 행복을 추구하는건 좋은데 주변사람의 행복을 강탈하는 행복은 과연 옳은걸까.?  
20170801,1,둘은서로 만나지말아야할  완전잘못된만남  다시는 영화만들지도찍지도 마시오  둘이포장마차나하며술이나 쳐마시길  인생참 모처럼산다둘  
20170731,9,관람객깔깔깔 웃었다 그래서 좋았다  
20170731,1,별점 하나도 아깝다.예술로 치장한 인간말종 영화. 진짜 치가 떨림/  
20170731,6,홍상수 영화의 솔직함엔 늘 박수를 치게 된다  
20170731,7,"일부러 이렇게 만든건진 모르겠으나 여배우들의 비음 잔뜩 섞인 목소리와 이미 술취한듯 요상한 말투는 묘하게 웃겼고, 이러지도 저리지도 못하고 울어버리는 권해효의 연기는 클라이막스다.  "
20170731,7,관람객홍상수영화에 나오는 김민희는 너무 예뻤다.  
20170731,8,"평범함을  극적으로, 특별하고 의미있게 만드는 홍상수.  "
20170731,5,홍상수의 불륜 사랑을 무시하지 않는다 남자라면 누구나 그럴수 있다 근데 그걸 포장하려는 비겁한 생각이  우리모두를 분노케 하는것이다  이영화는 자기 외이프를 비하해서 자기자신을 합리화하는거처럼 보여진다  
20170731,7,관람객김민희와 홍상수의 조금씩 다른 만남  
20170731,8,관람객비겁하다고 말하면서 울기  
20170731,5,대부분 그렇게 생각들 할 것 같다...이제 쫌 식상하네~~  
20170731,8,관람객홍상수 다웠다. 신선하지 않았다. 그러나 편안하게 재미를 주려고 노력했다는 느낌이 들었다.  김민희에게 바친 영화 같았다. 사랑에 푹 빠져 있는 자신을 이해해 달라는 은근한 압력을 받았다.  
20170731,1,홍상수 자기자신의 넉두리 이젠 그만 지겹다 지겨워  
20170730,10,관람객넘 재밋어요. 실재와 믿는 것에 대한 고민이 담겨잇습니다  
20170730,7,관람객홍상수 감독 특유의 무드를 느낄 수 있어서 좋았습니다.  
20170730,10,관람객비겁했던 자신에 대한 관조  
20170730,10,관람객세련된 연출의 영화. 담백하다  
20170730,7,관람객김민희가 너무 아름답다  
20170730,9,너무나 사소하고 너무나 이기적이고 너무나 사랑스러운 그와 그녀들의 이야기.  나도 다 괜찮다고 믿고싶다  
20170729,1,관람객보고 난 후 유쾌하지 않은 영화  
20170729,7,관람객딸이 있는 가족에게 돌아가는 건 영화에서나 나올 법한 이야기?  
20170728,8,관람객스스로를 설명해 내려는 치열함이사랑스럽다~~  
20170728,6,관람객홍상수꺼치곤 딱히잼없엇  
20170728,8,관람객홍감독 특유의 담백한 맛은 반감되었지만 그 느낌 나름대로 괜찮았다. 특히 겨울이 그리워졌다  
20170727,10,형식밖에 남지 않은 인간 군상. 무의미한 인생.  
20170727,10,관람객시간을 가지고 노는 홍상수 감독은 천재다  
20170726,9,"관람객솔직하 홍상수영화중에서 가장 재밌었다. 특히 김민희는 실제 자신과 비슷한역을 연기한배우를 보면서 어떤 생각이 들었을까,,  "
20170726,5,관람객홍상수 감독 수년간 같은패턴 이제 실증  
20170726,8,관람객영화만 보아서는 괜찮았다  
20170726,6,관람객김민희를 위한 연서 또는 변명  
20170726,1,하 이건 ㅋㅋㅋ저도 어쩔수 없네용  
20170726,7,"관람객여느 홍상수 영화나  다름 없지만, 결국은 웃게되는.  "
20170726,6,관람객전작이 그리워지는 아쉬움  
20170726,7,관람객홍상수영화를 좋아하는 사람으로서 이번 엉화에서의 김민희는 미스캐스팅이다... 권해효와 김새벽은 정말 좋았다.  
20170726,10,관람객이번영화도 정말 좋았다  
20170726,8,관람객인간으로서 인간답게 사는 게 이리도 어려울까. 싶었다. 홍상수 영화는 늘 그렇게 나에게 물음을 던진다.  
20170725,2,김민희 과대평가되신분  
20170725,10,관람객사랑의 또 다른 면. 우리가 외면하는 또 다른 모습.  
20170725,9,관람객밤의 해변에서 혼자 부터 홍상수 영화가 달라졌네요 훨씬 좋습니다 그후 아주 잘 보았어요~! 다보고 나와서도 한동안 빠져있었답니다^^  
20170724,1,안타깝다.. .   안타까워  
20170724,8,관람객잔잔하고 느낌있어요홍삼수감독만의 영화느낌권해효가 우는장면이 웃기기도하고  많은생각을 하게하기도합니다.김민희의 연기색갈도 맘에듭니다  
20170723,10,관람객제목 그대로 '그 후'를 우리는 궁금해합니다 그 후 를 이렇게 대면해보니 할 말이 없어집니다 우리가 사라지는 작은 존재라는 게 실감날 뿐입니다 택시안에서 눈을 반갑게 맞는 김민희의 아름다움이 위로가 됩니다  
20170723,9,관람객시간과 공간의 시학..  
20170723,1,쓰래기 감독 쓰래기 작품  
20170722,8,관람객자신을 드러내는 솔직함이 홍상수 영화의 힘  
20170721,10,"영화는 단조롭고 짧다. 비겁한 남자와 사랑을 하려는 여자, 그리고 한 여자. 홍상수의 세계는 찌질한 시선으로 진짜를 찾아간다, 여전히. 믿음에 대해 뒤늦게 하나님을 일컫는 장면은 명장면이요, 택시 안에서 눈을 바라보던 김민희는 잊을 수 없을 것이다.  "
20170720,9,관람객군더더기는 없네ㅎ 후.  
20170720,7,변함없는 찌질함에 한참을 웃다 나왔다.  
20170720,8,관람객영화적인 플롯의 구성이 좋았다  
20170720,8,"관람객김민희의 연기가 감성적이고, 훌륭했음  "
20170720,1,0점은 없나요? 0점이 딱인데  
20170720,7,관람객그동안 찌질함으로 솔직했다면 이번엔 인정하면서 솔직한듯  
20170720,9,관람객오랜만에 보는 흑백영화인데 비겁하게 재밌다.  
20170720,1,미친 불륜들의 OO맞은 이야기  
20170719,8,"관람객홍상수 특유의 천연덕스러움은 때론 실소를 유발한다. 하지만  이야기가 끝났을 때, 내가 극중 인물들을 비웃을 자격이 있었나 반추하게 된다.  "
20170719,8,관람객김민희가 나올 때 주변이 환해지는 기분  
20170719,6,관람객홍상수 영화 중에 제일 웃김  
20170718,8,관람객대사가 귀엽고 재밌어요  
20170718,10,관람객계속 발전하고 있는 홍상수 영화  
20170718,1,ㅉㅉㅉㅉ....ㅉㅉㅉㅉ  
20170718,8,영화 보지도 않고 평점 다는 건 뭐람 재밌었는데  
20170718,1,소세지 빵점 주고싶은데 없어서 1점  
20170717,8,관람객좀 더 친절해지고 좀 더 적나라해진 이야기들  
20170717,10,여전히 귀여우시군요 감독님  
20170717,8,관람객하나님 이 영화를 보게 해 주셔서 감사합니다  
20170717,10,관람객끊임없는 새로운 시도.  
20170717,5,관람객에곤 쉴레...눈호강하는영화..  
20170716,8,관람객강추!! 홍상수 팬이라면 꼭 봐야할 ㅋㅋ  
20170716,7,관람객권해효배우멋있네요!  
20170716,7,관람객전작에 비해 많이 아쉽다.  
20170716,8,관람객불륜과 사랑의 끝을 사실적으로 보여 주네요.  
20170716,7,관람객'그 후'에도 삶은 그냥 그렇게 흐른다.  
20170716,7,관람객아직도 이해하기엔 내 경험이 너무 없다...  
20170716,1,"흠..?>?,../.  "
20170716,10,진심 어느 한 구석 놓칠 부분이 없는 영화. 그러면서 자연스런 웃음유발은 덤. 홍감독 영화 중 최고인듯.  
20170716,1,웩 재미없어 드러운불륜감독영화  
20170716,10,관람객홍상수영화는 무조건 5개지  
20170716,9,영화의 중첩과 연장. 닮음과 다름. 김민희와 다른 사람들의 대사보다 표정연기를 보는것만으로도 이 영화의 연기연출이 훌륭하다고 생각한다. 김민희의 표정연기를 보라.  
20170715,10,한 번 봤는데 잘 모르겠다. 한 번 더 보고 싶게 만든다.  
20170715,5,비겁한 변명입니다...  
20170715,8,관람객솔직한 사람 비겁하지 않는 사람이 되기는 어렵다 아름답게 살고 싶다  
20170715,8,관람객사람들이 진짜 세상 사는 방법  
20170715,8,관람객홍상수는 홍상수다 ㅇ초지일관이 정말 보기 좋타  
20170715,10,넘 재밋당 해효형 연기 짱 팡이짱  
20170715,8,그 후에 그들은 다시 그 자리에서  그렇게  
20170715,10,관람객권해효 너무 웃김홍상수의 뮤즈가 된 김민희반짝반짝 빛난다  
20170715,3,관람객공감의 문제. 그래서 별로.  
20170715,10,관람객홍상수다움과 새로움이 결합된 영화. 역시 홍상수는 기대를 져버리지  않는 찌질함을 보여준다.  
20170715,8,관람객보이는 것과 보이지 않는 것의 충돌  
20170715,10,영화 평점을 쓰거라. 불륜평점쓰지말고. 니네 이러다 나중에 늙어서 태극기 든다~  
20170714,10,관람객홍상수 그 후 최고다 김새벽의 발견 김민희의 아름다움  
20170714,5,관람객그런데 뻔하고 뻔뻔하고 내려놨군요  
20170714,7,관람객코미디같지 않은데 코미디이다  
20170714,8,관람객홍상수 감독님 영화 캬...  
20170714,9, To be continued...  
20170714,8,관람객본인이 처한 상황에서 파생되는 상상력  
20170714,9,"관람객홍상수 감독 영화 처음 보는데,괜찮았어요!  "
20170713,8,관람객교묘히 자신을 포장할줄 아는것도 능력이다  
20170713,7,관람객홍상수 감독 불륜 2.0 이라는 평이 있지만 온전히 그것만 담고 있는 영화는 아닌듯. 연출을 잘 했다는 생각이 든다.  
20170713,8,관람객섬세하다. 10자 10자  
20170713,9,영화는 영화로. 흐리지 말자.  
20170713,10,아직도 감독에 대한 아주 개인적인 감정으로 영화를 평하는 저급한 한국 문화의식...안타깝다  
20170713,1,평정 빵개는 없나 정말 철저히 가족을 무시하는 쓰레기영화  
20170713,7,관람객아닌 걸 알지만 아닌걸 어찌할 수 없는 나약한 남자의 울음  
20170712,8,관람객번지점프 위에선 뛰어내려야 한다  
20170712,10,"관람객그 후,  그 녀는 어떤 삶을 살아갈까?  "
20170712,1,이런 쓰레기 같은 영화는 빨리 내려야 한당불륜녀 불륜남 얼굴만 봐도 속이... 똑같은 자식 나아서 땅을 치고 후회해야 인생을 얼마나 잘못 살았나룰 알개 될둣  
20170712,9,내일 볼건데 기대됨. 홍상수 감독영화는 배우의 심리가 행동이나 배경에 베어나와 좋음  
20170712,8,그렇다. 그후. 그일이있은후. 홍상수영화를 만나기 위해선 내 스스로의 편견과 선입견과의 싸움을 먼저 거쳐야한다. 이것이 그의 이야기인지. 아니면 오롯한 영화적세계인지를. 그럼에도 그 가운데 김민희라는 세계는 점점확장한다. 그것이 그가 원한 아름다움일까  
20170712,9,"관람객홍상수감독의 영화는 항상 무언가 생각해볼 화두를 던진다. 믿음과 실체, 삶의 본질에 대한 논쟁이 흥미로웠다..김민희가 믿고싶은 세가지,1. 내가 삶의 주인공이 아니라는 것2. 내일 죽어도 괜찮다는 것3. 세상 모든것이 아름답다는 것  "
20170712,4,지금은 맞고 그때는 틀리다 이후 나온  작품들을 모두 보았을때 홍상수는 이제 더이상 이 이상의 작품은 내놓지 못하는 것 같다 같은 패턴 비슷한 대사들 초반에는 심리적 갈등묘사를 좋아하는 외국인들에게 신선하게 보였을지 모르나 그 끝물이 머지않아 보인다  
20170712,7,관람객저질스러운데 재미있다  
20170712,8,좋은 의미에서 치졸함이 더 노골적으로 열린 영화.  
20170712,1,"민희씨 팬이였는뎅 ㅠ,ㅠ 이젠 그냥 싫어지내요  "
20170711,7,관람객그 전에 사랑이었다고 그 후도 사랑이겠니.  
20170711,7,뭐라고 해야 할 지...  
20170711,10,"영화를 좋아하는 것과 즐기는 것은 엄연히 다르다. 그저 즐기기만 하는 사람들은 스크린독점하는 영화들만 보시고, 보지도 않은 영화는 평가좀 작작해라. 당신들이 욕하는건 불륜이 소재라서가 아니라 '재미'가 없어서다. 불륜드라마는 잘들 쳐보면서말이지.  "
20170711,10,갑남을녀가 왜 갑남을녀인가를 잘 알게 하는 영화  
20170711,9,관람객최근 홍감독님 작품중 제일 재밌게 봤음.  
20170711,8,관람객개인사로 영화를 치부해버리는 건 너무 단순한 논리 아닐까...?  
20170711,1,우와 정말 굉장한 영화네요^^  
20170711,8,관람객김새벽의 연기가 오래 기억에 남은.  
20170711,9,홍상수의 영화가 아무리 자기 고백에 가깝더라도이제 불륜을 영화의 주 소재로 삼는 건 멈추기를.바람피는 남편을 둔 아내의 모습은 늘 그렇듯 추하거나 피참하거나.  
20170711,7,관람객그냥 조금 지루하긴 했는데 같이 대화하는 느낌..선입관이 개입할수 밖에 없는..  
20170711,9,불편하다. 왜 사는지에 대한 질문에 대답할 수 없었다.  
20170711,10,관람객재밌게 잘 봤습니다~ 김민희 이쁘긴 이쁘네요  
20170711,1,아름다움은  이런자들에게 쓰는 말이 결코 아니다  
20170711,7,관람객지루한데 재밌고 길면서 짧다  
20170711,9,그들의 대화를 듣고 있으면 공감이 되는걸 어쩌랴?  김민희는 점점  아름다워지는구나!  
20170711,7,가족에게 돌아가지않고 떳떳하게 밝힌 본인은 비겁하지않다는걸 보여주는 걸까  
20170711,10,"김민희씨 믿음에 대한 대사가 인상적이더군요. 갠적으로 지맞그틀이 제일 좋았지만, 이 영화도 좋았네요. 잘 봤습니다.  "
20170711,6,"관람객돼지가 우물에 빠진 날 , 강원도의 힘처럼 약간은 우울한 느낌으로 돌아온 것 같아요. 그래도 인물들에게 뭔가 활력이 느껴지는 건 뭘까요.  "
20170710,1,홍상수는 한국에서 영화개봉 못하게 해야한다  
20170710,8,관람객축은 바로 그것이다. 1  
20170710,1,이런  인성의 배우와 감독이 만든 영화를  왜 굳이 보고 평을 해야 하나. 안봐도 쓰레기 보면 더 쓰레기. 얼마나 많이 스스로의 행동에 대해서 합리화 또는 아는 척을 했을지..역겹다.  
20170710,10,가슴을 울리는 영화  눈물이 났다  
20170710,7,관람객오!수정과 북촌방향의 진한 흑백풍경을 기대했으나 아쉽게도 미적지근한 무채색 영화로 기억되다  
20170710,8,관람객그의 현실과 대중들이 원하는 현실. 맞고 그름은 없다는 생각을 한다. 여러 선택과 여러 시선과 여러 입장이 있을뿐..  
20170710,8,관람객홍감독님 영화다운...  그런데 아쉬운건 홍감독 작품 볼때마다 딱 거기까지?  라는 느낌이지 더 이상은 없는듯하다...  내가 너무 많은걸 기대하는걸까?? ^^  
20170710,6,관람객네이버 포인트 개꿀 ! 냠냠  
20170710,8,관람객최근 작과 유사한 스토리 전개...홍상수 감독 특유의 감각이 살아있으나 보고나면 어딘가 불편한 영화...  
20170710,10,관람객ㅋ 홍상수는  존내 쿨한인간  
20170710,5,관람객처음보는 여배우는 신선했다  
20170710,10,관람객남자가 많이 울고 가끔 여자도 운다.  
20170710,9,미화한적도 없다. 불륜영화는 항상 찍어왔다. 도대체 뭘 바라고 있는가  
20170710,9,관람객이번작품본단 전작이 훨씬마음에들었습니다  
20170710,10,관람객도쿄 런던 공연 것 같아요 하하 음악 시작했던 좀  
20170710,10,관람객김민희...오~~ 김민희...!!! 감출수 없는 우아함.  
20170710,10,이 자리는 영화를 논하는 자리지. 개인의 사생활을 문제삼는 곳이 아닙니다.  
20170710,9,"관람객왜 아직도 그의 영화를 보느냐는 질문에 대한 가장 적절한 대답이 될 영화. ""왜 사세요?""라는 질문이 머릿속을 떠나질 않는다.  "
20170710,8,비겁한 남자와 이상을 쫓는 여자의 만남.. 만약 이 둘이 먼저 만났다면 불륜이라는 꼬리표가 붙지 않았을까? 영화에서 둘의 상황을 그대로 본것 같다 .. 홍상수는 자신들의 이야기를 영상으로 남기고 싶었던걸까? 제대로 보여줘서 더 씁쓸하다..  
20170710,1,일요일 오후를 망치게 한 난해하고 구성없고 지루하고 황당했던 영화. 영화라고 해주기도 아까움. 언어유희로 마치 엄청난 예술을 하고 있다고 믿는듯해서 열받음. 돈아까워 죽을뻔  
20170710,10,한사람의 인생과 부부생활을   누가 무슨자격으로  평가할수있단말인가?  신이라도 된듯 착각하지마라 스스로 하늘을 우러러 한점부끄럼없는 인생을 살고있는지  네 인생이나 반성해라 감희 남의 인생을 논하기전에 스스로를 돌아보기를 불륜이 너더러뭐라하냐???  
20170709,10,관람객홍상수의 서울 늘 아름답다.  
20170709,6,관람객나는 홍상수 영화에 대한 평론가들의 반응이 이해가 안 된다. 전부터 이해가 안 됐다. 발가벗은 임금님 같다.  
20170709,9,관람객어이없지만 재미있다.  
20170709,10,홍상수 자신이 스스로를 되게 비루하게 보고 있는 건 맞다. 여기서도 김민희는 홀로 너무 아름답다.  
20170709,10,봉완의 울음과 비겁함은 조금 더 이해해봐야겠지만.  
20170709,9,관람객별개로 볼것인지 이입을 할것인지 떠나서 봐도 같이 봐도 이 평점은 적절하다  
20170709,3,관람객에휴 이제 그만봐야겠다  
20170709,7,관람객다시 찾은 홍상수식 유머와 김새벽의 누르기  
20170709,8,"관람객내용이 불러오는 과거-현재-다시 과거의 시제에 대한 느낌이, 흑백영화여서 한층 더 인상적으로 다가왔습니다.  "
20170709,10,"그는 왜 계속 말하는 걸까, 그녀는 왜 계속 살아가는 걸까.  "
20170709,9,"관람객고전미가 느껴지는 비교적 평이한 흑백영화. 김민희는 너무나 '아름'답고, 시간은 망각 위에서 흐른다. 책만이 글자들로 무언가를 믿고 붙잡아두는 듯. 문학적인 영화  "
20170709,10,흑백의 농도가 오!수정이나 북촌방향처럼  더 진했으면 좋았을텐데 아쉽다.  
20170709,1,가.치.도.없.는.  
20170709,9,그 스스로가 객체가 되면서 얻은 구원.  
20170709,7,관람객권해효의 연기가 반갑다. 재구성과 해석의 여지를 주는 영화  
20170709,5,홍상수 중2병 영화 손발퇴겔하는줄  
20170709,8,한번뿐인 인생 행복하게 후회없이 사랑하리라  
20170709,8,영화 평점에서 영화 이야기만 좀 했으면 좋겠다. 홍상수 세계의 여성 캐릭터의 변화가 느껴지는 수작.  
20170709,10,권해효 연기하는거 좋다  
20170709,8,관람객재밌었어요오 우와우와  
20170708,10,"하루가 일생 같은...같은 장소, 우리는 서로 역활극을 바꾼다. 이해하고 믿고서 산다, 정말로? 얼마나?우리는 모두 뻔뻔하고 시간은 흐른다.김민희씨는 여전히 빛이 난다. 성냥개비 불빛처럼 .  "
20170708,9,홍상수는 천재인거같다  
20170708,10,회사 운영이 이렇게 어렵습니다...~~~  
20170708,7,전에나온두개작품보다는 좀더나음  
20170708,9,관람객홍상수가 다시 홍상수로!!  
20170708,10,인생씬이 참 좋았다  김민희가 좋다  
20170708,2,으외다. 사회적 약자편에 서던 주연배우가 불륜 남녀의 변명에 지나지않는 이런 영화에 츨연하다니...  
20170708,10,영화와 감독의 사생활을 동일시하는 일부 사람들에게 보내는 홍상수의 포효  
20170708,1,그냥 외국에서 외국배우랑 외국영화 했으면...우리 정서에도 안맞는다  
20170708,10,관람객영화로만 본다면 괜찮은 작품이었다. 대사도 캐릭터도 실제 인물처럼 디테일하다. 한 편의 소설을 읽은 것 같다.  
20170708,1,영사기가 무슨 죄입니까?  
20170708,1,"청소년들이 이 불륜커플을 보고, 인간성 더러워도 재능만 있으면 그만이라는 잘못된 가치관을 가지게 될까봐 심히 걱정된다. 감독과 배우의 사생활 문제 때문에 영화까지 욕 먹으면 안된다고 주장하는 것들은 백페센트 알바다.  "
20170708,8,관람객한순간이 아닌 매 순간에 대한 그 후  
20170708,10,"무덤덤해진 그 후. 이젠 편하게 웃으며 얘기할 수 있는, 그 후.  "
20170708,1,언제부터 평론가들이 저리 후해졌나  
20170708,6,관람객전과 다른 홍상수의 플래시백  
20170708,3,전형적으로 가난한 영화인데 홍상수 버프로 3점  
20170708,8,관람객이번 영화에선 믿음에 대해 생각했다. 종교적 믿음을 이야기하지만 종교를 일부러 감추어 결국 순전히 믿음만을 이야기했다. '어디서부터 믿을 것인가.' 종교적 믿음을 폄해할 필요없이 과학자도 어느 지점에선 믿음이 있어야 한다는 건 매한가지다.  
20170708,10,홍상수 영화는  거의 10점짜리..한국인만 불륜프레임에 저평가..왜 한국인(특히 여자)은 그렇게나 불륜에 민감할까?보슬아치짓 하다가 팽당하면 말그대로 거지될까봐 겁나서 그런것 같음..  
20170708,10,관람객김민희가 그렇게 떠나고 다음날 다시 김민희를 이용하여 새 판을 짜던 둘이  제일 무서웠다.사랑으로 눈이 먼 걸까. 눈이 먼 사람끼리 사랑을 한 걸까.  
20170708,1,그지같은 영화 으휴 ㅋㅋ  
20170708,7,관람객흑백의 서울이 아름다운 영화  
20170708,1,니들..   스스로 불륜이 역경이 있을뿐인 애절한 사랑이라고 세뇌를 거는건 아니지??  그냥 더러운것 뿐이다  
20170708,8,사람이 사람을 사랑하는 것에 불륜이 어딨습니까. 그냥 사랑하는거지요. 다만 기존 가족에 대한 신의와 책임을 다하는 것은 백번 도리이나 뭐 그 부부간에 무슨 일이 그간 있었는지는 우리가 다 알 수 없으니 그에 대한 판단은 보류합니다.  
20170708,10,홍상수 감독 영화 맨날 봐봤자 그게 그거다. 전에 봤던 그 영화 그 언젠가 봤던 저영화 이제 분간이 안된다. 10점 주는 이유는 그냥 혼란을 주기 위해서임  
20170708,8,"관람객쓸쓸한 조소, 씁쓸한 눈물  "
20170708,1,한마디로 드러운 영화다.  
20170708,1,둘이 뭘하던 관심없긴한데 일단 영화는 참 재미가 없네요  
20170708,1,뻔뻔함. 김민희 안보고싶다 . 반성해라. 영화 드라마 방송 등등.김민희 관련된 어떤것고 보고싶지 않다 양심이 있다면 연예계에서 영원히 아웃하고 조용히 사랑이라 포장하는 불륜속에서 살길...;;  
20170708,10,관람객치졸하고 편협한 사람들의 평점 테러는 이제 지겹다.  
20170708,1,쒸레기영화임;;엄청  
20170708,10,"알바아니고, 별 기대 없이 봤는데 소소한 유머와반전에 한동안 웃었습니다.  "
20170708,7,관람객소소하게 터지는 부분도 있고 생각보다 괜찮았음  
20170708,9,관람객권해효가 김민희에게 건네는 책은 원래 <그 후>가 아니라 <마음>이었다고 한다. 하지만 실제로 <마음>을 건넸다면 제목이 <마음>이 되지는 않았을 것.  
20170708,10,관람객캐스팅 최고구여 배우들 연기 최고시고 겨울날이 그리워지는 .. 홍감독 최고  
20170707,7,관람객왜 사냐고 묻거든 그냥 웃지요..  
20170707,1,싫어할 권리도 있는거다.  
20170707,8,눈이 있다면 이 영화를 보고 5점이하를 줄 수는 없다 최소 보고 영화를 평하자  
20170707,9,고꾸라지고 뒤틀려도 결국 보이는대로 순응하는 무력함  
20170707,8,관람객홍상수의 영화 의 변화들  
20170707,10,관람객여태까지 봤던 홍상수 영화 중 제일 웃김  
20170707,7,시간의 정서가 담긴 그 모든 것들.  
20170707,8,관람객실제를 꿈꿨으나 늘 그랬듯 다시 비겁하게 살아가는 우스운 한 사람의 이야기. 계속 이어지는 홍감독의 실제에 대한 탐구도 배우들의 이 작은 틀의 영화에서도 빛나는 디테일한 연기력은 영화를보는 내내  기분좋게 합니다  
20170707,9,"관람객얄궃은 만남에 대하여, 우리가 제어할 수 있는건 사실 많지 않다는 걸 께닫지 못한 사람들이 만들어내는 촌극.  "
20170707,6,홍상수 작품중에선 실망스러웠음  
20170707,7,관람객믿어 다시 사랑할 수 있는 걸  
20170707,1,"매번 비슷한 식의 비슷한 내용, 비슷한 배우.. 지겹다지겨워. 다음영화도 똑같겠지.  "
20170707,7,관람객눈오는 밤 택시 안 아름의 표정.  
20170707,10,평점이란것은 영화에 대한 평점이지 홍상수 저 인간에 대한 평점이 아니다. 홍상수에 대한 평점을 하고싶으면 개인블로그가서 해라 왜 굳이 여기까지 와서 난리냐 ; 진짜 이 사람나올때 마다 평점테러하는 사람들 할짓이 드럽게도 없나보다 불쌍하다 레알  
20170707,1,"기업들도 갑질해대서 논란이 되면 아무리 좋은 제품도 안팔려서난리나는데 ,감독이나 배우가 뭐 대단해서 작품만 봐달래.  "
20170707,9,관람객홍상수의 추악한 거짓말.  
20170707,1,평론가들은 대체 이런 잡스런 영화에 뭐가 좋다고 고평가를 하는지.  
20170707,10,관람객장담컨대 현실과 가장 크게 공명하는 홍상수의 영화  
20170707,10,작품을 논하는 자세에 뭔 사적인 감정들을 굳이 대입들을 하시나..  
20170707,1,도저히 영화에 집중이 되질 않는다. 영화 감독으로서 자신의 영화를 사랑하고 또 그 영화가 많은 사람들에게 사랑받길 원했다면 불륜은 해서는 안되는 일이었다. 세상에 공짜는 없다. 홍상수는 무언가 얻은 댓가로 또다른 무언가를 잃었다.  
20170707,10,불륜전까지 정말 좋아하는감독.. 작품에게는 10점을 주고싶다.  
20170707,8,홍상수에게 찾아온 현자타임..  
20170707,1,뻔뻔하기 그지읍는 불륜커플의 영화라니 ㅉㅉㅉ  
20170707,1,배우진들이 최악이네요  
20170707,8,"관람객홍상수다운, 평범하게 비겁한 사람들의 이야기.  "
20170707,1,알바 풀었네.. 높은 평점에 공감.. 맨날 지들 불륜미화 얘기만 찍냐?? 더러워...카앍~~퉷!!!!  
20170707,1,헐 머니 이거 10자도 아깝다  
20170707,7,"관념을 벗어나고, 자기합리화를 하지도 않지만 그렇다고 반성하는 구석은 보이지 않는다.그저 세상의 구조에 탄식하고 체념 할 뿐.홍감독의 자학에 가까운 자전적 이야기 일 수도 있을 것 같다.  "
20170707,8,셱스 많이 나오냐?  ..?  
20170707,10,관람객아름다운 영화를 보았다.  
20170707,9,관람객홍상수감독다운영화다  
20170707,1,홍 감독이 무슨 사랑을 논하냐!!  
20170706,7,여기는 영화를 평가하는 자리지 사람 인성을 평가하는 자리가 아니다. 홍상수 전 작품들은 평점 7점은 무난히 넘기면서 불륜 터지고는 왜 평점 테러하는지 모르겠다. 예술은 예술로서만 평가하자. 이 정도 평점 받을 영화는 절대 아니다.  
20170706,8,관람객뻔뻔하고 비겁하고 그냥 흐르고  
20170706,9,그 변명 비겁하고 뻔뻔하오.  
20170706,8,"홍상수 감독 영화를 보면 남자들이 여자들 앞에서 다 찌질하게 나온다. 여자의 맘을 얻기 위한 찌질함. 김민희 배우의 매력도 넘치고, 이 전 영화에 비해 위트도 있고 좋았다. 왜 미성년자 관람 불가인지는 이해가 안가네.  "
20170706,6,도대체 뭔 소리냐어아어아  
20170706,6,서로 사랑한다는데 뭐 어쩌겠나. 거기까지는  인정할 수 있다. 그렇지만 그걸 정당화하고 사랑이라는 이름으로 미화시키는건 아니라고 보는데? 불륜 영화는 한번이면 족하다. 어디까지 같은 레파토리를 반복할 것인가?  
20170706,8,김민희의 연기는 이자벨 위페르 에 못지않습니다.오늘 감동받았네요권해효와 부인연기는 별로입니다  
20170706,1,어휴 영화가 왜이렇게 쓰레긴가했더니감독이... 어휴  
20170706,10,다들 보고 나서 얘기하자  
20170706,10,홍상수의 포스트 불륜 Vol. 2  
20170706,9,"관람객홍상수의 영화가 늙었다. 곱게 늙지 못하고 지저분하게 늙었다. 앞으로도 챙겨보기야 하겠지만, 개봉일에 비 맞아가며 보진 않을듯하다. 하지만 택시 뒷자리에서 눈구경하는 김민희의 모습은 한동안 잊히지 앉을 것 같다.  "
20170706,9, 흑백 화면에서도 눈부시게 아름다운 김민희. 사랑이라는 핑계 뒤에 숨으려는 찌질한 남자의 비겁함. 오직 홍상수 감독만이 만들 수 있는 영화.  
20170706,1,위대한 감독들은 당시엔 여러 이유로 저평가 받았다가 훗날 영화인들에 의해 재평가 되었다. 근데 홍상수는  일찍이 알아봐주고 평론가들이 알아서 특별전도 열어주고 있으니 참 축복받은 감독이다. 그런 너의 뭐같은 여자문제까지 우리가 눈감아야 하나?  
20170706,9,"슬프지도 않고, 시간과 함께 지나가 버렸고 되돌아 보니 섭섭하거나 희미하고 맑다.?영화 제목대로, '그 후'.홍상수 영화들의 공통된 반복과 차이 중, 차이가 돋보이는 수작!  "
20170706,1,음...그냥그래요 정말  
20170706,1,말해 뭐해... 조합이 참... 안봐도 뻔하지 볼생각 1도없네  
20170706,7,"권해효의 무책임한 말과 행동 ,그런 권해효의 사생활로 들어갈 듯 말 듯한 김민희의 연기력이 나쁘지 않았는데 영화 외적인 이유로 평이 좀 낮네요ㅎㅎ  "
20170706,5,"관람객오해와 이해.,.,.  "
20170706,9,관람객저는 제가 믿는 것을 믿어요.  
20170706,10,그 하루에 내가 겪은 이야기. 그리고 그들이 어떻게 됐는지 궁금해.  
20170706,1,영화는 영화로만 평가하라는 정신없는 소리하지 마라예술인이랍시고  남의 눈에 피눈물 흘리게 하며살면서 뜻뜻하게 이런 영화 만드는 것  참 어이가 없어 말이 안나오네~~  
20170706,4,관람객그냠평범 하고 너무단순하며 왜 김민희가 상을 탓는지 모르겠슴  
20170706,10,어떤느낌인지 알거같다. 감상에 젖는다.  
20170706,9,생각할 거리가 다른영화보다 다양했고 무엇보다 재밌었던 영화^___^* 김민희 너무 이쁘다 영원히 이쁠거 같이 이쁘다  
20170706,10,"불륜이나 평점테러나  도덕적으로  문제있는 놈들이 하는짓이지,  할짓없는  놈들  "
20170706,1,"솔직히, 그냥 안 보고 싶다.  "
20170706,8,"사랑과 비겁함, 그리고 영원한 긍정에 관한 이야기. 술내음 속에 묻어난 배우 분들의 진한 연기가 대단히 인상적이었습니다~.  "
20170706,7,관람객보이지 않는 실체를 끊임없는 믿고싶은 인간..  
20170706,10,평점 테러 참 부지런히들 하시네  
20170706,1,권해요님 때문에 보고 싶은데.. 홍상수 때문에 못보겠다  
20170706,10,보기나 하고서 점수를 주던지 해야되는 거 아닌가요작품 평점쓰는곳에 배우 평점만 쓰고있네요  
20170706,6,이 사람들이 비난받을 행동을 한 건 맞지만 그 일때문에 영화는 보지도 않아놓고 벌점테러를 갈기고 당당해 하는 당신들이 더 웃긴다. 너넨 지금 너희가 정의구현이라도 하는거 같지? 사회가 얼마나 각박해졌으면 이런 유치한 행동들이 정당화되는걸까?  
20170706,1,그냥 쓰레기영화다  다운로드도받지마라 시간아깝다  
20170706,1,평점 1점도 아까운 영화. 일부러 로그인했다. 이런 민폐 인간들이 만든 영화는 봐서도 안되고 사회에서 매장시켜야한다  
20170706,1,제품도 불매운동을 하듯이 영화도 안보는 운동해야한다. 홍상수 김민희는 뻔뻔함이 도를 넘었다. 남에게 피해끼치면서까지 사는게 진정 예술이라 생각하냐 ㅉㅉ 개 이기적인 연놈들  
20170706,1,볼 것도 없지않나? 쓰레기영화  
20170706,1,감독 배우보니 영화는 안봐도 별로다.  
20170706,10,나만 당할수없다!! 재밌어요  
20170706,1,최악의 영화네요 돈아까움  
20170706,1,"최악의 쓰레기 영화 감독, 배우 조합  "
20170706,2,예고편보니 정성이 안느껴지네. 대충 찍은거 같노...  
20170706,1,이거 너무해 최악중 최악  
20170706,1,홍상수 감독 영화중 최악이다  
20170706,1,김민희 때문에 1점을 줌  
