0,1,2
20171126,10,관람객재미도잇엇고 좋앗어요  
20171026,10,관람객재밌게 잘봤습니다 :-)  
20171004,8,관람객아이랑갔는데 너무재미있게보았어요!!  
20171003,8,관람객표 받을때 가면을 받았습니다.아이가 너무좋아했습니다.  
20170902,7,관람객애들이 좋아했던거 같습니다  
20170823,9,관람객아이가너무좋아했어요재밌었다고 만족했네요  
20170813,5,관람객남자애들은 좋아할거같아요.  
20170729,8,관람객기대안하고 갔는데 생각보다 재미있었네요. 딸아이가 즐겁게 봐서 함께 잘 감상했습니다.^^  
20170724,7,관람객와치카 좋아하는 아들이 잘 봐요~  
20170722,7,관람객우리아들이넘나좋아하네요~~~  
20170715,8,관람객아이가재미있어했습니다  
20170714,10,관람객아이들이재미 있어해요.  
20170705,9,관람객5살아들 좀 무섭다고는 하네요 평소 무서움이 많지만 ㅎ재밌는 추억이었어요  
20170702,8,관람객아들이 조금은 지루하고 조금은 산만하게 보았던것 같습니다  
20170630,9,관람객아이가좋아해요 스토리도 재미있어요  
20170630,9,관람객최고예요 정말 잘봤습니다..ㅎㅎㅎ  
20170630,8,관람객아이도 좋아하고 괜찮았어요.극장 상영시간이 몇회 안되서 시간 맞추기가 어려웠고.지방이라 더 그런듯  
20170627,8,관람객로봇좋아하는 5살 남자아이가 좋아할 스토리네요.  
20170623,7,관람객엄마 보기엔 집에서 티비보는 느낌이었음 ^^아들이랑 바람 쐴겸 나온거람 만족해요  
20170623,10,딱 어린애들 좋아할영화..  
20170621,8,관람객애들이 좋아할 수준입니다.  
20170619,7,관람객아이들이 너무너무 좋아하네요  
20170619,4,관람객아이가좋아해요 새로운이야기네여 ㅎㅎ  
20170618,10,관람객오마나 최고예요 최고 넘잼나네요  
20170618,10,관람객아이들이 잘봤어요^^  
20170618,10,관람객아이들이 좋아해요~!!!!  
20170618,10,관람객짱. 5살아이 끝나고도 더보겠다고~ㅎㅎ  
20170617,10,관람객아이랑 할아버지가 함께 보도록 예매했어요^^아들이 재미있었다고 하네요!  
20170617,8,관람객애들이 재밌어 하내요~^^  
20170616,8,관람객아이들이 재미있다고 또 보고싶다네요  
20170615,8,관람객남자 아이들이 보기에 적당한듯  
20170615,8,관람객남자애들 좋아해요 4-6살이 적당 해요  
20170615,9,관람객잼있어하네요~즐겁게잘봤어요  
20170614,8,관람객아이와 잘 봤어여그냥 그랬내요  
20170614,9,관람객아들과 함께 재밌게 봤어요역시 와치카~~  
20170613,10,관람객아이가넘좋아해요 아이가넘 좋아해요  
20170613,8,관람객애들이 좋아해요ㅋㅋㅋㅋ  
20170611,5,생각보다 너무 폭력적이어서 아이들 보여주기에 적당하지 않네요. 사람들을 발로차고 주먹으로 때리는건 기본 총으로 쏴서 쓰러뜨리네요. 7살 4살 같이 보러갔는데 괜히 봤나 싶어요. 비추입니다.  
20170611,8,관람객아이들이 너무 즐거워했어요  
20170611,10,관람객아이가 너무조아했어요 티비로보는거와는 실감나구 재미있네요 아이와함께 즐겁게관람했어요  
20170610,9,관람객아이들이 너무 재미있어했어요~ 화면이 너무 휘황찬란하게 번쩍여서 눈이 조금 아팠네요^^;  
20170610,10,"관람객아이들의 만화에도 온갖 세상사 일들이 있음,사랑배신그리고 허세ㅋㅋㅋ  "
20170610,8,관람객아이가 좋아하네요~~조금은 유치한 느낌  
20170610,9,관람객잘 봤어요. 재미있었어요.  
20170609,10,관람객아이와 재미있게 보았습니다!  
20170609,8,관람객아이들의 상상의 세계를 펼칠수 있는 영화였다 아들들과 함께 보니 더욱 즐거운 시간이었다  
20170608,1,이런거 얼마버는지 몰라도 그만 상영해라 티비서 하는걸 왜 극장판해서 (꼴랑1시간10분) 안보여줄수도 없고 애들둘에어른까지 영화비만 3만이넘어 팝콘까지 친구들 다간다고 안갈수도없고  또 후속편 나오겠더만 다음엔 유투브 무료 만화 5개보는걸로 퉁 칠란다  
20170608,9,관람객어른이 봐도 재밌어요~  
20170608,10,큰아이랑 보러왔는데 어른도볼만하다 강추  
20170608,8,관람객재밌어요.  여덟살 아이도 재미있다하네요  
20170607,7,관람객아이가 재미있어 했어요 제가 졸은건 비밀 ㅋ  
20170607,8,관람객즐겁게 잘보고왔습니다.  
20170606,10,오늘 보고 왔는데 너무너무 재밌었어요!!  
20170606,8,관람객딸아이가 재밌다네요~~  
20170606,10,관람객https://www.instagram.com/p/BUtRNwZgNyD/ㄷ  
20170606,7,관람객전체연령가인데 7세미만 한정이 어떤지 10살 아들의견이버다  
20170606,1,다시 글쓰는데..감독아 아이가 없으면 아이가진 부모에게 물어보고 만들고.연출이 딸리면 보고 카피라도 해라.이건머...아무것도모르는 아이들가지고 싸우고부시면다 좋아하는지알고...이걸보여주고 좋아하는부모들은 먼생각들인지...  
20170606,9,관람객6살 아들이 완전 재밌는데 아쉬운게 하나 있어 9점 등록하라네요. 너무 빨리 끝나 -1점이랍니다^^  
20170606,1,이게 어딜 봐서 전체 관람가죠? 시작한지 20분 됐는데 살인장면 나오고. 어린 여자아이가 악당을 패고 있고. 악당이면 총맞아 죽여도 되나요? 4살짜리 아들 데리고 왓는데 지금까지 안보여주려고 노력했던 장면들 마구 보여주네요. 양심을 가지세요 정말  
20170605,10,관람객아이가 너무 좋아해요^^저도 재미있어서 보게 되더라고요  
20170604,1,국산 애니메이션의 제목 : 파워배틀 와치카  
20170604,10,오늘 아들과봤는데 솔직히 어른영화보다 제가 더신나게봤어요ㅎㅎ사운드와 내용도 재밌고 기분좋게 나왔습니다저도 또보고싶어요^^  
20170604,9,관람객아이들이 재밌ㄱ잘봤어요  
20170603,10,관람객새로운 내용이여서 괜찮았습니다  
20170601,10,애들이 좋아하네요! 애들만 좋으면 되죠;;  
20170601,10,아이들에게 최고의 선물이 된듯~ 너무 재밌어합니다.  
20170601,10,시사회 다녀왔는데 애들이 아주 난리도 아니었어요~  
20170601,10,조카의 첫 영화로 와치카를! 가면도 멋지고 무엇보다 박진감 넘치는 액션들이 눈길을 사로잡았다는~~  
20170601,10,와치카 진짜 짱이에용!!!  
20170601,10,울 아이가 계속 극장가지고 졸라요~ 와치가면 받으러 고고싱~~!!  
20170601,10,오홍~ 오늘 개봉했군요.. 울 애기랑  주말에 보러가겠음!!  
20170601,9,신난당! 너무 재미있을거 같아욬ㅋ 가면 받으러 고고씽  
20170601,10,울 애들이랑 이번주 주말에 볼거에요! 넘나 기대됩니당  
20170601,10,엄청 기다렷눈데 조카갘ㅋㅋㅋ데려가야겟다  
20170601,10,친구네집에 놀러가면 맨날 그 집 아들이 보고잇엇는뎈ㅋㅋ알려줘야징  
20170601,10,이번 극장판은 확실히 재밌는지 아이들이 집중해서 보더라구요ㅋㅋ 아이들이 좋아하니 저도 만족만족^^  
20170601,10,애니메이션인데도 카리스마 폭발ㅋㅋㅋ 잼나게 봤어요~  
20170601,10,첫째 아이랑만  봤는데  아이가 너무 좋아해서  둘째 데리고 또 보러가요!!  
20170601,10,오늘 보러 갈거예요!  미니카들 귀여울듯ㅋㅋㅋ  
20170601,10,애들이 완전 좋아했어요!ㅋㅋㅋ 나도 빠져들뻔... 에릭♡  
20170601,10,와치카 완전 재밌음!! 블루썬더 짱멋!!  
20170601,8,"전문가(?)평 과는,달리 절대 나쁘지 않음...왜색이 심하긴 하지만,하늘아래 카피 아닌게 없고,모방은 창조의 어머니이므로...  "
