0,1,2
20180506,1,이 영화를 보고 암이 생겼습니다.  
20180303,8,관람객아이와 즐겁게 보고왔어요유치부 애들 보기엔 딱 좋아요  
20180218,10,관람객초등학생들 끼리 보고 왔어요재미있었어요  
20180218,7,귀엽네요 어린이들이 좋아 할만한 영화  
20180205,8,관람객아이가 재밌어했어요 만족  
20180204,10,관람객딸이랑 오랜만에 본 영화인데..주인공 딥의 여운이 오래남네요..데프콘의 더빙도 재미있었어요.^^  
20180203,10,관람객아이들이 너무 재미있어했어요~ 노래도 신나고 재미난영화였어요^^  
20180202,1,진짜 개노잼임 유치원생 애들이나 랄라랄라 거리면서 볼수있지 초등학생부터는 영화관가서 돈 날리는거임. 차라리 이 돈으로 다른거한다. 이거 보는시간에 차라리 잠을 잔다. 이런스토리는 개도 만들수 있겠다!  
20180121,8,관람객아이들이 즐거워한 영화  
20180118,10,관람객겁나 재미 없는 쓰레기 만화영화  
20180117,7,관람객생각보다는 무미건조했어요  
20180117,8,관람객울고 웃고 나왔어요아이와함께보기 좋아요  
20180114,5,별로예요..애들 보기에 좀 잔인한 것도 있고...전체적으로 색감이 좀 칙칙하네요..  
20180113,6,관람객애들하고  간단히  보기좋음  
20180113,6,관람객애들이랑 봤는데 생각보다  지루  했어요~  
20180112,8,관람객아이들이 즐겁게봤어요  
20180112,5,관람객아이가 조금지루해했습니다  
20180111,7,관람객커터앤벅안전화다시보기오늘하루도  
20180109,10,관람객즐거운영화예요 음악도 캐릭터도^^  
20180106,5,관람객영화를 좋아하는 울 딸램...실망ㅜㅜ  
20180106,8,관람객재밌었어요  아이들과보기좋은영화  
20180105,6,관람객애들이  재밌게 잘보았다고하네요^^  
20180105,9,관람객아이가 너무 좋아해서 저도 함께 재밌고 신나게 바다체험하고 왔네요^^  
20180105,8,관람객바다이야기가 신선하고 좋았어요  
20180104,8,관람객본지 오래된영화인데 이제서야 후기를 올리네요ㅋ우리아들딸이 즐거워하는모습보고 기분이좋았구요중간쯤 쫌 지루해 하더니 마지막에 재밌다구 잘봤다구해서 다행이라생각했습니다~ ^^  
20180104,7,관람객아이와 애기아빠 둘이서 봤는데요 아이도 바닷속 풍경들을 엄청 신기해하고 재밌게 봤답니다~~ 이제 아빠랑 극장구경 가면 같이 팝콘 먹는 재미에 푹빠져서 종종 영화관 데이트 하라고 재밌는 영화 예매해줘야겠어요^^  
20180104,8,관람객재미있어요 아이들이 좋아하네요  
20171230,8,관람객이걸왜 내가 봤는짆아해  
20171227,10,관람객아들이 재밌어하면 무조건 굿인거임ㅋㅋㅋ  
20171226,9,관람객재밌었어용 아이랑봤는데 빠져들게하네요  
20171225,9,관람객아이가 재미있게 보네요  
20171221,10,관람객아이들도 재밌어하고 어른이봐도 재밌었어요  
20171217,8,관람객색감이 이쁩니다.  스토리도 아이들이 좋아할 만한 내용이네요.  
20171217,5,관람객그냥그랬어요  애들은.재미있었데요  
20171216,8,관람객캐릭터가 귀엽고 즐겁게 봤네요  
20171216,6,관람객그림이 예뻤어요. 노란문어~  
20171213,7,관람객평소에 좋아하던 물고기 문어 나와서 애가 좋아했어요^^  
20171210,7,관람객초반에 조금 지루하긴 했지만 끝으로 갈수록 재미있네요~!!  
20171209,10,관람객아이가 너무 좋아하네요 중간에 뽀로로 노래도나오고 공룡도나공룡도나오고 재밌었습니다 아이가 대만족입니다  
20171208,6,관람객생각보다 이야기가 지루해요  
20171207,2,아무리 애들 영화지만 스토리 너무 엉성하고 성장을 위한 밑밥이라지만 주인공 엄청 민폐에 매력도가 떨어져요. 게와 새우가 눈맞는 건 너무 뜬금없고 그냥 노래 띄워보려고 장면 갖다 붙인 것 같아요. 극장 나오면서 욕을 했는데 생각나서 지금 써봐요.  
20171206,7,관람객보다가 재미없는지 나가자고해서 중간에 나왔네요.  
20171202,10,관람객완전히재미있었어용ㅋㅋ 아이들이 좋아해요  
20171118,6,관람객동굴세계에 갖힌  크라켄을  구하기  위해  딥과  친구들이  힘을 합해  윌리를  데리고  오는  과정을  어린이  눈 높이에서  잘  그려주었네요.  
20171118,7,"관람객매우잼있임,기럭저럭보기조음  "
20171110,10,관람객무지무지  재미있게  우리 아들하고 봤어요  
20171110,8,관람객딸 과 보고왔어요 재미있어요  
20171107,10,관람객아이들이 재밌어하네요~^^  
20171106,8,관람객아이들이 재미있대요 노래도 좋다코  
20171104,10,관람객짱짱짱 재미있어요!!  
20171104,10,관람객우리아이들 재미나다고 너믄재미나게 봤어요~^^  
20171103,8,관람객아이랑 처음본 영화였는데 나가자고 말도안하고 가만히 앉아서 집중하고 잘봤어요~! 재밋었는지 물고기영화 또보자고하네여 ㅋㅋ  
20171030,10,관람객아이가좋아했어요. 포스터도버리지않는..^^  
20171030,10,관람객아이가 영화관에 처음으로 가서 본 영화에요 ㅎㅎ 집중도 잘하고 재미있게 잘 보고왔어요  
20171029,9,관람객바닷속 동물들이 실감나네요 음악도 신나고 좋았어요  
20171028,9,관람객아이들이 너무 좋아하네요  
20171028,8,관람객동생이랑 가서 너무 재밌게 잘봤어요~~~  
20171028,6,관람객조금지루한 면이 있네요  
20171028,10,관람객애들이 너무 좋아하네요~~~  
20171027,9,관람객아들이 너무 재밌어하네요. 즐거운 시간 이었습니다 ^^  
20171026,6,관람객초등학생 아들하고 보기엔  조금...  
20171026,6,관람객애들은 재밌었다고 하는데..  
20171026,8,관람객아이들이 잼미지게 보고 왔어요  
20171026,9,관람객아들이 재밌게봤습니다~~~~  
20171026,5,관람객그럭저럭...  니모를찾아서시리즈가 생각나네요  
20171025,9,관람객아이가 친구들이랑 보러 간ㄷ건데 재미 있었다고 합니다  
20171025,8,관람객스토리도 괜찮고 볼만함  
20171024,10,관람객아기가재밌게봤어요!!!!  
20171024,3,관람객아이와  같이봤는데... 솔직히  뮤지컬 에니메이션이라고 해서....봤는데..  
20171024,9,관람객아들과처음으로본영화너무즐거웠어요  
20171023,8,관람객26개월 아이와 함께 보러 갔는데 재미있게 잘보고왔어요.아이도 집중해서 끝까지 잘 보더라구요~  
20171022,3,넛잡2를 더빙없이 끝까지 본 4살애기가 딥은 중간에 재미없다고 나오자고했다. 마지막에 본 애니메이션이 씽이었는데 딥이 뮤지컬 애니메이션이라는게 낯간지럽다. 스토리 색감 음악 모두 구림... 더빙이라그런가....  
20171022,9,관람객아이가 재미있게 봤어요 ~  
20171022,1,목소리랑 캐릭이 잘 안어울려요..그냥 집중안되는...그냥그냥  
20171022,2,개연성 꽝에 이 애니만든사람은 애들을 진짜 모르는사라이 만든것같다 개그도 엉망이고 꺼지라는 말에 뭐 개나줘 이런 어른들 용어를 갖다쓰고 유행하는 외계어까지써가며 아이들이 이해할수없음 아이가 언제끝나냐며 ..옛날 둘리 한편봤어도 행복했을 시간입니다..  
20171021,5,관람객생각보단 재미있었네요~  
20171021,10,관람객무지무지 너무너무 잼나요  
20171021,4,"관람객그냥,그럭저럭.음..  "
20171021,10,관람객4살 아이와 함께 봤어요. 1시간 20분남짓돼서 아이가 지루해하지도 않고 잘봤어요^^  
20171021,10,관람객울아들 웃음이 끈이질 않았네여~  
20171021,10,"관람객9살 여아, 7살 남아 감상평입니다. 1.약속을 지켜야돼요.2.친구를 배신하지 않고 도와줘요. 둘다 재밌다고 합니다.  "
20171021,8,관람객내용은별거없지만 그림이 예뻣던 영화  
20171019,10,관람객아이들이 많이 좋아하네요~~  
20171019,10,데프콘과 남주의 노래가 제일 기억에 남음  
20171019,10,아이들이 재밌다네요~^^  
20171019,10,조카들 보여주었던 영화인데 전체적인 분위기가 즐거워서인지 무척이나 즐거워 하였습니다.  
20171019,10,아이들이 무척이나 즐거워 했던 영화입니다. 작품의 퀄리티도 기대 이상으로 좋았습니다.  
20171019,10,음악도 유쾌하고 귀요미들~~조카들과 잼나게 봤네요 ㅎㅎ  
20171019,9,유쾌하고 신나는 노래와 함께하는 영화~  
20171019,10,애들이 엄청 좋아함 무난한 스토리 무난한 영상  
20171019,10,베리굿입니다 지루하다는 평도 있어서 걱정했는데 7살4살 아이들하고 잼있게 봤습니다  
20171019,10,4살7살 보기문안하게 즐거웠어요 아이들이 보는동안웃고 보고나서재미있었다고해요  
20171019,10,아이들이 잼나게 보고 왔네요~^^  
20171019,9,올만에 아이들과 넘 잼나게 봤어요  
20171019,10,조카랑 너무 재밌게 봤어요~ 화이팅~  
20171019,10,6살 우리딸은 최고로 재밌었다네요 아이를 위한영화니 엄마는 다 좋아요  
20171019,10,우리 아들은 무지 좋아했습니다.  
20171019,10,조카가 넘 재미있다고 ㅎㅎㅎ 아주 좋아해요  
20171019,10,딸아이와 너무너무 재밌게 잘 봤습니다!! 강추요!!  
20171019,9,아이들이 너무 좋아하네요..ㅎ  
20171019,10,아이들 보기 좋은 영화입니다.  
20171019,10,조카들과 재밌게 봤어요^^ 노래가 함께해서 더 재밌었던.  
20171019,10,아이들이 나무나 재미나게보고나왔어요  
20171019,10,저두 재미있었지만 딸들도 잼있었다네요^^  
20171019,10,가족끼리 보면 킬림타임용으로 굿입니다  
20171019,9,긴장감이 넘치는 이야기. 모험이야기가 좋네요  
20171019,10,조카들 보여줬는데 재밌었대요 ㅎㅎ  
20171019,10,아이가 재밌어해요~ 바다생물들이 캐릭터로 등장하니 흥미로워 하네요^^  
20171019,10,아이들이 너무 재미있어 했어요  
20171019,10,작은 아이도 영화중간 중간 깔깔거리며 잼나게 보고왔어요. 데프콘의 노래도 좋았어요.  
20171019,10,6살딸이랑 봣는데 재밌었어요~ 딸은 또보고싶다하네요ㅎ  
20171019,9,딸애랑 조카들이 재밌다고 또 보자고 하네요~^^  
20171019,10,조카들이 좋아함 엄지척.  
20171019,10,6살 11살 두아이 모두 잼나게 본 영화. 큰아이가 요근래 본 에니메이션중 젤 잼나는 영화였다네요.  
20171019,10,환경오염에관한 내용도있어 지구에대해 아이들과 함께 얘기 할 수있어 좋았어요  
20171019,10,6세 아들은 좋아합니다.  
20171019,10,기대 안하고 봤는데 볼만했어요 6세 딸램 박장대소하며 재밌게 보네요 어른 마음에 주인공 딥 쥐어박고 싶었어요;;  
20171019,9,7살 아이와 즐겁게 봤어요. 지루할때쯤 노래도 나오고 재미있었어요.  
20171019,10,아이가 아주 재미있었다고 합니다~^^  
20171019,10,노래도 신나고 들거웠어요.아이들도 보고나서 재밌었다고 . . .  
20171019,10,고집불통 ㅋ 쭈꾸미같애 ㅋ  
20171019,10,화면이 예쁘고 재미있고 즐거운 이야기 시간이었어요.  
20171019,10,아이가 엄청 재밌었다고 하네요~~~^^  
20171019,9,아이들이 신나게 볼수있는 영화네오  
20171019,10,아이들이 너무 좋아하고 재밌어했어요  
20171019,10,재밌게 관람했습니다. 아이가 또 보러 가자고 하네요  
20171019,10,7살 아들 너무 재밌게봤어요~도리보다 스토리가 좀 더 쉬워서 지루하지 않게봤답니다 물고기를 좋아하는 어린이라면 추천요^^  
20171019,9,조금 무서워했던 부분도있었지만 모험하는 내용를포함해서 재밌었어요~  
20171019,10,"7살, 5살 아들들이 재미있었다고 하네요!  "
20171019,8,관람객아이들이재밌었다고하네여음악도신나고  
20171019,10,관람객애들이 무지 좋아해요. 저는 계속 잠에 취해..  
20171018,8,관람객재미있었고 교훈적이였어요  
20171018,9,관람객딸과 함께 봤어요 재밌네요~~^^흔들어쏭 완전 중독성 있어요~~  
20171018,6,관람객니모를 생각나게해요 근데 기대만큼 재미있진 않은듯...  
20171017,8,관람객딥 귀엽다며 아이가 좋아함...  
20171016,9,관람객아이와 함께 관람을 했는데 재미있었습니다.  
20171016,8,관람객재밌었어요^^아이들이 잘 앉아봤네요  
20171016,8,관람객5세 아이랑 봤는데 잼있었는지나가자고 안 했어요  
20171016,10,관람객아이가 나무 좋아하네요  
20171015,10,관람객딸아이와 추석연휴때 즐겁게 잘 봤어요  
20171015,8,관람객애들이 재밌어하네여~ 스토리는 여느 애니메이션과 비슷했습니다. 감동은 죄금 적은듯!!!  
20171015,8,관람객조카들이랑 재밌게 봤어요 히히  
20171015,3,지루함 아이도 졸고 30분 보다 나옴  
20171015,7,관람객7살4살 아이들이 재미나게 잘봤데요.니모 + 씽 약간 요거 두개합친것 같은데 그두영화보다는 쪼끔 별 로네요  
20171015,10,관람객아이들 둘다 재미있게  잘봤어요~~  
20171015,10,관람객애니메이션이지만 지구온난화에 대해 다시 한번더 생각하고 느끼게 되었어요 추천추천  
20171015,8,관람객아이들과 너무  재밌게 봤어요.  
20171015,10,관람객아이랑 같이 봤습니다. 재밌어요^^  
20171014,10,관람객6살 아들이랑 재밌게 봤어요  
20171014,10,관람객아이들이 너무 잼있게 봤어요..감사합니다.  
20171014,1,네살짜리도 재미없다네요 끝나기 전에 나왔어요마지막이 재밌있었는지는 모르겠네요  
20171014,8,관람객재밌네요  애랑보기랑은  
20171014,2,니모를 찾아서.. 도리를 찾아서 보다가 와...정말 뭔가 싶고 애들이랑 시간내서 온게 아깝고 돈도 아깝고 평점 10점준사람들보고왔는데.... 솔직히.완젼 속은 느낌... 평점 10점 준사람들....모지??헐  
20171014,5,관람객영상은 화려하고 아이들이 생각해 볼 이슈를 다루고 있지만 모험 이야기 자체는 단조롭고 뻔하게 전개되고 그 와중에 대사가 재밌거나 애니메이션에서 다룰 수 있는 기발한 상상력 등이 부재해 전체적으로 지루하네요. 중간중간 나오는 음악도 큰 임팩트는 없는 듯  
20171014,7,관람객더빙이 산만한 느낌이예요. 원래 영어로 된 대본을 더빙하느라 번역하다보니 좀 산만한 느낌이들고 초반에는 특히 흐름이 끊어지는 듯한 느낌을 많이 받았어요. 더빙본 말고 보고싶었는데 상영하는 극장이 없네요.더빙이 너무 실망입니다.  
20171014,7,관람객억지 웃음요소가 많아 재미는 별로였지만 아이들의 친구관계 리더쉽에 대해 배워볼 수 있었던 부분은 좋았습니다..재미는 없었어요...;;  
20171014,7,관람객아이들이 재미있어 하네요  
20171014,10,관람객흔들어송 부분이 정말 신났어요. 집에 와서 아이가 또 보고 싶다고 합니다.  
20171014,7,관람객아이들과 보기에 딱이네요.  
20171014,9,관람객간만에 영화관 나들이 아이들이 좋아하네요  
20171014,9,관람객생각보다 잼나던데요 나오는 생물체마다 귀욤  
20171013,7,관람객아이들이 재밌게 봤다고 하네요  
20171013,1,관람객맥락없기로는 으뜸 애도 보다가 나가자고 함  
20171013,7,관람객OST  덕분에 중간중간 즐거웠는데요 내용에 있어서는 크게 기대에 못미쳤던거 같아요  
20171013,10,관람객아이들이 재미있어하네요~ 캐릭터도 귀엽고 좋아했어요!  
20171013,5,관람객음악기대했는데....실망이였음  
20171013,6,관람객재미있었지만 아이들 보기에 좀비 물고기라든가 너무 무섭게 생긴 물고기들은 별로였어요. 음악이 좋았어요.  
20171012,8,관람객아이들이 즐겁고재밋어하네요.  
20171012,10,관람객영상미도 이쁘고 ost도 엄청 신나고 애들이 정말 좋아했어요. 강력추천합니다.  
20171012,9,관람객뮤지컬애니라큰기대했는데어른의감성엔조금밋밋그러나 우리6살딸아이 너무잼있었다면서 박수를치며나오네요~^^!!  
20171012,10,관람객애기들이 좋아하네여~  
20171012,8,관람객아이들이 재밌어했어요~^^  
20171011,10,관람객애들이랑 즐겁게 보고 왓습니다~ 추천  
20171011,6,관람객아들때매 꾸역꾸역 예매했는데 막상 내가 더신나서봄ㅋㅋㅋ  
20171011,1,?억지스러운 전개는 물론이고 유행어란 유행어는 다 우겨넣었네요 어린이들이 보는거라 어쩔수없었다지만 눈쌀 찌푸려지는건 맞아요. 마지막 끝마무리가 어색했어요 결론적으로 재미없었네요 시간이 아까워요  
20171011,8,관람객내용이 좀 억지스러웠지만 새우아가씨 노래는 너무 신났어요  
20171011,8,관람객아이가 좋아하네요. 딥 잘봤어요  
20171011,7,적당히 나름 재밌게 잘 만들었네요.  
20171011,9,관람객바다생물 이야기 너무 흥미로워요  
20171010,5,관람객좋아요. 남편이랑 딸이 잼있대요  
20171010,8,관람객아이들과 보기 재미있었어요  
20171010,5,관람객7살 여아는 좋아했는데 아빠는 내용이 썩 별로라고 하네요..  
20171010,8,관람객아이들이 보기좋아요~  
20171010,8,관람객애들하고 끝까지 잘 봤어요  
20171010,10,노래도 신나고 캐릭터도 귀여워요  
20171010,7,관람객아이는즐거워하네여~~  
20171010,7,열심히 만든 흔적이 보입니다.  
20171010,8,관람객아이들이 재밌게 봤어요노래도 좋았나봐요  
20171010,3,여섯살 아들은 좋아하네요 서른여섯살 엄마는 하품만 하다 나왔네요  
20171010,9,아이들이.즐겁게 관람함  
20171010,10,관람객아이들이 정말 즐겁게 보는것 같아요~^^  
20171010,10,관람객좋아요 아이가잘봤네요  
20171010,10,긴연휴 아이들과 시간보내기 좋았어요~~~아이들이 잼있게 봐서 다행이었네요^^  
20171010,10,"3살 아가와 함께 봤습니다. 전부 다 못볼줄 알았는데, 끝까지 완주했습니다. 흡입력 있는 영화였네요 ^^  "
20171010,9,재미있어요~~ 아이들이 넘 좋아해요  
20171010,8,관람객6살 아들이랑 봤는데 아들이 재밌게 보더라구여ㅋ  
20171010,8,관람객환경에 대해 생각하고 친구관계를 교육적으로 잘 표현해 낸거 같아요. 게다가 재미있으니 아주 알차게 봤네요. 바닷속 생물들을 다양하게 만나게 되어 더 좋았습니다  
20171010,7,관람객내용전개도  개연성이 떨어지고  캐릭터의 매력도 떨어진다신선함도 없음..하지만 애들은 즐겁게 봄  
20171009,10,관람객우리 아들 둘 너무너무 재밌었다네요  
20171009,8,관람객딸아이가 재미있게 봤네요~^^  
20171009,10,관람객재미있어요 잘봤습니다  
20171009,8,관람객애들이랑 같이가서 잼있게 잘보고 왔어요 애들이 좋아하네요  
20171009,10,관람객뮤지컬 애니메이션 답게 재미있었어요~!  
20171009,9,4세울아이가 80분동안 꼼짝하지않고푹빠져서  집중해서보았네요!!넘나흐뭇했어요!!!  
20171009,10,관람객생각보다 너무 재미있게 봤습니다  
20171009,7,관람객조금 지루했어요. 아이들은 잘 보드라구요.  
20171009,5,관람객아이들하고 긴 연휴의 마지막을 딥과 보냈는데요~~재미난 바닷속 모험담을 잘 만들었더라구요~~우리 아이와 재미나게 보고왔습니다^^  
20171009,5,넛잡2를 봤어야 했어....  
20171009,5,관람객아이들이 단순하게 볼수 있어요  
20171009,8,관람객아이와 정말 재미있게 보고왔습니다..^^^  
20171009,10,관람객아들과  신나게 웃으며  봤다ㅋㅋ  
20171009,9,관람객아이와 함께 보기 좋았어요~~  
20171009,10,초2아들이 친구들과 봤는데 재밌었다네요~  
20171009,8,관람객앞부분지루해요재미있는부분은뒷부분조금..  
20171009,10,관람객애들에게조운영화에요  
20171009,9,관람객아이가 너무너무 좋아하네요  
20171009,9,관람객아이들이 재미있게 잘 봤다고 하네요  
20171009,8,관람객아이랑 보기 좋은 영화. ㅎ  
20171009,4,관람객최근  아이들 영화중에  재미없었음ㅡㅡ  
20171009,8,관람객아이들이 재미있다고 합니다중간에 나오는 노래도 좋대요  
20171009,8,관람객아이들과 관람 하기 좋은 영화입니다~.  
20171009,1,내용은 산만하고.. 노래는 누가 만들었는지..캐릭터도 전부 비호감.. 애들 보는 거라지만 돈이 아깝다.  
20171009,8,관람객애들둘이랑 재밌게 봤어요  
20171009,10,관람객아이가 좋인하네요ㅋ 신난데요  
20171009,8,관람객아들내미 (5살) 가 좋아해서 8점 드립니다. 성인 취향은 하나도 없는 애니메이션이네요.  
20171009,10,관람객아이랑 재밌게 봤었요^^~♡  
20171009,9,관람객아이들이 너무 재미있게 봤어요~  
20171009,8,관람객영화는 재밌었는데 예매수수료 받는게 좀 아쉽네요....  
20171009,10,관람객아이셋(3 5 7세)과 봤는데 다들 좋아해요~~^^  
20171009,10,관람객아이와 어른들까지 재미있게봤어요.  
20171009,10,관람객재미있어요재미있어요  
20171009,10,관람객넘 재밌었어요노래가 함께 나와 더 잘 보는거 같아요  
20171009,9,관람객9살 여아와 같이 보았어요. 재미났다고 하네요 ^^  
20171009,10,관람객7살아이들과 재미있게봤어요^-^  
20171009,10,관람객노래가 좋았다.모험 하는게 좋았다.  
20171009,1,엄청난 급전개 스토리에 집중하기 힘들고 내용도 부실함  
20171009,8,관람객아이들과 관람하기 좋은 영화였습니다.아이들이 즐거워했어요  
20171009,10,관람객아이들이  정말 좋아하고 재미있게봤습니다.  
20171009,10,관람객애들이 너무 좋아했어요.  
20171009,1,관람객평점을 주기에도 아까운 영화최근본중에 최악시간아까워요  
20171009,8,6살 아이와 함께 봤는데 좋아하더라고요~진부한 내용이지만 중간중간 코믹요소 대사도 많아서 괜찮은듯해요. 스토리가 진부한서 빼면 괜찮아요 ~  
20171009,10,관람객좋아요좋아요좋아요좋아요  
20171009,3,관람객재미가별로없어요짏해요  
20171009,9,관람객아이들이보기 쉽고 재밌네요  
20171009,8,관람객잼있게봤네요노래도 좋았구요...어른들이보기엔 유치하지않을까 싶었는데안그러네요 ...ㅋㅋ  
20171009,8,관람객지루하지않게 잘봣내요  
20171009,8,관람객딸이 즐겁게 봤어요~지금도 예기하네요  
20171009,10,관람객연휴때 아이랑 같이 봤는데 많이 잼있었는지또보고싶다고하내요  
20171008,8,관람객재밌었어요 애들이 좋아했어요 후반부에는 좀 무섭다하네요 ㅋㅋ  
20171008,8,관람객기대안하고봤는데 뮤지컬영화라 중간중간 지루하지않게 신나는 음악도 나오구 재미있네요  
20171008,8,관람객생각외로 재미있습니다.  
20171008,8,관람객아이들과 같이 봤어요..여기에  나오는 댄스음악이 신나서 좋네요..^^  
20171008,8,관람객아주 재밌게 봤어요...  
20171008,5,관람객12살7살 딸내미들이 봤는데 ㅎㅎ 시시하다고 하네요  
20171008,1,어수선한 스토리와 아이들과 같이 보기에 부적절한 번역과 더빙이 당황스럽네요...  아이들이 보는영화임만큼 번역에 신경을 써야하는데 아쉽네요  
20171008,3,관람객그냥그래요..졸립네요..  
20171008,2,뜬금 없는 이야기 전개 교육적으로 부적합한 변역  
20171008,10,"관람객잘보고 왔어용,  또 이용하러 올께요  "
20171008,10,관람객재미있게잘봤습니다!  
20171008,10,관람객Vxdjsjdvdidohdhdbdjdkbshwiebdb  
20171008,10,관람객아이들이 좋아할만한 영화네요 웃기다면서 즐겁제 관람한 아이들이랍니다 ~^^~  
20171008,8,관람객너무 재미있게 봤어요~  
20171008,10,관람객5살딸아이가     너무 잼잇게  봤습니다.다시  보자고  하네요.  
20171008,10,관람객너무나 재밌고 신나는영화  
20171008,1,관람객그냥그래요.딱히 재미는 없는듯  
20171008,1,별내용없고 니모를 찾아라와 비슷  
20171008,7,관람객성인은 가끔 졸리고  아이는 매우 재미나하고요  
20171008,8,아무생각없이봤는데꿀잼  
20171008,8,관람객귀여워여 재미잇어여 ㅋㅋㅋ 볼만하네여 ㅎㅎ  
20171008,1,진짜 너무 재미 없네요 도리나 니모같은 영화를 생각 하셨다면 정말 엄청난 실망을 하실 유행어만 다 때려넣으면 재밌을거같았는지 진짜 재미없었어요  
20171008,8,관람객표끈는거는편했는데  비상구표시가 반대로....그것만좋았음 더편했을듯요  
20171008,5,관람객애들보기에조금어렵네요  
20171008,9,관람객아이들이 재밌어하네요~  
20171008,10,관람객7세 아들램에 무척 좋아했습니다. 자극적이지도 않고 아이들 수준에 맞는 내용이라 저도 잘 봤네요  
20171008,10,8살 아들이 10점 주라고하네요^^  
20171008,8,관람객아이들이 즐겁게 보고나왓어요  
20171008,10,관람객좋아요좋아요좋아요좋아요  
20171008,7,관람객아이들이 참재미있어 하네요  
20171008,7,관람객아이들과 보기 좋은 영화  
20171008,10,관람객애기들과 재밋게 보고왔어요~~~^^  
20171008,8,관람객시작부터끝까지 몰입해서 봤어요 아이들데리고보기좋은영화  
20171008,9,관람객아이들이 너무 좋아했어요  
20171008,2,관람객추석연휴라서 보게됬는데..아이들에게 보기좋은 영화지민 어른들이보기엔 너무 피곤하네요 ㅎ  
20171008,10,"관람객강츄~ 친구, 팀에 관한 이해  "
20171008,10,재미있게 잘봤어요^^아이도 너무 즐거워하더라고요~~  
20171008,10,조카랑 봤는데 조카 넘재미있어라하네요 집중도 잘하고 잼있게 잘봤어요  
20171008,10,아이와 함께본 영화~ 제가 더 신나게 관람했습니다 아이도 바닷속 물고기에 궁금해하며 즐거운 하루 보냈습니다  
20171008,8,애기들이 엄청 재미 있데요^^ 앤딩 부분이 최고 재미 있었데요  
20171008,10,초등저학년 아이들과 보기 딱 좋은 영화였어요.  
20171008,10,너무 재미있게봤어요^^ 애들도 신나게 봤네요^^  
20171008,2,"별1개도 아까 운 애니메이션.애들이랑 보려고 갔는데, 줄거리도 구성도 엉성하기 짝이 없었습니다. 아무리 애들 만화라지만 이렇게 성의없는 내용은 이해되지 않음더군다나 초대형뮤지컬 애니라더니, 한참 기다려 나온 노래도 뮤지컬이라 하기엔 많이 모자람  "
20171008,9,아이도 어른도재밌는영화~~최고네요  
20171008,10,아이가 넘 재미있게 봤어요~~  
20171008,10,아들하고 처음 같이 가서 봤는데 나름 집중도 잘하고 끝까지 잘 보고 왔네요 나중엔 제가 재밌더라는 ㅋㅋ  
20171008,10,아이들이보기에 참좋은애니 입니다!^^~  
20171008,10,아아들과함께 보기 나쁘지않아요  
20171008,10,친구를 통해 자신을 발견하고 진정한 리더로 성장하는 이야기. 재미있었어요  
20171008,10,생각보다 내용있고 재밌네요 중간중간 코믹한 부분도 있고요  
20171008,8,아이랑 정말 재미있게 보고 왔네요.  
20171008,10,아이들이 좋아하는 캐릭터와 이야기인 것 같습니다.  
20171008,10,친구의 소중함 알수있는 만화  
20171008,10,뮤지컬이지만 노래와 댄스보단 스토리위주 영화이고 자연환경과 팀웍과 관련된 부분이 나와 도움되는 것도 있고 아이들 보기에 괜찮은 영화에요~  
20171008,10,아이들에겐 재밌는 영화랍니다  
20171008,10,그래도 보는 시간만큼은 빠져들었다. ^^  
20171008,10,추석에 아이들과 보기 딱 좋습니다!  
20171008,10,바닷속세상으루좋아하는 아들에게는 즐거운 영화였오요 ㅎㄹ  
20171008,10,시간가는줄 모르고봤어요 재밌더라구요^^  
20171008,10,아이와 함께 보기에 신나는 모험이 가득한 즐거운 영화였어요  
20171008,10,그래도 잼나게 잘봤다네요^^ 껍질째 흔들어봐 쉐킷쉐킷~~  
20171008,10,아이들이. 즐거워해요. 재미있다네요  
20171008,10,아들과 아주 유익한 시간을 보냈습니다. 배울 수 았는 영화네요  
20171008,9,아이들이 봐서~~~재밌었고 음악이 신났다하네요.^^  
20171008,10,에피소드가 하나하나 점진적이라 등장하는 동물이 많지 않아도 6살 아이가 재밌게 잘 보네요  
20171008,9,그림이 너무 멋지네요. 잘 봤어요^^  
20171008,10,두녀석들이 아주 신나게 봤어요  
20171008,8,관람객아이들과 보기에재밌는 영화 였다  
20171008,10,아이들에게 팀워크를 알려주는 괜찮은 영화이네요..  
20171008,8,간만에 아이들과 잼나게 잘보았답니다~~  
20171008,10,6세 딸램이랑 봤어요 아이가 이해할 수준이라 만족하고 재밌게 봤어요~~  
20171008,10,아이가 몇개본 다른것보다 이게 더 재미있었다구 하네요~^^  
20171008,9,부담없이 아이들과 볼수 있는 영화입니다.  
20171008,10,아이들과 함께 보면 다 재미있죠..  
20171008,10,아이들이 재미있었다네요~^^~  
20171008,8,6살 2학년 아이와 봤는데 교훈?도 있고 아이들이 잼나게봤어요  
20171008,10,아이들이 좋아하네요 노래도 따라하고 퍼즐도 받았어요  
20171008,10,아이들이 너무 좋아하고 재밌었다네요~~ 저도 재밌게 봤고..  
20171008,10,아이랑 즐겁게볼수있어서 좋았어요^^  
20171008,10,아이들이 엄청 좋아했어요. 노래도 좋았대요.  
20171008,10,애들이 재미있게 봤네요 음악이 좋네요~~^^  
20171008,9,아이들과 같이 보기에 좋았어요 재미도 있고 환경에 대해 생각도 해보는 계기가 되고요  
20171008,10,아이들과 보기 좋았어요 ~ 영화 멋있었어요~  
20171008,10,대사도 웃기고 내용도 지루하지않아서 아이들도 재미있게봤어요  
20171008,10,재밌어요 아이들이 보기 지루할 틈이없네요  
20171008,9,관람객아이가 꿀잼이라네요~^^  
20171008,8,관람객저희 애들 잘 봤어요 지루한 부분도 있었지만 오래 가진 않았어요  
20171008,1,관람객3살된 아들과 조조로 보러 감너무 재미없어서 힘들없습니다 아들도 지루하다고  
20171008,10,관람객아이들이 좋아해요 캐릭터들도 귀엽고 아들이랑 아들친구 둘이서 너무 좋아해서 담에 또보러 오자고 하더라구요  
20171008,10,관람객너무 좋았어요 아이랑~~^^  
20171008,5,"아...아이들 만화채널에서 광고하길 너무 재밌어보였는데..정말 상상이하 기대이하..너무 지루했어요ㅜㅜ진짜 더빙도...사투리 왜쓰는지.. 이해불가.. 진짜어색.,ㅋㅋㅋ재미없었어요ㅠㅠ  "
20171008,2,관람객지루하고 유치함 돈아까움  
20171008,1,대체 평점은 누가준걸까. 4살아들. 모아나. 니모 매니안데이거보다 지겨워함. 더빙이 이상한건지. 노래도 줄거리도....예고편은 뭔가 되게 다이나믹하지만. 보느내내 지루함. 웃음소리하나도 없고 중간중간 애들 나감...  
20171007,1,주제는 못 살리고 개연성 떨어지고 스토리 늘어지고 연기 어색...  
20171007,7,관람객7살 이하  아이들에겐  심오해요  
20171007,8,관람객기대에비해 재미는덜하지만 울애들은재밌었다고하네요  
20171007,6,관람객별로. . 잼나지않아요  
20171007,8,관람객온난화로 지구가 물에 잠겨버린 상황을다섯살 딸아이가 잘 이해했는지는 모르겠지만 재미있게는 봅디다  
20171007,10,생각보다 재밋고 좋앗어요 여러가지  음악도나오고 반전도 많이나왓네요 원인은 딥 때문이지만 ㅋㅋ  
20171007,8,관람객아이들이 재미있어 하네요  
20171007,10,관람객짱째밌엉 그렇지ㅡ않앙  
20171007,1,"6살 9살 조카랑 딸내미랑 같이 봤습니다.이제까지 본 어린이 애니메이션중 최하점수 드립니다..캐릭터 매력 제로, 스토리 제로, 음악 제로.. 조카랑 딸내미취향일까해서 물어보니. 잼없답니다..솔직히 알바분들이 많으신것 같네요. 1점도 아깝습니다  "
20171007,7,관람객아이들이신나는노래와함께 즐겁게 보았습니다~~~  
20171007,10,관람객아이와 함께 보았는데 좋아하네요  
20171007,8,관람객아이들이 좋아하네요.지루하지않고 적당히 흥미진진합니다.  
20171007,5,완성도가 많이 떨어지네요.6살 딸아이가 지루하다고 하네요  
20171007,1,최악! 댓글 부대에 속지 말길. 8살 우리 아들도 지루해하는 정도  
20171007,7,관람객조금 지루하긴한데 애들은 재밌다고보네요  
20171007,10,혼자가면 빨리가지만 함께가면 멀리간다  
20171007,9,재미있어요 아아들도 좋아하구  
20171007,10,아들과 이모가 같이 본 영화예요 아들이 넘 잼있었다고 ~하네요 데프콘 아저씨 랩도 우꼈다고  
20171007,10,재밌어요~~ 노래도 신나고 재밌어요!!  
20171007,10,아이들이 너무 좋아하네요. 순수하면서도 재밌어요  
20171007,10,아이들이 보기엔 너무 재밌고 영상도 이뻤어요  
20171007,10,아이들과 보는데 아이들의.몰입도가 높았어요 스토리도 괜찮고 재밌게 잘봤어요~^  
20171007,10,친척동생이봤는데 재밌어서 또보고싶을정도라네요~^^*  
20171007,10,지구의 온난화로 물에 잠긴 지구를 안타까워 했어요. 지구를 잘 보살펴야 하겠데요. 잘 봤습니다.  
20171007,10,아이가좋아했어요~어른이별로였어도아이가좋았다면그걸로만족합니당  
20171007,10,재미재미있었어요~ 어른들도 재미있게 볼수있는 영화였어요^^굿~  
20171007,10,아이가 정말잼있게잘보더라구요^^ 집중해서 끝까지봤네요^^  
20171007,10,아이들이 지루해하지 않고 끝까지 집중해서 재밌게봤어요~중간중간 뮤지컬로 인해 더욱더 재미있게 볼수 있었던거 같습니다~  
20171007,10,아들이랑 봣는데 내용도 재미잇고 중간중간에 음악이 너무 좋앗어요~  
20171007,1,관람객너무지루했어요.아이들도집중을못하고..  
20171007,10,아이들과 즐거운시간이었어요^^  
20171007,10,바닷속 이야기를 아이가 너무 재미있어 하네요  
20171007,10,"우리 아들이 ""엄마 다음에도 또 보러오자 알았지?"" 딥2가 나오면 꼭 보고싶은 영화.  "
20171007,10,영화 끝나고 나가는 아이들의 표정이 모두 업되있어서 나가면서도 모두 문어 이야기로 중얼중얼...ㅎㅎ  
20171007,9,아이들이 너무 좋아했어요. 온가족이 보기에 딱인 영화였습니다.  
20171007,10,8살 아들이랑 재미있게 봤어요~^^  
20171007,10,상상력에 모험 어린아이와 보세요  
20171007,10,열살 여덟살 꼬맹이 조카랑 보는데 잼낫어유  
20171007,10,아이들이 재미있게 봤네요~  
20171007,10,"귀여운 캐릭터와 친근한 캐릭터명(니모,도리)의 출현에 아이들이 신나하네요~^^  "
20171007,10,지구온난화에 대해 다시한번 생각할수 있는 기회였어요. 바닷속의 물고기들이 참귀여웠구요. 아이들이 재미있어 하네요  
20171007,10,예상 밖 고퀄에 대만족!! 왜 추석에 개봉하는지 알겠네요^^  
20171007,10,해양생물에 대해 관심을 많이 보였는데 아이가 보고 좋아하네요.  
20171007,10,넘 재미있고 즐거운 영화입니다 보는 내내 재미있게 보았읍니다  
20171007,10,아이가 재미있어하네요 그리고 뮤지컬 노래도 하고 좋았어요  
20171007,10,내용도 있고 재미있었어요  
20171007,10,재미도 있고 교훈도 있는 애니였습니다. 애들이 재미있다고 하네요.  
20171007,10,연휴 첫 애니메이션 다름 괜찮습니다 가족들과 같이 보세요  
20171007,9,아이들이보기에 좋았어요. 내용 이해만한다면 좋은 교훈이 될거구요^^  
20171007,10,너무 너무 재미있었어요 강추 강추 특히 아이들이 너무 너무 좋아해요!~  
20171007,10,7살 딸아이가 정말 재미있어 하며 본 영화였어요. 음악도 신나고 좋아요^^  
20171007,10,신나고 재미있는 아이들이 정말 좋아한 영화입니다^^  
20171007,10,관람객애들이랑보기괜찮은영화  
20171007,10,관람객아들과 즐거운시간 보냈네요  
20171007,7,관람객아이들하고같이봤어요아이들은재밌다고하네요^^;;  
20171007,6,관람객아쉽.... 억지스러운 스토리 ㅠㅜ  
20171007,1,"누가 봐도 평점10점 만점 받을 정도는 절대 아님...객관적인 시각으로,그렇다는거야.객관적인 시각으로(웃음)...중립적인 시각  "
20171006,9,관람객기대안했는데 웃기는 부분이 꽤 있어서5살 아들이랑 재미있게 잘 봤습니당  :)  
20171006,1,주인공완전민폐캐릭ㅜ스토리가너무엉망진창ㅜ  
20171006,8,관람객좋네요 이런 스파이물 좋아요  
20171006,6,스토리는 그냥저냥인데 캐릭터가 귀여워서 6점  
20171006,5,관람객많이 지루하네요. 아이들과 애니메이션을 자주 보는편인데 이번처럼 지루한적은 거의 처음이에요  
20171006,10,관람객아이들 데리고 보러갔는데 너무 재미있게봤어요~^^  
20171006,7,관람객급 전개와 유행어는 죄다 섞어놓은듯해서 살짝아쉽..  
20171006,8,관람객저는  몰입도 떨어지는 느낌인데 5살 남자아이는 재밌었대요ㅎㅎ  
20171006,8,관람객내용이 별로없었던것같아여  
20171006,5,관람객니모와 비슷한 이야기에요  
20171006,6,관람객아이들이 보기에 좋네요.중간 중간 노래나오는 부분을 아이들이 좋아합니다.  
20171006,7,관람객어이들용이네요 ㅎㅎ 조금 지루했던것 같습니다  
20171006,9,관람객 아이가 영화를 보고 느낌점:잘란척하지 말고 친구들 의견에도 귀를 기울이자~  
20171006,7,관람객너무 재밋게봤네요 ㅋ 6살아들은 중간중간 무섭다구했지만 집중잘하면서보았어요~~^^  
20171006,10,넘나 애들이 좋아라했네요!!! 영화 잘 나왔네요  
20171006,10,아이들에게 교훈적이었어서 추천해봅니다  
20171006,9,초1 초5 우리아이들이 너무 재미있다고 하네요  
20171006,10,조카랑 같이 봤는데 7살짜리가 엄청 집중해서 봤어요^^ 신기  
20171006,10,감동좋았구요 어른들이 보고 변해야 하네요  
20171006,10,너무 재밌고 즐겁게 봤어요^^  
20171006,10,모험을 다루어서 그런지 아이들은 긴장감 있게 잘 관람했어요~~^^저도 같이 잘 봤어요~~^^  
20171006,10,아이들과 영화하나로 하나가 되었네요  
20171006,10,애들이 정말 신나게 재밌게 보내요ㅎ 노래가 너무 신나고 좋아서 어른도 충분히 볼만했어요  
20171006,10,스토리도 잼이고 캐릭처도 귀엽지만... 노래가 진짜 신나요~~^^어른도 함께 볼만합니다  
20171006,10,조카들이 좋아해서 잘봤어요 첫타임이라 사람도 없어서 조용히 잘 봤어오  
20171006,10,아이와 함께 잼있게 봤어요  
20171006,10,아이들이 너무 좋아해요! 노래가 신나서 끝까지 집중해서 잘 보네요!  
20171006,10,아이들이 너무 재미있었다고 하네요  
20171006,9,영화 중간중간 음악도 있어서 아이가 좋아했어요.  
20171006,10,캐릭터들 귀엽고. 노래도 중간중간 나오는데 너무 신나더라고요. 보여주길 잘 한 것 같아요. 스토리도 게임하는 것처럼 흥미로웠어요  
20171006,10,딸들과 보고 왔는데 신나하네요 추천해요 가족과 함께 ^^  
20171006,9,노래가 너무 신나고 캐릭터들 너무 귀여워서 아이가 진짜 재밌게보았어요  
20171006,10,재미있네요 6세 조카랑 6학년 아들이 즐거워하더군요~^^  
20171006,10,아들과 재미있게 본 영화. 바다를 오염시키지말자.  
20171006,10,ㅎㅎ 문어 넘나 귀엽고 노래가 신나요!  
20171006,10,아이들이 넘 좋아했어요^^  
20171006,9,노래가 많아서 딸이 좋아 하네요 퍼즐도 받고 좋았어요!  
20171006,5,"어른 4명과 아기(3살)이 같이갔습니다.아기는 영화끝나고도 ""애기문어 애기문어""하며 즐거워했습니다.다만 같이간어른들은 숙면을 가질수있었습니다.  "
20171006,9,관람객굿굿굿 울 딸램 넘나 재미있게 봤다네욤^^  
20171006,10,재밋게 잘봤어요ㅋㅋㅋ애기도좋아해요 길지않아서 안지루햇어요  
20171006,9,영상도 너무 이쁘고~아이들이 좋아해요|  
20171006,10,4살 딸아이랑 같이 봤는데 재밌고 좋았어요~  
20171006,10,얘기가 재밋다네요.. 어른들도 나름 몰입하다 중간엔 빵터져서 웃엇어요 ㅋㅋ  
20171006,10,가족과 함께 보기에 좋은 영화네요~~^^  
20171006,10,재미있었어요^^* 환경에 대해서도 생각할수 있는 좋은 계기가 되었어요^^  
20171006,9,좋았어요 아이들에게 간접적인 탐험과 상상력 키우기에 기분 좋은 내용이었어요  
20171006,10,조카랑 재밌게 봤어요~ 유쾌하네요  
20171006,10,폭력적인 장면이 없어서 5살 딸아이랑 즐겁게 봤네요~  
20171006,10,재미있었어요 아이들이 즐겁게보내요  
20171006,9,노래도좋고 캐릭터도 귀엽고. 간만에 애들이 재밌게 본 거 같네요  
20171006,10,아이들과 너무 신나는 영화였습니다.  
20171006,10,중간중간 코믹도 있고 재미있네요^^  
20171006,10,노래도 좋고 귀욤귀욤 너무 재미나요  
20171006,10,아이들과 함께 보기 좋습니다. 내용은 개연성이 떨어지긴하지만 아이들은 좋아합니다.  
20171006,10,애들이랑 같이 봤는데 생각보다 긴 영화인데도 지루하지않게 잘보네요~ 특히 뮤지컬같은 노래가 좋았음  
20171006,10,아이가 보는내내 좋아했어요. 캐릭터도 귀엽고~~^^ 잼써요!!  
20171006,10,아이랑 같이 너무 잼나게 잘 봤습니다 :)  
20171006,10,나름 귀여운 캐릭터와 신나는 음악으로 즐겁게 봤네요  
20171006,10,노래가 좋네요!!! 재밋고  
20171006,9,조카랑 같이 봤는데 엄청 좋아함  
20171006,10,ㅋㅋ진짜 귀여웠어요 노래도 신나고 아이들이랑 보기 좋은 영화!  
20171006,1,"연출력, 앞뒤 전개, 스토리 개연성, 극중 흐름 완전 개 쓰레기 영화. 말 안듣는 사거뭉치 문어 마지막 멘트 더 가관, “전에도 할아버지 말 안 들었는데 지금이라고 듣겠어요?” 뭔 뮤지컬 비스므리한 장면 딱 두 장면. 다행인건 5세7세 애들은 좋아함.  "
20171006,10,케릭터 귀엽고 노래재밌었어요 ~  
20171006,10,노래가 너무 신나네요 덕분에 저도 들썩들썩  
20171006,10,6살 아이가 한눈팔지않고 집중해서 잘 보내요 잼있다면서요  
20171006,10,애들이 재밌어다고 하네요 내용까지 얘기하며 감상평을 줄줄줄 ㅋ  
20171006,10,아이가 끝나고 나와 노래를 금새 따라부르는게 신기ㅎ 신나고 재밌는 영화같아요  
20171006,10,조카 데리고 나들이~ 집중에서 잘 보더라고요 ㅎㅎㅎ  
20171006,10,"아이들도 재미있어하고, 같아보기 부담없네요. 5세, 8세 다들 즐겁게 관람했네요  "
20171006,10,귀엽고 애들이 보기 재밌어요!  
20171006,10,추석연휴 조카들이랑 보기에 딱!!!  
20171006,10,ㅋㅋ 어른의 시각으로 판단하지말고 보시길~~  
20171006,10,너무잼있게잘봤오요^^ 어른도 웃으면서 볼수있는 영화????  
20171006,8,8세 미만은 즐겁게 볼 수 있어요.주제가?? 노래를 즐거워 하네요.아빠엄마는 닌자고가 더 재밌었네요.이걸 보니 모아나가 정말 잘 만들었다는 생각이 드네요.  
20171006,1,이걸 뮤지컬 애니라고 만들었나요?지루하고 아무리 얘들 애니라지만 스토리도 이상하고 내용도 엉망진창이네요  
20171006,6,관람객36개월 아이가 보기에 다소 시간이 긴듯하긴 하지만 지루할틈 없이 전개되는 내용이 흥미로웠습니다요새 유행하는 말들이 중간중간 들어가던데 어른도 같이 웃으며 볼만한 영화였네요  
20171006,10,관람객아이가 좋아해요 ~^^  
20171006,1,지금 아이들과 보고있는데 나가고싶어요진짜 겁나 재미없다 미치도록 재미없다욕나오게 노잼이다쓰레기다 내돈~~~~  
20171006,10,관람객아이들이 정말 조아라하면서 관람했네요?  
20171006,3,기대이하에요... 노래가 너무 별로고 지루함  
20171006,6,관람객5살 작은아이는 재밌다 하네요.13살 큰아이와 저는 그냥 그랬습니다.  
20171006,10,아이들이 엄청 좋아해요.  
20171006,2,캐릭터가 좀 평범한듯해요 내용도그렇고 애들이 기억되는게없는듯하네요ㅡㅡ  
20171006,1,자다가 애가 지겹다고 나가자고 졸라서 깼네요. 애랑 갔다가 영화중간에 나온건 또 처음...돈아깝다 정말 ㅠㅠ  
20171005,8,관람객그냥 저냥 봤네요.좀 지루한 느낌이...  
20171005,6,어른들은 보지마세요..아이들은 참 좋아하네요;;ㅎㅎ  
20171005,7,관람객역시나 아이들은 바다동물에빠져 한참관람잘했네요  
20171005,1,..허접. 짜깁기한듯한 영화특히 뮤지컬 에니메이션이라고하기에는 음악도 영 아님  
20171005,6,7살애들은 재밌다히고 같이간 어른은 재미없슴돠  
20171005,1,그냥 그러하네요... 넛잡2보러 갈껄 ㅡㅡ  
20171005,1,니모나 도리 같은 애니를 기대했건만 완전 쓰레기 입니다.아이도 재미없다고 중간에 졸고..개연성 없는 황당한 스토리에 나원참..아 열나..닌자고나 소피아 보세요..  
20171005,3,관람객아이가 예고편을 보고 너무 보고싶어 해서 봤지만 재미없다고 하네요 저두 넘 재미없었어요;;  
20171005,5,"성인까지 끌어당길수 있는 뮤지컬 애니는 절대아닙니다. 그냥 데프콘 남주 노래로 승부해보려는 어린이 애니예요. 너무 스토리 전개도 급하고,  악역도 너무 허접하고  "
20171005,9,아이들이 보기엔 적당한 줄거리였어요  
20171005,10,캐릭터들이 너무 귀여워요!! 조카들이 진짜 재밌어했어요 ㅎㅎ  
20171005,10,연휴 첫 애니메이션 다름 괜찮습니다 가족들과 같이 보세요  
20171005,10,아이들이보기에 좋았어요. 내용 이해만한다면 좋은 교훈이 될거구요^^  
20171005,10,7살 딸아이가 정말 재미있어 하며 본 영화였어요. 음악도 신나고 좋아요^^  
20171005,10,신나고 재미있는 아이들이 정말 좋아한 영화입니다^^  
20171005,10,넘나 애들이 좋아라했네요!!! 영화 잘 나왔네요  
20171005,10,아이들에게 교훈적이었어서 추천해봅니다  
20171005,10,초1 초5 우리아이들이 너무 재미있다고 하네요  
20171005,10,조카랑 같이 봤는데 7살짜리가 엄청 집중해서 봤어요^^ 신기  
20171005,10,감동좋았구요 어른들이 보고 변해야 하네요  
20171005,10,재밌는 영화 예고편을 봐서 더 재밌을거라고 생각합니다.ost 흥하네요 ㅎㅅㅎ보러 갔다 와야겠습니다!추석엔 딥!흥해라 딥~!!  
20171005,1,아이들이 영화을 보다가 나가자 몇 번을 말하는것을 말리며 끝까지 봤는데 짜임새도 별루고 너무 지루했습니다. ㅠㅠ  
20171005,1,디이이이이입소스ㅋㅋ  
20171005,1,지금 보는 중에 남긴다... 아직도 평점 알바가 있다는 사실에 놀랄뿐... 스토리도 더빙도 어설프고 어색하다. 애니메이션 왠만하면 평타는 치던데 이건 진짜...  
20171005,10,"줄거리 배경이 지구온난화, 환경오염..이런 내용을 담고 있네요.생각보다 괜찮습니다.  "
20171005,10,조카가 너무 좋아 하네요~! 내일 또 보자 하네요~!!차례 지내고 고고씽~!!  
20171005,10,조카들과 보기 좋은 애니메이션이었어요^^노래도 좋고 매우 유쾌하네요!  
20171005,10,초등학교 저학년아이들이 좋아할것 같네요  
20171005,10,더빙 너무 웃겼ㅋㅋㅋㅋ가족들이랑 같이 봤는데 동생들이 너무 재밌어했움 ㅎㅎ  
20171005,10,노래도 신나고 모험도 흥미진했어요~! 애니메이션 덕후라 보러 갔는데 유치하지 않고 좋았어요  
20171005,10,아이들이 즐겁게 보았다고 합니다..연예인들의 더빙 목소리가 익숙해서 인지 더 그랬나봅니다  
20171005,10,아이들이랑 시간가는줄 모르고봤네요^^  
20171005,10,캐릭터도 귀엽고 노래도 너무 좋고 아이들과 보기 좋은 영화!!  
20171005,10,아무리 힘든일이 있어도 노력하면 된다는것을 알게되었습니다.  
20171005,10,아이들이 엄청 좋아하네요~  
20171005,10,큰아이 작은아이 둘다 재밌게 잘봤습니다  
20171005,10,딸이 정말 좋아했어요^^ 애들이 보기 좋아요  
20171005,10,아이들에게 교훈을 주는 재밌는 영화입니다!^^  
20171005,10,오늘 딸아이랑 쓸쓸히 영화보러왔는데 딸아이도 저도 넘넘잼있게 보았습니다 ^^  
20171005,10,조카들이 너무 좋아하며 잘 봤어요~ 3살부터 9살까지 너무 잘보도라구요~  
20171005,10,생각보다 재밌네요 노래도 재밌어요  
20171005,10,아기가 음악나오면 신나게춤을추네요ㅎ 재밌게잘봤습니다~  
20171005,10,아이들과 함께 보기에 좋은 영화네요  
20171005,10,아이가 넘넘 재밌어 했어요. 다음 2탄이 나오면 또 볼거 같아요  
20171005,1,감독이나 작가가 B급 애니메이션 만들려고 작정한듯.  스토리는 정신없고 노래는 대책없고. 간만에 진짜 지저분한 애니한편 본듯.딸래미한테 미안해 죽겠네 ㅠㅠ  
20171005,3,7명의 조카들 인솔하고 넛잡2 보여달란 걸~~~딥이 좋을 것 같아서 딥을 추천해서 7명의 애들과 부모들 보았지만 실망만 가등!!!!   보고나서 애들에거 혼만나고 일요일에 넛잡2를 다시 보여달랍니다. 넛잡2 좋은 영화라며 보고나온 애들이 추천하네요~  
20171005,1,내용도 별루~~졸다 나왔네요  
20171005,10,추석연휴 딥영화 아들과 넘 잼나게 봤어요~재미와 교훈과 신나는 음악이 가득~  
20171005,1,보고 오자마자 바로 씁니다. 저같은 피해자가 없었으면 해서요.  절대 보지마세요. 캐릭터? 재미? 이렇게 돈아깝기는 10년 만에 처음이에요  
20171005,10,완전 재미있었어요~ 특히 새우님~ 노래짱!  
20171005,9,관람객아이들은 좋아해요.어른은 그냥저냥  
20171005,8,관람객8세 아들은 내용은 아주 잘 이해하고 일기까지쓰고 6세 딸도 즐겁게 보더라구요. 바닷속 이야기라 흥미있게 잘 보았습니다.  
20171005,1,최악....아이들하고 보고왔는데 다들 재미없고 졸렸다고 했네요...저도 자고ㅜㅜ 정말 돈 아까웠습니다...넛잡2를 볼걸 그랬나봐요...  
20171005,10,조카보기좋은 유아용영화  
20171004,1,기대를 너무 많이하고 본듯..  
20171004,2,그냥 그래요 그렇습니다  
20171004,1,넘 기대를 했나 봅니다.  
20171004,1,핵노잼 정말 돈 아깝다...  
20171004,9,관람객아이가 엄청좋아하네요^^  도리를 찾아서와 비슷한 구성이에요..  
20171004,10,바다에 잠긴 도시 ㅋㅋ거  
20171004,1,딥 실망이에ㅜ넛잡2가 훨씬 재밌네요..애들이 넛잡2 너무 재밌다고 하네요저는 넛잡2 한번 더 보려구요  
20171004,9,어른돌도 같이 보면 좋은 애니였답니다  
20171004,2,애들은 그냥 잼있어함. 나랑 와이프 정말 잼없고 돈아까워 죽는줄.. 진짜 디즈니. 픽사. 소니. 드림웍스 이런데꺼 보다 올 진짜 똥 밟은 줄;;; 어른은 비추. 단 애들은 봐도 됨. 보호자로 가는거라면 그냥 자러 간다고 생각하셔들  
20171004,1,유치... 노래 빼고 별로에요ㅠㅠ  
20171004,1,울 아들 집중 못하고 앉았다 일어났다. 상영시간 동안 힘들었음  
20171004,10,관람객아이들과 보기 좋은 영화입니다. 나름 웃긴 장면도 많고 스토리도 교훈적인 것도 있어지루하지 않고 재미있게 보았습니다.  
20171004,2,으음..ㅠ그닥 재미는 보장 못삼  
20171004,10,지루하지않게 빠른전개와 스토리!!  
20171004,10,애가 눈을 떼지 않고 집중해서 보더라고요 귀여웠어요ㅋㅋ  
20171004,10,다이나믹한 모험을 저도 모르게 하고있는것처럼 생동감 짱!  
20171004,9,춤과 음악이 나와서 더 독특하고 즐거웠습니다  
20171004,10,관람객아이와 오늘 봤는데 재미있게봤어요^^  
20171004,10,러닝타임도 적당하고 첨부터 끝까지 볼거리가 풍부해요  
20171004,10,귀여운 바다친구들이 나오니 미소가 절로 지어진다  
20171004,4,무난하게 보았어요. 다만 스토리가 조금은 아쉽고뮤지컬스타일이라 조금 호불호가 갈릴수있겠단 생각이 들었습니다  
20171004,10,애들이랑 꼭 보러가세요 절대 후회는 안하심  
20171004,10,노래도 좋고 더빙도 좋고 간만에 재밌는 애니메이션봄  
20171004,10,바다의 모습을 그대로 보여주는듯한 신선한 느낌!  
20171004,10,아이들이 듣기 좋은 신나는 노래들로 구성되있어요  
20171004,3,"왜...평점이 7점인지 ㅠㅠ5살짜리 여아랑 봤는데, 내용도 어렵고, 지루하고겨울왕국이나 미니언즈를 생각한 건 아니지만,생각보다 더 별로라서... 추천하고 싶지 않네요.더빙이라 더 별로였을지 모르겠지만, 진짜 비추에요.  "
20171004,10,뮤지컬 애니메이션이라 그런지 더 흥을 돋구네요  
20171004,10,추석을 저격해서만든 영화네 어린애들이랑 보기 안성맞춤!!  
20171004,9,믿고봐도 좋은 더빙이네요 재밌게 보고갑니당 ^^  
20171004,10,영상 색감도 이쁘고 영상미가 좋네요 잘보고 갑니다!  
20171004,10,노래도 신나고 저도 신나고 진짜 미소지으며 봄 ㅋㅋ  
20171004,10,저도 모험하는것처럼 되게 빠져들면서 봤어요  
20171004,10,조카가 노래 나오는 부분에서 신나하던데 음악은 굿  
20171004,10,애기들한테 추석선물로 보여주세요 완전 좋아할삘임  
20171004,9,아이들이 보기에 딱이네요 스토리도 좋네요  
20171004,10,영상미가 퀄리티있고 스토리도 좋고 볼만했어요  
20171004,10,애들을 재밌게 조용히 시키고싶을땐 이 영화 추천합니다  
20171004,1,애들은 재미있다고 하는데 어른들은....이거 재밌다고 하는 성인들은 다세포소녀부터 클라멘타인 보고 감동받았을듯  
20171004,1,자다 왔내요 ㅠㅠ 남자애들은 보면 안됨 ㅠㅠ  
20171004,1,생각보다  별로라네여  아이들이  
20171004,1,그냥 별로고 재미없어요.  
20171004,8,관람객아이들과 부담없이 보기좋은 영화!아이들영화답게 끝엔 교훈적인 내용도 있구요~재미있게봤습니다~~  
20171003,7,관람객추석연휴 아이들 심심할때 보기 좋으네여  
20171003,7,관람객어린이들이 보기 좋은 영화. 어른들은...  
20171003,10,캐릭터들 모두 귀엽고 호감가여 영화잘만든듯  
20171003,10,바닷속 생물들이 이렇게 살아간다는 느낌? 좀 새롭고 재밌었습니다.  
20171003,10,애들이 지루해하지않고 완전 집중하던데요 ㅋㅋ  
20171003,10,여태 본 애니중에 정말 재밌네요 아이들도 되게 좋아했어요  
20171003,10,개대했던것보다 ost도 그렇고 연출도 다 좋았다  
20171003,10,다양한 캐릭터들과 배경색감이 눈을 자극함  
20171003,10,내가 어렸을때 재밌게 보던 애니메이션을 볼때랑 느낌이 비슷하다 짱잼!!  
20171003,10,다양한 캐릭터들과 배경색감이 눈물 자극함  
20171003,10,넘어가는장면마다 흐르는 노래가 젤 인상적이다  
20171003,10,넘어가는 장면바다 흐르는 노래가 젤 인상적이다.  
20171003,10,사촌동생들이랑 봤는데 완전 재밌다네요 뿌듯합니다^^  
20171003,10,마침 추석연휴 타이밍 꼭 보세요 정말 신납니다  
20171003,10,남주의흔들어쏭이생각이난다  
20171003,9,지루함이 없어서 아이들 보기 좋았네요~~  
20171003,10,캐릭터도 귀엽고 노래도 진자 신나요 추석딱!  
20171003,10,노래좋고 스토리랑 볼거리 짜임새 있는 보기드믄 애니  
20171003,10,방금 보고왔는데 기분이 좋아지는  엔돌핀이 도는 영화네용  
20171003,10,생각보다 귀엽고 알참~~  
20171003,10,흥미위주의 영상들이 아름답고 노래도 다 좋네요  
20171003,9,재미나요~  애니만 나오면 보는데 어떤 아이들도 잼있어라 할듯  
20171003,10,애니치고는 아주 꼼곰한 구성에 영상미 좋아서 흥겨웠어요 어른이 봐도 잼나네요  
20171003,10,우리 둘째아이 취향에 딱 맞네요 ㅋㅋ 오랬만에 바닷속 애니 좋은게 나왔네요  
20171003,10,교훈적인 내용에 이야기가 신나게 흘러가서 아이들이 잼있어라 하네요  
20171003,5,좀비물고기나오고..무서워서옆에아가들계속울고..살짝정신없고..ㅎ노래는 좋았어요~~  
20171003,10,옆에서 조카가 노래부르는데 생각보다 잼있네요 ^^  
20171003,10,너무 너무 재미 있네요!!내일 또 보자 하네요!!!^^  
20171003,10,정말 재미있었어요!ost도좋고 스토리도 아이들 한텐 좋아요!교훈이 담겨있기도 하고요!그리고 남주랑 데프콘도 참여 해서 좋았습니다!추석앤 디비디비 딥!  
20171003,7,애가 보면서무섭다고해서 뭐가 무서웠냐고하니까 펭귄이 무서웠다네요 ㅎ 난 귀엽던데 ... 그래도  거기노래 나오니까 춤까지 췄습니다.  
20171003,3,아이가 갑자기 조용해지더니 숙면을 취하더군요 ㅡㅡ  
20171003,10,잼나요 편하게 보기 좋아요  
20171003,10,연휴에 조카들이랑 보기 딱  
20171003,2,2점주기 아까운데 그래도 2점 주고 갑니다 눈버렸어  
20171003,10,조카가 너무 좋아해요!!OST가 너무 좋아요^^  
20171003,5,개인적으로는 조금 별로였네요.  
20171003,8,관람객바다속 생물들의 모험 재미있었어요^^  
20171003,1,재미없어요 돈아까워요  
20171003,10,어른들을 위한 동화이기도 한 것 같아요. 오랜만에 동심으로 돌아간 기분입니다 ㅎㅎ  
20171003,10,내 나이 38. 나에게 인생작이 찾아왔다. 2017년 추석에.  
20171003,10,조카들이 재밌게 보네요~  
20171003,10,잠깐동안 조카들 돌보기 딱 좋았어요 ㅎ  
20171003,10,조카들 보여주려고 봤는데 제가 더 흥이나네욬ㅋㅋ캐릭터들도 너무 귀여워요!!  
20171003,10,완전 잼나요 ~~ 캐릭터들도 넘귀요미동심으로 돌아간기분~~  
20171003,10,재밌었어요!!! 꿀재ㅠㅠ  
20171003,10,조카들이랑 재밌게 봤어요~ 애들이 아주 좋아하네용!!  
20171003,10,딸아이하고 친구 보여줬는데 재밌다고 하네요~  
20171003,10,노래 넘나 씬나고 재밌네요 ㅋㅋ  
20171003,1,애들영화 맞나싶을 정도로 애들영화에 해골이랑 춤추는 장면나오고 좀비물고기나 나오고..대본수준도 떨지더라  애들도 모르는 유행어나 넣어서 재밋게 하려고 햇나본데 애들도 보는 내내  웃지도 않고 나가자 그러고.. 추석연휴에 놀러나 갈껄 영화보여준걸 후회함  
20171003,10,여섯살 아들 세살 딸 정말 신나게 봤어요!!!  
20171003,1,정말 너무한듯 애덜도 별루구 어른은 고문 시간...  
20171003,1,진부한건 어쩔수 없군요 ....  
20171003,10,퀄리티가 되게 좋았어요 재미나네요 노래도 좋고  
20171003,10,꿀잼입니다ㅋㅋ애들이랑 다같이 나와서 봤는데 애들도좋아하고 어른들한테 이뿜도받았네요ㅋㅋㅋ  
20171003,1,보다가 졸았어요.. 다소 약한 스토리텔링  
20171003,10,귀여워요 ㅡㅋ조카가 옆에서 계속 노래부름ㅋㅋ  
20171003,3,재미있을  것 같지 않읏데...  
20171003,1,역대최악의애니하품하다 끝났네요ㅠ  
20171003,1,흠....진부한건 어쩔수 없군요  
20171003,1,뭐지... 제작진이 똑같다는거 무슨 속임수가 있는듯짜임새며 음악이며 이렇게 형편 없는거 첨 본다 ㅠㅠ 애들이야 만화니까 그냥 보겠지만...진짜 아님~ 평점 올린 사람들도 의심 스러울 정도~  
20171003,5,흐름도 끊기고 내용이 진부하네요 민폐 주인공도 별루 애기도 중간에 나가고 싶어했네요ㅋ  
20171003,9,완전 귀여워요- 딸이 너무 좋아하네요 ㅎ  
20171003,10,너무너무 귀여워요 ㅋㅋ시사회때 보고왔는데 또 보러 갈 예정!  
20171003,1,아무리 애들 영화래두...스토리도 그렇고 딥..캐릭터 성격이 눈물 나게 정신 없다..멀 이야기하는건지..  
20171003,10,아이들이 끝까지 집중해서 잘 보네요! 노래가 신나서 좋아요!  
20171003,1,^^;;; ^^;;;  
20171003,1,10점만점에1점!!!  
20171003,10,아이가 좋아하는 노래도 많이 나오고 저도 재밌게 봤어요  
20171003,5,흠..아침부터 많은 부모들이 아이들을 위해 희생하고 있군요. 정말 어린 어린이들을 위한 애니. 어른이 보긴 지루해요. 뮤지컬 애니라고 했지만 노래도 썩 좋진 않구요.  
20171003,10,친구네 애들이랑 보고왔습니다~ 즐겁게 보고 왔습니다~  
20171003,10,애들이 진짜 좋아했어요. 명절에 애들 데리고 보기 딱 좋은 것 같아요. 노래도 신나고. 문어도 귀엽대요  
20171003,1,이야기 진행이 참 진부하고 뻔하고 캐릭터의 디테일함보다 서로 비난하고 헐뜻고 소리지르며 은어와 유행어로재미를 이끌어가려는 것이 기본을 놓친듯 했다  
20171003,10,귀여운 문어의 신나는 이야기~ 아이들과 잼나게 봤어요~!  
20171003,10,영화 끝나고 나서도 노래 멜로디가 계속 생각나는게~ 무엇보다 생각 햇던 것 보다 이야기도 재밌고요~  
20171003,10,캐릭터도 귀엽고 ost가 엄청 신나서 조카들이 좋아해요!! 어른인 저도 재밌게 봤어용!! 강추강추>_<  
20171003,10,도리를찾아서만큼 재밌었어요 아이도 엄청 좋아하네요  
20171003,10,아이들이 너무 좋아하네요 OST도 신나고 좋아요  
20171003,10,캐릭터도 귀엽고 스토리도 잼있지만 무엇보다 음악이 진짜 신나요. 어른이 보기에도 잼있음다. 온 가족 같이 보면 좋을 듯요.  
20171003,1,그냥 그럭저럭이네요.  
20171003,10,무슨의미의 딥인지 모르것다  
