0,1,2
20180923,10,재밌게 봄ㅋㅋ동물친구들이 넘 귀여웠어요ㅋ  
20180221,9,스토리를 이어가는 아이디어가 좋은 영화.. 캐릭터들도 다들 맘에 들고 끝까지 몰입할 수 있는 영화...  
20180214,8,관람객아이의 상상력에 자극을 주네요^^  
20180208,10,아이가 너무 좋아하는 영화에요~~^^  
20180204,10,관람객아이들과 같이 봐서 너무 좋았구~~~함께 대화거리가 샘겨 좋터라구요^^  
20180128,10,관람객가족의소중함을 느낄 수 있게 해주는 영화!!!  
20180127,10,관람객아이보다 저희가 더 재밌게 봤어요~ 가족의 의미도 생각하게 되고 정말 감동적이었습니다!!  
20180126,6,관람객아이들과 재밌게 봤어요..워낙 애니메이션 덕후들이라 잘 봤습니다  
20180121,6,관람객내용이조금지루한편이예용~ㅠ  
20180121,8,관람객아이가 너무 좋아하네요~  
20180119,10,"관람객딸아이와 같이 관람했었는데, 너무 좋아 했어요^^물론, 엄마인 저도 재미있었구요^^  "
20180118,7,재미가 그렇게 있지는 않았다. 하지만 내용은 괜찮았다  
20180118,9,관람객잘봤습니다. 가족같이 보기 좋음  
20180115,10,관람객재미있고 가족애도 느낄 수있고 서양의 부모관계도 비교해볼 수 있는 영화인것 같다  
20180115,8,"관람객영상미 기대했는데 별로임, 내용은 조금 감동적  "
20180113,7,관람객음.. 그냥저냥 아이는괜찮았다네요  
20180113,9,관람객보는내내 재미있었다고하네요긴장과 재미를 고루갖춘영화예요  
20180113,6,빅풋이 드루이드 같네요.  
20180112,8,어른아이입장에서는 애초에 그 초능력들이면 행복할 수 있지 않았을까...하는 아쉬움이!?  
20180112,9,"진짜재미잇구요. .어른보아도재미잇는거 같아요~경비원나오는거 잇는데 약간.. 권오중님닮은거 같아요.,  "
20180111,8,관람객흥미진진하게 잘보았어요.볼만해요~~^^  
20180110,6,그냥저냥...  그럭저럭...  
20180109,9,관람객아이와 보는 내내 재미있었답니다  
20180108,8,잘 만들었네여~재미 굿  
20180108,8,관람객베리베리베리베리굿굿  
20180105,10,관람객재밌었다고 합니다. 초3.  
20180105,10,관람객초등아이 이영화보고 감동했어요~  아빠를 찾아 험한 곳에 갈수있는 마음이 대단한것같다고 합니다~  
20180104,10,관람객죽은줄알았던  아빠가 살아있어서 다행이고 감동적이였습니다  
20180104,9,관람객가족드라마같이  재미있게 봤어요~^^어른이 제가봐도 잼났어요  
20180104,9,관람객보통 그냥 볼만 했습니다  
20180104,7,빅풋들이 고집이 세네요  
20180103,9,관람객흥미진진 아이와 공감하며 즐겁게 보았습니다.  
20180102,8,관람객재밋어요 추천합니다.  
20180101,10,아주 동생들이 좋아하고 영화가 아주 조금 감동적입니다  
20180101,8,관람객아이들이 정말 좋아 하네요  
20180101,7,관람객지루한듯 했는데 막바지에 재미있어요~~  
20171231,8,관람객아이와재밌게봤어요.  
20171231,10,관람객아이들과함께보기 즐거운영화였습니다  
20171230,10,관람객완전 재밌었어요 추천해요  
20171230,9,관람객가족을 생각하게 되는 영화네요. .감동과 재미 두마리 토끼를 다 잡은 영화인듯요^^  
20171229,6,전세계 탈모인들의 희망이 패배하다  
20171227,3,애썼으나 어설fur서 슬프다.  
20171226,10,관람객아이들이 진짜 좋아하네요ㅎ  
20171226,8,관람객재미있고 따뜻한 영화!!!!  
20171225,6,관람객그냥저냥 볼만했음ㅡㅡ  
20171223,9,관람객재밌어요 감동도 있고 아이들이 좋아해요  
20171216,8,관람객아이들이 보고나서 좋아해요  
20171214,10,관람객아빠로서 뭉클한영화 감동적인영화  
20171205,8,관람객아이가 너무 좋아해요~^^재미도있고 감동도있으면서..  
20171202,6,관람객아이들이랑 보기는 잼나는거 같아요아이들이 있다면 꼭한번 보시길강추요~~  
20171121,9,관람객아이들은 좋아해요 너무  
20171114,10,관람객아이가 엄청 재미있어 하네요  
20171103,8,관람객다들 만족해했어요!!  
20171028,9,관람객아이가 좋아해요~~엄마도 재밌게 봤어요!!  
20171026,10,관람객아이랑 보기 딱 좋았어요  
20171021,10,관람객재미있고 감동적이기까지 한 영화입니다. 아이들이랑 같이 보면 가족애도 좋아질듯  
20171016,1,관람객별로.. 비추.. 왜 요즘은 더핑판만 있나요? 조카랑 봤는데 지루..  
20171014,10,관람객재밌는 영화. 감동과 스릴이 동시에  
20171013,10,관람객아이가 극장에서 두번이나 볼정도로 넘 잼났다고 해요~~~~^^  
20171012,10,관람객아이와 같이보기에 재미있었어요  대머리에 반감이 좀 들긴 했지만요 ㅎㅎ  
20171009,10,관람객6살아들이 부성애를 느낄수 있는 영화였습니다^^엄청 집중해서 잘봤어요  
20171008,10,관람객아이들끼리 보라고 들여보내줬는데 끝까지 잘보고 나왔습니나~~재미 있어했어요~~  
20171008,10,관람객가족애를 느낄 수 있는 좋은 영화네요  
20171008,8,관람객아기가 좋아하네요. 재밌게 봤어요  
20171008,10,관람객아이들이좋아합니다다시보고싶다고하네요  
20171007,10,관람객아이들이 참 재미있어 합니다 :)  
20171006,9,관람객온 식구 재밌게봤어요 아빠와 아들이 특히ㅎ  
20171006,8,관람객재밌게봤어요 애들도즐거워하고요  
20171005,3,불과 며칠 전에 봤는데 왜 내용이 기억이 안나지;;;;(긁적)  
20171004,9,관람객어른도 재미있게 본 영화입니다감동과 눈물이 나는 영화입니다  
20171004,10,관람객재밌었는데 악당이 나오고하니 아이들이 무서워해서 다보지도 못하고 나온게 아쉬웠다ㅜ  
20171004,10,관람객동심으로 돌아가 푹빠져봤어요4살아들은 잠들고 6살딸은 끝까지 같이보며 제가웃는포인트에서 같이웃더라구요  
20171001,10,관람객재미있게잘보았답니다  
20170930,8,관람객딸이 감동받은 영화입니다  
20170928,8,관람객별 기대 없이 봤는데 아이는 재밌다고 하네요  
20170927,10,관람객정말 재밌어요~아이들도 좋아하고.  
20170924,10,관람객감동주는 영화 입니다 ㅎ  
20170924,8,관람객애들이 보기에는 볼만해요  
20170922,5,관람객재미있었나? 별 재미 없었다  
20170922,8,관람객기대에비해...그래도딸은재밌다고  
20170919,10,관람객아주 재미있습니다 정말  
20170916,10,관람객우리 아들이 보고 정말 즐거워했어요~~ 저도 같이봤는데.. 재미 감동 가득한 영화였던 것 같아요~~  
20170916,6,재밌네 ㅋㅋ . . . ㅋㅋ  
20170916,10,관람객어른이봐도 잼나네요~~  
20170916,10,관람객정말재밌어요아이들과보기최고에요  
20170914,10,관람객아이도 너무 좋아하고 재밌게 봤어여  
20170914,8,관람객별기대안하고봤는데 잼있었어요  
20170913,10,관람객아이들과 함께 봤는데 저도 재미있었어요~~ㅎㅎ  
20170913,7,관람객아이랑 봤는데 너무 재밌어하네요~~ 다시 보고싶어요  
20170913,10,관람객스토리나 영상 OST까지 너무 좋았어요~ 아이도 너무 재밌었다고 또 보고싶다고 하네요  
20170912,7,관람객아이와 가볍게 보기좋았다.  
20170912,10,관람객내용도 좋았고 아들하고 재밌게 보고 왔네요  
20170911,10,관람객애들이랑 보기 좋은영화에요~  어른들도 보기에 괜찮은듯 합니다.  
20170911,9,관람객볼만해요 아이들이 재밌다고 하네요!  
20170910,10,관람객재밌었습니다 재밌었습니다  
20170910,5,"관람객아이둘이랑 아빠랑 보고왔어요. 아빠는 그닥, 아이들은 재미있었다고 하네요.  "
20170910,8,관람객스토리도 재밌어요 아이들이 좋아하네요  
20170910,9,관람객아이들이 너무 좋아해서   너무 다행....아이들 꼭 보여주세요  
20170910,8,관람객애들이랑 보기 적당합니다  
20170910,10,관람객아들데리고 갔는데 너무 재미있게봤네요  
20170910,10,관람객10살. 6살 아이 너무 재미있게 잘 봤고요 저도 재미있었어여~  
20170910,10,관람객너무너무재밌게잘봤습니다애들도너무좋아하네요ㅎㅎ  
20170909,10,관람객아이들이 넘 재밌어하네요슈퍼배드보다 더 재밌다고또보고 싶다고 조르네요~^^  
20170909,6,관람객초등학교 아이와 함께보기 좋은 영화네요!^^  
20170909,6,관람객잼있었어요 근데 아이가 좀어려서ㅠㅠ  
20170909,8,관람객아이랑보기좋앗어요^^  
20170909,10,관람객아빠와 아이가 함께 보면 사이가 더 돈독해질 것 같은 영화입니다.  
20170909,8,관람객아이들이 보기에 좋은 영화인 듯 해요~  
20170908,10,관람객아들과 넘 즐겁게 보았아요~~~^^  
20170908,7,관람객초등학생 딸과 함께 봤어요.  
20170908,5,관람객5살 아들하고 같이 봤어요~조금 무서워 하더라구요~~~자기도 발이커진거 같다며 흉내내곤 해요~  
20170908,6,관람객4살딸 무서워 하네요ㅎ  
20170908,10,"관람객7살 딸이랑 함께 보았는데요 좋았어요역경이 있지만 너무 안타깝지 않고 시원하게 터뜨리는 스토리가 좋았어요 전형적인 권선징악, 가족애, 어린친구들도 이해하기 쉬운 스토리예요  "
20170908,9,관람객저는재미있었는데 36개월아들은 아직 힘들어했어요ㅠㅠ  
20170907,10,관람객보고싶다고해서 가서봣는데 우리아이 엄청조아하네요ㅎㅎ악당나와서 중간에 조금 무섭다곤햇지만 재밋게잘보고왓습니당ㅎ  
20170907,9,관람객아빠의 사랑을 느끼게 해준 따뜻한 영화  
20170907,10,관람객재밌어요  애들이 잘봤어요  
20170906,9,관람객성인이 봐도 넘~재밌네요~^^  
20170906,7,"관람객디즈니에 눈이 길들어 있어서인지 ... 디즈니와 비교해서 속도감이나 서스펜스, 그리고 스토리상의 텐션이 조금 부족했어요. 완성도는 괜찮은편입니다.  "
20170906,8,관람객아이가 재미있어했네요~^^  
20170906,8,감동있는  에니메이션 이에요~아이도 잼있다고 하네요^^  
20170906,8,관람객괜찮았어요 아이가 재밌었대요 6살 아이가 보기엔 좀 폭력적인것두 있는것같아요  
20170906,10,관람객딸아이와 조카 둘이서 함께 영화를 봤어요ㅎ보고 싶어했던 애니메이션이라 보고 나와서는넘 잼있게 봤었다고 이야기하더라구요엄마도 봤으면 재미있었을거라고^^  
20170906,8,관람객아빠와 아이가 함께보기를~~^^*  
20170905,10,관람객친구랑 함께 재밌게 봤다고 하네요.  
20170905,9,관람객재밌어요ㅋㅋ6살아이는 무섭다고 하긴했는데ㅋㅋ  
20170904,6,관람객6살 아들이랑 재미있게 봤어요~ 아들이 음악도 좋다고 하더라구요  
20170904,9,관람객기대했던 것 보다 재미있어요  
20170904,9,관람객아이들이 재미있어해요 또 보고싶다고해요  
20170904,7,관람객여섯살 딸아이와 함께 보았는데 몇몇장면에서는 슬프다며 몇번을 울며 봤네요..그래도 끝까지 재미있게 잘보았어요  
20170903,7,애들한테 물어보니 재미는 있다고 하던데 우는 애들도 많았고... 또 보고 싶다곤 안 하더라고요. 중간중간 언제 끝나냐고 물어보기도 했고;;  
20170903,10,관람객자연스럽게 재밌었다아이보다 내가 더 재밌게 보았다  
20170903,10,"관람객다섯살,열살 아주재밌었어요  "
20170903,10,관람객재미있게잘봤어요 가족이함께봐도 좋은 영화  
20170902,10,관람객딸과 봤는데 강추합니다  
20170902,10,관람객조카들이랑 봤습니다  아주 유쾌한 시간이였습니다  
20170902,9,관람객아이들이 시간 가는줄 모르고 너무 재미있게 봤다네요~~  
20170902,7,관람객아이들이 좋아해요 잼있어요  
20170902,10,관람객재밌었어요신선했어요  
20170902,8,관람객애들보기 재밌어요좀 시끄럽지만요  
20170902,10,관람객6살아들이 재미있게 봤어요  
20170902,5,관람객아이들이 넘 재밌게봤네요~~~  
20170902,8,관람객33개월 아기가 태어나 첨으로 극장관람한 영화인데 집중하고 잘 봤어요 기억에 오래오래 남을듯합니다  
20170901,5,관람객내용이 약간 엉성하지만 볼만은합니다  
20170901,10,관람객아이가좋아했어요 재미있다고~  
20170901,5,솔직히 8살 아이랑 봤는데 생각보다 재밌는 부분이 너무 적어요. 웃음 포인트가 별로 없고 아이들 보기 생각보다 잔인한 느낌도 있어요. 사람에게 주사를 바로 쏘아서 실험하는것도 그렇고 끝에 감동은 있는데 애들 보기 그냥 그런듯 합니다.  
20170901,10,관람객지루할 틈없이 넘 잼나게 봤습니다.  
20170901,10,관람객아이들이 재밌었다고 하네요^^  
20170901,10,관람객아이들과 너무 재밌게 봤어요^^  
20170901,10,관람객아이와 함께보는동안 정말 너무 재미있게 보았답니다  
20170901,8,관람객초등학생1학년 아들 중간중간 무서워하기는 했는데 재미있었냐고 물어보니 10만점에 100점이라네요 ㅋ ㅋ  
20170831,6,관람객유치할것같았는데?? 재미있었어요  
20170831,7,관람객딸아이가 친구와 잼나게 봤다고 하네요.따뜻함이 있어서 좋았데요.네이버페이로 간단예약해서 편했구요.^^  
20170831,10,관람객재미있어요~ 아이들이 너무좋아하네요~~~  
20170831,8,관람객아들이랑 같이 봤는데 아이가 재미있어하네요~~우리나라에는 좀 낯선 소재라 아이에게 미리설명해준게 도움되었나봐요~^^  
20170831,10,관람객나름재밌었어요.조카랑 봤는데 좋아했습니다  
20170830,6,관람객신선한  소재의 내용이긴하나  결말이 뻔~한  애들이  조금지루했었다구~ 하네요  
20170830,10,"관람객초3,초2 아이들과 재밌게 보고왔어요 지루해하지않고 집중하며 잘보네요  "
20170830,8,관람객재미있게봤어요.아이들이 넘재미있어했습니다  
20170830,10,관람객가족간에 사랑이 세성 최고라 더시한번더 느껴요  
20170830,10,"관람객아이들과 신나는 모험을 한듯한 기분... 5살,8살 아이들이 재미있다고 하네요~ 지루할 틈이 없었어요  "
20170830,9,관람객잼있었어요 애들도 집중해서 잘보더라구요  
20170830,2,전세계 탈모로 고통받는 탈모인을 위해 자기 몸 하나 희생 못하나.. 잡아먹겠다는것도 아니고 협조좀 해달라는데.. 선악이 바뀐듯한 영화  
20170829,8,관람객별 기대없이 7세 아들과 봤는데재밌었어요! 긴장감도 있고ㅡ아들도 재밌었다고 하더라구요^^  
20170829,10,관람객아이가 재미있게 잘 봤답니다~  
20170829,9,관람객오랫만에 아이와 재미있게 보았습니다...개인적으로 자막이 더 좋았지만..더빙밖에 없어서 더빙을 보았는데...노래가 없어서 어색하지 않았던것 같습니다  
20170829,9,관람객아이와재미있게봤어용  
20170829,4,관람객강추 재미있는 이야기를  
20170829,10,관람객오랬만에 재미난  만화영화 !!! 어른이 봐도 잼나는. 너구리 귀염터져  
20170829,5,관람객다섯살아이가아빠랑보러갔는데중간에무섭다며...나왔다네요ㅠ  
20170829,9,"관람객별기대없이봤는데 5살아이가 넘집중해서 재밌게 보더군요. 어른도 즐길만한 수준입니다. 모험, 액션 잔잔한 감동까지 왠만한 애니보다 낫습니다. 강추~~  "
20170829,10,관람객넘 넘 재밌고 감동도 있고 ~~  
20170828,10,관람객완전 신나게 보고 왔어요. 딸들도 너무 재미있다고. 지루하지 않게 봤네요~  
20170828,10,관람객너무잼나게봤어여! 어른이봐도재미지는  
20170828,10,관람객영화평점 태어나서 처음 매겨봐요.보는내내 눈을 뗄 수 없었어요. 8살 딸과 정말 잘보고왔네요~  
20170828,9,"관람객아이들 뿐 아니라 어른인 저도 흐뭇하게 보고 왔어요~~^-^애들영화 보면 졸기 일수였는제, 간만에 재미나게 보았습니다♡  "
20170828,9,관람객아이들이 감동적이라하네요.  
20170828,9,관람객재미있습니다~~ 유쾌하고 즐겁게 보기 좋은 가족영화입니다~  
20170828,10,관람객너무너무 재밌어요.아이가 너무 신나하네요.  
20170828,10,관람객빅풋주니어 아이랑 정말 잘봤어요최근본것중 제일 좋아요^^  
20170828,8,관람객영화는정말재미있었음...극장건물이 개판이라 짜증났음 상영관이 별로없어서 독산가서봤는데 엘베고장나고 에스컬레이터까지 고장 다신 안가고싶은 극장이였음 .극장아래6층인가 게임장아줌마도 OOOO ㅋㅋ동전안넣으면 게임기 아예만지지도못하게함  
20170828,9,관람객내용도 좋았고 7살 아이와 보기도 재미있고 좋았어요  
20170827,10,영화보는데 우리 아빠도 저렇게 놀아주면 좋겠다. 우리 아빠는 저렇게 안놀아주는데...등등 아이들에 목소리가~^^;  잘 봤어요!!  
20170827,9,관람객기대 안하고 봤는데 의외로 재밌게 봤어요. 초3 여아도 잼있게 봤어요  
20170827,7,관람객아이들이 재밌게 잘보네요  
20170827,9,관람객평점보고 기대조금만하기로했는데 중간중간 어른들의감탄소리도들리고저도 애들스토리뻔한거알면서도 지루한거없이 잘봣어요스피드한영상이 남자아이들이 엄청좋아할듯^♡  
20170827,9,관람객아이들과 즐겁게 관람했습니다  
20170827,10,관람객부담없이 가족애를 느낄 수 있었네요^^  
20170827,9,관람객조카들이랑봤는데첨부터끝까지집중하고보네요~~  
20170827,9,관람객기대 했던거 보단 재미는 없네요  
20170827,8,관람객초등학교 아이가 재밌어했어요  
20170827,8,관람객아이들과 재미있게 봤어요  
20170827,10,관람객아이와 함께 웃으며 볼 수 있는 영화라 좋은시간이었습니다~^^  
20170827,10,관람객별기대없이 봤는데 재미있었어요^^  
20170827,5,관람객아이랑 보기 즐거운 영화  
20170827,10,관람객생각보다  재밋어요 ~~~~  
20170827,9,관람객너무재밌게봤습니다 어른인 제가봐도 지루하지가않네요  
20170827,9,관람객두딸이랑 봤어요미취학아동이라 그런지 무서워하기도 하고 울기도 하고 그랫어요어른이 봐도 재밌는 영화입니다  
20170826,10,관람객초3아들과 정말 재미있게 봤네요~^^  
20170826,10,관람객아이들이 너무 재미있어 했어요~  
20170826,10,관람객고학년이 보기에도 재미있어요  
20170826,9,관람객아이가 재미있다고 하네요 집중해서 잘보더라구요  
20170826,10,관람객동물들 나오니깐 넘 좋아라 했어요~ ㅎ유쾌하게 봤네요~  
20170826,10,관람객아이들이  한번 더보자고 하네요^^  
20170826,10,관람객기대하지않고 보여줬는데 초등학생 아이들이 엄청 재밌었다고 하네요  
20170826,10,관람객너무나 재 미있었어요  ㅎㅎ  
20170826,8,관람객어른부터 아이까지 모두가 함께 보기에 너무 좋은 영화 강추  
20170826,9,관람객올 해본 애니메이션 중 가장 재미있었씀  
20170826,9,관람객애들이 보기에 재미난 영화입니다  
20170826,9,관람객재미있게 잘 봤습니다~~^^  
20170826,9,관람객가족다같이 보기에도 내용도 좋고 알차네요!! 만원이 안아깝습니다^^  
20170826,7,관람객스토리가 살짝 이상한것 빼고는 다 좋았어요!!  
20170826,10,관람객예약하고 여유있게 가서 관람했어요  
20170826,8,관람객아이들이 좋아해요. 6살아이는 조금 무서워했어요  
20170826,10,관람객아주 재밌어요 빅풋의 능력이 부럽네요  
20170826,10,관람객첨으로 아이와 영화를 봐서 너무 너무 좋았고 감동이었습니다~^^  
20170826,10,관람객지루함 없이 아이들과 어른 모두 재미있게 잘봣어요 감동과 재미가 한번에 있는 좋은 영화인것같습니다  
20170826,7,관람객아이와 즐겁게 봤습니다  
20170826,9,관람객정말 재미있게 봤어요^^  
20170825,8,관람객영화는 좋았어요~ 영화관이 별로라 그렇죠..  
20170825,10,관람객아들과 아빠 데이트에 강추  
20170825,10,관람객잘봤습니다..애들이  너무 몰입해서 봤네요  
20170825,10,관람객딸아이와 너무 재미있었어요~  
20170825,9,관람객아들이랑 잼나게 잘보고왓습니당  
20170825,8,관람객아이랑 재미있게 봣어요^^  
20170825,10,관람객신랑과 초등4학년 아들과  함께 봤는데..넘 잼나고도 짠하기도 했어요..아이들에게 용기가 뭔지도 알려주고..가족이 함께  보시길  권해드리고 싶네요...가족의사랑을 알려주고 소중하단걸 다시한번 일깨워준 영화에요..^^*  
20170825,10,관람객부모랑 보기게 좋았어여 네이버에서 예약하고 가니 매진 안되고 좋네요  
20170824,9,관람객아이들하고  보기에 좋은거 같아요  
20170824,10,"관람객9세,5세 아이들과 너무나 즐겁게 관람했습니다.  "
20170824,6,"관람객영화 내용은 감동적인 내용이에요,5살짜리 저희 아들과 같이 보았는데요. 숲속에 악당들이 나타났을때는 조금 무서워하긴 했어요. 그래도 결론적으로는 재밌다고 하네요.  "
20170824,10,관람객초등어린이들 정말 재밌었다고하네요^^  
20170824,10,재미와감동이있네요.추천해요~  
20170824,10,관람객애들이 보기 좋은 영화였던것 같아요  
20170824,6,관람객아이랑 봤는데 너무 재미있었어요  
20170824,9,관람객생각외로 재미있었어요! 가족과 함께 볼만한 영화입니당!!  
20170824,10,관람객아이들과 시간 가는줄 모르고 봤네요..  
20170824,7,관람객처음으로 8살 꼬맹이 데리고 조조 봤는데. 나름 괜찮아요~  
20170824,9,관람객굿~~!^^ 너무 재밌었어요~~  
20170824,10,관람객아이랑 같이봤는데요. 너무 재미있어 했어요  어른들도 재미있게 볼만한 영화입니다.  
20170824,8,관람객8세 아들과 함께 잘 보았어요.소심한 아이라... 고조되는 부분(?)부터 무서워 어쩔줄 몰라하더라고요. 귀여웠네요.  
20170824,10,"관람객여름 방학이라서 오랫만에 딸과 영화를 보게 되었는데.빅풋 주니어 너무 재미있었어요~딱다구리와 다람쥐 너구리 두마리,곰들의 대화가 참 웃겼고 서로 어려울 때 도와주는 모습이 기억에 남아요 마지막 장면에 너구리의 새끼들이 애교 부리는 모습도 귀여웠답니다♥  "
20170824,10,관람객유익한 내용에 감동적~~  
20170823,9,관람객아주아주 재밌게 잘 봤습니다.  
20170823,10,관람객최고의영화최고의영화  
20170823,8,관람객아이들이 좋아했고권선징악이 뚜렷해서 좋았어요  
20170823,9,관람객아이들이  좋아하네요  어른인 제가봐도 재밌어요^^  
20170823,6,관람객일단재미있었구요?애들이랑봤는데너무좋았읍니다?  
20170823,9,관람객7살 5살이랑 재미있게 봤어요^^  
20170823,10,관람객아이들이 너무재미있었다고 좋아하네요  
20170823,10,관람객개봉 첫 날 보고 왔는데 너무 재미 있었다고 난리 있어요 ~  
20170823,5,관람객평이 좋아 기대가 컸던듯..  
20170823,9,관람객아이가 가족의 소중함을 다시  깨닫게 되었다구 하네용~^^  
20170823,9,관람객생각보다 재미가 있네요.  
20170823,9,관람객아이들이 잼있었다고 하네요  
20170823,8,관람객아빠와 아이들 모두 재미나게 봤어요^^  
20170823,10,관람객초1딸과 같이 봤는데 전개가 잘되고 계속 궁금하게 만들어 하나도 빠지지 않고 봤네요~탄탄하게 잘 만들었어요딸아이도 물론 화면에서 눈을 떼지 않고 재미있었다며 한마디합니다  
20170823,9,관람객조금 지루하지만 아이들이 흥미있게 볼 만한 영화  
20170823,9,관람객재밌고 스토리도 있고 좋았어요. 아빠와 단둘이 봐도 좋을 영화입니다. 추천해요^^  
20170823,10,관람객보는내내 눈을 뗄수없이  스토리 전개가 굿굿이였습니다ㅋㅋㅋ25개월인 조카도 너무 잘보더라구요ㅋㅋ  
20170822,8,관람객조카들이랑 봤는데 재미있었어요  
20170822,8,관람객애들이랑 재밌게봤어요 짱짱  
20170822,9,관람객아이들이랑 재미있게  봤어요  
20170822,7,"조카들이랑 봤는데, 더빙 괜찮네요.  "
20170822,9,관람객아이와함께보고난후울딸이감동이라고울었습니다가족의소중함을다시한번느꼈던영화라서행복했습니다  
20170822,7,"관람객8살, 5살 아이들과 재밌게 보았습니다.  "
20170822,9,관람객9세아이와 재미있게 봤어요!  
20170822,4,관람객처음에는  스토리 전개가 좋았지만 중반부터는 좀 지루하네요.  
20170822,8,관람객아이들과 재미있게봤어요 가족애도 있고 좋았어요 ㅎㅎ  
20170822,10,관람객초등 5학년 딸이 슈퍼배드3보다 훨씬 재미있고 감동적이었다고 좋아하네요.  
20170822,9,관람객아들이 너무 재밌다고 하네요  방학때 보여줄만한 영화  
20170822,10,관람객초3 초1아들들과 보고 왔어요~영화못지 않은 스케일과 탄탄한 스토리 감동까지엄마도 너무 신나게 보았습니다~^^  
20170822,10,관람객아이들과 봤는데..  아주 재밌어하고..  집중모드 굿~~~  
20170822,10,"아이들이 좋아하는 영화!! 재밌고 따뜻한, 모처럼 가족영화를 본듯 하네요!  "
20170822,8,관람객조금 지루하고 폭력적인 장면도 간혹있었지만 아이는 좋아했어요  
20170822,10,관람객아이들 셋이 정말 재미있게 봤다고 자랑하네요^^  
20170821,10,관람객아이와 함께 보기 좋은 영화예요  
20170821,9,관람객재밌게 잘 봤습니다 우리 4살짜리 아들이 무서워해서 힘들었던것만 빼고요~^^  
20170821,7,관람객소재는 특이하지만 구성과 줄거리는 극히 평범한 가족애니메이션  
20170821,10,관람객아이들과함께 보기 넘 잼있었어요~~  
20170821,9,관람객7세 9세 아이들과 함께한 즐거운 시간이 었어오. 가족애가 잘 느껴지는 재미있는 영화였어요. 아이들이 또 보고싶다고 하네요  
20170821,10,관람객재미있게 잘보았어용~^^  
20170821,8,관람객초등 저학년이 보기에  적당한 애니메이션 인것 같아요  
20170821,10,관람객아이들이 재미있었데요  
20170821,10,관람객재밌어여..ㅇㅏ이도좋아하네요  
20170821,10,관람객아이들 너무좋아해요 근데 5천원 비싸게 표를 구매한듯 ㅜㅜ  
20170820,9,관람객아이들이 만족하면서 재미있게 보았습니다 저 또한 재미있게봤지만어른시선으로는 쬐끔 허술한장면 들이 있네요ㅎㅎ  
20170820,8,관람객어른이 봐도 재밌는편.  
20170820,10,관람객8살 딸아이랑 보러 갔는데 볼만했어요.^^ 애는 당연히 좋아하고요.  
20170820,9,관람객아이들이 넘 좋아하고 재밌었어요  
20170820,10,관람객너무 재밌게 봤습니다^^ 8살 딸이 한번 더 보러 가자네요^^근데 딸 친구중에 한명은 무서웠다네요^^참고하세오^^  
20170820,10,관람객방학 끝나기 전 마지막으로 본 영화라서 더 의미있고 초등학생  딸들이 재미있다고했고  영회비가 아깝지 않아 추천합니다  
20170820,9,"관람객시간가는줄 모르고 흥미진진하고, 내용 구성이 알차 아이들하고 봤는데 매우 좋았습니다. ^^  "
20170820,8,관람객아이들이 너무 재미있다고 하네요  
20170820,8,관람객재밌었어요 가족영화로최고  
20170820,7,관람객그냥 그럼 괜히 메이져급 애니를 찾는게 아니라는....  
20170820,7,관람객재밌었어요  생각보다좋았넹?ㄷ  
20170820,8,"6살, 10살 조카들이랑 같이 봤어요~ 큰 조카는 재밌게 잘 봤는데 6살 조카는 중간에 무서워서 나가고 싶어했어요.. 몇 몇 장면이 배경음악도 약간 음침하게 깔리고  악당의 폭력성이 전체관람가에 맞지 않는 듯합니다.  "
20170820,9,관람객재밌게 잘봤습니다 ^^  
20170820,10,관람객잼나요 잼나요꼭보세요애들강추  
20170820,9,관람객10살 & 7살 재밌었다하네요~~^^  
20170820,8,관람객초반부분은 재미를 못느꼈는데 중반정도 되니 재밌어 지네요ㅎㅎㅎ 아이도 재밌다고 했어요~ 보는내내 빅풋 주니어 이광수 닮았다는 생각했어요ㅎㅎㅎ  
20170820,10,관람객아이들이 잼나게 잘봤어요ㅎㅎ담에 또 네이버페이 통해서 영화예매할께요~^^  
20170820,9,관람객아이가 매우 좋아하면서 봤습니다  
20170820,10,관람객웃음포인트도많아서 5살아이랑 지루하지않고 재미있게봤어요  
20170820,1,관람객그냥아이들이랑볼만하진  
20170820,10,관람객너무너무잼있게봤어요~~^^  
20170820,8,관람객아이들과 재밌게봤네요 집중하는모습도좋았고 어른인 저도재밌게봤어요  
20170820,8,관람객애들이 재미있게 잘 봤어요~  
20170820,10,관람객아이들이 재밌어 했어용  
20170819,10,관람객방학을 맞아 아이와 함께 어쩔수 없이? 기대없이 본 영화였으나 엄마가 더 몰입해서 볼 정도로 흥미진진했었다  
20170819,9,관람객감동적이고 신선한구성 재미있었어요~^^ 추천!!!  
20170819,10,관람객아이들이 너므 좋아해요  
20170819,9,관람객아이와함께 재미있게봤어요^^  
20170819,10,관람객한번볼만한영화입니다  
20170819,10,관람객기대안하고 봤는데 대박쟁있음  
20170819,10,친구들이랑 같이 뵜는데 너무재미있다고 하네요 저도 재미있게 봤어뇨 꿀잼^^  
20170819,7,관람객재밌게 잘 봤습니다. 아이도 재밌었다고 하네요.  
20170819,9,관람객재미납니다.유아들이나  초등저학년용  
20170819,10,관람객애들이 너무좋아했어요ㆍ감동적인 애니매이션이었답니다ㆍ  
20170819,10,관람객정말재밌게봣어요 ㅎ.ㅎ 애두넘조아하구 감동두잇네요!  
20170819,10,관람객아이와 재밌게 잘 봤습니다.  
20170819,8,관람객재미있게 잘봤어요.아이도 좋아하고  
20170819,6,관람객적당한 재미의 가족 영화  
20170819,8,관람객아이들과함께잘보았어요  
20170819,4,관람객연기도 어색하고  지루했어요  
20170819,10,관람객어빠랑 보면 정말 유익할 것같은 영화네요~  
20170818,8,관람객아이때문에 새로운 애니 나오면 거의 보는편인데 그중 젤 나았던건 빅히어로 모아나 정도 근데 빅풋주니어도 괜찮아요~~중간중간 아빠 대사가 좀 상황에 어긋나고 이상타 하는 부분은 있었지만 보는내내 즐거웠어요  
20170818,10,관람객재미써어재미저요재이저요  
20170818,10,관람객재미 있어요 ^^ 아이들이랑 같이보세요  
20170818,9,정말로 재미있고 흥미롭다고 느꼈어요!!!  
20170818,10,관람객너무재밌었어요~아이들도즐거워하구요~^^  
20170818,9,관람객전좀 앞부분이 지루했지만 애들은 잼나게 보았네요~  
20170818,9,관람객재밌네요 애들도 재밌어하구요  
20170818,10,관람객아이들도좋아하고 저도 재미있게봤네요  
20170818,8,관람객아이들과 함께 보기에 좋았어요.  
20170818,10,관람객감동적이고 재미있엉‥  
20170818,10,관람객아이와 함께보기좋아요  
20170818,10,관람객아이들과  재밌게 봤어요 ~  
20170818,4,관람객생각보다는 재미없었어요 프랑스에서 만들어서 그런가~~?  
20170818,10,너무 재밌네요딸아이도 좋아하구요!어른인 저도 시간가는줄 모르고 봤네요+^___^+  
20170818,8,관람객애들이랑 보기 괜찮았음  
20170818,10,관람객가족이 같이 볼 수 있는 영화여서 좋았구 아이들도 넘 재미있게 봐서더 좋았던 영화입니다  
20170818,10,관람객재미재미있어요^^♡  
20170818,10,관람객감동적이고  잼났어요~~~  
20170818,8,관람객아이들과 같이 보러갔는데 개안아요~  
20170818,9,관람객감동과 가족의사랑을 느낄 수 있었던 영화예요  
20170818,10,관람객딸과 재미있게 봤어요~~신나게 웃어봅니다  
20170818,9,관람객완전 재밌어 다시 또 봐야지  
20170818,10,관람객조등학생 아이들과 봤는데  재밌고 감동적이기도 하구약간의 잔인한것도 있었네요  
20170818,9,관람객너무 재밌었데요 아이들끼리만 보내서 내용은 모르겠지만 딸래미가 엄청 좋아하네요  
20170817,2,나 늙었나봐 . 주인공들이 너무 답답해보인다. 그냥 실험 도와줘서 인류 과제도 해결하고 돈도 벌어 가족 편하게 살게해주지. 주인공이 답답해보임. 가발CEO 제안있을떄 덥썩 받아야지. 싶더라.자본주의에 쩔어있나?  
20170817,9,관람객아이가 재미있었다고 하네요  
20170817,8,관람객아이들과 재미있게 보았습니다~  
20170817,10,관람객애들하그 너무 재밋게 봣어요  
20170817,5,관람객8살 아이랑 봤는데 좀 무섭다고 하네요코믹부분은 좀 부족한듯?좀 아쉽네요  
20170817,10,관람객아이들이 재미있게 잘 보았어요  
20170817,8,관람객11살 아들과 함께봤어요~큰재미는 없지만 잔잔하게 잘봤네요~  
20170817,10,관람객아이뿐 아니라 나도 즐김...  
20170817,8,관람객애들이 넘 잼있어하내요  
20170817,8,관람객아이들이 좋아할만합니다  
20170817,7,"관람객좀 지루,내용은 좋으나 하품계속  "
20170817,9,관람객유아들이 보기는 부적합한것같구요. 초등이후부터가 재밌게 볼수있을거같아요. 5살 7살 두아이는 그저그렇게봤고 9살딸아이기 재밌게 봤대요 엄마인 저도 참 재밌게봤어요~  
20170817,8,관람객큰딸이랑 봤는데...기분 좋게..웃으면서봤네요...  
20170817,8,관람객아이와 함께 보았는데 아이가 재미있어 하네요. 어른이 보기에도 무난합니다  
20170817,10,관람객아이들과함께봤는데재밌어하네요  
20170817,10,관람객4살아이가 너무 재밌게 봤어요^^  
20170816,10,관람객아이들과 보기에 가볍고 좋아요그리 감동스럽진 않지만...  
20170816,1,"평점 1점짜리는 아닌데,알바들 때문에 할수 없이,평점 1점 준다.실제론,새미의어드벤처 처럼,평점 5점은 받을수 있는 애니...  "
20170816,10,관람객가족애가 감동인 영화입니다.  
20170816,9,관람객아이들이 좋아하드라구요. 저도 재미있게 잘봤습니다~  
20170816,10,관람객아들과함께 보고왔습니다~~기대이상 잼있는 영화였습니다~초3아들도 너무잼이있었다고하네요~  
20170816,9,관람객아이랑 봤는데 재미있어하네요  
20170816,9,관람객아이와 즐겁고 재미있걱 봤어오  
20170816,9,관람객아무생각없이 신나게 한바탕 웃을 수 있는 영화이네요~가족영화로 딱~~~입니다~^^  
20170816,10,관람객모험을 하면서 아빠와의 정을 느낄수 있는 영화인것 같아요  
20170816,6,관람객8세 5세 두아이들 데리고 관람했는데 그냥 보기에 무난한 영화입니다.  
20170816,10,관람객재미도있고 감동도있고좋네요  
20170816,10,"관람객42개월 4살 아이와 봤는데.. 너무 어려서 잘 볼수 있을까 걱정했는데, 너무 재미있게 보고 왔어요! 내용도 어렵지 않고, 보는내내 신나하는 모습에 흐뭇했어요! 저도 재미있게 잘 봤구요..  "
20170816,10,관람객아이도 신랑도 저도 잘봤어요^^  
20170816,8,관람객재미는 있었는데 조금 어린 아이들에겐 조금 무리일 듯....괴물처럼 소리지는 부분이 많아  우눈 아이들이 종종 있었던 듯....  
20170815,10,"관람객너무 재밌게 잘 보았습니다 별 기대없이 아이들 보여주며 핸펀 검색이나 하려고 앉아있다가, 너무 흥미진진해서 눈이 번쩍 뜨였어요  "
20170815,10,관람객아이와 함께 재밌는 시간이었어요~! 아빠너구리의  허당과 허세가 재밌었어요^^  
20170815,10,내용도 좋고 너무 자극적이거니 인의적이지 않아 좋았어요. 무엇보다 재밌어요.  
20170815,9,관람객애들끼니 봤는데 재미있다고하네요  
20170815,9,관람객아이와 함께 보기에 즐거운 가족영화  
20170815,8,관람객아이들과 웃으며 즐겁게 봤네요 소소한 감동까지~~^^  
20170815,8,관람객재미있을까하는  생각이 들어서 의심속에 봤는데  너무 재미있고 흥미롭게  이야기가 펼쳐지네요.잘봤어요  
20170815,10,애들보는 영환데 다 큰 사람들이 보면 당연히 재미없지; 평점테러 작작좀;;  
20170815,9,"10살,8살 딸 둘이랑 너무 재미있게 봤네요~  "
20170815,9,5살 아이가 또 보고 싶데요. 잼나요~  
20170815,9,관람객우리아이 재밋게 봤어요  
20170815,10,"아들과함께보았는데 재밌어하고 또보고싶다고하네요빠른전개로질리지않고,즐겁게관람할수있어요  "
20170815,9,관람객즐거운 영화였어요.~아이들도 잼있게 잘보내요  
20170815,9,관람객가족영화로 정말 괜찮은 영화네요^^마음이 따뜻해지네요  
20170815,9,관람객애들이 너무 좋아하네요  
20170815,10,관람객아이랑 너무 재미있게봤습니다^^어른이 보기에도 손색없을정도네요  
20170815,8,관람객딸들이너무재밌게봤다네요~~  
20170815,8,관람객가족과  함께 보기 따뜻한 영화였습니다  중간중간  아이가  조금 지루해 하긴했어요  
20170815,1,유치원생 사촌동생때문에 코난을 포기하러 갔었는데 진짜 유아거였다. 중학생인데 초딩 고학년도 재미없을 듯. 유치원생은 재밌게 볼듯 하지만 11살 이상은 재미없을듯. 영화관에서 처음으로 잤다.  
20170815,10,관람객아이들이 엄청 재미있었다고 또 보고 싶대요^^  
20170815,10,관람객두남매들이 엄청 집중해서 봣어요어른인 제가 봐도 재밋네요  
20170814,10,관람객아이들이 재미있게 보았어요  
20170814,10,관람객아이랑 재밌게 잘봤어요  
20170814,10,관람객아이들이 너무 좋아하네요^^  
20170814,8,관람객초반부터 웃으면서 보다가 빅풋  아빠가 희생하는 장면에서 아들이 감동적이라고 눈물을 글썽이네요.  
20170814,10,관람객아들이랑 넘 잼있게 봤습니다♡  
20170814,10,스토리와재미가있었고ㅡ특별히이이들에게가족사랑과도전을줍니다ㅡ걍츄  
20170814,10,관람객아이와 함께 보기좋은 영화입니다 ^^  
20170814,7,평점에 속지 마셈. 감동적 교훈적 운운 하는거 죄다 못믿겠음. 스토리 전개 정말 엉성하고 기승전결도 없고 지루함. 공짜로 보기에도 시간 아까운 영화.  
20170814,8,어린 아이들이 보기엔 안 맞아요 악당들이 너무 악질이예요 초교 저학년 이하론 안 보여주는게 맞을거 같아요  
20170814,7,관람객4살 아이와봤는대 처음도전한 영화관람이였는대 아이가 지루해하지않고 잘보고나왔내요 ^^  
20170814,10,8살아들이랑 같이봣는데 진심진짜 재미있었어요~  
20170814,4,"이게 왜 따뜻한 영화인지 모른겠네결국 강자를 더 강한자로 누른거 밖에 안되는데..학교폭력에 대처하는 교장의 자세인턴을 대하는 회사의 자세 등등 개인적으로 이렇게 스토리를 푸는데도 불구하고감동적이었다는 후기들이 있다는게...참, 슬프다  "
20170814,8,관람객아이와 함께 보기 따뜻한 영화!  
20170814,10,관람객아이가 너무 재밌어 하네요강추합니다  
20170814,9,관람객9살 7살 아이들이 봤는데 재밋다고하네요~~~~아이둘만 들여보내고 전 밖에서 기다려서 내용은 모르지만 아이들이 엄지척하는걸보니 정말 재밌나봅니다 ㅋ  
20170814,8,관람객아들이랑 같이 봤는데 재밌엇어요~^^  
20170814,9,"기대안하고 봤는데 너무잼있었어요.4살,8살여자 조카들이랑 봤는데  웃으면서  잼있었다구 하네요^^  "
20170814,10,관람객아이랑 재미있게 관람 했어용~ 진짜 꿀잼 이네용~^^  
20170814,10,"아들이랑 둘이 봤는데, 열한살짜리 우리 아들이 아주 재밌게 봐서 뿌듯했습니다. 줄거리도 괜찮고 제가 봐도 재밌네요~  "
20170814,10,관람객교훈있고 우리딸한테 유익했네요~~ 나와서도 얼마나 빅풋이야기를 하는지~^^ ㅎㅎ  
20170814,10,애들끼리  보게 했는데  너무  재미있다네요. 극장에서 본 것중에  젤  재미있었다고  합니다.  
20170814,10,관람객내용이 간단하고 신나고 통쾌하다  
20170813,10,오늘  보고왔음  재밌게봤고  2탄도  나올듯하네영  꼭  보세요  
20170813,9,관람객초등아들과 집중해서 재미있게봤어요  
20170813,10,원래 영화 끝까지 집중못하는 초2아들 끝까지 재밌게집중해서 잘봤어요 강추요  
20170813,3,8살 아이와 봤는데 아이가 너무 무서워했어요 악당이 너무 무섭다네요 진짜 총은 아니지만 너무 막 쏘고 납치가 만연한..주인공아빠가 아이 혼자 보내는 장면이 뜬금없기도 했고.. 발레리나에 이은 아이가 무서워하는 애니메이션이네요 ㅜ.ㅜ  
20170813,5,평이 너무 좋아서 잘 알아보지도 않고 봤는데생각보다 자극적이고 폭력적이예요 초등 이상만 추천아이가 영화를 자주 봤는데 이렇게 불안에 떨며 본건 처음이예요 ㅠㅠ  
20170813,5,마이팻의 이중생활 제작진이 만들었다는 부분과 후기 글들이 다 좋은 글 밖에 없어 7살 아이들과 같이 보고 왔는데 스토리나 몰입도 모두 아쉬움이 많이 남았고 지루했던 편이라서 주변 아이친구들이 보러 간다면 그닥 추천하고 싶진 않네요 ㅠ  
20170813,10,관람객너무 재미나요  애들이랑 재밌게 볼수있어요 ㅎ  
20170813,10,어른이 봐도 재미있네요 유치하지 않구요~  
20170813,10,재밌었고 웃기게 봤네여  
20170813,6,관람객잘보고 왔습니다. 아이들데리고 보면 좋을 가족영화 같네요~!  
20170812,8,관람객애들이재밌어합니다~~  
20170812,10,관람객완전 재밌었던것 같다!!!  
20170812,6,관람객그냥볼만해요 아이들이중간에무섭다고우네요  
20170812,10,"4.9살 아들들 데리고가서봤는데 아이들도 집중해서 재밌게 보구요, 저 또한 너무 재밌게 봤어요. 개인적으로 슈퍼배드보다 좋았어요  "
20170812,8,관람객초등 1학년 아들이 보고나서 애들보기에는 좀 무섭다고 하네요 저는 재미나게 잘 봤어요  
20170812,8,관람객10살 6살 남매랑 같이 봤습니다아빠찾아 나서는 아들의 모험? 슈퍼베드보단 덜 재밌었어요... 전 좀 지루 했는데 애들은 잼있었나봐요ㅡㅡㅋ  
20170812,10,재미있고 어린이와 어른 모두 재밌게 볼 수 있는 영화 같아요  
20170812,7,"친구들은 배드,저는 굿  "
20170812,10,재밌어서 또 보고싶네요  
20170812,10,관람객혼자라서 외로운게 아니라 내가 남과 다르다고 생각했을때 외로운것 같아요.. 자녀들을 이해하고픈 부모님들에게도 강추!!!  
20170812,10,아담... 너무 귀여워요~ 성우 목소리도 너무 좋구요!!!  
20170812,10,관람객아이들이 재밌었다며 이야기를 나누네요 집중하느라 팝콘도다남겨왔어요  
20170812,9,관람객첨엔 보기 싫다던 아이가 나올땐 재밌었데요  
20170812,9,관람객아이들의 상상력을 자극하는 아이들영화다워서 보기도 좋구 재미도 있네요^^  
20170811,9,홍보를 더했으면 많이들 봤을텐데 아쉽네요. 우리동네 롯데는 3일동안만 개봉했네요. 감동있고 너무 잘 만들어진 영화입니다.  
20170811,10,관람객지루함 없는 빠른 전개로 지루하지 않고 동물들의 익살이 재밌었네요. 5살 아들은 무서워했지만요^^  
20170811,9,관람객가족들콰함께관람하기좋은엥화라고생긱합니다부자지간의끈끈한사랑을느킬수있었습니다오란만에좋은영화라고생각핲니다~^^  
20170811,9,관람객딸아이와 재미있게 봤어요머리카락이자라고중간중간 이해가쉬운줄거리  
20170811,9,관람객기대안하고ㅇ봤는데재미있게봤어요  
20170811,9,관람객재미있어요   추천합니다  
20170811,9,4세아들이랑 봤는데 긴 상영시간동안 집중하고 보내요 ㅋ 어른이 보기에도 재밌었어요. 다 보고 나서 주인공따라서 달리기를 하네요 ㅋ  
20170811,7,관람객재밌어요 처음에 학교생활 나올때는 집중안하고 막 그러더니 중간에 동물들 나오고부터는 집중해서 잘보네요아들이 재밌었대요^^  
20170811,10,동물이 귀여워요^^특히 너구리~  
20170811,9,관람객나름 재미나게 본것같아요  
20170811,10,"너무 재미 있구요, 특히, 아빠랑 아들이랑 보면 더 좋을 영화네요. 강추합니다  "
20170811,10,"아이들이랑 재미있게 봤어요~^^  가족들끼리 ,,특히 아빠랑 같이 보면 더 좋은 영화에요.강추~!!  "
20170811,10,저희는 재미있게 봤어요- 재미도 있고 감동도 있는.. 교훈도 있어요  
20170811,3,관람객애들이 재미가 없었다네요ㅠ  
20170811,10,관람객아이들과 함께 봤는데 울 아이들은 감성이 풍부한가봐요~ 울더라구요^^  그래도 아주 재미있게 잘 봣어요~ 교훈하나씩 얻어왓네요~ 부모님 사랑하자 잘해드리자^^ ㅋㅋ  
20170811,9,관람객아이 방학이라 같이 봤어요 ^^지루해하지않고 재밌게잘봤어요  
20170811,8,관람객재미나요재밌어요.!!  
20170811,8,관람객아이가 엄청 진지하게 보더라구요^^  
20170811,10,관람객아이들이 좋아해요^^  
20170811,10,관람객초등3인데 오랜만에 볼만했습니다  
20170811,10,관람객짱입니다 너무 재밌어요  
20170811,10,아이 보여주려고 갔지만 저도 재미지게 봤네요 물론 아이도 너무 잘 봤구요 역시 기대없이 보는 영화가 재미 있는것 같네요 ~캐릭터 스토리 유머 따뜻함 감동 모두 있는 굿 영화에요  
20170811,9,"관람객즐거움도 있고, 가족애도 느낄 수 있는올 해 최고의 애니메이션 !!!  "
20170810,10,간만에 잼있게 봤어요 너무 유치하지도 않구요 ㅋ  
20170810,10,"아이들만 보는 영화인 줄 알았는데 어른들이 봐도 감동, 감동~ 오랜만에 재미와 감동을 함께 주는 영화를 만났어요..^^  "
20170810,8,관람객아이가 집중해서잘보더라구요  
20170810,10,관람객재미있고 감동적입니다  
20170810,10,너무재밌어요 어른도 재밌는영화  
20170810,10,오늘 아이들과 봤는데 어른도 아이도 잼나게 봤네요. 오랜만에 즐거운 영화 관람이었습니다. 추천 !!!  
20170810,10,관람객아이들과 함께 재미있게 봤습니다.  
20170810,9,관람객방학에 아이와 같이 보기 좋아요긴시간이 아니라서 아이가 지루해하지 않아요   재미있게 유익하게 볼만해요  
20170810,8,관람객잼있네요....웃긴장면도나와깔깔웃으며봅니다  
20170810,9,관람객딸과 친구를 같이 보여주었는데 매우 재미있게 봤다고 하네요.  
20170810,9,관람객아빠가 죽는 장면에서 무척 슬펐다는 아들래미..큰 기대 안했는데 괜찮았다합니다.  
20170810,9,관람객편하게 예매해서 잘보고 왔어요~~^^  
20170810,5,관람객6살여아가보기에조금무섭기도하고재밌기도했나봐요.아빠랑둘이갔는데무서운부분이있었다고하더라구요.곰친구는귀여웠고재미있게잘봤다고하네요^^  
20170810,8,"관람객신나고 재미있었어요모험,사랑, 가족 이야기 마음에 듭니다  "
20170810,10,우리아이들이 재밌게봤어요~~즐겁게봤으면 10점이죠~~^^!  
20170810,10,관람객아이와 같이봤는데 너무 재밌었어요. 퀄리티높은 작품이네요  
20170810,9,아이들과 함께 보기 좋은 영화였습니다.  
20170810,10,관람객아이들이 즐겁게 잘 본것같아요.  
20170810,10,초1 아이와 재밌게 봤어요.추천~  
20170810,5,관람객아이들이보기엔 좀 지루할수있는 내용입니다~~  
20170810,10,정말 재미있고 참 감동적이다  
20170810,8,관람객나름 감동적이네요~~  
20170810,10,관람객부자간의 사랑을 깊이 느낄 수 있는 감동적이고 재밌는 영화였어요  
20170810,8,관람객재미있었어요.그런데 방학이라 그런지 애들만  들여놓고 왔다갔다 하는 바람에 집중이 어려웠네요.  
20170810,9,6살 아들과 가족이 다함께 봤는데너무 재미있고 지루할 틈 없어요반했어요 ^^  
20170810,8,지루할틈이 거의 없었고 재미와 감동다 있습니다~!  
20170810,10,그래도 그렇게 나쁘진 않네  
20170809,10,오늘 개봉했길래 평점 3개 밖에 없을때 예약했는데 잼있네요 볼만하고 교훈도 있고~ 5살 딸애가 또 보고 싶대요  
20170809,10,슈퍼배드보다 더 재밌었던 영화예요. 아들도 지루함 안느끼고 봤어요~  
20170809,10,가족들이랑 보면 정말 좋을 것 같아요!! 강추합니다~!  
20170809,10,아이가 너무 재미있고 감동적이었대요~얼마나 재미있어하는지 엄청 웃더라고요! 다음에 또보고 싶을 정도로 재밌어합니다~^^  
20170809,10,완전 재미있어요~  애들도 너무 좋아하네요~^^  
20170809,10,너무 재밌어요.강추입니다..  
20170809,9,정말 재미있게 잘봤습니다ㆍ대박날영화입니다~~♡  
20170809,10,온가족이보기 넘잼있어요  
20170809,8,재밌네요.. 흥미진진했어요~  
20170809,10,아이들과 같이 봤는데 애들은 물론이고 어른인 저도 너무 재밌있었어요~~^^  
20170809,9,코믹하고 발랄한영화.. 재미있었어요~ 동물들도 너무 귀여워요~^^  
20170809,10,너무재밌게봤어요 ^^  
20170809,10,완전강추요  아이들과 같이 잘보았네요  
20170809,10,아주재밌고스릴있어요  
20170809,10,너무 재미있어요~~^^  
20170809,9,온가족이 즐길 수 있는  가족영화  
20170809,10,아이들과 너무유쾌한 시간이였구요 조카들이 너무 재미있게 봐줘서 흐뭇합니다 어른인 내가봐도 감동이예요  
20170809,8,아이들과 보기 재미있네요  
20170809,10,빅풋과 함께 멋진 모험 재밌는 멈화였네요  
20170809,10,완전 재미있어요. 가족 영화로 쵝오입니다. 꼭 보세요. 후회없음  
20170809,10,감동 웃음 다잡은 영화!!!!  
20170809,8,아직 어린 우리 아이들은 무서워했지만~ 전 재밌었어요~~^^*  
20170809,10,너무재미었었어요!!  
20170809,10,아이들이 울고웃고 잼있어요ㅋ  
20170809,10,아빠에 대한 사랑 가득한 딸이 눈물 짓고 엄마는 마냥 신나게 웃으면서 보았다죠~~~^^* 가족 추천해요!!!  
20170809,10,애들도 어른도 재미있는 빅풋 아빠와 아들의 사랑도 느낄수 있었어요 추천해요~  
20170809,10,잘봤어요 잘봤어요 ㅇㅅㅇ  
20170809,10,너무 재밌었어요 너무 재밌었어요~  
20170809,10,넘 재미있었어요아이도 좋아하네요  
20170809,7,4살아이들과봤는데 조금무서워했지만 재미있는 장면들이많아서 잼있었어요...너무재미있네요~^^  
20170809,9,재밌어요 어떤면에서모두잘만둘었네요  
20170809,10,아이들이 무지 좋아하네요^^  
20170809,10,너무재미있어요 아이들과웃으면서봤네요  
20170809,10,흥미진진하고 재미있어요♥3♥  
20170809,10,엄청재미있어요! 가족과 함께봐도 좋은 영화입니다*)  
20170809,10,넘잼있어요영상과 내용도있고 좋아요  
20170809,10,악당을 물리치고 가족간의 사랑을 그린 영화!! 너무 재미있어요~  
20170809,10,빅풋 올 여름 친구들이 제일 좋아할만한 감동적인 애니였어요 최고에요  
20170809,10,뛰어난 영상과 등장인물의 캐릭터까지 넘 재밌었어요!  
20170809,8,너무 유쾌하고 재미있었어요^^  
20170809,10,아이들..너무 재미나게 봐써요..  
20170809,10,빅풋주니어~ 정말 재밌어요^^  
20170809,10,재밌어요 아이도 잼나다네요  
20170809,9,유쾌통쾌 상쾌한 영화라가족 영화로 강추!!!  
20170809,10,빅풋주니어 좋아요 잘 보았습니다  
20170809,7,아빠와의 멋진 추억만들기~ 음악도 신나고 감동적!!  
20170809,10,너무재밌어요~~~~  
20170809,10,아이와 함께 보기 행복한 영화  
20170809,10,잼있게봤네요~~~^^  
20170809,10,너무 재미있어요^^ 딸들이랑 너무 잼나게 봤네요ㅋ 꼭 보세요ㅋ  
20170809,10,재미있어요누구나봐도 재미있을거에요  
20170809,10,시간가는줄 모르고봤어요  
20170809,10,너무 재미있어요최고에요  
20170809,10,감동적이고 쟁써요~~  
20170809,10,재미와 모험 훈훈한 감동까지 어느하나 놓칠게 없네요^^  
20170809,10,3살부터 8살 물론 저까지 가족 사랑을 느낄수 있는 진정한 가족영화였어요 여름방학 끝나기전에 감동적인 가족영화 꼭 함께 하면 좋을거 같아요 별 100 개드리리고싶네요 감동 빵빵빵  
20170809,10,너무 재미있게봤어요. 아이가 넘 즐거워하면서봤네요.  
20170809,10,넘 재미있고 신나요가족영화로 강추합니다짱짱짱!  
20170809,10,아이들이 정말좋아하고 재밌는 영화네요~  
20170809,10,애들이 진짜 좋아하네요~~별 기대안하고봤는데 완전 몰입도 최고인가봐요  
20170809,8,아이들과 간만ㅇㅔ 잼있는 영화본거 같아서 즐겁게 봤어요~^^♡  
20170809,10,가족같이 따뜻한 이야기네요  
20170809,10,넘 재밌어요^^ 강추강추  
20170809,10,아이들과 감동적이게봤네요  
20170809,9,아이들과 실컷 웃으며 봤어요 재미있어요  
20170809,10,아이도 좋아하고 어른도 재밌네요  
20170809,8,아이들과 재미있게 보았습니다. 가족들과 같이 보면 좋을 것 같습니다. 적극 추천!!  
20170809,9,미취학보다 초등학생정도 보면 재미있을거같아요감동도 있고 재미도 있어요  
20170809,10,너무너무재미있어요!  
20170809,9,아이들이 웃으면서 가족의 소중함을 느낄수있는 작품인거같아요ㅎ  
20170809,10,애들이랑 재밌게 잘 봤어요~♡  
20170809,10,아이와 넘 잼나게 관람했어요^^ 짱  
20170809,10,빅풋과 동물의 이야기가 흥미로웠고 음악도 좋았다~  
20170809,10,엄청 재밌고 신났어요 잘봤습니다~~ ^^  
20170809,10,진심 감동이넹 가족영화로추천해요  
20170809,9,야성미 넘치는 아빠와 끝내주는 대모험!! 현대판 삼손파워 짱짱맨 ㅋㅋㅋ  
20170809,10,넘재밌어요 스토리탄탄하고 재밌는부분도많고 최고네요^^  
20170809,8,가족애른  느낄수 있는 따뜻한 영화예요.특히 부자가 같이 보면 더할나위 없이 좋아요  
20170809,8,너무 잼있었어요 아이가 중간에 악당나오는 부분에 무서워 했지만 ㅋ  
20170809,10,아주 재밋었어요 영상 미 굿  
20170809,10,잼났어요. 아이들이 너무 좋아하네요  
20170809,8,아이랑 봤는데 엄마가 더 재밌게 봤어요  
20170809,10,잼미있고 아이랑 같이 봤는데 아이가 재미있다고 엄지 착 해주네요  
20170809,9,아이들이 엄청 웃네요. 재미있어요.  
20170809,9,너무 재밌게 봤어요~ 최고!  
20170809,10,너무재미있게봤어요아이들이좋아하네요  
20170809,10,아이와 함께 와서 봤는데 너무 재밌고 감동적입니다~  
20170809,10,아이들이 많이웃고 즐겁게 봤어요♡♡  
20170809,10,재ㅣ밌어요 재밌게봤어요  
20170809,10,너무 재미있었어요 흥미진진  
20170809,8,어떨지기대됩니다!!  
20170809,8,기대된다 기다리고있어요  
20170809,10,감동이에요~ 재밌게 잘봤어요~^^  
20170809,10,"줄거리,노래,가족애까지 ~ 아이들과 어른도 잼나게 볼수 있는 영화예요~넘 잼나요^^  "
20170809,10,관람객후속편이 정말 기대됩니다  
20170809,10,아이와 정말 재밌게 봤어요  
20170809,10,애니메이션으로 보는 빅풋이야기 온 가족이 보기에 딱인 애니메이션이었습니다.^^  
20170809,10,정감있는 캐릭터가 인상적인 영화. 가족 영화로 제격이네요.  
20170809,10,관람객아주  재밌엏어요~~~^^  
20170809,9,너무너무 재미있어요...아이가 흥미로워하네요^^  
20170809,10,유쾌하고 신나는 모험이야기 빅풋주니어...꼬꼬마 조카와 재밌게 봤어요.  
20170809,10,기대만큼 잼있었어요. 여름방학 최고의 극장 나들이 였어요.  
20170809,10,관람객너무 너무 귀엽고 즐거운 영화~~~아이들과 잼나게 보세요...후회없을거에요  
20170809,10,영화가 감동적이네요ㅠㅠ  
20170809,9,관람객7살 5살이랑 재미있게 봤어요^^  
20170809,9,아이들영화라 기대안했는데 넘 재밌고 따뜻한 내용이라 좋았어요  
20170809,10,가족이 함께 할 수 있는 최고의 영화 인 듯..~~  굿^  
20170809,10,관람객편하게 잘 보고왔습니다  
20170809,9,관람객아이들에게 방학맞이 재미난 영화였어요!!  
20170809,7,"관람객영화초반부엔,,지루한듯했으나 ,, 후반부로 넘어가면서 애들 몰입감상승!!! 잼나게 잘봄^^  "
20170809,10,관람객애들이 너무너무 재밌다네요 감동적이었다공~^^  
20170809,8,관람객아이들 재밌게 보냈어요~^^~  
20170809,8,관람객너무 재미있었어요 중간에 아이가 울기도 했답니다  
20170809,10,관람객아이들이 눈물까지 흘렸네요~  
20170809,8,관람객웃으면서 재밌게 봤네요  
20170809,6,관람객어린아이들은 살짝 지루할수 있는데 그래도 재밌었어요^^  
20170809,9,관람객스토리가 참신한 영화있어요~~  
20170809,10,아침에 조카랑 보고 왓어요 ㅎㅎ 완전 신나서 난리남 ㅎㅎㅎㅎ  
20170809,10,아들이랑 재미있게봤습니다.9살 아들이 재미있어하네요^^  
20170809,9,부자간의 얘기도 좋았지만 악당 3인방이랑 너구리 때문에 웃다 나왔습니다. ㅎㅎ <마다가스카>펭귄특공대 <슈퍼배드>미니언즈 뒤를 잇는 씬스틸러네요~ㅋㅋ  
20170809,10,고퀄이네여 잼께 봤어요  
20170809,10,드디어 개봉~!!!역시 기대를 저버리지 않네요~!!애들이 재미있어 하네요~!!강력 추천 드립니다~!!  
20170809,10,아이랑 봤는데 너무 좋아하네요 ㅋㅋ 저도 기쁘고 좋아요 꿀잼!  
20170809,10,초4 너무  재밌게 봤어요. 아이가 더 좋아하네요  
20170809,7,결혼을 못해서 자식이없다 느낌을 알고싶군  
20170809,10,놀랄만큼 유치하지만 놀랄만큼 감동적이다....재밌게 본 영화  
